Age,Gender,Annual_Income_USD,City_Type,Daily_Commute_km,Number_of_Cars_Owned,Current_Car_Type,Charging_Stations_Near_Home,Charging_Stations_Near_Work,Home_Charging_Possible,Environmental_Concern_Level,Subsidy_Available,Range_Anxiety_Level,Total_Charging_Stations,Income_Per_Car,Long_Commute,High_Environment,High_Range_Anxiety,Home_Charging,Government_Support,Charging_Access,Income_Environment,Commute_Range,Will_Buy_EV
56,1,44906.0,0,18.1,1.0,3,1,0,1,4.0,1,1,1,22453.0,0,1,1,1,1,0.6,224530.0,36.2,0
36,1,88754.0,0,5.0,1.0,1,2,3,1,1.0,1,1,5,44377.0,0,0,1,1,1,2.4000000000000004,177508.0,10.0,0
42,1,155958.0,2,32.2,2.0,2,14,3,0,2.0,1,1,17,51986.0,0,0,1,0,1,9.600000000000001,467874.0,64.4,1
31,1,37059.0,0,89.9,1.0,2,2,1,1,4.0,0,1,3,18529.5,1,1,1,1,0,1.6,185295.0,179.8,0
48,0,48552.0,0,71.0,1.0,2,2,0,1,3.0,1,1,2,24276.0,1,1,1,1,1,1.2,194208.0,142.0,0
36,1,65370.0,2,75.7,2.0,1,6,8,1,5.0,1,1,14,21790.0,1,1,1,1,1,6.8,392220.0,151.4,0
34,0,128669.0,0,85.4,1.0,0,2,2,1,5.0,1,1,4,64334.5,1,1,1,1,1,2.0,772014.0,170.8,1
38,1,93811.0,2,12.0,3.0,0,14,10,0,2.0,1,1,24,23452.75,0,0,1,0,1,12.4,281433.0,24.0,0
65,0,104837.0,2,40.6,2.0,3,13,3,0,3.0,1,1,16,34945.666666666664,1,1,1,0,1,9.0,419348.0,81.2,1
29,0,87121.0,1,42.9,2.0,1,5,2,1,5.0,0,1,7,29040.333333333332,1,1,1,1,0,3.8,522726.0,85.8,0
65,2,88554.0,2,45.0,2.0,0,8,8,1,3.0,0,1,16,29518.0,1,1,1,1,0,8.0,354216.0,90.0,0
53,1,109461.0,1,49.5,2.0,2,5,6,1,1.0,0,1,11,36487.0,1,0,1,1,0,5.4,218922.0,99.0,0
25,1,83760.0,2,44.7,3.0,1,12,9,0,2.0,1,1,21,20940.0,1,0,1,0,1,10.799999999999999,251280.0,89.4,1
30,0,60341.0,2,30.6,2.0,0,7,4,0,5.0,1,1,11,20113.666666666668,0,1,1,0,1,5.800000000000001,362046.0,61.2,0
37,1,85800.0,1,35.4,2.0,3,0,2,0,2.0,0,1,2,28600.0,0,0,1,0,0,0.8,257400.0,70.8,0
54,1,106008.0,0,22.9,1.0,2,1,1,1,5.0,1,1,2,53004.0,0,1,1,1,1,1.0,636048.0,45.8,0
65,0,98346.0,0,26.9,2.0,1,1,3,1,5.0,0,1,4,32782.0,0,1,1,1,0,1.8000000000000003,590076.0,53.8,0
44,1,120226.0,2,49.1,3.0,0,2,19,0,4.0,1,1,21,30056.5,1,1,1,0,1,8.8,601130.0,98.2,0
33,1,75736.0,1,52.1,2.0,3,2,8,1,1.0,1,1,10,25245.333333333332,1,0,1,1,1,4.4,151472.0,104.2,0
54,0,54729.0,1,67.6,1.0,1,1,9,1,1.0,1,1,10,27364.5,1,0,1,1,1,4.2,109458.0,135.2,0
59,1,56001.0,2,85.2,2.0,1,9,16,0,5.0,1,1,25,18667.0,1,1,1,0,1,11.8,336006.0,170.4,1
69,0,56342.0,2,95.0,2.0,2,9,19,1,1.0,1,1,28,18780.666666666668,1,0,1,1,1,13.0,112684.0,190.0,0
33,0,79934.0,1,40.0,2.0,0,7,5,1,3.0,1,1,12,26644.666666666668,0,1,1,1,1,6.2,319736.0,80.0,0
44,0,108205.0,2,81.3,1.0,2,13,19,1,2.0,0,1,32,54102.5,1,0,1,1,0,15.4,324615.0,162.6,0
35,0,112801.0,2,21.8,1.0,2,8,3,0,1.0,1,1,11,56400.5,0,0,1,0,1,6.0,225602.0,43.6,0
37,1,115169.0,1,27.0,1.0,1,5,1,0,3.0,1,1,6,57584.5,0,1,1,0,1,3.4,460676.0,54.0,0
56,1,77164.0,1,18.3,2.0,2,4,6,1,1.0,1,1,10,25721.333333333332,0,0,1,1,1,4.800000000000001,154328.0,36.6,0
68,1,59698.0,1,56.0,1.0,2,0,3,1,4.0,0,1,3,29849.0,1,1,1,1,0,1.2000000000000002,298490.0,112.0,0
48,1,151911.0,2,22.4,1.0,1,9,16,1,1.0,1,1,25,75955.5,0,0,1,1,1,11.8,303822.0,44.8,0
25,0,102879.0,2,50.7,3.0,2,2,8,1,1.0,0,1,10,25719.75,1,0,1,1,0,4.4,205758.0,101.4,0
66,1,59703.0,2,42.3,2.0,0,4,4,1,1.0,1,1,8,19901.0,1,0,1,1,1,4.0,119406.0,84.6,0
34,1,87624.0,2,16.7,2.0,2,8,12,0,3.0,1,1,20,29208.0,0,1,1,0,1,9.600000000000001,350496.0,33.4,1
33,1,90104.0,0,58.5,2.0,1,0,0,1,5.0,0,1,0,30034.666666666668,1,1,1,1,0,0.0,540624.0,117.0,0
61,1,116015.0,2,5.0,2.0,1,2,10,0,3.0,1,1,12,38671.666666666664,0,1,1,0,1,5.2,464060.0,10.0,0
44,0,128080.0,1,21.7,2.0,2,7,4,1,2.0,0,1,11,42693.333333333336,0,0,1,1,0,5.800000000000001,384240.0,43.4,0
60,1,84708.0,2,33.1,3.5,1,6,12,0,4.0,0,1,18,18824.0,0,1,1,0,0,8.4,423540.0,66.2,0
53,0,105536.0,2,37.1,2.0,0,10,12,1,5.0,0,1,22,35178.666666666664,0,1,1,1,0,10.8,633216.0,74.2,0
32,1,83198.0,1,45.1,1.0,1,6,9,1,2.0,0,1,15,41599.0,1,0,1,1,0,7.199999999999999,249594.0,90.2,0
35,0,137112.0,2,22.0,2.0,1,7,18,0,2.0,0,1,25,45704.0,0,0,1,0,0,11.4,411336.0,44.0,0
64,1,36128.0,2,64.7,1.0,0,12,14,1,3.0,1,1,26,18064.0,1,1,1,1,1,12.8,144512.0,129.4,0
63,1,88159.0,2,8.3,2.0,0,10,11,0,2.0,1,1,21,29386.333333333332,0,0,1,0,1,10.4,264477.0,16.6,1
34,1,74022.0,1,11.9,2.0,0,5,4,1,3.0,0,1,9,24674.0,0,1,1,1,0,4.6,296088.0,23.8,0
43,1,86147.0,0,5.0,2.0,0,1,0,1,5.0,0,1,1,28715.666666666668,0,1,1,1,0,0.6,516882.0,10.0,0
32,1,42679.0,2,19.4,1.0,1,9,8,0,1.0,1,1,17,21339.5,0,0,1,0,1,8.6,85358.0,38.8,0
64,1,45307.0,1,60.5,2.0,1,7,2,0,1.0,1,1,9,15102.333333333334,1,0,1,0,1,5.0,90614.0,121.0,0
40,1,88503.0,2,5.0,1.0,1,11,8,0,2.0,1,1,19,44251.5,0,0,1,0,1,9.8,265509.0,10.0,0
69,1,45787.0,2,45.8,2.0,2,7,9,0,3.0,0,1,16,15262.333333333334,1,1,1,0,0,7.800000000000001,183148.0,91.6,0
25,1,30000.0,1,59.2,1.0,1,0,1,1,5.0,1,1,1,15000.0,1,1,1,1,1,0.4,180000.0,118.4,0
67,1,54878.0,2,38.9,2.0,2,9,9,1,3.0,1,1,18,18292.666666666668,0,1,1,1,1,9.0,219512.0,77.8,0
37,1,51068.0,1,42.1,2.0,1,6,6,1,3.0,0,1,12,17022.666666666668,1,1,1,1,0,6.0,204272.0,84.2,0
42,1,124042.0,1,46.7,2.0,0,2,3,1,5.0,1,1,5,41347.333333333336,1,1,1,1,1,2.4000000000000004,744252.0,93.4,1
36,1,54580.0,1,60.5,1.0,1,2,9,1,4.0,0,1,11,27290.0,1,1,1,1,0,4.8,272900.0,121.0,0
40,1,39063.0,2,5.0,2.0,2,14,7,1,3.0,1,1,21,13021.0,0,1,1,1,1,11.200000000000001,156252.0,10.0,0
58,1,68155.0,1,24.4,2.0,2,1,4,0,2.0,1,1,5,22718.333333333332,0,0,1,0,1,2.2,204465.0,48.8,0
54,0,30000.0,2,35.3,2.0,2,2,8,1,3.0,0,1,10,10000.0,0,1,1,1,0,4.4,120000.0,70.6,0
49,0,47733.0,2,50.1,1.0,3,2,6,1,2.0,1,1,8,23866.5,1,0,1,1,1,3.6000000000000005,143199.0,100.2,0
61,0,56454.0,2,78.9,1.0,0,9,18,0,1.0,1,1,27,28227.0,1,0,1,0,1,12.6,112908.0,157.8,0
44,2,118688.0,2,81.1,1.0,2,13,9,1,2.0,1,1,22,59344.0,1,0,1,1,1,11.4,356064.0,162.2,0
60,1,84708.0,0,32.9,2.0,0,0,0,1,5.0,1,1,0,28236.0,0,1,1,1,1,0.0,508248.0,65.8,1
55,0,101814.0,2,5.0,2.0,2,8,8,0,2.0,1,1,16,33938.0,0,0,1,0,1,8.0,305442.0,10.0,0
35,1,116042.0,1,58.9,1.0,1,2,6,1,2.0,0,1,8,58021.0,1,0,1,1,0,3.6000000000000005,348126.0,117.8,0
64,0,63647.0,2,40.6,1.0,2,14,9,0,1.0,0,1,23,31823.5,1,0,1,0,0,12.0,127294.0,81.2,0
45,1,92502.0,2,49.3,1.0,2,13,19,0,5.0,1,1,32,46251.0,1,1,1,0,1,15.4,555012.0,98.6,0
52,1,99320.0,1,40.2,2.0,1,3,9,0,1.0,0,1,12,33106.666666666664,1,0,1,0,0,5.4,198640.0,80.4,0
33,1,34931.0,2,51.8,1.0,0,2,13,0,3.0,1,1,15,17465.5,1,1,1,0,1,6.4,139724.0,103.6,0
47,1,41847.0,2,49.4,3.0,0,7,9,1,5.0,1,1,16,10461.75,1,1,1,1,1,7.800000000000001,251082.0,98.8,0
51,0,91292.0,2,71.4,2.0,2,6,5,0,1.0,1,1,11,30430.666666666668,1,0,1,0,1,5.6,182584.0,142.8,0
48,1,63912.0,2,29.2,1.0,0,5,16,0,2.0,1,1,21,31956.0,0,0,1,0,1,9.4,191736.0,58.4,0
62,0,46223.0,1,44.3,2.0,2,3,7,1,3.0,0,1,10,15407.666666666666,1,1,1,1,0,4.6,184892.0,88.6,0
47,0,102868.0,1,52.2,1.0,2,7,2,1,4.0,1,1,9,51434.0,1,1,1,1,1,5.0,514340.0,104.4,1
34,0,84708.0,1,69.6,2.0,1,4,2,1,3.0,1,1,6,28236.0,1,1,1,1,1,3.2,338832.0,139.2,1
27,0,77759.0,0,13.0,2.0,0,1,1,1,5.0,1,1,2,25919.666666666668,0,1,1,1,1,1.0,466554.0,26.0,1
43,0,137568.0,0,15.2,1.0,2,0,1,1,2.0,0,1,1,68784.0,0,0,1,1,0,0.4,412704.0,30.4,0
53,0,68713.0,2,50.9,2.0,2,10,11,1,4.0,1,1,21,22904.333333333332,1,1,1,1,1,10.4,343565.0,101.8,1
36,0,97685.0,2,26.4,1.0,2,6,4,1,3.0,0,1,10,48842.5,0,1,1,1,0,5.199999999999999,390740.0,52.8,0
35,0,52349.0,1,74.5,1.0,0,6,5,0,4.0,0,1,11,26174.5,1,1,1,0,0,5.6,261745.0,149.0,0
55,1,90350.0,1,64.2,2.0,1,0,5,0,4.0,1,1,5,30116.666666666668,1,1,1,0,1,2.0,451750.0,128.4,0
60,1,71949.0,1,25.1,1.0,1,5,4,1,1.0,0,1,9,35974.5,0,0,1,1,0,4.6,143898.0,50.2,0
53,1,143044.0,2,27.3,2.0,2,5,13,1,4.0,1,1,18,47681.333333333336,0,1,1,1,1,8.2,715220.0,54.6,1
28,1,75226.0,1,69.5,2.0,1,7,6,0,4.0,1,1,13,25075.333333333332,1,1,1,0,1,6.6000000000000005,376130.0,139.0,0
44,1,30000.0,2,36.2,1.0,1,13,16,1,3.0,1,1,29,15000.0,0,1,1,1,1,14.2,120000.0,72.4,0
45,0,81991.0,2,19.5,2.0,1,3,9,0,3.0,0,1,12,27330.333333333332,0,1,1,0,0,5.4,327964.0,39.0,0
39,1,30000.0,2,31.0,1.0,1,13,15,0,3.0,1,1,28,15000.0,0,1,1,0,1,13.8,120000.0,62.0,0
30,0,30000.0,2,26.4,3.0,1,9,8,1,1.0,0,1,17,7500.0,0,0,1,1,0,8.6,60000.0,52.8,0
30,0,88411.0,0,41.5,3.0,2,0,3,1,4.0,1,1,3,22102.75,1,1,1,1,1,1.2000000000000002,442055.0,83.0,0
31,0,82374.0,2,81.2,2.0,2,8,14,0,3.0,0,1,22,27458.0,1,1,1,0,0,10.4,329496.0,162.4,0
49,1,135989.0,1,5.0,2.0,3,3,2,0,3.0,1,1,5,45329.666666666664,0,1,1,0,1,2.5999999999999996,543956.0,10.0,1
64,1,80731.0,2,72.7,1.0,1,9,10,1,1.0,0,1,19,40365.5,1,0,1,1,0,9.399999999999999,161462.0,145.4,0
62,0,30000.0,1,43.9,2.0,2,5,9,1,3.0,1,1,14,10000.0,1,1,1,1,1,6.6,120000.0,87.8,0
32,1,119804.0,1,80.9,2.0,0,6,7,1,4.0,1,1,13,39934.666666666664,1,1,1,1,1,6.4,599020.0,161.8,1
62,0,147235.0,2,43.2,1.0,2,11,16,1,1.0,1,1,27,73617.5,1,0,1,1,1,13.0,294470.0,86.4,0
29,1,95129.0,1,5.0,2.0,0,1,9,1,1.0,1,1,10,31709.666666666668,0,0,1,1,1,4.2,190258.0,10.0,0
48,0,161488.0,2,33.4,3.0,2,13,14,0,2.0,0,1,27,40372.0,0,0,1,0,0,13.4,484464.0,66.8,0
60,1,72262.0,2,40.9,2.0,1,8,11,0,1.0,1,1,19,24087.333333333332,1,0,1,0,1,9.2,144524.0,81.8,0
40,0,68909.0,2,44.3,2.0,2,11,4,0,4.0,1,1,15,22969.666666666668,1,1,1,0,1,8.2,344545.0,88.6,1
59,1,73458.0,1,28.2,1.0,0,3,5,1,2.0,1,1,8,36729.0,0,0,1,1,1,3.8,220374.0,56.4,0
28,1,96810.0,2,40.6,2.0,2,5,12,1,1.0,0,1,17,32270.0,1,0,1,1,0,7.800000000000001,193620.0,81.2,0
43,1,109349.0,1,5.0,2.0,0,5,1,1,3.0,1,1,6,36449.666666666664,0,1,1,1,1,3.4,437396.0,10.0,0
38,0,98035.0,2,78.0,2.0,2,7,5,0,1.0,0,1,12,32678.333333333332,1,0,1,0,0,6.2,196070.0,156.0,0
28,1,57048.0,1,40.2,2.0,2,0,5,1,2.0,1,1,5,19016.0,1,0,1,1,1,2.0,171144.0,80.4,0
62,1,73961.0,0,44.2,1.0,2,0,3,1,1.0,1,1,3,36980.5,1,0,1,1,1,1.2000000000000002,147922.0,88.4,0
54,1,66570.0,1,50.6,1.0,1,7,6,1,1.0,1,1,13,33285.0,1,0,1,1,1,6.6000000000000005,133140.0,101.2,0
47,0,78293.0,2,39.3,1.0,3,10,8,0,4.0,1,1,18,39146.5,0,1,1,0,1,9.2,391465.0,78.6,0
46,1,114842.0,2,30.0,1.0,1,2,3,0,4.0,0,1,5,57421.0,0,1,1,0,0,2.4000000000000004,574210.0,60.0,1
46,1,172772.0,1,50.4,2.0,1,6,9,1,3.0,1,1,15,57590.666666666664,1,1,1,1,1,7.199999999999999,691088.0,100.8,1
42,1,92251.0,2,61.1,1.0,2,9,16,0,5.0,1,1,25,46125.5,1,1,1,0,1,11.8,553506.0,122.2,1
48,0,70475.0,0,60.9,1.0,1,1,2,0,1.0,1,1,3,35237.5,1,0,1,0,1,1.4,140950.0,121.8,0
68,1,75946.0,0,31.6,2.0,1,1,0,1,4.0,0,1,1,25315.333333333332,0,1,1,1,0,0.6,379730.0,63.2,0
55,1,134063.0,2,48.5,2.0,2,4,12,1,5.0,1,1,16,44687.666666666664,1,1,1,1,1,7.200000000000001,804378.0,97.0,1
61,1,100474.0,1,67.2,1.0,2,6,5,1,4.0,1,1,11,50237.0,1,1,1,1,1,5.6,502370.0,134.4,1
32,0,30000.0,0,5.0,2.0,2,1,0,1,3.0,1,1,1,10000.0,0,1,1,1,1,0.6,120000.0,10.0,1
45,0,90029.0,1,53.5,2.0,2,4,5,1,2.0,0,1,9,30009.666666666668,1,0,1,1,0,4.4,270087.0,107.0,0
52,0,100447.0,1,86.0,1.0,2,1,1,1,3.0,0,1,2,50223.5,1,1,1,1,0,1.0,401788.0,172.0,0
36,0,59901.0,2,102.8,3.0,2,2,18,0,3.0,1,1,20,14975.25,1,1,1,0,1,8.4,239604.0,205.6,0
30,0,32083.0,2,19.4,1.0,1,13,19,0,4.0,1,1,32,16041.5,0,1,1,0,1,15.4,160415.0,38.8,0
47,0,132386.0,2,39.4,2.0,1,4,4,0,2.0,0,1,8,44128.666666666664,0,0,1,0,0,4.0,397158.0,78.8,0
50,1,68380.0,0,5.0,1.0,0,0,2,1,4.0,1,1,2,34190.0,0,1,1,1,1,0.8,341900.0,10.0,0
43,1,64417.0,2,5.4,1.0,2,6,14,0,5.0,0,1,20,32208.5,0,1,1,0,0,9.2,386502.0,10.8,0
38,1,45138.0,1,55.3,1.0,1,4,8,1,1.0,0,1,12,22569.0,1,0,1,1,0,5.6,90276.0,110.6,0
63,0,30033.0,2,6.5,3.5,1,4,12,0,2.0,0,1,16,6674.0,0,0,1,0,0,7.200000000000001,90099.0,13.0,0
28,0,80601.0,1,62.5,1.0,2,7,5,0,4.0,0,1,12,40300.5,1,1,1,0,0,6.2,403005.0,125.0,0
39,1,72949.0,2,17.4,2.0,1,13,4,1,4.0,1,1,17,24316.333333333332,0,1,1,1,1,9.4,364745.0,34.8,1
48,1,93316.0,2,34.5,1.0,2,14,9,0,2.0,0,1,23,46658.0,0,0,1,0,0,12.0,279948.0,69.0,0
38,1,30000.0,0,20.1,2.0,3,0,0,1,1.0,1,1,0,10000.0,0,0,1,1,1,0.0,60000.0,40.2,0
49,0,89539.0,1,32.1,2.0,2,2,5,0,3.0,1,1,7,29846.333333333332,0,1,1,0,1,3.2,358156.0,64.2,0
45,0,95247.0,2,40.2,2.0,2,3,11,0,3.0,1,1,14,31749.0,1,1,1,0,1,6.2,380988.0,80.4,0
25,1,122872.0,2,72.1,1.0,1,13,17,1,5.0,0,1,30,61436.0,1,1,1,1,0,14.600000000000001,737232.0,144.2,0
54,2,71212.0,2,54.3,2.0,3,10,12,0,5.0,1,1,22,23737.333333333332,1,1,1,0,1,10.8,427272.0,108.6,0
36,0,84708.0,1,55.1,2.0,2,1,9,1,2.0,0,1,10,28236.0,1,0,1,1,0,4.2,254124.0,110.2,0
65,0,174521.0,1,45.6,1.0,2,2,3,0,3.0,0,1,5,87260.5,1,1,1,0,0,2.4000000000000004,698084.0,91.2,0
52,0,104538.0,1,21.2,1.0,3,1,5,1,5.0,1,1,6,52269.0,0,1,1,1,1,2.6,627228.0,42.4,1
58,0,67575.0,2,29.7,2.0,2,3,13,0,3.0,1,1,16,22525.0,0,1,1,0,1,7.0,270300.0,59.4,0
49,0,40878.0,0,5.0,1.0,0,2,0,1,3.0,1,1,2,20439.0,0,1,1,1,1,1.2,163512.0,10.0,0
61,0,65775.0,0,26.9,2.0,2,0,3,1,5.0,1,1,3,21925.0,0,1,1,1,1,1.2000000000000002,394650.0,53.8,1
63,1,53486.0,1,5.0,2.0,2,6,4,1,3.0,0,1,10,17828.666666666668,0,1,1,1,0,5.199999999999999,213944.0,10.0,0
34,1,133659.0,2,19.0,1.0,1,10,18,0,3.0,1,1,28,66829.5,0,1,1,0,1,13.2,534636.0,38.0,0
28,1,72182.0,1,21.7,1.0,2,4,5,1,1.0,1,1,9,36091.0,0,0,1,1,1,4.4,144364.0,43.4,0
68,1,105134.0,0,12.7,2.0,2,2,2,1,2.0,0,1,4,35044.666666666664,0,0,1,1,0,2.0,315402.0,25.4,0
26,0,57160.0,2,94.0,2.0,3,14,5,0,3.0,1,1,19,19053.333333333332,1,1,1,0,1,10.4,228640.0,188.0,0
40,1,124982.0,2,65.3,1.0,0,9,11,0,5.0,1,1,20,62491.0,1,1,1,0,1,9.8,749892.0,130.6,1
29,1,90353.0,2,40.2,1.0,2,6,4,0,3.0,0,1,10,45176.5,1,1,1,0,0,5.199999999999999,361412.0,80.4,0
29,1,145914.0,2,32.7,1.0,2,6,6,1,1.0,0,1,12,72957.0,0,0,1,1,0,6.0,291828.0,65.4,0
61,1,84708.0,1,35.2,2.0,2,7,5,1,1.0,0,1,12,28236.0,0,0,1,1,0,6.2,169416.0,70.4,0
43,0,30244.0,2,59.4,1.0,2,11,14,1,2.0,1,1,25,15122.0,1,0,1,1,1,12.2,90732.0,118.8,0
39,1,73940.0,1,59.1,2.0,2,7,8,1,1.0,1,1,15,24646.666666666668,1,0,1,1,1,7.4,147880.0,118.2,0
53,1,117729.0,2,71.7,3.5,1,13,13,1,5.0,0,1,26,26162.0,1,1,1,1,0,13.0,706374.0,143.4,0
42,1,30000.0,2,64.5,3.0,2,2,10,0,4.0,1,1,12,7500.0,1,1,1,0,1,5.2,150000.0,129.0,0
48,0,77008.0,1,81.3,1.0,0,2,7,1,5.0,1,1,9,38504.0,1,1,1,1,1,4.0,462048.0,162.6,1
41,1,84708.0,2,15.1,3.0,3,8,7,1,4.0,0,1,15,21177.0,0,1,1,1,0,7.6,423540.0,30.2,0
31,1,44080.0,0,45.9,1.0,1,0,2,1,4.0,0,1,2,22040.0,1,1,1,1,0,0.8,220400.0,91.8,0
32,1,72754.0,1,57.4,1.0,2,2,4,1,4.0,0,1,6,36377.0,1,1,1,1,0,2.8,363770.0,114.8,0
45,1,110321.0,2,8.4,1.0,2,13,18,0,4.0,1,1,31,55160.5,0,1,1,0,1,15.0,551605.0,16.8,1
35,1,75822.0,2,73.4,2.0,2,3,4,0,2.0,1,1,7,25274.0,1,0,1,0,1,3.4,227466.0,146.8,0
67,0,126746.0,0,23.0,2.0,1,1,1,1,3.0,1,1,2,42248.666666666664,0,1,1,1,1,1.0,506984.0,46.0,1
57,1,54139.0,2,45.7,3.0,1,5,13,0,2.0,0,1,18,13534.75,1,0,1,0,0,8.2,162417.0,91.4,0
68,1,84708.0,1,44.5,2.0,0,4,7,1,4.0,1,1,11,28236.0,1,1,1,1,1,5.2,423540.0,89.0,1
64,1,79224.0,1,38.6,2.0,2,4,9,1,5.0,1,1,13,26408.0,0,1,1,1,1,6.0,475344.0,77.2,0
48,0,35750.0,1,31.7,2.0,2,1,9,0,5.0,1,1,10,11916.666666666666,0,1,1,0,1,4.2,214500.0,63.4,0
47,0,70350.0,0,5.0,1.0,2,2,0,1,3.0,1,1,2,35175.0,0,1,1,1,1,1.2,281400.0,10.0,0
46,1,124058.0,1,41.6,1.0,1,5,6,1,2.0,1,1,11,62029.0,1,0,1,1,1,5.4,372174.0,83.2,0
51,0,62144.0,2,5.0,1.0,2,5,14,0,1.0,0,1,19,31072.0,0,0,1,0,0,8.600000000000001,124288.0,10.0,0
37,1,63825.0,1,40.2,3.5,2,4,2,1,5.0,1,1,6,14183.333333333334,1,1,1,1,1,3.2,382950.0,80.4,1
27,0,95207.0,1,42.7,3.0,2,4,2,1,4.0,0,1,6,23801.75,1,1,1,1,0,3.2,476035.0,85.4,0
65,0,30000.0,2,39.3,2.0,2,7,16,1,4.0,1,1,23,10000.0,0,1,1,1,1,10.600000000000001,150000.0,78.6,0
42,0,123312.0,2,45.7,1.0,0,2,3,1,5.0,0,1,5,61656.0,1,1,1,1,0,2.4000000000000004,739872.0,91.4,0
26,1,65556.0,1,14.0,1.0,1,3,9,1,5.0,0,1,12,32778.0,0,1,1,1,0,5.4,393336.0,28.0,0
50,0,78252.0,0,44.7,1.0,2,2,3,1,5.0,1,1,5,39126.0,1,1,1,1,1,2.4000000000000004,469512.0,89.4,1
27,1,30000.0,1,37.6,1.0,1,2,2,1,5.0,1,1,4,15000.0,0,1,1,1,1,2.0,180000.0,75.2,0
41,0,97763.0,2,67.3,2.0,2,13,17,0,4.0,1,1,30,32587.666666666668,1,1,1,0,1,14.600000000000001,488815.0,134.6,0
27,1,96295.0,2,12.1,2.0,2,3,18,1,2.0,0,1,21,32098.333333333332,0,0,1,1,0,9.0,288885.0,24.2,0
49,1,144762.0,2,27.5,1.0,3,2,6,1,3.0,0,1,8,72381.0,0,1,1,1,0,3.6000000000000005,579048.0,55.0,0
40,0,114869.0,0,63.3,1.0,1,0,2,1,1.0,1,1,2,57434.5,1,0,1,1,1,0.8,229738.0,126.6,1
54,0,30000.0,0,27.3,3.0,0,1,2,1,3.0,0,1,3,7500.0,0,1,1,1,0,1.4,120000.0,54.6,0
31,0,98373.0,0,32.7,1.0,0,2,3,1,3.0,1,1,5,49186.5,0,1,1,1,1,2.4000000000000004,393492.0,65.4,1
53,1,92473.0,1,29.8,1.0,3,6,3,0,1.0,1,1,9,46236.5,0,0,1,0,1,4.8,184946.0,59.6,0
67,1,116886.0,1,69.1,2.0,1,4,6,1,2.0,0,1,10,38962.0,1,0,1,1,0,4.800000000000001,350658.0,138.2,0
47,0,133640.0,1,85.0,2.0,2,7,1,1,1.0,1,1,8,44546.666666666664,1,0,1,1,1,4.6000000000000005,267280.0,170.0,0
45,1,47885.0,2,57.9,3.0,1,6,13,1,4.0,1,1,19,11971.25,1,1,1,1,1,8.8,239425.0,115.8,1
50,0,35150.0,0,25.0,1.0,1,1,3,1,1.0,0,1,4,17575.0,0,0,1,1,0,1.8000000000000003,70300.0,50.0,0
58,0,92385.0,1,70.1,3.0,3,0,5,1,5.0,1,1,5,23096.25,1,1,1,1,1,2.0,554310.0,140.2,1
32,0,86258.0,2,55.1,2.0,2,12,10,0,3.0,0,1,22,28752.666666666668,1,1,1,0,0,11.2,345032.0,110.2,0
33,1,94589.0,2,17.3,1.0,2,4,12,1,1.0,0,1,16,47294.5,0,0,1,1,0,7.200000000000001,189178.0,34.6,0
41,0,112037.0,1,7.0,2.0,0,6,3,1,4.0,1,1,9,37345.666666666664,0,1,1,1,1,4.8,560185.0,14.0,1
54,1,98396.0,1,17.3,3.0,1,5,6,1,3.0,1,1,11,24599.0,0,1,1,1,1,5.4,393584.0,34.6,1
25,1,51207.0,1,40.8,1.0,2,1,9,1,5.0,1,1,10,25603.5,1,1,1,1,1,4.2,307242.0,81.6,1
69,0,108462.0,2,76.3,3.5,2,8,3,0,2.0,1,1,11,24102.666666666668,1,0,1,0,1,6.0,325386.0,152.6,0
65,1,40588.0,2,45.4,1.0,1,13,8,0,4.0,1,1,21,20294.0,1,1,1,0,1,11.0,202940.0,90.8,0
64,1,72483.0,0,46.4,2.0,2,0,2,1,2.0,1,1,2,24161.0,1,0,1,1,1,0.8,217449.0,92.8,0
41,1,58052.0,0,55.5,3.0,1,1,1,1,4.0,0,1,2,14513.0,1,1,1,1,0,1.0,290260.0,111.0,0
63,0,36242.0,2,46.4,2.0,1,3,15,1,3.0,1,1,18,12080.666666666666,1,1,1,1,1,7.8,144968.0,92.8,0
64,2,92760.0,1,28.9,1.0,2,1,9,1,2.0,0,1,10,46380.0,0,0,1,1,0,4.2,278280.0,57.8,0
64,0,30000.0,1,53.4,1.0,2,5,2,1,2.0,0,1,7,15000.0,1,0,1,1,0,3.8,90000.0,106.8,0
60,1,76110.0,0,45.4,2.0,3,1,1,1,4.0,0,1,2,25370.0,1,1,1,1,0,1.0,380550.0,90.8,0
50,0,59336.0,0,22.7,1.0,2,2,2,1,3.0,1,1,4,29668.0,0,1,1,1,1,2.0,237344.0,45.4,0
56,1,72047.0,2,75.0,2.0,2,10,4,0,2.0,0,1,14,24015.666666666668,1,0,1,0,0,7.6,216141.0,150.0,0
36,0,123501.0,2,33.7,2.0,0,9,15,0,1.0,0,1,24,41167.0,0,0,1,0,0,11.399999999999999,247002.0,67.4,0
33,1,44583.0,1,45.0,3.0,2,3,6,1,2.0,1,1,9,11145.75,1,0,1,1,1,4.2,133749.0,90.0,1
36,1,73155.0,1,39.6,1.0,2,7,1,1,5.0,1,1,8,36577.5,0,1,1,1,1,4.6000000000000005,438930.0,79.2,0
37,1,40754.0,2,5.0,1.0,2,6,8,1,1.0,1,1,14,20377.0,0,0,1,1,1,6.8,81508.0,10.0,0
40,0,122777.0,2,72.6,1.0,1,5,10,1,4.0,0,1,15,61388.5,1,1,1,1,0,7.0,613885.0,145.2,0
47,1,120429.0,2,19.6,1.0,1,2,3,1,4.0,0,1,5,60214.5,0,1,1,1,0,2.4000000000000004,602145.0,39.2,0
62,0,126487.0,1,26.7,1.0,1,2,5,1,2.0,0,1,7,63243.5,0,0,1,1,0,3.2,379461.0,53.4,0
27,1,137573.0,1,85.4,2.0,1,7,1,1,4.0,0,1,8,45857.666666666664,1,1,1,1,0,4.6000000000000005,687865.0,170.8,0
63,1,140561.0,2,57.5,2.0,2,8,19,0,3.0,1,1,27,46853.666666666664,1,1,1,0,1,12.4,562244.0,115.0,1
67,1,112536.0,1,24.6,2.0,2,4,3,0,5.0,1,1,7,37512.0,0,1,1,0,1,3.6,675216.0,49.2,1
26,0,119807.0,1,48.4,2.0,2,5,3,1,3.0,1,1,8,39935.666666666664,1,1,1,1,1,4.2,479228.0,96.8,0
59,0,52740.0,1,10.2,2.0,2,7,5,1,2.0,0,1,12,17580.0,0,0,1,1,0,6.2,158220.0,20.4,0
62,1,66471.0,2,73.9,2.0,1,12,7,0,5.0,0,1,19,22157.0,1,1,1,0,0,10.0,398826.0,147.8,0
60,0,134700.0,2,37.2,2.0,2,12,18,0,2.0,1,1,30,44900.0,0,0,1,0,1,14.399999999999999,404100.0,74.4,1
67,1,131660.0,0,94.6,1.0,2,0,2,1,3.0,0,1,2,65830.0,1,1,1,1,0,0.8,526640.0,189.2,1
62,0,99628.0,1,40.3,2.0,2,6,4,1,5.0,1,1,10,33209.333333333336,1,1,1,1,1,5.199999999999999,597768.0,80.6,1
69,1,57622.0,2,50.7,1.0,1,12,3,0,1.0,0,1,15,28811.0,1,0,1,0,0,8.399999999999999,115244.0,101.4,0
69,0,102455.0,1,37.9,1.0,1,1,6,1,2.0,1,1,7,51227.5,0,0,1,1,1,3.0000000000000004,307365.0,75.8,0
56,0,95334.0,2,5.0,1.0,3,11,17,1,5.0,1,1,28,47667.0,0,1,1,1,1,13.4,572004.0,10.0,1
40,1,174521.0,1,40.7,2.0,0,0,9,1,2.0,0,1,9,58173.666666666664,1,0,1,1,0,3.6,523563.0,81.4,0
46,1,30000.0,2,53.2,2.0,0,4,8,1,4.0,0,1,12,10000.0,1,1,1,1,0,5.6,150000.0,106.4,0
28,1,96964.0,2,52.7,1.0,0,14,15,0,2.0,1,1,29,48482.0,1,0,1,0,1,14.4,290892.0,105.4,0
34,1,59286.0,2,5.0,1.0,0,5,6,0,4.0,0,1,11,29643.0,0,1,1,0,0,5.4,296430.0,10.0,0
54,0,87726.0,2,42.9,2.0,2,9,4,1,5.0,0,1,13,29242.0,1,1,1,1,0,7.0,526356.0,85.8,1
55,0,30000.0,1,19.8,2.0,0,0,9,1,5.0,1,1,9,10000.0,0,1,1,1,1,3.6,180000.0,39.6,1
60,1,96891.0,1,14.4,3.5,3,1,6,1,5.0,1,1,7,21531.333333333332,0,1,1,1,1,3.0000000000000004,581346.0,28.8,0
65,0,87712.0,2,5.0,2.0,3,12,17,1,2.0,1,1,29,29237.333333333332,0,0,1,1,1,14.0,263136.0,10.0,0
49,0,79769.0,2,30.3,2.0,2,12,18,1,3.0,1,1,30,26589.666666666668,0,1,1,1,1,14.399999999999999,319076.0,60.6,0
55,1,95679.0,2,5.0,1.0,3,7,3,1,2.0,0,1,10,47839.5,0,0,1,1,0,5.4,287037.0,10.0,0
64,0,134501.0,2,48.9,1.0,2,13,19,1,4.0,0,1,32,67250.5,1,1,1,1,0,15.4,672505.0,97.8,0
47,0,91775.0,0,32.1,1.0,0,2,3,1,2.0,1,1,5,45887.5,0,0,1,1,1,2.4000000000000004,275325.0,64.2,0
42,1,107212.0,1,72.4,2.0,1,5,3,0,3.0,0,1,8,35737.333333333336,1,1,1,0,0,4.2,428848.0,144.8,0
29,1,73985.0,2,32.3,1.0,1,10,12,0,4.0,1,1,22,36992.5,0,1,1,0,1,10.8,369925.0,64.6,1
42,1,66977.0,2,5.0,1.0,0,2,10,0,4.0,1,1,12,33488.5,0,1,1,0,1,5.2,334885.0,10.0,0
43,2,155798.0,2,48.2,3.0,1,8,13,0,2.0,1,1,21,38949.5,1,0,1,0,1,10.0,467394.0,96.4,0
44,0,93100.0,0,82.9,1.0,2,0,3,1,2.0,1,1,3,46550.0,1,0,1,1,1,1.2000000000000002,279300.0,165.8,0
43,0,133234.0,2,5.0,2.0,1,13,8,1,3.0,0,1,21,44411.333333333336,0,1,1,1,0,11.0,532936.0,10.0,0
32,0,94902.0,2,50.4,1.0,2,12,13,0,3.0,0,1,25,47451.0,1,1,1,0,0,12.399999999999999,379608.0,100.8,0
28,1,39901.0,1,78.8,2.0,3,1,4,1,3.0,0,1,5,13300.333333333334,1,1,1,1,0,2.2,159604.0,157.6,0
59,0,55542.0,1,13.1,1.0,0,5,9,1,2.0,1,1,14,27771.0,0,0,1,1,1,6.6,166626.0,26.2,0
37,0,61690.0,2,60.3,2.0,1,2,12,0,2.0,1,1,14,20563.333333333332,1,0,1,0,1,6.000000000000001,185070.0,120.6,0
55,1,77274.0,2,41.2,2.0,2,8,16,0,4.0,0,1,24,25758.0,1,1,1,0,0,11.2,386370.0,82.4,0
45,0,115755.0,2,33.1,1.0,1,11,17,1,5.0,1,1,28,57877.5,0,1,1,1,1,13.4,694530.0,66.2,1
30,1,83367.0,2,65.1,3.0,2,5,3,0,2.0,1,1,8,20841.75,1,0,1,0,1,4.2,250101.0,130.2,0
34,0,109775.0,2,39.6,1.0,1,9,18,0,3.0,0,1,27,54887.5,0,1,1,0,0,12.6,439100.0,79.2,0
59,1,164179.0,2,65.1,2.0,1,4,11,0,2.0,1,1,15,54726.333333333336,1,0,1,0,1,6.800000000000001,492537.0,130.2,0
30,0,57624.0,2,66.5,1.0,1,13,12,0,2.0,1,1,25,28812.0,1,0,1,0,1,12.600000000000001,172872.0,133.0,0
50,1,105601.0,1,56.8,3.5,2,5,5,1,5.0,1,1,10,23466.88888888889,1,1,1,1,1,5.0,633606.0,113.6,1
39,0,104074.0,2,34.0,2.0,1,5,17,1,1.0,0,1,22,34691.333333333336,0,0,1,1,0,9.8,208148.0,68.0,0
53,1,75723.0,2,16.5,2.0,0,11,16,0,5.0,1,1,27,25241.0,0,1,1,0,1,13.0,454338.0,33.0,1
35,1,30000.0,2,43.7,2.0,2,14,16,1,5.0,1,1,30,10000.0,1,1,1,1,1,14.8,180000.0,87.4,0
36,1,121824.0,2,55.3,2.0,3,8,13,0,1.0,0,1,21,40608.0,1,0,1,0,0,10.0,243648.0,110.6,0
58,0,30000.0,1,99.0,1.0,1,1,3,1,4.0,1,1,4,15000.0,1,1,1,1,1,1.8000000000000003,150000.0,198.0,0
34,1,69465.0,2,6.0,1.0,0,10,10,0,4.0,1,1,20,34732.5,0,1,1,0,1,10.0,347325.0,12.0,1
68,0,64020.0,2,53.3,1.0,2,14,15,1,3.0,1,1,29,32010.0,1,1,1,1,1,14.4,256080.0,106.6,0
45,1,66434.0,2,96.0,3.0,0,2,3,0,1.0,0,1,5,16608.5,1,0,1,0,0,2.4000000000000004,132868.0,192.0,0
43,1,102231.0,1,75.5,2.0,2,2,5,1,3.0,0,1,7,34077.0,1,1,1,1,0,3.2,408924.0,151.0,0
55,1,89729.0,0,18.4,2.0,2,0,3,1,2.0,1,1,3,29909.666666666668,0,0,1,1,1,1.2000000000000002,269187.0,36.8,0
28,1,30000.0,2,67.0,2.0,3,8,9,0,4.0,0,1,17,10000.0,1,1,1,0,0,8.4,150000.0,134.0,0
54,0,30000.0,2,25.2,3.0,2,6,16,0,4.0,0,1,22,7500.0,0,1,1,0,0,10.0,150000.0,50.4,0
52,0,84708.0,2,28.3,1.0,1,6,18,0,4.0,1,1,24,42354.0,0,1,1,0,1,10.8,423540.0,56.6,0
42,0,53122.0,1,18.9,1.0,2,3,2,1,5.0,0,1,5,26561.0,0,1,1,1,0,2.5999999999999996,318732.0,37.8,0
32,0,88201.0,1,61.8,3.0,1,7,3,1,5.0,1,1,10,22050.25,1,1,1,1,1,5.4,529206.0,123.6,1
50,0,112540.0,0,69.1,2.0,1,1,1,1,4.0,0,1,2,37513.333333333336,1,1,1,1,0,1.0,562700.0,138.2,0
55,0,47030.0,2,25.0,1.0,3,2,3,1,3.0,1,1,5,23515.0,0,1,1,1,1,2.4000000000000004,188120.0,50.0,1
63,0,128429.0,2,85.4,1.0,2,8,19,0,1.0,0,1,27,64214.5,1,0,1,0,0,12.4,256858.0,170.8,0
46,0,80353.0,2,51.5,1.0,2,14,4,1,3.0,1,1,18,40176.5,1,1,1,1,1,10.0,321412.0,103.0,0
54,1,30000.0,1,5.0,1.0,2,6,1,1,1.0,0,1,7,15000.0,0,0,1,1,0,3.9999999999999996,60000.0,10.0,0
31,0,40256.0,2,76.1,1.0,0,13,9,1,3.0,0,1,22,20128.0,1,1,1,1,0,11.4,161024.0,152.2,0
31,0,87678.0,2,42.2,3.0,1,6,6,0,2.0,1,1,12,21919.5,1,0,1,0,1,6.0,263034.0,84.4,0
36,0,76258.0,1,5.0,2.0,2,7,7,0,4.0,1,1,14,25419.333333333332,0,1,1,0,1,7.0,381290.0,10.0,0
58,1,63571.0,2,66.0,2.0,2,13,14,1,3.0,0,1,27,21190.333333333332,1,1,1,1,0,13.4,254284.0,132.0,0
69,1,102883.0,1,92.1,3.0,1,5,8,1,5.0,1,1,13,25720.75,1,1,1,1,1,6.2,617298.0,184.2,1
59,1,73232.0,1,33.0,1.0,1,3,1,1,1.0,1,1,4,36616.0,0,0,1,1,1,2.1999999999999997,146464.0,66.0,0
64,1,67598.0,2,35.2,1.0,2,14,19,0,1.0,0,1,33,33799.0,0,0,1,0,0,16.0,135196.0,70.4,0
57,1,64221.0,2,41.5,3.0,2,7,3,0,4.0,1,1,10,16055.25,1,1,1,0,1,5.4,321105.0,83.0,0
48,1,71090.0,1,25.8,3.0,2,2,5,1,4.0,1,1,7,17772.5,0,1,1,1,1,3.2,355450.0,51.6,1
39,0,103376.0,2,53.8,3.0,1,2,8,1,3.0,0,1,10,25844.0,1,1,1,1,0,4.4,413504.0,107.6,0
46,0,68476.0,1,67.3,3.5,3,1,9,1,2.0,0,1,10,15216.888888888889,1,0,1,1,0,4.2,205428.0,134.6,0
51,0,71934.0,2,28.2,2.0,0,7,9,0,1.0,1,1,16,23978.0,0,0,1,0,1,7.800000000000001,143868.0,56.4,0
39,1,93141.0,2,92.1,2.0,2,12,4,0,2.0,1,1,16,31047.0,1,0,1,0,1,8.799999999999999,279423.0,184.2,0
45,1,101793.0,0,82.1,2.0,1,1,0,1,1.0,1,1,1,33931.0,1,0,1,1,1,0.6,203586.0,164.2,0
26,0,72223.0,0,40.0,1.0,1,2,1,1,1.0,0,1,3,36111.5,0,0,1,1,0,1.6,144446.0,80.0,0
31,1,109262.0,2,28.6,1.0,1,9,19,0,1.0,0,1,28,54631.0,0,0,1,0,0,13.0,218524.0,57.2,0
50,0,64358.0,2,96.6,1.0,3,14,19,1,1.0,1,1,33,32179.0,1,0,1,1,1,16.0,128716.0,193.2,0
57,0,90805.0,1,34.3,3.5,2,7,6,1,1.0,0,1,13,20178.88888888889,0,0,1,1,0,6.6000000000000005,181610.0,68.6,0
57,1,115831.0,1,31.6,1.0,0,6,4,1,2.0,0,1,10,57915.5,0,0,1,1,0,5.199999999999999,347493.0,63.2,0
56,0,56521.0,2,31.4,2.0,1,10,7,0,3.0,1,1,17,18840.333333333332,0,1,1,0,1,8.8,226084.0,62.8,0
66,0,108802.0,1,82.6,1.0,2,0,4,1,3.0,1,1,4,54401.0,1,1,1,1,1,1.6,435208.0,165.2,0
67,0,30000.0,2,5.0,2.0,2,5,4,1,2.0,0,1,9,10000.0,0,0,1,1,0,4.6,90000.0,10.0,0
40,1,59962.0,2,9.1,2.0,1,13,4,1,2.0,0,1,17,19987.333333333332,0,0,1,1,0,9.4,179886.0,18.2,0
48,0,124829.0,2,62.7,2.0,2,2,12,0,5.0,0,1,14,41609.666666666664,1,1,1,0,0,6.000000000000001,748974.0,125.4,0
47,0,109149.0,1,58.1,1.0,1,2,5,1,5.0,1,1,7,54574.5,1,1,1,1,1,3.2,654894.0,116.2,1
55,1,62006.0,2,22.0,2.0,3,3,15,0,1.0,0,1,18,20668.666666666668,0,0,1,0,0,7.8,124012.0,44.0,0
64,1,81449.0,2,20.4,2.0,2,8,9,1,2.0,1,1,17,27149.666666666668,0,0,1,1,1,8.4,244347.0,40.8,0
32,0,32275.0,0,31.8,1.0,0,2,0,1,2.0,1,1,2,16137.5,0,0,1,1,1,1.2,96825.0,63.6,0
49,1,90350.0,1,54.1,2.0,1,5,1,1,4.0,0,1,6,30116.666666666668,1,1,1,1,0,3.4,451750.0,108.2,0
66,0,100048.0,1,5.0,2.0,1,4,8,1,4.0,1,1,12,33349.333333333336,0,1,1,1,1,5.6,500240.0,10.0,1
61,0,81108.0,1,38.0,1.0,2,6,9,1,4.0,0,1,15,40554.0,0,1,1,1,0,7.199999999999999,405540.0,76.0,0
56,0,77121.0,2,80.3,2.0,2,9,9,1,5.0,1,1,18,25707.0,1,1,1,1,1,9.0,462726.0,160.6,1
41,0,30000.0,1,43.1,1.0,2,0,7,1,4.0,0,1,7,15000.0,1,1,1,1,0,2.8000000000000003,150000.0,86.2,0
48,1,107191.0,2,17.9,1.0,1,6,12,0,2.0,1,1,18,53595.5,0,0,1,0,1,8.4,321573.0,35.8,0
47,1,40478.0,2,96.7,1.0,2,4,19,1,3.0,0,1,23,20239.0,1,1,1,1,0,10.0,161912.0,193.4,0
57,0,86732.0,2,57.2,2.0,1,5,6,0,1.0,1,1,11,28910.666666666668,1,0,1,0,1,5.4,173464.0,114.4,0
28,1,51317.0,2,34.2,2.0,0,7,6,0,5.0,1,1,13,17105.666666666668,0,1,1,0,1,6.6000000000000005,307902.0,68.4,0
37,0,93603.0,2,29.8,1.0,0,6,15,1,4.0,1,1,21,46801.5,0,1,1,1,1,9.6,468015.0,59.6,0
32,1,82783.0,2,51.3,3.0,2,6,4,0,2.0,1,1,10,20695.75,1,0,1,0,1,5.199999999999999,248349.0,102.6,0
34,1,44909.0,0,36.4,1.0,3,2,3,1,4.0,1,1,5,22454.5,0,1,1,1,1,2.4000000000000004,224545.0,72.8,0
48,0,152819.0,1,24.6,1.0,1,0,1,1,4.0,1,1,1,76409.5,0,1,1,1,1,0.4,764095.0,49.2,0
56,0,73288.0,1,5.5,1.0,3,6,6,1,3.0,0,1,12,36644.0,0,1,1,1,0,6.0,293152.0,11.0,0
64,0,90003.0,1,52.9,1.0,1,2,4,1,3.0,1,1,6,45001.5,1,1,1,1,1,2.8,360012.0,105.8,1
64,1,51726.0,0,28.0,1.0,1,0,0,1,2.0,1,1,0,25863.0,0,0,1,1,1,0.0,155178.0,56.0,0
25,0,119401.0,1,17.2,2.0,2,3,1,1,3.0,1,1,4,39800.333333333336,0,1,1,1,1,2.1999999999999997,477604.0,34.4,0
49,1,131482.0,1,32.3,1.0,1,3,5,1,1.0,1,1,8,65741.0,0,0,1,1,1,3.8,262964.0,64.6,0
37,1,102679.0,1,60.9,2.0,2,0,4,1,2.0,1,1,4,34226.333333333336,1,0,1,1,1,1.6,308037.0,121.8,0
54,0,134191.0,2,44.3,3.0,0,8,12,1,4.0,1,1,20,33547.75,1,1,1,1,1,9.600000000000001,670955.0,88.6,1
44,0,89671.0,0,30.4,1.0,2,1,3,1,5.0,0,1,4,44835.5,0,1,1,1,0,1.8000000000000003,538026.0,60.8,0
56,1,83359.0,1,49.0,2.0,2,6,8,1,1.0,0,1,14,27786.333333333332,1,0,1,1,0,6.8,166718.0,98.0,0
29,1,55613.0,0,59.2,3.0,2,0,2,1,4.0,1,1,2,13903.25,1,1,1,1,1,0.8,278065.0,118.4,0
30,0,96869.0,1,46.1,1.0,1,7,4,0,1.0,0,1,11,48434.5,1,0,1,0,0,5.800000000000001,193738.0,92.2,0
32,0,107495.0,2,78.0,1.0,2,4,8,0,5.0,1,1,12,53747.5,1,1,1,0,1,5.6,644970.0,156.0,1
65,1,72600.0,1,23.6,1.0,0,2,3,0,1.0,1,1,5,36300.0,0,0,1,0,1,2.4000000000000004,145200.0,47.2,0
34,1,117588.0,2,49.1,1.0,1,8,18,0,4.0,0,1,26,58794.0,1,1,1,0,0,12.0,587940.0,98.2,1
47,1,122743.0,2,11.0,1.0,0,6,3,0,2.0,1,1,9,61371.5,0,0,1,0,1,4.8,368229.0,22.0,0
39,0,109272.0,1,43.4,2.0,2,2,6,1,3.0,1,1,8,36424.0,1,1,1,1,1,3.6000000000000005,437088.0,86.8,0
58,0,93217.0,1,72.3,1.0,1,4,1,1,2.0,0,1,5,46608.5,1,0,1,1,0,2.8,279651.0,144.6,0
63,1,106779.0,1,62.7,2.0,1,3,7,1,3.0,0,1,10,35593.0,1,1,1,1,0,4.6,427116.0,125.4,0
50,0,51202.0,0,42.3,1.0,2,2,0,1,2.0,1,1,2,25601.0,1,0,1,1,1,1.2,153606.0,84.6,0
65,1,96161.0,2,10.6,2.0,2,2,10,1,1.0,0,1,12,32053.666666666668,0,0,1,1,0,5.2,192322.0,21.2,0
42,1,104489.0,1,40.2,2.0,3,5,5,1,1.0,1,1,10,34829.666666666664,1,0,1,1,1,5.0,208978.0,80.4,0
69,1,67689.0,2,14.6,1.0,2,7,12,1,3.0,1,1,19,33844.5,0,1,1,1,1,9.0,270756.0,29.2,0
57,0,78720.0,2,55.1,1.0,2,7,15,0,2.0,0,1,22,39360.0,1,0,1,0,0,10.2,236160.0,110.2,0
44,0,64373.0,1,8.5,1.0,1,0,5,1,5.0,1,1,5,32186.5,0,1,1,1,1,2.0,386238.0,17.0,1
58,1,54241.0,2,18.1,2.0,1,11,15,0,1.0,1,1,26,18080.333333333332,0,0,1,0,1,12.6,108482.0,36.2,0
64,1,76940.0,2,42.5,3.0,2,13,10,0,5.0,1,1,23,19235.0,1,1,1,0,1,11.8,461640.0,85.0,0
65,0,84708.0,2,80.3,3.0,2,6,10,1,4.0,1,1,16,21177.0,1,1,1,1,1,7.6,423540.0,160.6,0
52,0,84708.0,0,54.3,2.0,1,2,2,1,4.0,1,1,4,28236.0,1,1,1,1,1,2.0,423540.0,108.6,1
38,0,69340.0,2,49.5,3.0,1,6,7,1,1.0,1,1,13,17335.0,1,0,1,1,1,6.4,138680.0,99.0,0
31,1,73253.0,2,13.5,2.0,1,12,3,0,4.0,0,1,15,24417.666666666668,0,1,1,0,0,8.399999999999999,366265.0,27.0,0
40,0,84708.0,1,92.6,2.0,1,6,4,1,3.0,1,1,10,28236.0,1,1,1,1,1,5.199999999999999,338832.0,185.2,0
53,0,38341.0,0,30.4,2.0,0,2,3,1,1.0,0,1,5,12780.333333333334,0,0,1,1,0,2.4000000000000004,76682.0,60.8,0
43,0,113143.0,1,44.7,1.0,2,6,5,0,5.0,0,1,11,56571.5,1,1,1,0,0,5.6,678858.0,89.4,0
55,1,101747.0,2,30.5,1.0,1,7,8,0,2.0,0,1,15,50873.5,0,0,1,0,0,7.4,305241.0,61.0,0
26,0,77719.0,1,46.4,3.0,1,6,2,0,2.0,1,1,8,19429.75,1,0,1,0,1,4.3999999999999995,233157.0,92.8,0
65,1,50809.0,2,22.7,2.0,2,5,17,1,4.0,1,1,22,16936.333333333332,0,1,1,1,1,9.8,254045.0,45.4,0
69,0,97474.0,0,32.0,2.0,2,1,1,1,2.0,1,1,2,32491.333333333332,0,0,1,1,1,1.0,292422.0,64.0,0
43,1,125860.0,0,66.3,1.0,2,2,0,1,4.0,0,1,2,62930.0,1,1,1,1,0,1.2,629300.0,132.6,0
59,1,109156.0,2,5.0,1.0,1,5,13,0,4.0,0,1,18,54578.0,0,1,1,0,0,8.2,545780.0,10.0,0
30,0,31488.0,1,5.0,1.0,3,3,2,1,5.0,1,1,5,15744.0,0,1,1,1,1,2.5999999999999996,188928.0,10.0,0
44,0,86934.0,1,66.2,1.0,0,1,7,1,3.0,1,1,8,43467.0,1,1,1,1,1,3.4000000000000004,347736.0,132.4,0
52,0,89212.0,0,70.6,2.0,3,2,1,1,1.0,0,1,3,29737.333333333332,1,0,1,1,0,1.6,178424.0,141.2,0
51,1,142842.0,2,21.7,1.0,3,3,16,0,3.0,0,1,19,71421.0,0,1,1,0,0,8.2,571368.0,43.4,0
45,1,64584.0,2,78.3,1.0,0,14,13,1,3.0,0,1,27,32292.0,1,1,1,1,0,13.600000000000001,258336.0,156.6,0
48,1,41327.0,0,44.8,1.0,2,2,3,1,3.0,1,1,5,20663.5,1,1,1,1,1,2.4000000000000004,165308.0,89.6,0
45,0,92887.0,1,10.1,2.0,2,0,6,0,1.0,1,1,6,30962.333333333332,0,0,1,0,1,2.4000000000000004,185774.0,20.2,0
42,0,54116.0,1,76.1,2.0,1,3,7,0,4.0,1,1,10,18038.666666666668,1,1,1,0,1,4.6,270580.0,152.2,0
25,0,81190.0,2,65.6,3.0,1,11,7,1,3.0,1,1,18,20297.5,1,1,1,1,1,9.4,324760.0,131.2,1
69,1,106333.0,0,31.3,1.0,1,0,3,1,2.0,0,1,3,53166.5,0,0,1,1,0,1.2000000000000002,318999.0,62.6,0
29,1,87595.0,1,65.5,2.0,3,6,8,1,5.0,1,1,14,29198.333333333332,1,1,1,1,1,6.8,525570.0,131.0,0
35,0,47771.0,2,82.9,3.0,3,7,19,0,4.0,0,1,26,11942.75,1,1,1,0,0,11.8,238855.0,165.8,0
43,1,103485.0,1,46.5,3.0,2,7,5,1,4.0,1,1,12,25871.25,1,1,1,1,1,6.2,517425.0,93.0,1
62,1,42562.0,2,47.1,2.0,2,7,3,1,3.0,0,1,10,14187.333333333334,1,1,1,1,0,5.4,170248.0,94.2,0
54,0,71462.0,0,42.7,2.0,1,1,1,0,1.0,1,1,2,23820.666666666668,1,0,1,0,1,1.0,142924.0,85.4,0
34,1,70443.0,0,5.0,2.0,1,2,0,1,5.0,1,1,2,23481.0,0,1,1,1,1,1.2,422658.0,10.0,1
30,1,129606.0,1,82.3,3.0,2,0,2,1,4.0,1,1,2,32401.5,1,1,1,1,1,0.8,648030.0,164.6,0
62,0,124368.0,2,28.6,2.0,2,11,13,1,2.0,1,1,24,41456.0,0,0,1,1,1,11.8,373104.0,57.2,0
60,1,174521.0,1,44.3,2.0,2,3,9,0,3.0,1,1,12,58173.666666666664,1,1,1,0,1,5.4,698084.0,88.6,1
40,0,67081.0,2,10.4,2.0,2,11,17,1,3.0,0,1,28,22360.333333333332,0,1,1,1,0,13.4,268324.0,20.8,0
65,0,82508.0,1,65.8,3.0,1,7,4,0,1.0,0,1,11,20627.0,1,0,1,0,0,5.800000000000001,165016.0,131.6,0
67,0,95721.0,1,5.0,2.0,1,4,3,1,4.0,0,1,7,31907.0,0,1,1,1,0,3.6,478605.0,10.0,0
32,1,113725.0,2,24.2,3.0,2,3,5,1,4.0,0,1,8,28431.25,0,1,1,1,0,3.8,568625.0,48.4,0
62,2,53431.0,2,18.2,1.0,2,12,19,0,5.0,0,1,31,26715.5,0,1,1,0,0,14.8,320586.0,36.4,0
32,1,108881.0,2,5.0,2.0,1,11,3,0,3.0,1,1,14,36293.666666666664,0,1,1,0,1,7.8,435524.0,10.0,1
52,1,126405.0,2,34.4,2.0,1,8,6,0,1.0,1,1,14,42135.0,0,0,1,0,1,7.2,252810.0,68.8,0
58,0,127346.0,2,60.6,3.0,2,7,5,1,5.0,1,1,12,31836.5,1,1,1,1,1,6.2,764076.0,121.2,1
61,2,93027.0,0,46.9,1.0,0,0,1,1,5.0,0,1,1,46513.5,1,1,1,1,0,0.4,558162.0,93.8,0
68,0,30689.0,2,15.6,1.0,1,6,9,0,5.0,1,1,15,15344.5,0,1,1,0,1,7.199999999999999,184134.0,31.2,0
52,1,67830.0,2,62.3,2.0,2,7,10,0,1.0,0,1,17,22610.0,1,0,1,0,0,8.2,135660.0,124.6,0
27,0,122988.0,2,33.4,1.0,2,5,12,0,2.0,1,1,17,61494.0,0,0,1,0,1,7.800000000000001,368964.0,66.8,0
28,1,45249.0,1,81.3,2.0,1,7,1,1,2.0,1,1,8,15083.0,1,0,1,1,1,4.6000000000000005,135747.0,162.6,0
31,1,63410.0,2,24.8,2.0,1,13,10,0,1.0,1,1,23,21136.666666666668,0,0,1,0,1,11.8,126820.0,49.6,0
66,1,80295.0,1,13.0,3.0,1,7,9,1,4.0,1,1,16,20073.75,0,1,1,1,1,7.800000000000001,401475.0,26.0,0
28,0,83548.0,1,22.2,2.0,1,4,3,1,2.0,1,1,7,27849.333333333332,0,0,1,1,1,3.6,250644.0,44.4,0
33,1,85499.0,0,26.7,2.0,1,2,2,1,4.0,1,1,4,28499.666666666668,0,1,1,1,1,2.0,427495.0,53.4,1
49,1,74057.0,2,41.5,2.0,2,13,7,1,3.0,1,1,20,24685.666666666668,1,1,1,1,1,10.6,296228.0,83.0,0
28,1,73743.0,2,106.35000000000001,1.0,1,8,17,0,4.0,0,1,25,36871.5,1,1,1,0,0,11.600000000000001,368715.0,212.70000000000002,0
36,1,95539.0,2,18.0,1.0,0,6,4,1,4.0,1,1,10,47769.5,0,1,1,1,1,5.199999999999999,477695.0,36.0,0
30,1,30000.0,1,42.9,1.0,1,7,1,1,3.0,0,1,8,15000.0,1,1,1,1,0,4.6000000000000005,120000.0,85.8,0
69,1,30000.0,1,17.6,2.0,0,7,9,1,3.0,1,1,16,10000.0,0,1,1,1,1,7.800000000000001,120000.0,35.2,0
53,1,84708.0,1,34.1,2.0,1,1,9,1,3.0,0,1,10,28236.0,0,1,1,1,0,4.2,338832.0,68.2,0
45,2,94487.0,2,68.5,1.0,1,13,7,1,5.0,1,1,20,47243.5,1,1,1,1,1,10.6,566922.0,137.0,1
66,0,62930.0,1,41.4,1.0,2,1,2,1,4.0,0,1,3,31465.0,1,1,1,1,0,1.4,314650.0,82.8,0
40,1,65608.0,2,40.2,1.0,2,11,6,0,1.0,1,1,17,32804.0,1,0,1,0,1,9.0,131216.0,80.4,0
34,1,64387.0,1,48.1,2.0,2,6,6,1,4.0,1,1,12,21462.333333333332,1,1,1,1,1,6.0,321935.0,96.2,0
30,0,64417.0,2,37.2,2.0,1,12,10,0,2.0,0,1,22,21472.333333333332,0,0,1,0,0,11.2,193251.0,74.4,0
58,0,55166.0,2,30.7,2.0,2,7,18,0,3.0,1,1,25,18388.666666666668,0,1,1,0,1,11.4,220664.0,61.4,0
52,1,30000.0,2,13.7,2.0,0,5,3,1,1.0,1,1,8,10000.0,0,0,1,1,1,4.2,60000.0,27.4,0
63,1,98379.0,1,68.2,2.0,1,3,9,1,3.0,1,1,12,32793.0,1,1,1,1,1,5.4,393516.0,136.4,0
40,1,136288.0,0,20.2,1.0,0,0,3,0,4.0,0,1,3,68144.0,0,1,1,0,0,1.2000000000000002,681440.0,40.4,0
67,0,82735.0,0,49.9,3.0,2,1,0,1,3.0,1,1,1,20683.75,1,1,1,1,1,0.6,330940.0,99.8,1
33,0,65003.0,2,97.0,1.0,0,11,9,0,3.0,1,1,20,32501.5,1,1,1,0,1,10.2,260012.0,194.0,0
28,1,92864.0,2,5.0,2.0,2,3,7,0,2.0,0,1,10,30954.666666666668,0,0,1,0,0,4.6,278592.0,10.0,0
49,0,167638.0,0,26.8,3.0,1,0,0,1,5.0,1,1,0,41909.5,0,1,1,1,1,0.0,1005828.0,53.6,1
33,1,92902.0,1,35.5,3.0,1,4,3,1,4.0,0,1,7,23225.5,0,1,1,1,0,3.6,464510.0,71.0,0
66,0,79300.0,1,5.0,2.0,0,3,4,1,1.0,0,1,7,26433.333333333332,0,0,1,1,0,3.4,158600.0,10.0,0
49,0,83083.0,2,20.0,2.0,2,11,17,1,2.0,0,1,28,27694.333333333332,0,0,1,1,0,13.4,249249.0,40.0,0
54,0,101125.0,2,91.4,3.5,1,8,19,0,5.0,1,1,27,22472.222222222223,1,1,1,0,1,12.4,606750.0,182.8,1
53,0,125126.0,2,52.8,1.0,0,12,8,0,3.0,0,1,20,62563.0,1,1,1,0,0,10.399999999999999,500504.0,105.6,0
56,1,102351.0,2,80.3,1.0,0,7,19,0,3.0,0,1,26,51175.5,1,1,1,0,0,11.8,409404.0,160.6,0
68,0,108147.0,2,5.0,1.0,3,7,8,1,4.0,1,1,15,54073.5,0,1,1,1,1,7.4,540735.0,10.0,1
30,0,96272.0,2,106.35000000000001,1.0,1,11,13,0,2.0,1,1,24,48136.0,1,0,1,0,1,11.8,288816.0,212.70000000000002,0
67,1,30000.0,1,68.8,2.0,2,5,2,1,3.0,0,1,7,10000.0,1,1,1,1,0,3.8,120000.0,137.6,0
27,2,62809.0,0,24.9,2.0,2,1,0,1,2.0,1,1,1,20936.333333333332,0,0,1,1,1,0.6,188427.0,49.8,0
43,0,133315.0,1,5.0,2.0,2,7,1,0,1.0,0,1,8,44438.333333333336,0,0,1,0,0,4.6000000000000005,266630.0,10.0,0
27,1,107505.0,2,57.3,1.0,1,11,8,0,1.0,1,1,19,53752.5,1,0,1,0,1,9.8,215010.0,114.6,0
49,1,108778.0,1,35.0,2.0,2,7,5,0,5.0,1,1,12,36259.333333333336,0,1,1,0,1,6.2,652668.0,70.0,1
39,0,40242.0,2,5.0,1.0,1,5,17,0,2.0,1,1,22,20121.0,0,0,1,0,1,9.8,120726.0,10.0,0
39,0,90753.0,1,15.4,2.0,0,4,3,1,5.0,1,1,7,30251.0,0,1,1,1,1,3.6,544518.0,30.8,1
39,0,127868.0,1,45.8,3.5,1,1,1,1,2.0,1,1,2,28415.11111111111,1,0,1,1,1,1.0,383604.0,91.6,0
52,0,84640.0,2,57.0,3.5,1,4,10,1,4.0,1,1,14,18808.88888888889,1,1,1,1,1,6.4,423200.0,114.0,1
29,1,110770.0,1,51.2,3.0,2,6,7,1,2.0,1,1,13,27692.5,1,0,1,1,1,6.4,332310.0,102.4,0
46,1,155088.0,2,106.35000000000001,2.0,2,13,10,1,1.0,0,1,23,51696.0,1,0,1,1,0,11.8,310176.0,212.70000000000002,0
63,1,44546.0,1,21.3,1.0,2,7,7,1,2.0,1,1,14,22273.0,0,0,1,1,1,7.0,133638.0,42.6,0
67,0,97126.0,1,31.5,3.0,1,0,2,1,1.0,1,1,2,24281.5,0,0,1,1,1,0.8,194252.0,63.0,0
55,0,128079.0,1,75.1,1.0,0,4,8,1,4.0,0,1,12,64039.5,1,1,1,1,0,5.6,640395.0,150.2,0
49,1,101467.0,2,61.3,1.0,1,6,16,1,5.0,1,1,22,50733.5,1,1,1,1,1,10.0,608802.0,122.6,1
40,0,68762.0,1,66.2,2.0,1,2,1,1,2.0,1,1,3,22920.666666666668,1,0,1,1,1,1.6,206286.0,132.4,0
26,0,150385.0,1,25.9,3.0,2,2,9,1,4.0,1,1,11,37596.25,0,1,1,1,1,4.8,751925.0,51.8,1
54,1,91313.0,2,38.9,3.0,0,3,4,0,2.0,1,1,7,22828.25,0,0,1,0,1,3.4,273939.0,77.8,0
62,0,76871.0,1,60.3,2.0,0,1,9,1,4.0,1,1,10,25623.666666666668,1,1,1,1,1,4.2,384355.0,120.6,1
48,2,114834.0,0,66.5,2.0,1,0,2,1,2.0,1,1,2,38278.0,1,0,1,1,1,0.8,344502.0,133.0,1
27,2,57821.0,0,5.7,2.0,2,0,1,1,2.0,0,1,1,19273.666666666668,0,0,1,1,0,0.4,173463.0,11.4,0
41,0,125496.0,1,49.4,1.0,2,0,7,1,5.0,1,1,7,62748.0,1,1,1,1,1,2.8000000000000003,752976.0,98.8,1
50,0,41017.0,0,14.0,2.0,3,0,3,1,1.0,1,1,3,13672.333333333334,0,0,1,1,1,1.2000000000000002,82034.0,28.0,0
60,1,79179.0,1,69.2,2.0,3,0,7,0,3.0,1,1,7,26393.0,1,1,1,0,1,2.8000000000000003,316716.0,138.4,0
55,0,86075.0,1,40.2,2.0,1,1,4,1,2.0,0,1,5,28691.666666666668,1,0,1,1,0,2.2,258225.0,80.4,0
66,1,169446.0,2,48.6,1.0,2,8,15,1,2.0,1,1,23,84723.0,1,0,1,1,1,10.8,508338.0,97.2,1
33,1,56394.0,2,36.6,1.0,2,12,17,0,5.0,1,1,29,28197.0,0,1,1,0,1,14.0,338364.0,73.2,1
51,0,135186.0,1,17.3,3.0,0,2,6,1,4.0,0,1,8,33796.5,0,1,1,1,0,3.6000000000000005,675930.0,34.6,0
48,1,50425.0,0,67.5,1.0,0,1,3,1,3.0,0,1,4,25212.5,1,1,1,1,0,1.8000000000000003,201700.0,135.0,0
26,1,135917.0,1,52.3,1.0,2,2,1,1,3.0,0,1,3,67958.5,1,1,1,1,0,1.6,543668.0,104.6,1
50,1,100223.0,0,36.4,1.0,0,1,1,1,4.0,1,1,2,50111.5,0,1,1,1,1,1.0,501115.0,72.8,1
31,0,30000.0,1,5.0,1.0,1,7,9,1,5.0,0,1,16,15000.0,0,1,1,1,0,7.800000000000001,180000.0,10.0,0
58,0,91889.0,2,21.1,3.5,2,5,9,1,3.0,1,1,14,20419.777777777777,0,1,1,1,1,6.6,367556.0,42.2,1
53,0,58080.0,1,44.7,1.0,2,0,3,1,5.0,0,1,3,29040.0,1,1,1,1,0,1.2000000000000002,348480.0,89.4,0
41,0,98376.0,1,53.8,3.0,2,6,9,1,2.0,1,1,15,24594.0,1,0,1,1,1,7.199999999999999,295128.0,107.6,0
56,1,90812.0,1,58.2,1.0,2,6,5,1,4.0,1,1,11,45406.0,1,1,1,1,1,5.6,454060.0,116.4,1
66,1,138487.0,2,43.8,2.0,2,14,14,1,5.0,0,1,28,46162.333333333336,1,1,1,1,0,14.0,830922.0,87.6,1
36,0,57321.0,2,33.1,2.0,0,2,11,0,4.0,1,1,13,19107.0,0,1,1,0,1,5.6000000000000005,286605.0,66.2,0
47,0,39229.0,2,13.4,2.0,1,8,11,0,3.0,1,1,19,13076.333333333334,0,1,1,0,1,9.2,156916.0,26.8,0
40,1,174521.0,0,14.7,2.0,1,2,1,1,4.0,1,1,3,58173.666666666664,0,1,1,1,1,1.6,872605.0,29.4,1
56,1,89915.0,0,75.3,1.0,1,0,0,1,2.0,1,1,0,44957.5,1,0,1,1,1,0.0,269745.0,150.6,0
52,1,53170.0,2,14.2,3.0,3,6,12,1,4.0,1,1,18,13292.5,0,1,1,1,1,8.4,265850.0,28.4,1
44,1,49610.0,2,35.4,2.0,0,14,8,1,5.0,1,1,22,16536.666666666668,0,1,1,1,1,11.600000000000001,297660.0,70.8,0
30,0,156760.0,1,30.2,3.0,1,2,2,1,1.0,1,1,4,39190.0,0,0,1,1,1,2.0,313520.0,60.4,1
26,0,146892.0,2,12.8,2.0,0,6,8,1,2.0,1,1,14,48964.0,0,0,1,1,1,6.8,440676.0,25.6,0
38,0,107100.0,1,41.9,2.0,1,0,3,1,1.0,1,1,3,35700.0,1,0,1,1,1,1.2000000000000002,214200.0,83.8,0
48,0,73646.0,2,47.7,1.0,3,11,7,1,5.0,0,1,18,36823.0,1,1,1,1,0,9.4,441876.0,95.4,0
53,1,103307.0,2,5.0,1.0,0,2,12,1,4.0,0,1,14,51653.5,0,1,1,1,0,6.000000000000001,516535.0,10.0,0
31,1,59321.0,2,55.1,2.0,2,10,9,0,2.0,1,1,19,19773.666666666668,1,0,1,0,1,9.6,177963.0,110.2,0
30,1,81652.0,2,23.7,3.5,2,9,13,0,3.0,1,1,22,18144.88888888889,0,1,1,0,1,10.6,326608.0,47.4,1
28,0,84708.0,1,20.8,1.0,2,7,6,1,4.0,0,1,13,42354.0,0,1,1,1,0,6.6000000000000005,423540.0,41.6,0
66,1,128015.0,1,40.2,2.0,2,6,2,1,3.0,0,1,8,42671.666666666664,1,1,1,1,0,4.3999999999999995,512060.0,80.4,0
37,1,133382.0,1,21.9,2.0,2,2,5,1,1.0,1,1,7,44460.666666666664,0,0,1,1,1,3.2,266764.0,43.8,0
51,0,94308.0,1,22.3,1.0,1,7,4,1,5.0,0,1,11,47154.0,0,1,1,1,0,5.800000000000001,565848.0,44.6,0
57,0,65470.0,0,65.5,1.0,1,0,1,0,4.0,0,1,1,32735.0,1,1,1,0,0,0.4,327350.0,131.0,0
48,0,71968.0,2,22.2,2.0,2,14,12,1,3.0,1,1,26,23989.333333333332,0,1,1,1,1,13.200000000000001,287872.0,44.4,0
35,0,117876.0,2,49.7,1.0,3,14,15,0,3.0,1,1,29,58938.0,1,1,1,0,1,14.4,471504.0,99.4,0
60,1,38694.0,1,5.0,2.0,0,1,8,1,4.0,0,1,9,12898.0,0,1,1,1,0,3.8000000000000003,193470.0,10.0,0
65,0,62606.0,2,52.4,1.0,3,13,7,0,3.0,0,1,20,31303.0,1,1,1,0,0,10.6,250424.0,104.8,0
58,1,59870.0,1,85.9,2.0,0,3,1,1,5.0,0,1,4,19956.666666666668,1,1,1,1,0,2.1999999999999997,359220.0,171.8,0
25,1,63831.0,1,38.8,2.0,2,5,6,1,4.0,1,1,11,21277.0,0,1,1,1,1,5.4,319155.0,77.6,0
56,0,146677.0,2,5.0,1.0,1,7,4,1,3.0,0,1,11,73338.5,0,1,1,1,0,5.800000000000001,586708.0,10.0,0
28,1,102187.0,2,15.5,2.0,2,5,15,1,1.0,1,1,20,34062.333333333336,0,0,1,1,1,9.0,204374.0,31.0,0
49,1,102183.0,2,5.0,1.0,2,9,5,0,3.0,0,1,14,51091.5,0,1,1,0,0,7.3999999999999995,408732.0,10.0,0
63,1,30000.0,1,7.3,3.5,1,3,1,0,5.0,1,1,4,6666.666666666667,0,1,1,0,1,2.1999999999999997,180000.0,14.6,0
54,1,84190.0,2,106.35000000000001,1.0,0,4,5,0,4.0,1,1,9,42095.0,1,1,1,0,1,4.4,420950.0,212.70000000000002,0
56,0,115953.0,1,49.7,2.0,2,1,4,1,1.0,1,1,5,38651.0,1,0,1,1,1,2.2,231906.0,99.4,0
49,1,142270.0,0,5.0,2.0,1,2,1,1,5.0,0,1,3,47423.333333333336,0,1,1,1,0,1.6,853620.0,10.0,0
34,2,84043.0,2,80.3,1.0,2,2,5,1,1.0,0,1,7,42021.5,1,0,1,1,0,3.2,168086.0,160.6,0
56,0,68204.0,2,60.6,3.5,1,14,6,0,5.0,0,1,20,15156.444444444445,1,1,1,0,0,10.8,409224.0,121.2,0
38,2,71095.0,2,15.3,2.0,2,9,16,1,2.0,0,1,25,23698.333333333332,0,0,1,1,0,11.8,213285.0,30.6,0
60,1,95079.0,0,57.0,2.0,2,0,1,1,5.0,0,1,1,31693.0,1,1,1,1,0,0.4,570474.0,114.0,0
69,0,98334.0,0,34.4,3.0,1,0,0,1,4.0,0,1,0,24583.5,0,1,1,1,0,0.0,491670.0,68.8,0
27,0,49648.0,2,46.5,1.0,2,8,15,0,2.0,1,1,23,24824.0,1,0,1,0,1,10.8,148944.0,93.0,0
42,1,55125.0,1,106.35000000000001,2.0,1,1,6,1,4.0,1,1,7,18375.0,1,1,1,1,1,3.0000000000000004,275625.0,212.70000000000002,1
47,0,151786.0,2,74.0,3.0,1,9,7,0,1.0,0,1,16,37946.5,1,0,1,0,0,8.2,303572.0,148.0,0
55,0,113948.0,1,51.2,3.0,0,5,6,1,2.0,1,1,11,28487.0,1,0,1,1,1,5.4,341844.0,102.4,0
61,0,73569.0,2,50.0,3.5,2,9,3,1,2.0,0,1,12,16348.666666666666,1,0,1,1,0,6.6,220707.0,100.0,0
47,0,84708.0,2,28.9,3.5,2,9,19,0,5.0,1,1,28,18824.0,0,1,1,0,1,13.0,508248.0,57.8,0
58,1,117937.0,2,57.5,2.0,2,7,14,1,3.0,0,1,21,39312.333333333336,1,1,1,1,0,9.8,471748.0,115.0,0
65,0,95235.0,0,81.0,1.0,1,1,3,1,4.0,0,1,4,47617.5,1,1,1,1,0,1.8000000000000003,476175.0,162.0,0
63,2,86800.0,0,60.3,3.0,1,1,2,1,4.0,1,1,3,21700.0,1,1,1,1,1,1.4,434000.0,120.6,0
53,1,65619.0,2,44.9,2.0,0,4,18,0,3.0,0,1,22,21873.0,1,1,1,0,0,9.6,262476.0,89.8,0
29,0,70595.0,2,29.5,2.0,2,6,8,0,3.0,0,1,14,23531.666666666668,0,1,1,0,0,6.8,282380.0,59.0,0
69,0,57932.0,2,5.0,3.0,1,7,11,1,2.0,0,1,18,14483.0,0,0,1,1,0,8.600000000000001,173796.0,10.0,0
62,1,93680.0,1,51.4,2.0,2,2,3,1,1.0,0,1,5,31226.666666666668,1,0,1,1,0,2.4000000000000004,187360.0,102.8,0
25,0,57359.0,0,24.8,2.0,2,0,1,1,5.0,1,1,1,19119.666666666668,0,1,1,1,1,0.4,344154.0,49.6,1
37,1,54300.0,2,50.2,3.0,2,13,18,1,1.0,0,1,31,13575.0,1,0,1,1,0,15.0,108600.0,100.4,0
51,0,123112.0,2,32.5,3.5,3,10,5,0,3.0,1,1,15,27358.222222222223,0,1,1,0,1,8.0,492448.0,65.0,1
27,1,71981.0,1,5.0,1.0,3,4,6,1,3.0,0,1,10,35990.5,0,1,1,1,0,4.800000000000001,287924.0,10.0,0
32,1,71132.0,2,72.2,1.0,2,12,14,0,3.0,1,1,26,35566.0,1,1,1,0,1,12.8,284528.0,144.4,1
62,0,99336.0,2,48.6,1.0,2,6,7,0,3.0,1,1,13,49668.0,1,1,1,0,1,6.4,397344.0,97.2,0
69,0,93572.0,2,41.6,1.0,2,14,6,1,1.0,1,1,20,46786.0,1,0,1,1,1,10.8,187144.0,83.2,0
37,1,78096.0,2,68.6,1.0,2,10,12,1,3.0,1,1,22,39048.0,1,1,1,1,1,10.8,312384.0,137.2,1
59,1,81774.0,2,39.6,2.0,1,5,13,1,5.0,0,1,18,27258.0,0,1,1,1,0,8.2,490644.0,79.2,0
28,0,53133.0,2,60.8,3.0,2,14,19,0,4.0,1,1,33,13283.25,1,1,1,0,1,16.0,265665.0,121.6,0
57,1,151628.0,1,26.5,2.0,0,4,5,1,2.0,1,1,9,50542.666666666664,0,0,1,1,1,4.4,454884.0,53.0,0
52,1,46895.0,1,40.2,3.5,1,1,8,1,1.0,1,1,9,10421.111111111111,1,0,1,1,1,3.8000000000000003,93790.0,80.4,0
68,1,79039.0,2,43.9,3.5,0,8,3,0,5.0,1,1,11,17564.222222222223,1,1,1,0,1,6.0,474234.0,87.8,0
32,1,95149.0,1,40.3,1.0,2,1,7,1,3.0,0,1,8,47574.5,1,1,1,1,0,3.4000000000000004,380596.0,80.6,0
67,1,65120.0,2,22.1,2.0,2,7,16,1,4.0,1,1,23,21706.666666666668,0,1,1,1,1,10.600000000000001,325600.0,44.2,1
27,0,98914.0,2,12.9,2.0,2,6,5,0,5.0,1,1,11,32971.333333333336,0,1,1,0,1,5.6,593484.0,25.8,1
34,0,30000.0,1,36.3,1.0,1,6,3,1,5.0,0,1,9,15000.0,0,1,1,1,0,4.8,180000.0,72.6,0
30,1,67762.0,2,41.0,1.0,1,6,5,0,2.0,0,1,11,33881.0,1,0,1,0,0,5.6,203286.0,82.0,0
51,0,121345.0,0,18.5,2.0,0,2,3,1,4.0,1,1,5,40448.333333333336,0,1,1,1,1,2.4000000000000004,606725.0,37.0,1
27,0,42324.0,2,69.2,2.0,1,8,6,1,5.0,1,1,14,14108.0,1,1,1,1,1,7.2,253944.0,138.4,0
47,1,38274.0,1,74.6,1.0,2,3,6,1,1.0,1,1,9,19137.0,1,0,1,1,1,4.2,76548.0,149.2,0
52,0,174521.0,2,25.4,2.0,1,5,11,0,3.0,1,1,16,58173.666666666664,0,1,1,0,1,7.4,698084.0,50.8,1
39,2,155701.0,2,31.7,3.0,1,11,6,0,5.0,0,1,17,38925.25,0,1,1,0,0,9.0,934206.0,63.4,0
35,1,154904.0,1,37.8,2.0,2,2,8,0,2.0,0,1,10,51634.666666666664,0,0,1,0,0,4.4,464712.0,75.6,0
28,1,42782.0,2,41.1,3.0,2,8,15,1,5.0,1,1,23,10695.5,1,1,1,1,1,10.8,256692.0,82.2,0
55,1,56202.0,2,40.2,2.0,3,14,19,1,4.0,1,1,33,18734.0,1,1,1,1,1,16.0,281010.0,80.4,1
61,1,64511.0,2,28.4,1.0,2,3,12,1,2.0,1,1,15,32255.5,0,0,1,1,1,6.6000000000000005,193533.0,56.8,0
66,0,102245.0,2,26.1,3.0,2,8,6,0,4.0,1,1,14,25561.25,0,1,1,0,1,7.2,511225.0,52.2,1
43,0,143397.0,1,70.2,3.5,0,2,5,1,4.0,0,1,7,31866.0,1,1,1,1,0,3.2,716985.0,140.4,0
62,1,56892.0,2,5.0,3.5,0,8,4,1,3.0,0,1,12,12642.666666666666,0,1,1,1,0,6.4,227568.0,10.0,0
43,1,134325.0,1,72.1,1.0,1,4,2,1,2.0,0,1,6,67162.5,1,0,1,1,0,3.2,402975.0,144.2,0
27,0,67341.0,1,59.9,2.0,1,7,8,1,5.0,1,1,15,22447.0,1,1,1,1,1,7.4,404046.0,119.8,0
58,0,97151.0,2,63.9,1.0,2,5,12,1,3.0,1,1,17,48575.5,1,1,1,1,1,7.800000000000001,388604.0,127.8,0
45,0,143922.0,1,43.9,2.0,2,3,1,0,2.0,1,1,4,47974.0,1,0,1,0,1,2.1999999999999997,431766.0,87.8,0
34,1,46346.0,1,6.4,2.0,2,3,1,1,2.0,0,1,4,15448.666666666666,0,0,1,1,0,2.1999999999999997,139038.0,12.8,0
48,1,108200.0,1,20.1,3.0,2,1,2,1,3.0,0,1,3,27050.0,0,1,1,1,0,1.4,432800.0,40.2,0
65,2,83713.0,2,24.4,3.5,2,7,14,1,1.0,0,1,21,18602.88888888889,0,0,1,1,0,9.8,167426.0,48.8,0
38,2,149408.0,2,68.4,3.0,2,2,11,0,3.0,1,1,13,37352.0,1,1,1,0,1,5.6000000000000005,597632.0,136.8,1
63,0,85079.0,1,25.5,1.0,1,0,3,1,3.0,0,1,3,42539.5,0,1,1,1,0,1.2000000000000002,340316.0,51.0,0
56,0,174521.0,2,61.7,2.0,0,7,4,0,5.0,1,1,11,58173.666666666664,1,1,1,0,1,5.800000000000001,1047126.0,123.4,1
41,0,133358.0,2,11.6,2.0,0,6,12,0,2.0,1,1,18,44452.666666666664,0,0,1,0,1,8.4,400074.0,23.2,1
63,1,61541.0,1,24.6,1.0,0,2,2,0,2.0,0,1,4,30770.5,0,0,1,0,0,2.0,184623.0,49.2,0
48,1,120437.0,1,73.6,3.0,1,0,6,1,1.0,1,1,6,30109.25,1,0,1,1,1,2.4000000000000004,240874.0,147.2,0
33,1,174521.0,0,27.9,2.0,0,1,0,0,2.0,0,1,1,58173.666666666664,0,0,1,0,0,0.6,523563.0,55.8,0
39,1,99325.0,2,35.9,1.0,1,5,14,0,4.0,0,1,19,49662.5,0,1,1,0,0,8.600000000000001,496625.0,71.8,0
44,1,113129.0,2,67.8,3.0,1,14,17,0,3.0,1,1,31,28282.25,1,1,1,0,1,15.200000000000001,452516.0,135.6,0
51,0,82460.0,1,29.2,2.0,1,2,1,1,2.0,1,1,3,27486.666666666668,0,0,1,1,1,1.6,247380.0,58.4,1
66,2,75363.0,2,73.6,1.0,2,8,3,1,3.0,1,1,11,37681.5,1,1,1,1,1,6.0,301452.0,147.2,0
45,0,78255.0,2,25.9,1.0,1,3,17,1,2.0,0,1,20,39127.5,0,0,1,1,0,8.600000000000001,234765.0,51.8,0
39,0,85051.0,2,35.3,2.0,1,4,12,0,1.0,1,1,16,28350.333333333332,0,0,1,0,1,7.200000000000001,170102.0,70.6,0
67,1,93544.0,1,11.9,1.0,2,7,7,0,4.0,0,1,14,46772.0,0,1,1,0,0,7.0,467720.0,23.8,0
69,0,99757.0,2,28.2,3.0,0,6,10,1,4.0,1,1,16,24939.25,0,1,1,1,1,7.6,498785.0,56.4,0
31,0,88412.0,1,5.0,1.0,0,2,4,0,4.0,0,1,6,44206.0,0,1,1,0,0,2.8,442060.0,10.0,0
54,2,125419.0,2,35.9,1.0,1,3,4,0,4.0,1,1,7,62709.5,0,1,1,0,1,3.4,627095.0,71.8,0
67,1,41126.0,1,67.0,2.0,1,3,6,1,5.0,0,1,9,13708.666666666666,1,1,1,1,0,4.2,246756.0,134.0,0
47,1,62211.0,2,85.3,3.0,1,13,10,0,1.0,1,1,23,15552.75,1,0,1,0,1,11.8,124422.0,170.6,0
28,1,72805.0,2,30.0,2.0,2,10,4,0,2.0,0,1,14,24268.333333333332,0,0,1,0,0,7.6,218415.0,60.0,0
33,1,88108.0,1,44.4,3.0,1,2,6,0,1.0,1,1,8,22027.0,1,0,1,0,1,3.6000000000000005,176216.0,88.8,0
62,0,80871.0,1,47.8,3.0,2,5,4,1,2.0,1,1,9,20217.75,1,0,1,1,1,4.6,242613.0,95.6,0
31,0,126891.0,0,28.5,1.0,1,1,3,1,5.0,0,1,4,63445.5,0,1,1,1,0,1.8000000000000003,761346.0,57.0,0
64,1,117475.0,2,81.7,3.0,2,13,12,0,3.0,1,1,25,29368.75,1,1,1,0,1,12.600000000000001,469900.0,163.4,0
30,0,75582.0,2,37.5,2.0,1,13,14,1,1.0,1,1,27,25194.0,0,0,1,1,1,13.4,151164.0,75.0,0
65,1,90597.0,0,46.7,2.0,1,0,3,1,5.0,1,1,3,30199.0,1,1,1,1,1,1.2000000000000002,543582.0,93.4,1
49,0,30000.0,2,40.2,2.0,3,3,17,0,3.0,0,1,20,10000.0,1,1,1,0,0,8.600000000000001,120000.0,80.4,0
37,1,53192.0,2,58.5,1.0,2,2,5,0,5.0,1,1,7,26596.0,1,1,1,0,1,3.2,319152.0,117.0,0
31,0,147199.0,2,40.1,3.0,1,12,7,1,2.0,1,1,19,36799.75,0,0,1,1,1,10.0,441597.0,80.2,1
30,0,106431.0,1,63.9,1.0,1,2,4,1,5.0,0,1,6,53215.5,1,1,1,1,0,2.8,638586.0,127.8,0
43,1,84708.0,2,48.4,3.5,0,5,18,0,4.0,1,1,23,18824.0,1,1,1,0,1,10.2,423540.0,96.8,0
33,1,78897.0,2,5.0,1.0,1,4,6,1,1.0,0,1,10,39448.5,0,0,1,1,0,4.800000000000001,157794.0,10.0,0
68,1,85462.0,1,5.8,1.0,1,3,1,1,3.0,0,1,4,42731.0,0,1,1,1,0,2.1999999999999997,341848.0,11.6,0
53,1,30000.0,0,46.3,2.0,2,1,2,1,1.0,0,1,3,10000.0,1,0,1,1,0,1.4,60000.0,92.6,0
46,0,84708.0,2,40.2,1.0,1,9,14,1,4.0,1,1,23,42354.0,1,1,1,1,1,11.0,423540.0,80.4,1
67,1,99247.0,2,47.0,3.5,2,7,16,1,1.0,1,1,23,22054.88888888889,1,0,1,1,1,10.600000000000001,198494.0,94.0,0
69,0,82465.0,2,40.2,1.0,0,3,16,1,5.0,0,1,19,41232.5,1,1,1,1,0,8.2,494790.0,80.4,0
64,1,93922.0,1,52.7,3.5,1,4,4,0,2.0,0,1,8,20871.555555555555,1,0,1,0,0,4.0,281766.0,105.4,0
63,1,52886.0,2,61.9,1.0,1,12,3,0,1.0,0,1,15,26443.0,1,0,1,0,0,8.399999999999999,105772.0,123.8,0
66,1,43248.0,1,38.5,2.0,0,6,2,1,1.0,0,1,8,14416.0,0,0,1,1,0,4.3999999999999995,86496.0,77.0,0
59,1,72637.0,2,23.8,2.0,0,7,6,1,5.0,1,1,13,24212.333333333332,0,1,1,1,1,6.6000000000000005,435822.0,47.6,1
41,1,61515.0,2,34.4,2.0,3,10,19,0,2.0,1,1,29,20505.0,0,0,1,0,1,13.600000000000001,184545.0,68.8,0
54,0,174521.0,1,50.7,1.0,1,4,6,1,4.0,0,1,10,87260.5,1,1,1,1,0,4.800000000000001,872605.0,101.4,0
41,1,86436.0,1,84.1,2.0,1,0,5,0,4.0,0,1,5,28812.0,1,1,1,0,0,2.0,432180.0,168.2,0
62,0,96968.0,2,50.5,3.0,2,5,17,0,4.0,1,1,22,24242.0,1,1,1,0,1,9.8,484840.0,101.0,1
64,1,39412.0,0,23.2,1.0,0,1,3,1,1.0,0,1,4,19706.0,0,0,1,1,0,1.8000000000000003,78824.0,46.4,0
66,1,30000.0,0,64.9,1.0,3,0,0,0,4.0,1,1,0,15000.0,1,1,1,0,1,0.0,150000.0,129.8,0
65,1,112357.0,2,69.1,1.0,0,2,15,1,2.0,1,1,17,56178.5,1,0,1,1,1,7.2,337071.0,138.2,1
33,2,89376.0,2,74.4,3.0,3,7,19,0,2.0,0,1,26,22344.0,1,0,1,0,0,11.8,268128.0,148.8,0
33,0,84708.0,2,37.4,3.0,2,13,5,0,1.0,0,1,18,21177.0,0,0,1,0,0,9.8,169416.0,74.8,0
47,1,107490.0,0,16.2,2.0,2,0,0,1,2.0,1,1,0,35830.0,0,0,1,1,1,0.0,322470.0,32.4,0
67,1,36350.0,1,32.3,2.0,2,0,5,1,2.0,1,1,5,12116.666666666666,0,0,1,1,1,2.0,109050.0,64.6,0
63,1,49270.0,2,44.9,2.0,0,2,11,1,1.0,1,1,13,16423.333333333332,1,0,1,1,1,5.6000000000000005,98540.0,89.8,0
63,1,104732.0,1,46.2,3.5,2,7,5,1,2.0,0,1,12,23273.777777777777,1,0,1,1,0,6.2,314196.0,92.4,0
41,2,94763.0,1,55.0,2.0,2,0,4,1,5.0,1,1,4,31587.666666666668,1,1,1,1,1,1.6,568578.0,110.0,0
42,1,30000.0,0,57.7,2.0,2,0,1,1,5.0,0,1,1,10000.0,1,1,1,1,0,0.4,180000.0,115.4,0
47,1,73842.0,2,15.9,2.0,1,3,9,0,1.0,1,1,12,24614.0,0,0,1,0,1,5.4,147684.0,31.8,0
40,0,78274.0,1,34.7,2.0,1,5,1,1,1.0,0,1,6,26091.333333333332,0,0,1,1,0,3.4,156548.0,69.4,0
43,1,91603.0,0,75.1,2.0,2,2,2,1,2.0,1,1,4,30534.333333333332,1,0,1,1,1,2.0,274809.0,150.2,0
62,0,67941.0,2,74.0,1.0,1,9,4,0,2.0,1,1,13,33970.5,1,0,1,0,1,7.0,203823.0,148.0,0
27,2,30000.0,2,40.9,2.0,2,12,19,0,1.0,0,1,31,10000.0,1,0,1,0,0,14.8,60000.0,81.8,0
27,0,35856.0,2,14.3,2.0,1,2,12,0,2.0,1,1,14,11952.0,0,0,1,0,1,6.000000000000001,107568.0,28.6,0
56,2,84427.0,1,37.1,3.0,2,5,3,1,3.0,1,1,8,21106.75,0,1,1,1,1,4.2,337708.0,74.2,1
39,0,155116.0,2,16.1,1.0,2,11,13,1,5.0,1,1,24,77558.0,0,1,1,1,1,11.8,930696.0,32.2,1
31,1,111132.0,0,32.1,3.5,2,1,1,1,5.0,1,1,2,24696.0,0,1,1,1,1,1.0,666792.0,64.2,1
65,1,99853.0,2,46.3,2.0,2,3,19,1,1.0,1,1,22,33284.333333333336,1,0,1,1,1,9.4,199706.0,92.6,0
30,1,83207.0,1,31.9,1.0,3,3,5,1,3.0,0,1,8,41603.5,0,1,1,1,0,3.8,332828.0,63.8,0
59,1,73361.0,2,39.0,1.0,1,5,16,0,4.0,0,1,21,36680.5,0,1,1,0,0,9.4,366805.0,78.0,0
56,1,94575.0,2,28.8,1.0,1,14,16,1,1.0,1,1,30,47287.5,0,0,1,1,1,14.8,189150.0,57.6,0
29,0,53786.0,2,67.1,3.0,0,13,7,1,1.0,1,1,20,13446.5,1,0,1,1,1,10.6,107572.0,134.2,0
31,0,53217.0,1,39.0,1.0,2,7,3,1,3.0,1,1,10,26608.5,0,1,1,1,1,5.4,212868.0,78.0,0
45,1,66983.0,2,46.0,2.0,0,12,19,1,4.0,0,1,31,22327.666666666668,1,1,1,1,0,14.8,334915.0,92.0,0
43,1,64973.0,1,48.9,1.0,2,4,6,0,2.0,0,1,10,32486.5,1,0,1,0,0,4.800000000000001,194919.0,97.8,0
27,0,30000.0,1,44.0,1.0,2,0,4,1,5.0,1,1,4,15000.0,1,1,1,1,1,1.6,180000.0,88.0,1
48,0,132670.0,2,14.1,2.0,1,2,17,1,3.0,1,1,19,44223.333333333336,0,1,1,1,1,8.0,530680.0,28.2,0
48,0,65525.0,2,70.6,1.0,2,8,11,0,1.0,0,1,19,32762.5,1,0,1,0,0,9.2,131050.0,141.2,0
62,0,118904.0,1,54.0,1.0,1,0,1,1,4.0,1,1,1,59452.0,1,1,1,1,1,0.4,594520.0,108.0,0
25,0,45187.0,2,29.5,1.0,3,2,9,0,3.0,0,1,11,22593.5,0,1,1,0,0,4.8,180748.0,59.0,0
31,1,95812.0,2,35.6,2.0,2,9,14,0,1.0,1,1,23,31937.333333333332,0,0,1,0,1,11.0,191624.0,71.2,0
64,0,86449.0,1,41.6,1.0,2,5,5,1,5.0,1,1,10,43224.5,1,1,1,1,1,5.0,518694.0,83.2,0
54,1,68043.0,1,80.2,1.0,1,1,2,0,5.0,0,1,3,34021.5,1,1,1,0,0,1.4,408258.0,160.4,0
58,1,105787.0,1,37.4,2.0,0,1,7,1,2.0,0,1,8,35262.333333333336,0,0,1,1,0,3.4000000000000004,317361.0,74.8,0
43,0,55197.0,0,43.0,3.0,2,0,0,1,5.0,1,1,0,13799.25,1,1,1,1,1,0.0,331182.0,86.0,0
25,0,40848.0,1,64.9,2.0,1,5,6,0,5.0,1,1,11,13616.0,1,1,1,0,1,5.4,245088.0,129.8,0
26,1,37821.0,0,60.3,1.0,0,1,3,1,4.0,1,1,4,18910.5,1,1,1,1,1,1.8000000000000003,189105.0,120.6,0
35,1,30000.0,0,53.7,3.0,1,1,0,1,3.0,0,1,1,7500.0,1,1,1,1,0,0.6,120000.0,107.4,0
47,1,30000.0,1,33.9,1.0,2,5,6,1,5.0,0,1,11,15000.0,0,1,1,1,0,5.4,180000.0,67.8,0
27,0,30000.0,2,78.6,1.0,2,11,5,0,1.0,0,1,16,15000.0,1,0,1,0,0,8.6,60000.0,157.2,0
63,0,84708.0,0,17.4,2.0,1,1,0,1,2.0,1,1,1,28236.0,0,0,1,1,1,0.6,254124.0,34.8,0
37,0,84708.0,2,13.6,2.0,3,7,6,0,5.0,1,1,13,28236.0,0,1,1,0,1,6.6000000000000005,508248.0,27.2,1
58,1,117413.0,1,42.6,1.0,2,6,6,1,3.0,1,1,12,58706.5,1,1,1,1,1,6.0,469652.0,85.2,1
40,1,85332.0,2,45.7,1.0,1,4,16,0,2.0,0,1,20,42666.0,1,0,1,0,0,8.8,255996.0,91.4,0
67,1,171971.0,2,22.8,1.0,2,10,14,1,4.0,1,1,24,85985.5,0,1,1,1,1,11.600000000000001,859855.0,45.6,1
32,1,38174.0,2,38.0,2.0,0,13,5,0,3.0,1,1,18,12724.666666666666,0,1,1,0,1,9.8,152696.0,76.0,0
26,0,80200.0,1,49.1,2.0,1,4,7,1,3.0,1,1,11,26733.333333333332,1,1,1,1,1,5.2,320800.0,98.2,0
29,0,45123.0,1,69.4,1.0,2,3,7,1,5.0,1,1,10,22561.5,1,1,1,1,1,4.6,270738.0,138.8,1
67,1,54268.0,0,80.5,3.0,1,2,0,0,2.0,0,1,2,13567.0,1,0,1,0,0,1.2,162804.0,161.0,0
64,0,56805.0,1,43.7,2.0,3,6,8,0,4.0,1,1,14,18935.0,1,1,1,0,1,6.8,284025.0,87.4,1
26,0,127423.0,2,5.0,1.0,0,7,4,0,4.0,0,1,11,63711.5,0,1,1,0,0,5.800000000000001,637115.0,10.0,0
30,0,63441.0,2,24.9,3.0,3,11,9,1,5.0,0,1,20,15860.25,0,1,1,1,0,10.2,380646.0,49.8,0
28,1,30000.0,2,33.4,1.0,2,6,14,1,5.0,1,1,20,15000.0,0,1,1,1,1,9.2,180000.0,66.8,1
53,1,63254.0,1,38.0,1.0,2,5,3,0,2.0,0,1,8,31627.0,0,0,1,0,0,4.2,189762.0,76.0,0
27,0,88670.0,2,48.0,3.0,2,11,11,1,4.0,1,1,22,22167.5,1,1,1,1,1,11.0,443350.0,96.0,1
52,0,79786.0,1,46.6,1.0,2,5,9,0,3.0,1,1,14,39893.0,1,1,1,0,1,6.6,319144.0,93.2,0
39,1,154059.0,1,52.2,2.0,2,6,4,1,5.0,1,1,10,51353.0,1,1,1,1,1,5.199999999999999,924354.0,104.4,1
37,0,47920.0,2,69.6,3.5,2,9,6,0,5.0,0,1,15,10648.888888888889,1,1,1,0,0,7.8,287520.0,139.2,0
29,0,85667.0,1,5.0,2.0,0,5,8,0,1.0,0,1,13,28555.666666666668,0,0,1,0,0,6.2,171334.0,10.0,0
48,0,105077.0,2,91.6,2.0,2,2,8,1,3.0,1,1,10,35025.666666666664,1,1,1,1,1,4.4,420308.0,183.2,0
38,0,112422.0,1,34.3,2.0,1,5,4,1,1.0,1,1,9,37474.0,0,0,1,1,1,4.6,224844.0,68.6,0
43,0,85292.0,2,17.4,3.0,0,5,17,0,4.0,1,1,22,21323.0,0,1,1,0,1,9.8,426460.0,34.8,1
61,1,95892.0,2,68.1,2.0,2,7,6,1,1.0,0,1,13,31964.0,1,0,1,1,0,6.6000000000000005,191784.0,136.2,0
29,1,50395.0,2,55.6,2.0,1,14,5,0,1.0,0,1,19,16798.333333333332,1,0,1,0,0,10.4,100790.0,111.2,0
50,0,52265.0,1,41.7,1.0,2,7,6,1,3.0,0,1,13,26132.5,1,1,1,1,0,6.6000000000000005,209060.0,83.4,0
47,1,155970.0,1,47.8,1.0,3,5,8,1,4.0,0,1,13,77985.0,1,1,1,1,0,6.2,779850.0,95.6,0
65,1,63828.0,2,106.35000000000001,1.0,1,7,19,0,2.0,0,1,26,31914.0,1,0,1,0,0,11.8,191484.0,212.70000000000002,0
32,1,84657.0,1,7.9,1.0,1,7,9,0,2.0,1,1,16,42328.5,0,0,1,0,1,7.800000000000001,253971.0,15.8,0
67,2,107147.0,2,16.1,1.0,0,8,19,0,1.0,0,1,27,53573.5,0,0,1,0,0,12.4,214294.0,32.2,0
27,0,91553.0,2,35.4,3.0,2,10,19,0,1.0,1,1,29,22888.25,0,0,1,0,1,13.600000000000001,183106.0,70.8,0
44,1,95160.0,1,49.0,2.0,2,2,4,1,3.0,1,1,6,31720.0,1,1,1,1,1,2.8,380640.0,98.0,1
44,0,84233.0,1,37.2,2.0,1,0,9,1,4.0,1,1,9,28077.666666666668,0,1,1,1,1,3.6,421165.0,74.4,0
29,0,147596.0,2,84.4,2.0,2,4,5,0,1.0,0,1,9,49198.666666666664,1,0,1,0,0,4.4,295192.0,168.8,0
68,0,44040.0,0,34.5,2.0,2,1,2,1,1.0,1,1,3,14680.0,0,0,1,1,1,1.4,88080.0,69.0,0
50,1,87558.0,2,85.3,1.0,1,11,8,0,5.0,1,1,19,43779.0,1,1,1,0,1,9.8,525348.0,170.6,0
41,1,85132.0,2,47.5,2.0,1,8,19,0,1.0,0,1,27,28377.333333333332,1,0,1,0,0,12.4,170264.0,95.0,0
26,0,41767.0,1,7.0,1.0,3,6,9,1,4.0,0,1,15,20883.5,0,1,1,1,0,7.199999999999999,208835.0,14.0,0
27,0,68691.0,1,43.6,2.0,3,3,4,1,3.0,1,1,7,22897.0,1,1,1,1,1,3.4,274764.0,87.2,0
34,1,84708.0,1,74.0,2.0,1,0,7,1,3.0,1,1,7,28236.0,1,1,1,1,1,2.8000000000000003,338832.0,148.0,1
62,1,102259.0,1,61.0,2.0,1,5,8,0,5.0,1,1,13,34086.333333333336,1,1,1,0,1,6.2,613554.0,122.0,1
26,0,98140.0,1,40.2,2.0,1,1,2,1,4.0,0,1,3,32713.333333333332,1,1,1,1,0,1.4,490700.0,80.4,0
49,2,111342.0,1,19.6,2.0,0,4,5,1,3.0,0,1,9,37114.0,0,1,1,1,0,4.4,445368.0,39.2,0
45,1,96593.0,2,92.3,1.0,1,2,3,0,2.0,0,1,5,48296.5,1,0,1,0,0,2.4000000000000004,289779.0,184.6,0
42,1,96355.0,2,46.6,2.0,3,6,9,1,2.0,1,1,15,32118.333333333332,1,0,1,1,1,7.199999999999999,289065.0,93.2,0
46,0,121660.0,2,10.4,2.0,1,12,10,1,1.0,1,1,22,40553.333333333336,0,0,1,1,1,11.2,243320.0,20.8,0
58,0,30000.0,2,13.6,2.0,1,10,16,1,3.0,0,1,26,10000.0,0,1,1,1,0,12.4,120000.0,27.2,0
66,1,98803.0,2,73.2,3.0,2,12,6,1,3.0,1,1,18,24700.75,1,1,1,1,1,9.6,395212.0,146.4,0
69,1,30000.0,2,34.5,1.0,2,8,11,0,3.0,1,1,19,15000.0,0,1,1,0,1,9.2,120000.0,69.0,0
61,1,107621.0,2,53.3,2.0,2,12,14,1,2.0,1,1,26,35873.666666666664,1,0,1,1,1,12.8,322863.0,106.6,0
63,0,59758.0,2,44.3,1.0,2,8,4,0,5.0,0,1,12,29879.0,1,1,1,0,0,6.4,358548.0,88.6,0
54,0,98225.0,1,25.1,3.0,1,2,5,1,2.0,1,1,7,24556.25,0,0,1,1,1,3.2,294675.0,50.2,0
57,1,41632.0,1,26.0,1.0,2,3,2,1,5.0,0,1,5,20816.0,0,1,1,1,0,2.5999999999999996,249792.0,52.0,0
30,1,133907.0,1,13.8,1.0,1,7,4,1,5.0,0,1,11,66953.5,0,1,1,1,0,5.800000000000001,803442.0,27.6,0
37,2,71174.0,0,73.3,1.0,3,2,3,1,3.0,1,1,5,35587.0,1,1,1,1,1,2.4000000000000004,284696.0,146.6,0
44,0,92577.0,2,40.9,2.0,2,7,3,0,3.0,0,1,10,30859.0,1,1,1,0,0,5.4,370308.0,81.8,0
58,1,87683.0,1,6.6,3.0,2,4,8,1,2.0,1,1,12,21920.75,0,0,1,1,1,5.6,263049.0,13.2,0
37,1,53081.0,2,71.6,1.0,2,8,18,1,4.0,1,1,26,26540.5,1,1,1,1,1,12.0,265405.0,143.2,0
66,0,111748.0,2,16.2,3.0,2,4,19,0,2.0,1,1,23,27937.0,0,0,1,0,1,10.0,335244.0,32.4,0
46,1,33757.0,2,51.7,3.5,1,3,5,1,3.0,1,1,8,7501.555555555556,1,1,1,1,1,3.8,135028.0,103.4,0
45,1,58781.0,0,5.0,1.0,2,0,0,1,4.0,0,1,0,29390.5,0,1,1,1,0,0.0,293905.0,10.0,0
38,1,96322.0,2,12.1,2.0,2,8,15,0,5.0,1,1,23,32107.333333333332,0,1,1,0,1,10.8,577932.0,24.2,1
60,0,69202.0,1,25.1,1.0,2,6,3,1,4.0,0,1,9,34601.0,0,1,1,1,0,4.8,346010.0,50.2,0
29,1,30000.0,2,45.8,2.0,1,12,19,1,5.0,0,1,31,10000.0,1,1,1,1,0,14.8,180000.0,91.6,0
44,0,78012.0,2,34.5,2.0,2,3,19,1,2.0,1,1,22,26004.0,0,0,1,1,1,9.4,234036.0,69.0,0
66,0,49450.0,1,16.3,1.0,2,5,2,1,2.0,0,1,7,24725.0,0,0,1,1,0,3.8,148350.0,32.6,0
64,1,174521.0,2,69.3,3.0,1,11,8,0,4.0,0,1,19,43630.25,1,1,1,0,0,9.8,872605.0,138.6,0
36,0,30000.0,1,62.8,2.0,2,1,5,1,1.0,1,1,6,10000.0,1,0,1,1,1,2.6,60000.0,125.6,0
64,1,106439.0,1,33.4,3.0,2,2,7,1,3.0,0,1,9,26609.75,0,1,1,1,0,4.0,425756.0,66.8,0
53,2,70908.0,2,36.4,1.0,2,3,5,0,1.0,0,1,8,35454.0,0,0,1,0,0,3.8,141816.0,72.8,0
59,1,60218.0,1,53.9,1.0,2,6,4,1,4.0,1,1,10,30109.0,1,1,1,1,1,5.199999999999999,301090.0,107.8,0
62,1,146538.0,2,20.7,2.0,2,13,9,0,1.0,0,1,22,48846.0,0,0,1,0,0,11.4,293076.0,41.4,0
36,0,144676.0,2,50.7,3.0,1,6,8,1,3.0,0,1,14,36169.0,1,1,1,1,0,6.8,578704.0,101.4,0
36,1,96599.0,1,40.2,3.0,3,1,7,0,5.0,1,1,8,24149.75,1,1,1,0,1,3.4000000000000004,579594.0,80.4,0
44,1,147480.0,1,33.9,1.0,1,6,7,0,3.0,1,1,13,73740.0,0,1,1,0,1,6.4,589920.0,67.8,1
50,0,61924.0,2,15.5,1.0,3,4,14,0,5.0,1,1,18,30962.0,0,1,1,0,1,8.0,371544.0,31.0,1
57,0,130118.0,2,98.8,2.0,2,9,18,1,2.0,0,1,27,43372.666666666664,1,0,1,1,0,12.6,390354.0,197.6,0
65,0,32236.0,0,5.0,2.0,1,0,2,0,1.0,1,1,2,10745.333333333334,0,0,1,0,1,0.8,64472.0,10.0,0
62,0,93259.0,2,50.9,1.0,2,14,10,0,3.0,0,1,24,46629.5,1,1,1,0,0,12.4,373036.0,101.8,0
52,1,69148.0,1,9.4,1.0,0,0,9,1,5.0,1,1,9,34574.0,0,1,1,1,1,3.6,414888.0,18.8,1
55,1,107814.0,1,55.0,1.0,3,5,5,1,5.0,1,1,10,53907.0,1,1,1,1,1,5.0,646884.0,110.0,1
53,1,107293.0,0,39.5,1.0,0,2,1,1,2.0,0,1,3,53646.5,0,0,1,1,0,1.6,321879.0,79.0,0
47,0,111390.0,0,48.3,2.0,1,0,1,1,3.0,1,1,1,37130.0,1,1,1,1,1,0.4,445560.0,96.6,1
35,1,98239.0,2,38.3,2.0,3,7,18,0,1.0,1,1,25,32746.333333333332,0,0,1,0,1,11.4,196478.0,76.6,0
42,0,101226.0,0,84.6,2.0,1,0,1,1,2.0,1,1,1,33742.0,1,0,1,1,1,0.4,303678.0,169.2,0
30,0,105817.0,1,80.6,1.0,3,1,8,1,4.0,1,1,9,52908.5,1,1,1,1,1,3.8000000000000003,529085.0,161.2,1
46,1,81562.0,2,21.3,1.0,2,9,19,1,3.0,1,1,28,40781.0,0,1,1,1,1,13.0,326248.0,42.6,0
29,1,78941.0,2,48.9,2.0,2,11,16,0,1.0,1,1,27,26313.666666666668,1,0,1,0,1,13.0,157882.0,97.8,0
30,1,30000.0,1,49.7,2.0,2,3,7,1,1.0,1,1,10,10000.0,1,0,1,1,1,4.6,60000.0,99.4,0
54,1,84748.0,2,5.0,1.0,2,10,16,1,4.0,1,1,26,42374.0,0,1,1,1,1,12.4,423740.0,10.0,1
66,0,101888.0,2,50.5,2.0,0,6,9,0,1.0,0,1,15,33962.666666666664,1,0,1,0,0,7.199999999999999,203776.0,101.0,0
63,0,68868.0,1,20.2,1.0,2,4,9,1,2.0,1,1,13,34434.0,0,0,1,1,1,6.0,206604.0,40.4,0
47,1,81105.0,2,62.2,2.0,2,4,7,0,1.0,0,1,11,27035.0,1,0,1,0,0,5.2,162210.0,124.4,0
35,0,79043.0,1,9.5,1.0,2,6,4,1,1.0,1,1,10,39521.5,0,0,1,1,1,5.199999999999999,158086.0,19.0,0
26,1,67819.0,1,37.5,1.0,2,4,4,1,5.0,0,1,8,33909.5,0,1,1,1,0,4.0,406914.0,75.0,0
38,0,79890.0,1,18.6,1.0,1,2,9,1,5.0,1,1,11,39945.0,0,1,1,1,1,4.8,479340.0,37.2,1
33,1,40892.0,0,44.4,1.0,3,1,3,0,5.0,1,1,4,20446.0,1,1,1,0,1,1.8000000000000003,245352.0,88.8,0
51,0,69054.0,2,19.5,2.0,3,13,7,1,1.0,1,1,20,23018.0,0,0,1,1,1,10.6,138108.0,39.0,0
41,1,103884.0,2,34.8,2.0,2,14,8,1,5.0,1,1,22,34628.0,0,1,1,1,1,11.600000000000001,623304.0,69.6,1
25,0,89609.0,1,56.1,2.0,2,3,8,1,5.0,1,1,11,29869.666666666668,1,1,1,1,1,5.0,537654.0,112.2,1
42,0,106085.0,0,33.4,3.0,1,2,2,1,2.0,1,1,4,26521.25,0,0,1,1,1,2.0,318255.0,66.8,0
45,0,91687.0,0,22.2,1.0,1,2,0,1,1.0,1,1,2,45843.5,0,0,1,1,1,1.2,183374.0,44.4,0
27,0,148268.0,1,28.9,1.0,1,6,1,1,5.0,1,1,7,74134.0,0,1,1,1,1,3.9999999999999996,889608.0,57.8,1
45,0,71973.0,2,66.2,1.0,3,2,6,0,1.0,1,1,8,35986.5,1,0,1,0,1,3.6000000000000005,143946.0,132.4,0
63,1,113137.0,2,42.7,2.0,1,13,7,1,5.0,1,1,20,37712.333333333336,1,1,1,1,1,10.6,678822.0,85.4,1
55,1,73597.0,2,32.8,2.0,2,14,4,0,3.0,0,1,18,24532.333333333332,0,1,1,0,0,10.0,294388.0,65.6,0
51,0,41173.0,0,23.2,2.0,1,0,3,1,5.0,1,1,3,13724.333333333334,0,1,1,1,1,1.2000000000000002,247038.0,46.4,1
49,0,34942.0,1,42.4,2.0,3,0,9,1,5.0,1,1,9,11647.333333333334,1,1,1,1,1,3.6,209652.0,84.8,1
46,1,93586.0,1,5.0,2.0,2,2,6,1,5.0,1,1,8,31195.333333333332,0,1,1,1,1,3.6000000000000005,561516.0,10.0,1
63,0,58519.0,2,47.7,1.0,0,12,19,1,2.0,0,1,31,29259.5,1,0,1,1,0,14.8,175557.0,95.4,0
35,1,98754.0,0,30.1,2.0,2,1,0,1,5.0,0,1,1,32918.0,0,1,1,1,0,0.6,592524.0,60.2,0
57,1,146435.0,0,37.5,1.0,3,1,0,1,4.0,0,1,1,73217.5,0,1,1,1,0,0.6,732175.0,75.0,1
44,1,30000.0,1,51.8,1.0,3,0,4,0,3.0,0,1,4,15000.0,1,1,1,0,0,1.6,120000.0,103.6,0
38,2,82436.0,1,52.1,2.0,3,3,1,1,4.0,1,1,4,27478.666666666668,1,1,1,1,1,2.1999999999999997,412180.0,104.2,1
30,0,72135.0,0,69.5,1.0,1,2,1,0,1.0,0,1,3,36067.5,1,0,1,0,0,1.6,144270.0,139.0,0
31,1,32979.0,2,14.5,1.0,2,9,9,0,1.0,0,1,18,16489.5,0,0,1,0,0,9.0,65958.0,29.0,0
52,1,71332.0,1,25.3,2.0,1,2,7,1,2.0,0,1,9,23777.333333333332,0,0,1,1,0,4.0,213996.0,50.6,0
53,1,64103.0,2,58.3,3.0,2,7,5,0,1.0,0,1,12,16025.75,1,0,1,0,0,6.2,128206.0,116.6,0
31,1,50896.0,2,52.0,2.0,1,4,16,0,4.0,0,1,20,16965.333333333332,1,1,1,0,0,8.8,254480.0,104.0,0
66,0,88310.0,2,15.4,1.0,0,14,18,1,4.0,1,1,32,44155.0,0,1,1,1,1,15.600000000000001,441550.0,30.8,0
58,0,56734.0,1,67.6,1.0,2,3,8,1,2.0,1,1,11,28367.0,1,0,1,1,1,5.0,170202.0,135.2,0
32,0,30000.0,1,19.9,1.0,0,5,5,1,5.0,0,1,10,15000.0,0,1,1,1,0,5.0,180000.0,39.8,0
48,0,77067.0,2,33.9,3.0,2,7,16,1,4.0,1,1,23,19266.75,0,1,1,1,1,10.600000000000001,385335.0,67.8,1
51,1,49346.0,2,33.2,3.0,0,11,19,1,4.0,1,1,30,12336.5,0,1,1,1,1,14.2,246730.0,66.4,0
39,1,97033.0,1,40.2,2.0,1,2,5,1,5.0,0,1,7,32344.333333333332,1,1,1,1,0,3.2,582198.0,80.4,0
46,1,30000.0,2,75.5,3.5,3,3,6,0,1.0,0,1,9,6666.666666666667,1,0,1,0,0,4.2,60000.0,151.0,0
64,0,89051.0,1,42.5,1.0,0,3,5,1,1.0,0,1,8,44525.5,1,0,1,1,0,3.8,178102.0,85.0,0
40,0,74862.0,2,51.8,3.0,0,8,19,1,5.0,0,1,27,18715.5,1,1,1,1,0,12.4,449172.0,103.6,0
25,1,81951.0,2,47.4,2.0,1,11,19,1,1.0,1,1,30,27317.0,1,0,1,1,1,14.2,163902.0,94.8,0
66,1,30000.0,2,55.3,2.0,2,7,3,0,1.0,1,1,10,10000.0,1,0,1,0,1,5.4,60000.0,110.6,0
27,0,106111.0,1,34.5,3.0,1,7,9,1,3.0,0,1,16,26527.75,0,1,1,1,0,7.800000000000001,424444.0,69.0,0
47,1,72991.0,0,22.7,2.0,2,2,1,1,5.0,1,1,3,24330.333333333332,0,1,1,1,1,1.6,437946.0,45.4,1
44,0,140560.0,2,31.3,1.0,3,6,18,1,2.0,1,1,24,70280.0,0,0,1,1,1,10.8,421680.0,62.6,1
64,1,74541.0,1,34.7,3.0,1,1,8,0,5.0,0,1,9,18635.25,0,1,1,0,0,3.8000000000000003,447246.0,69.4,0
38,0,133134.0,0,39.3,2.0,2,1,3,1,5.0,0,1,4,44378.0,0,1,1,1,0,1.8000000000000003,798804.0,78.6,0
30,2,67070.0,1,32.2,2.0,1,6,3,1,1.0,1,1,9,22356.666666666668,0,0,1,1,1,4.8,134140.0,64.4,0
69,2,160772.0,2,29.1,2.0,1,9,12,1,4.0,0,1,21,53590.666666666664,0,1,1,1,0,10.2,803860.0,58.2,0
40,1,30000.0,2,54.4,2.0,1,11,14,1,3.0,1,1,25,10000.0,1,1,1,1,1,12.2,120000.0,108.8,0
36,1,125088.0,1,48.3,2.0,1,3,5,0,4.0,1,1,8,41696.0,1,1,1,0,1,3.8,625440.0,96.6,0
31,1,30000.0,1,24.4,3.0,1,1,2,1,3.0,0,1,3,7500.0,0,1,1,1,0,1.4,120000.0,48.8,0
61,1,103664.0,2,64.2,2.0,1,8,12,0,1.0,0,1,20,34554.666666666664,1,0,1,0,0,9.600000000000001,207328.0,128.4,0
37,0,126744.0,2,52.6,1.0,2,4,4,1,1.0,0,1,8,63372.0,1,0,1,1,0,4.0,253488.0,105.2,0
38,1,46543.0,2,12.3,1.0,1,2,16,0,4.0,1,1,18,23271.5,0,1,1,0,1,7.6000000000000005,232715.0,24.6,0
54,1,95212.0,1,96.8,2.0,2,5,3,1,5.0,0,1,8,31737.333333333332,1,1,1,1,0,4.2,571272.0,193.6,0
46,0,115317.0,2,70.3,1.0,1,10,15,1,5.0,1,1,25,57658.5,1,1,1,1,1,12.0,691902.0,140.6,1
68,1,131577.0,1,5.0,2.0,0,7,3,1,2.0,1,1,10,43859.0,0,0,1,1,1,5.4,394731.0,10.0,1
53,1,91988.0,2,103.9,2.0,2,4,5,0,4.0,0,1,9,30662.666666666668,1,1,1,0,0,4.4,459940.0,207.8,0
45,1,100545.0,2,16.3,2.0,2,14,5,1,1.0,0,1,19,33515.0,0,0,1,1,0,10.4,201090.0,32.6,0
31,0,62670.0,1,18.3,3.0,2,3,9,1,3.0,0,1,12,15667.5,0,1,1,1,0,5.4,250680.0,36.6,0
39,1,96538.0,1,83.7,1.0,1,3,6,0,3.0,1,1,9,48269.0,1,1,1,0,1,4.2,386152.0,167.4,0
44,1,121749.0,0,58.5,1.0,1,2,3,1,4.0,1,1,5,60874.5,1,1,1,1,1,2.4000000000000004,608745.0,117.0,1
40,0,53838.0,1,28.7,3.0,1,3,7,1,3.0,0,1,10,13459.5,0,1,1,1,0,4.6,215352.0,57.4,0
68,1,98242.0,2,72.7,2.0,1,5,13,1,3.0,1,1,18,32747.333333333332,1,1,1,1,1,8.2,392968.0,145.4,0
58,0,66291.0,2,58.3,2.0,2,8,12,0,3.0,1,1,20,22097.0,1,1,1,0,1,9.600000000000001,265164.0,116.6,0
58,1,113851.0,2,41.2,1.0,2,9,19,1,4.0,1,1,28,56925.5,1,1,1,1,1,13.0,569255.0,82.4,1
36,0,100067.0,2,66.3,2.0,1,14,10,0,3.0,0,1,24,33355.666666666664,1,1,1,0,0,12.4,400268.0,132.6,0
65,1,100317.0,2,79.6,1.0,2,8,19,0,2.0,1,1,27,50158.5,1,0,1,0,1,12.4,300951.0,159.2,0
69,1,128072.0,2,63.1,1.0,1,10,12,1,2.0,1,1,22,64036.0,1,0,1,1,1,10.8,384216.0,126.2,0
68,0,107925.0,2,75.3,2.0,1,10,10,0,1.0,1,1,20,35975.0,1,0,1,0,1,10.0,215850.0,150.6,0
54,0,92749.0,1,41.1,2.0,2,3,5,1,5.0,1,1,8,30916.333333333332,1,1,1,1,1,3.8,556494.0,82.2,1
28,0,53551.0,2,9.3,2.0,3,2,14,1,1.0,1,1,16,17850.333333333332,0,0,1,1,1,6.800000000000001,107102.0,18.6,0
64,1,50395.0,2,10.5,1.0,2,6,17,0,2.0,1,1,23,25197.5,0,0,1,0,1,10.4,151185.0,21.0,0
38,1,87836.0,2,36.1,1.0,2,7,8,0,4.0,0,1,15,43918.0,0,1,1,0,0,7.4,439180.0,72.2,0
63,1,94641.0,1,69.5,2.0,1,7,1,1,3.0,0,1,8,31547.0,1,1,1,1,0,4.6000000000000005,378564.0,139.0,0
28,1,96517.0,2,76.0,3.0,3,14,6,1,5.0,0,1,20,24129.25,1,1,1,1,0,10.8,579102.0,152.0,1
57,1,137541.0,1,21.1,2.0,1,1,6,1,2.0,1,1,7,45847.0,0,0,1,1,1,3.0000000000000004,412623.0,42.2,1
33,1,66839.0,0,19.9,2.0,1,1,0,1,1.0,1,1,1,22279.666666666668,0,0,1,1,1,0.6,133678.0,39.8,0
34,1,107798.0,1,46.6,1.0,0,3,5,1,2.0,0,1,8,53899.0,1,0,1,1,0,3.8,323394.0,93.2,0
38,0,139785.0,2,68.9,3.0,2,9,14,1,3.0,0,1,23,34946.25,1,1,1,1,0,11.0,559140.0,137.8,0
40,1,86903.0,0,24.9,2.0,2,0,1,1,4.0,1,1,1,28967.666666666668,0,1,1,1,1,0.4,434515.0,49.8,0
30,1,100878.0,2,42.9,1.0,1,2,6,1,4.0,1,1,8,50439.0,1,1,1,1,1,3.6000000000000005,504390.0,85.8,1
58,0,40640.0,1,20.1,1.0,1,5,7,1,3.0,1,1,12,20320.0,0,1,1,1,1,5.800000000000001,162560.0,40.2,0
54,1,64626.0,1,42.9,2.0,0,4,5,1,4.0,1,1,9,21542.0,1,1,1,1,1,4.4,323130.0,85.8,0
40,0,52251.0,2,59.0,2.0,2,3,19,0,1.0,0,1,22,17417.0,1,0,1,0,0,9.4,104502.0,118.0,0
50,2,75904.0,2,35.7,3.0,1,4,12,1,1.0,1,1,16,18976.0,0,0,1,1,1,7.200000000000001,151808.0,71.4,0
61,1,94236.0,2,13.8,2.0,1,2,6,1,5.0,1,1,8,31412.0,0,1,1,1,1,3.6000000000000005,565416.0,27.6,1
68,1,96803.0,0,55.6,2.0,1,1,2,1,1.0,1,1,3,32267.666666666668,1,0,1,1,1,1.4,193606.0,111.2,0
55,0,100678.0,0,40.2,1.0,2,1,0,1,4.0,0,1,1,50339.0,1,1,1,1,0,0.6,503390.0,80.4,0
29,0,97630.0,0,46.8,1.0,2,1,2,1,4.0,1,1,3,48815.0,1,1,1,1,1,1.4,488150.0,93.6,1
69,0,119322.0,2,54.4,2.0,3,6,18,0,5.0,0,1,24,39774.0,1,1,1,0,0,10.8,715932.0,108.8,0
30,1,93729.0,1,30.1,1.0,2,0,4,1,5.0,1,1,4,46864.5,0,1,1,1,1,1.6,562374.0,60.2,1
66,0,86844.0,0,35.3,1.0,2,2,2,1,2.0,1,1,4,43422.0,0,0,1,1,1,2.0,260532.0,70.6,0
66,1,119835.0,2,28.6,2.0,1,2,14,1,3.0,0,1,16,39945.0,0,1,1,1,0,6.800000000000001,479340.0,57.2,0
39,1,67778.0,1,19.2,2.0,3,0,6,0,2.0,1,1,6,22592.666666666668,0,0,1,0,1,2.4000000000000004,203334.0,38.4,0
28,1,75888.0,0,35.9,3.0,2,2,3,1,4.0,1,1,5,18972.0,0,1,1,1,1,2.4000000000000004,379440.0,71.8,1
25,0,72768.0,2,36.0,3.5,3,2,6,0,4.0,0,1,8,16170.666666666666,0,1,1,0,0,3.6000000000000005,363840.0,72.0,0
48,0,71121.0,0,36.2,2.0,2,0,1,0,3.0,1,1,1,23707.0,0,1,1,0,1,0.4,284484.0,72.4,0
41,1,106993.0,2,76.1,3.0,1,8,18,1,5.0,0,1,26,26748.25,1,1,1,1,0,12.0,641958.0,152.2,0
67,1,76946.0,1,62.2,1.0,3,2,4,1,3.0,0,1,6,38473.0,1,1,1,1,0,2.8,307784.0,124.4,0
45,1,150089.0,2,37.5,1.0,2,9,6,1,3.0,0,1,15,75044.5,0,1,1,1,0,7.8,600356.0,75.0,0
49,0,96727.0,2,63.1,2.0,2,7,18,0,3.0,1,1,25,32242.333333333332,1,1,1,0,1,11.4,386908.0,126.2,0
65,1,46893.0,2,61.5,2.0,1,6,15,0,1.0,0,1,21,15631.0,1,0,1,0,0,9.6,93786.0,123.0,0
50,0,58259.0,1,48.3,1.0,2,1,6,1,4.0,1,1,7,29129.5,1,1,1,1,1,3.0000000000000004,291295.0,96.6,0
65,1,111593.0,2,25.3,3.0,2,12,18,1,4.0,1,1,30,27898.25,0,1,1,1,1,14.399999999999999,557965.0,50.6,1
35,1,166757.0,2,45.7,3.0,2,13,15,0,2.0,1,1,28,41689.25,1,0,1,0,1,13.8,500271.0,91.4,1
39,0,79750.0,2,43.7,2.0,0,5,4,1,1.0,0,1,9,26583.333333333332,1,0,1,1,0,4.6,159500.0,87.4,0
58,0,103079.0,0,41.6,2.0,2,0,2,1,3.0,1,1,2,34359.666666666664,1,1,1,1,1,0.8,412316.0,83.2,0
26,1,143438.0,2,35.7,3.5,0,9,6,0,4.0,1,1,15,31875.11111111111,0,1,1,0,1,7.8,717190.0,71.4,0
33,0,101725.0,2,27.0,2.0,2,12,5,1,2.0,0,1,17,33908.333333333336,0,0,1,1,0,9.2,305175.0,54.0,0
39,1,55532.0,2,55.1,1.0,1,6,15,0,1.0,1,1,21,27766.0,1,0,1,0,1,9.6,111064.0,110.2,0
62,0,90674.0,1,47.8,1.0,1,0,9,0,5.0,1,1,9,45337.0,1,1,1,0,1,3.6,544044.0,95.6,0
53,0,109211.0,1,30.8,1.0,0,0,3,0,4.0,0,1,3,54605.5,0,1,1,0,0,1.2000000000000002,546055.0,61.6,0
41,1,91728.0,1,17.1,2.0,1,3,8,1,1.0,1,1,11,30576.0,0,0,1,1,1,5.0,183456.0,34.2,0
42,1,107418.0,1,20.9,1.0,2,5,3,1,3.0,0,1,8,53709.0,0,1,1,1,0,4.2,429672.0,41.8,0
52,1,121075.0,2,44.1,1.0,2,8,5,1,5.0,1,1,13,60537.5,1,1,1,1,1,6.8,726450.0,88.2,1
58,1,33144.0,0,18.4,2.0,2,2,2,0,5.0,0,1,4,11048.0,0,1,1,0,0,2.0,198864.0,36.8,0
39,1,76495.0,1,50.2,2.0,0,2,1,1,2.0,1,1,3,25498.333333333332,1,0,1,1,1,1.6,229485.0,100.4,0
46,0,120518.0,1,5.0,2.0,2,0,1,0,3.0,1,1,1,40172.666666666664,0,1,1,0,1,0.4,482072.0,10.0,0
50,0,92642.0,2,25.6,1.0,0,14,17,1,3.0,0,1,31,46321.0,0,1,1,1,0,15.200000000000001,370568.0,51.2,0
57,1,145403.0,2,31.5,1.0,2,2,17,0,2.0,0,1,19,72701.5,0,0,1,0,0,8.0,436209.0,63.0,0
61,1,140587.0,2,13.4,2.0,2,9,9,1,2.0,1,1,18,46862.333333333336,0,0,1,1,1,9.0,421761.0,26.8,0
25,1,103229.0,1,106.35000000000001,1.0,2,2,1,1,3.0,0,1,3,51614.5,1,1,1,1,0,1.6,412916.0,212.70000000000002,0
45,0,58652.0,1,77.6,2.0,2,7,8,1,3.0,1,1,15,19550.666666666668,1,1,1,1,1,7.4,234608.0,155.2,0
31,0,165093.0,2,63.6,1.0,1,3,14,0,1.0,0,1,17,82546.5,1,0,1,0,0,7.4,330186.0,127.2,0
37,0,95106.0,2,16.9,2.0,0,10,17,0,5.0,1,1,27,31702.0,0,1,1,0,1,12.8,570636.0,33.8,0
56,1,105071.0,2,47.4,3.0,0,13,16,0,2.0,0,1,29,26267.75,1,0,1,0,0,14.2,315213.0,94.8,0
68,1,79234.0,1,5.0,2.0,1,4,7,1,2.0,1,1,11,26411.333333333332,0,0,1,1,1,5.2,237702.0,10.0,1
55,1,75891.0,1,35.7,2.0,2,1,3,1,2.0,0,1,4,25297.0,0,0,1,1,0,1.8000000000000003,227673.0,71.4,0
65,1,86844.0,1,66.9,2.0,2,1,7,1,3.0,0,1,8,28948.0,1,1,1,1,0,3.4000000000000004,347376.0,133.8,0
29,0,68341.0,1,41.2,1.0,1,3,2,0,3.0,1,1,5,34170.5,1,1,1,0,1,2.5999999999999996,273364.0,82.4,0
49,1,151110.0,2,56.4,2.0,3,8,17,0,2.0,1,1,25,50370.0,1,0,1,0,1,11.600000000000001,453330.0,112.8,0
61,0,30000.0,2,56.8,1.0,1,11,3,1,3.0,0,1,14,15000.0,1,1,1,1,0,7.8,120000.0,113.6,0
34,1,30000.0,2,5.0,2.0,1,5,7,1,1.0,1,1,12,10000.0,0,0,1,1,1,5.800000000000001,60000.0,10.0,0
40,1,72570.0,1,14.8,2.0,3,0,3,0,1.0,1,1,3,24190.0,0,0,1,0,1,1.2000000000000002,145140.0,29.6,0
35,0,30000.0,2,5.0,2.0,2,12,17,1,4.0,0,1,29,10000.0,0,1,1,1,0,14.0,150000.0,10.0,0
55,1,41365.0,0,23.3,2.0,1,0,1,1,5.0,1,1,1,13788.333333333334,0,1,1,1,1,0.4,248190.0,46.6,0
31,0,94660.0,2,55.1,2.0,2,10,11,0,3.0,1,1,21,31553.333333333332,1,1,1,0,1,10.4,378640.0,110.2,0
67,1,70893.0,0,49.5,1.0,1,2,0,1,2.0,0,1,2,35446.5,1,0,1,1,0,1.2,212679.0,99.0,0
51,0,101720.0,2,46.8,2.0,2,7,18,0,1.0,1,1,25,33906.666666666664,1,0,1,0,1,11.4,203440.0,93.6,0
58,1,47216.0,0,42.0,3.0,2,2,1,1,2.0,0,1,3,11804.0,1,0,1,1,0,1.6,141648.0,84.0,0
25,0,79595.0,2,43.9,2.0,2,7,17,1,5.0,1,1,24,26531.666666666668,1,1,1,1,1,11.0,477570.0,87.8,1
47,1,108244.0,1,26.2,2.0,2,1,5,1,1.0,1,1,6,36081.333333333336,0,0,1,1,1,2.6,216488.0,52.4,0
54,1,62705.0,0,58.3,1.0,2,0,1,1,1.0,1,1,1,31352.5,1,0,1,1,1,0.4,125410.0,116.6,0
56,1,51741.0,2,24.3,2.0,3,6,4,1,1.0,1,1,10,17247.0,0,0,1,1,1,5.199999999999999,103482.0,48.6,0
47,1,128293.0,2,63.2,1.0,2,14,12,0,4.0,0,1,26,64146.5,1,1,1,0,0,13.200000000000001,641465.0,126.4,0
51,0,104990.0,2,33.0,1.0,0,4,7,0,5.0,0,1,11,52495.0,0,1,1,0,0,5.2,629940.0,66.0,0
28,0,95621.0,2,5.3,2.0,2,7,9,0,3.0,0,1,16,31873.666666666668,0,1,1,0,0,7.800000000000001,382484.0,10.6,0
34,1,132496.0,2,5.0,2.0,3,4,18,0,2.0,0,1,22,44165.333333333336,0,0,1,0,0,9.6,397488.0,10.0,0
54,0,96613.0,0,20.0,2.0,3,1,2,1,1.0,1,1,3,32204.333333333332,0,0,1,1,1,1.4,193226.0,40.0,0
67,1,121025.0,2,42.5,1.0,1,14,7,0,5.0,1,1,21,60512.5,1,1,1,0,1,11.200000000000001,726150.0,85.0,1
26,1,101603.0,1,65.9,2.0,2,3,7,1,2.0,0,1,10,33867.666666666664,1,0,1,1,0,4.6,304809.0,131.8,0
40,1,66408.0,2,32.3,1.0,3,7,7,1,2.0,1,1,14,33204.0,0,0,1,1,1,7.0,199224.0,64.6,0
68,0,46929.0,0,36.9,1.0,2,0,2,1,5.0,1,1,2,23464.5,0,1,1,1,1,0.8,281574.0,73.8,0
63,0,99359.0,0,14.0,3.5,0,2,2,1,1.0,1,1,4,22079.777777777777,0,0,1,1,1,2.0,198718.0,28.0,0
26,1,107315.0,2,59.3,3.5,1,4,11,0,4.0,0,1,15,23847.777777777777,1,1,1,0,0,6.800000000000001,536575.0,118.6,0
35,0,48028.0,1,18.8,3.0,0,0,1,1,2.0,1,1,1,12007.0,0,0,1,1,1,0.4,144084.0,37.6,0
47,1,30000.0,1,44.9,2.0,1,2,4,1,4.0,1,1,6,10000.0,1,1,1,1,1,2.8,150000.0,89.8,0
59,0,78418.0,1,45.8,1.0,1,0,5,1,2.0,1,1,5,39209.0,1,0,1,1,1,2.0,235254.0,91.6,0
36,1,86831.0,2,21.9,2.0,0,5,17,0,5.0,1,1,22,28943.666666666668,0,1,1,0,1,9.8,520986.0,43.8,1
57,0,85513.0,2,40.2,2.0,1,12,11,1,1.0,1,1,23,28504.333333333332,1,0,1,1,1,11.6,171026.0,80.4,0
28,1,66646.0,1,32.4,2.0,1,0,8,1,5.0,1,1,8,22215.333333333332,0,1,1,1,1,3.2,399876.0,64.8,0
68,1,96854.0,2,59.7,3.0,3,12,11,0,2.0,1,1,23,24213.5,1,0,1,0,1,11.6,290562.0,119.4,0
56,1,121778.0,1,52.4,1.0,3,1,1,0,3.0,0,1,2,60889.0,1,1,1,0,0,1.0,487112.0,104.8,0
55,1,85475.0,2,24.3,3.0,2,3,13,0,3.0,0,1,16,21368.75,0,1,1,0,0,7.0,341900.0,48.6,0
64,0,72649.0,2,61.1,2.0,2,11,19,1,4.0,0,1,30,24216.333333333332,1,1,1,1,0,14.2,363245.0,122.2,0
41,0,51280.0,1,21.3,2.0,2,4,7,1,1.0,0,1,11,17093.333333333332,0,0,1,1,0,5.2,102560.0,42.6,0
41,0,85913.0,1,61.2,1.0,2,7,8,1,5.0,0,1,15,42956.5,1,1,1,1,0,7.4,515478.0,122.4,0
55,1,61100.0,1,95.9,1.0,1,3,1,1,3.0,1,1,4,30550.0,1,1,1,1,1,2.1999999999999997,244400.0,191.8,0
50,0,120602.0,1,106.35000000000001,3.0,1,3,2,1,5.0,0,1,5,30150.5,1,1,1,1,0,2.5999999999999996,723612.0,212.70000000000002,0
67,0,89340.0,1,40.2,2.0,1,5,6,1,2.0,0,1,11,29780.0,1,0,1,1,0,5.4,268020.0,80.4,0
35,1,92040.0,2,61.9,1.0,2,14,14,1,5.0,0,1,28,46020.0,1,1,1,1,0,14.0,552240.0,123.8,0
47,0,110708.0,1,11.4,1.0,1,3,3,1,3.0,1,1,6,55354.0,0,1,1,1,1,3.0,442832.0,22.8,1
58,1,72683.0,2,39.3,3.5,1,8,15,1,2.0,1,1,23,16151.777777777777,0,0,1,1,1,10.8,218049.0,78.6,1
63,2,154551.0,1,51.9,2.0,2,2,9,0,3.0,1,1,11,51517.0,1,1,1,0,1,4.8,618204.0,103.8,1
49,1,135170.0,1,38.9,1.0,2,4,6,1,5.0,1,1,10,67585.0,0,1,1,1,1,4.800000000000001,811020.0,77.8,1
55,1,96915.0,2,18.4,1.0,1,7,11,1,4.0,0,1,18,48457.5,0,1,1,1,0,8.600000000000001,484575.0,36.8,0
68,0,128801.0,0,35.4,1.0,1,0,0,1,5.0,1,1,0,64400.5,0,1,1,1,1,0.0,772806.0,70.8,1
39,0,84164.0,1,39.2,1.0,1,2,2,0,5.0,1,1,4,42082.0,0,1,1,0,1,2.0,504984.0,78.4,0
64,1,110595.0,0,30.3,1.0,2,0,0,1,2.0,0,1,0,55297.5,0,0,1,1,0,0.0,331785.0,60.6,0
32,1,69719.0,0,71.4,1.0,1,2,2,1,3.0,1,1,4,34859.5,1,1,1,1,1,2.0,278876.0,142.8,1
44,0,147129.0,1,71.8,2.0,1,1,8,1,1.0,1,1,9,49043.0,1,0,1,1,1,3.8000000000000003,294258.0,143.6,0
36,1,42205.0,1,40.9,2.0,2,6,7,1,5.0,1,1,13,14068.333333333334,1,1,1,1,1,6.4,253230.0,81.8,1
42,0,102769.0,2,32.4,2.0,2,10,5,1,5.0,1,1,15,34256.333333333336,0,1,1,1,1,8.0,616614.0,64.8,1
32,0,104625.0,0,37.8,2.0,0,1,1,1,4.0,0,1,2,34875.0,0,1,1,1,0,1.0,523125.0,75.6,0
48,0,84708.0,2,38.6,3.0,2,3,8,0,1.0,1,1,11,21177.0,0,0,1,0,1,5.0,169416.0,77.2,0
64,1,69957.0,1,21.1,2.0,1,7,7,1,4.0,0,1,14,23319.0,0,1,1,1,0,7.0,349785.0,42.2,0
54,0,134362.0,1,106.35000000000001,2.0,1,5,4,1,3.0,1,1,9,44787.333333333336,1,1,1,1,1,4.6,537448.0,212.70000000000002,1
37,0,120423.0,2,70.3,1.0,1,12,15,1,3.0,0,1,27,60211.5,1,1,1,1,0,13.2,481692.0,140.6,0
53,1,84609.0,0,80.3,2.0,0,1,1,1,3.0,1,1,2,28203.0,1,1,1,1,1,1.0,338436.0,160.6,0
45,1,57898.0,2,5.0,2.0,0,7,15,1,5.0,1,1,22,19299.333333333332,0,1,1,1,1,10.2,347388.0,10.0,1
65,0,91032.0,2,40.4,2.0,2,13,16,0,2.0,1,1,29,30344.0,1,0,1,0,1,14.2,273096.0,80.8,0
47,0,174521.0,2,79.5,1.0,2,10,8,0,1.0,0,1,18,87260.5,1,0,1,0,0,9.2,349042.0,159.0,0
31,1,42833.0,1,77.7,2.0,3,7,5,1,1.0,1,1,12,14277.666666666666,1,0,1,1,1,6.2,85666.0,155.4,0
35,1,129664.0,1,14.1,2.0,1,5,9,1,2.0,1,1,14,43221.333333333336,0,0,1,1,1,6.6,388992.0,28.2,1
69,1,94936.0,2,41.2,1.0,0,8,4,1,3.0,0,1,12,47468.0,1,1,1,1,0,6.4,379744.0,82.4,0
40,1,116472.0,2,5.0,3.5,1,10,13,1,2.0,0,1,23,25882.666666666668,0,0,1,1,0,11.2,349416.0,10.0,0
56,0,80209.0,2,9.3,2.0,2,9,13,0,3.0,0,1,22,26736.333333333332,0,1,1,0,0,10.6,320836.0,18.6,0
48,1,62412.0,0,30.3,1.0,1,2,1,1,1.0,0,1,3,31206.0,0,0,1,1,0,1.6,124824.0,60.6,0
41,0,49809.0,1,34.8,3.0,1,1,5,1,2.0,0,1,6,12452.25,0,0,1,1,0,2.6,149427.0,69.6,0
56,0,59534.0,2,60.7,3.5,1,12,5,1,3.0,0,1,17,13229.777777777777,1,1,1,1,0,9.2,238136.0,121.4,0
51,0,88742.0,2,74.3,2.0,2,3,10,1,1.0,0,1,13,29580.666666666668,1,0,1,1,0,5.8,177484.0,148.6,0
51,1,84529.0,1,36.7,1.0,2,0,7,1,2.0,1,1,7,42264.5,0,0,1,1,1,2.8000000000000003,253587.0,73.4,0
40,1,62210.0,2,40.2,2.0,2,11,11,0,2.0,1,1,22,20736.666666666668,1,0,1,0,1,11.0,186630.0,80.4,0
55,0,65737.0,1,19.4,2.0,1,2,4,1,2.0,1,1,6,21912.333333333332,0,0,1,1,1,2.8,197211.0,38.8,0
67,1,62724.0,2,31.5,2.0,1,14,14,0,3.0,1,1,28,20908.0,0,1,1,0,1,14.0,250896.0,63.0,0
26,1,69825.0,1,60.4,3.0,2,2,3,0,5.0,1,1,5,17456.25,1,1,1,0,1,2.4000000000000004,418950.0,120.8,1
46,1,32282.0,2,67.2,1.0,1,10,8,0,3.0,1,1,18,16141.0,1,1,1,0,1,9.2,129128.0,134.4,0
59,0,85720.0,2,44.7,1.0,0,6,15,1,5.0,0,1,21,42860.0,1,1,1,1,0,9.6,514320.0,89.4,0
51,0,43864.0,2,28.4,3.0,1,4,9,0,2.0,0,1,13,10966.0,0,0,1,0,0,6.0,131592.0,56.8,0
42,0,80675.0,2,85.9,2.0,2,11,19,0,2.0,1,1,30,26891.666666666668,1,0,1,0,1,14.2,242025.0,171.8,0
67,0,118144.0,2,41.3,1.0,1,11,7,1,1.0,1,1,18,59072.0,1,0,1,1,1,9.4,236288.0,82.6,0
40,0,84708.0,0,76.7,3.0,1,2,3,1,1.0,1,1,5,21177.0,1,0,1,1,1,2.4000000000000004,169416.0,153.4,0
54,1,119293.0,2,42.9,3.0,0,11,4,0,1.0,1,1,15,29823.25,1,0,1,0,1,8.2,238586.0,85.8,0
55,1,60892.0,2,55.9,2.0,2,11,6,0,4.0,1,1,17,20297.333333333332,1,1,1,0,1,9.0,304460.0,111.8,0
53,2,73327.0,1,62.3,3.0,0,6,4,0,4.0,1,1,10,18331.75,1,1,1,0,1,5.199999999999999,366635.0,124.6,0
59,1,94651.0,0,52.3,2.0,0,1,1,1,1.0,1,1,2,31550.333333333332,1,0,1,1,1,1.0,189302.0,104.6,0
34,0,101036.0,2,58.7,2.0,0,7,13,1,1.0,1,1,20,33678.666666666664,1,0,1,1,1,9.4,202072.0,117.4,0
67,1,44146.0,2,34.0,3.0,2,12,19,1,5.0,0,1,31,11036.5,0,1,1,1,0,14.8,264876.0,68.0,0
38,1,94814.0,2,65.4,2.0,3,12,19,0,1.0,1,1,31,31604.666666666668,1,0,1,0,1,14.8,189628.0,130.8,0
52,1,103598.0,2,5.0,1.0,2,2,4,0,2.0,1,1,6,51799.0,0,0,1,0,1,2.8,310794.0,10.0,1
37,1,94223.0,2,43.1,1.0,2,9,17,1,3.0,1,1,26,47111.5,1,1,1,1,1,12.2,376892.0,86.2,1
25,1,121810.0,2,29.3,2.0,0,14,8,0,4.0,0,1,22,40603.333333333336,0,1,1,0,0,11.600000000000001,609050.0,58.6,0
46,0,80577.0,2,45.8,2.0,1,4,11,0,1.0,1,1,15,26859.0,1,0,1,0,1,6.800000000000001,161154.0,91.6,0
29,1,99724.0,2,82.7,1.0,1,2,17,1,4.0,0,1,19,49862.0,1,1,1,1,0,8.0,498620.0,165.4,0
59,0,130373.0,2,45.3,1.0,1,6,7,0,2.0,1,1,13,65186.5,1,0,1,0,1,6.4,391119.0,90.6,0
48,0,68898.0,1,66.3,1.0,0,2,5,1,5.0,1,1,7,34449.0,1,1,1,1,1,3.2,413388.0,132.6,1
39,1,168012.0,1,89.9,1.0,3,0,5,1,2.0,0,1,5,84006.0,1,0,1,1,0,2.0,504036.0,179.8,0
53,1,73928.0,1,31.7,2.0,0,7,2,1,3.0,0,1,9,24642.666666666668,0,1,1,1,0,5.0,295712.0,63.4,0
50,1,106227.0,1,44.4,2.0,2,3,9,1,5.0,1,1,12,35409.0,1,1,1,1,1,5.4,637362.0,88.8,1
43,1,101008.0,2,68.4,1.0,1,13,5,1,5.0,0,1,18,50504.0,1,1,1,1,0,9.8,606048.0,136.8,1
41,1,81165.0,1,5.0,1.0,2,0,8,1,2.0,1,1,8,40582.5,0,0,1,1,1,3.2,243495.0,10.0,1
50,0,113263.0,0,35.1,3.0,1,0,2,1,4.0,1,1,2,28315.75,0,1,1,1,1,0.8,566315.0,70.2,1
40,1,78590.0,0,79.8,2.0,1,2,1,1,2.0,1,1,3,26196.666666666668,1,0,1,1,1,1.6,235770.0,159.6,0
46,0,40751.0,1,29.0,1.0,0,2,2,1,2.0,0,1,4,20375.5,0,0,1,1,0,2.0,122253.0,58.0,0
63,0,100176.0,2,79.5,3.0,1,13,10,0,4.0,1,1,23,25044.0,1,1,1,0,1,11.8,500880.0,159.0,0
26,0,129682.0,1,29.6,2.0,2,2,6,1,3.0,0,1,8,43227.333333333336,0,1,1,1,0,3.6000000000000005,518728.0,59.2,1
49,0,73881.0,1,48.2,3.0,1,2,6,0,5.0,1,1,8,18470.25,1,1,1,0,1,3.6000000000000005,443286.0,96.4,0
64,1,108094.0,2,6.2,2.0,2,13,6,1,4.0,1,1,19,36031.333333333336,0,1,1,1,1,10.2,540470.0,12.4,1
48,1,31810.0,2,27.1,3.5,2,3,8,0,3.0,1,1,11,7068.888888888889,0,1,1,0,1,5.0,127240.0,54.2,0
39,0,59191.0,0,31.6,2.0,2,2,3,1,1.0,0,1,5,19730.333333333332,0,0,1,1,0,2.4000000000000004,118382.0,63.2,0
39,0,129544.0,2,42.2,3.5,2,5,7,0,1.0,1,1,12,28787.555555555555,1,0,1,0,1,5.800000000000001,259088.0,84.4,0
64,0,97645.0,0,46.6,1.0,2,0,0,1,2.0,1,1,0,48822.5,1,0,1,1,1,0.0,292935.0,93.2,0
29,0,96573.0,1,5.0,2.0,3,4,9,1,3.0,0,1,13,32191.0,0,1,1,1,0,6.0,386292.0,10.0,0
58,0,30056.0,0,61.5,2.0,1,2,2,0,3.0,1,1,4,10018.666666666666,1,1,1,0,1,2.0,120224.0,123.0,0
32,0,119397.0,2,80.8,1.0,2,7,4,1,1.0,0,1,11,59698.5,1,0,1,1,0,5.800000000000001,238794.0,161.6,0
66,1,30000.0,2,78.6,2.0,2,13,8,0,2.0,0,1,21,10000.0,1,0,1,0,0,11.0,90000.0,157.2,0
27,0,84708.0,0,14.1,3.0,0,2,1,1,4.0,1,1,3,21177.0,0,1,1,1,1,1.6,423540.0,28.2,1
27,0,34544.0,1,83.5,1.0,0,7,1,0,2.0,1,1,8,17272.0,1,0,1,0,1,4.6000000000000005,103632.0,167.0,0
40,1,79198.0,2,33.0,1.0,1,14,5,0,2.0,1,1,19,39599.0,0,0,1,0,1,10.4,237594.0,66.0,0
41,1,80833.0,1,47.4,2.0,1,3,6,1,5.0,0,1,9,26944.333333333332,1,1,1,1,0,4.2,484998.0,94.8,0
36,0,92808.0,0,37.8,2.0,2,1,2,1,5.0,0,1,3,30936.0,0,1,1,1,0,1.4,556848.0,75.6,0
46,1,70041.0,1,38.7,2.0,1,1,4,1,3.0,1,1,5,23347.0,0,1,1,1,1,2.2,280164.0,77.4,1
42,1,129028.0,1,10.4,2.0,3,2,6,1,1.0,1,1,8,43009.333333333336,0,0,1,1,1,3.6000000000000005,258056.0,20.8,1
33,1,100941.0,0,45.9,2.0,1,2,0,1,4.0,0,1,2,33647.0,1,1,1,1,0,1.2,504705.0,91.8,0
48,2,36229.0,1,24.3,2.0,3,2,4,1,5.0,1,1,6,12076.333333333334,0,1,1,1,1,2.8,217374.0,48.6,0
40,1,56353.0,0,56.9,1.0,0,0,2,1,4.0,1,1,2,28176.5,1,1,1,1,1,0.8,281765.0,113.8,0
54,1,144692.0,2,39.3,2.0,2,9,12,0,2.0,0,1,21,48230.666666666664,0,0,1,0,0,10.2,434076.0,78.6,0
42,1,32508.0,2,42.1,3.0,2,5,12,0,5.0,0,1,17,8127.0,1,1,1,0,0,7.800000000000001,195048.0,84.2,0
59,0,34451.0,0,21.3,1.0,0,0,3,1,4.0,0,1,3,17225.5,0,1,1,1,0,1.2000000000000002,172255.0,42.6,0
49,1,103090.0,0,53.4,2.0,0,2,3,1,4.0,1,1,5,34363.333333333336,1,1,1,1,1,2.4000000000000004,515450.0,106.8,1
48,1,30000.0,2,24.4,1.0,1,7,19,0,5.0,0,1,26,15000.0,0,1,1,0,0,11.8,180000.0,48.8,0
50,0,84851.0,2,35.0,1.0,1,5,4,0,1.0,1,1,9,42425.5,0,0,1,0,1,4.6,169702.0,70.0,0
25,1,91022.0,0,53.3,3.0,2,0,1,1,2.0,1,1,1,22755.5,1,0,1,1,1,0.4,273066.0,106.6,0
51,1,62266.0,0,15.0,2.0,3,2,0,1,2.0,1,1,2,20755.333333333332,0,0,1,1,1,1.2,186798.0,30.0,0
50,1,111539.0,2,76.1,2.0,2,13,6,0,1.0,0,1,19,37179.666666666664,1,0,1,0,0,10.2,223078.0,152.2,0
48,2,30000.0,2,5.0,2.0,1,8,10,1,5.0,1,1,18,10000.0,0,1,1,1,1,8.8,180000.0,10.0,0
43,1,77433.0,1,5.0,1.0,2,3,5,1,3.0,0,1,8,38716.5,0,1,1,1,0,3.8,309732.0,10.0,0
57,1,89831.0,2,11.0,3.5,1,14,14,0,1.0,1,1,28,19962.444444444445,0,0,1,0,1,14.0,179662.0,22.0,0
56,0,90936.0,2,60.2,2.0,1,11,18,0,5.0,0,1,29,30312.0,1,1,1,0,0,13.8,545616.0,120.4,0
35,0,98359.0,2,44.7,3.5,2,6,19,1,5.0,0,1,25,21857.555555555555,1,1,1,1,0,11.2,590154.0,89.4,0
37,1,108831.0,2,32.8,2.0,1,6,18,0,2.0,1,1,24,36277.0,0,0,1,0,1,10.8,326493.0,65.6,0
47,0,112447.0,0,7.7,2.0,1,0,1,1,2.0,1,1,1,37482.333333333336,0,0,1,1,1,0.4,337341.0,15.4,0
41,0,67379.0,0,10.6,2.0,2,2,0,1,1.0,0,1,2,22459.666666666668,0,0,1,1,0,1.2,134758.0,21.2,0
60,0,66190.0,2,9.2,3.0,1,3,14,1,4.0,1,1,17,16547.5,0,1,1,1,1,7.4,330950.0,18.4,1
61,2,85104.0,2,20.0,1.0,2,5,14,0,4.0,1,1,19,42552.0,0,1,1,0,1,8.600000000000001,425520.0,40.0,1
38,0,86437.0,1,23.9,1.0,3,5,9,1,2.0,0,1,14,43218.5,0,0,1,1,0,6.6,259311.0,47.8,0
51,0,124570.0,2,26.0,1.0,2,8,5,0,1.0,1,1,13,62285.0,0,0,1,0,1,6.8,249140.0,52.0,0
32,1,51005.0,0,34.9,2.0,2,0,0,1,3.0,1,1,0,17001.666666666668,0,1,1,1,1,0.0,204020.0,69.8,0
45,1,76537.0,1,25.7,2.0,1,3,6,0,4.0,0,1,9,25512.333333333332,0,1,1,0,0,4.2,382685.0,51.4,0
46,0,75277.0,2,40.7,3.0,1,12,9,0,1.0,0,1,21,18819.25,1,0,1,0,0,10.799999999999999,150554.0,81.4,0
69,1,86822.0,0,35.7,2.0,0,1,2,1,1.0,0,1,3,28940.666666666668,0,0,1,1,0,1.4,173644.0,71.4,0
38,0,139919.0,0,29.8,1.0,2,1,1,1,1.0,0,1,2,69959.5,0,0,1,1,0,1.0,279838.0,59.6,0
33,1,49491.0,1,49.3,2.0,2,4,2,1,4.0,0,1,6,16497.0,1,1,1,1,0,3.2,247455.0,98.6,0
55,1,97805.0,1,43.6,2.0,1,0,6,1,3.0,0,1,6,32601.666666666668,1,1,1,1,0,2.4000000000000004,391220.0,87.2,0
59,0,116998.0,1,36.8,3.0,1,3,3,1,2.0,1,1,6,29249.5,0,0,1,1,1,3.0,350994.0,73.6,1
29,0,116796.0,1,68.1,2.0,1,0,2,1,1.0,1,1,2,38932.0,1,0,1,1,1,0.8,233592.0,136.2,0
62,0,86092.0,2,36.9,2.0,2,14,8,0,5.0,0,1,22,28697.333333333332,0,1,1,0,0,11.600000000000001,516552.0,73.8,0
40,1,61385.0,2,36.5,1.0,2,3,10,0,2.0,0,1,13,30692.5,0,0,1,0,0,5.8,184155.0,73.0,0
67,0,30000.0,1,11.4,1.0,1,3,5,1,1.0,1,1,8,15000.0,0,0,1,1,1,3.8,60000.0,22.8,0
43,0,85464.0,1,79.8,1.0,2,3,2,0,1.0,0,1,5,42732.0,1,0,1,0,0,2.5999999999999996,170928.0,159.6,0
36,1,99209.0,0,14.6,1.0,1,0,3,1,5.0,1,1,3,49604.5,0,1,1,1,1,1.2000000000000002,595254.0,29.2,0
56,1,51331.0,2,75.7,2.0,2,4,6,0,1.0,0,1,10,17110.333333333332,1,0,1,0,0,4.800000000000001,102662.0,151.4,0
27,0,95524.0,2,24.2,2.0,1,8,17,1,5.0,1,1,25,31841.333333333332,0,1,1,1,1,11.600000000000001,573144.0,48.4,0
38,1,100063.0,2,50.2,1.0,2,10,9,0,1.0,0,1,19,50031.5,1,0,1,0,0,9.6,200126.0,100.4,0
46,1,90753.0,2,57.9,2.0,0,3,17,0,1.0,0,1,20,30251.0,1,0,1,0,0,8.600000000000001,181506.0,115.8,0
27,1,62794.0,2,30.4,2.0,2,4,17,0,5.0,1,1,21,20931.333333333332,0,1,1,0,1,9.200000000000001,376764.0,60.8,0
41,0,130037.0,1,20.6,2.0,0,0,9,0,5.0,0,1,9,43345.666666666664,0,1,1,0,0,3.6,780222.0,41.2,0
68,1,30000.0,2,61.1,3.0,1,13,5,1,5.0,0,1,18,7500.0,1,1,1,1,0,9.8,180000.0,122.2,0
62,1,112848.0,1,25.5,2.0,2,4,5,1,1.0,0,1,9,37616.0,0,0,1,1,0,4.4,225696.0,51.0,0
37,1,84887.0,2,11.0,1.0,1,9,6,0,5.0,0,1,15,42443.5,0,1,1,0,0,7.8,509322.0,22.0,0
56,0,51804.0,2,29.4,2.0,3,6,6,0,1.0,0,1,12,17268.0,0,0,1,0,0,6.0,103608.0,58.8,0
31,1,94124.0,2,62.6,2.0,1,13,16,1,5.0,1,1,29,31374.666666666668,1,1,1,1,1,14.2,564744.0,125.2,1
26,1,42798.0,1,35.1,2.0,0,1,6,1,4.0,1,1,7,14266.0,0,1,1,1,1,3.0000000000000004,213990.0,70.2,1
62,1,84301.0,2,90.1,1.0,1,11,14,1,2.0,1,1,25,42150.5,1,0,1,1,1,12.2,252903.0,180.2,0
67,0,31568.0,0,24.5,3.0,1,0,2,1,2.0,1,1,2,7892.0,0,0,1,1,1,0.8,94704.0,49.0,0
59,1,114515.0,1,82.0,2.0,1,5,6,1,3.0,0,1,11,38171.666666666664,1,1,1,1,0,5.4,458060.0,164.0,0
41,0,30000.0,1,50.8,2.0,2,7,1,1,2.0,0,1,8,10000.0,1,0,1,1,0,4.6000000000000005,90000.0,101.6,0
60,1,49837.0,2,31.6,2.0,2,10,13,0,1.0,1,1,23,16612.333333333332,0,0,1,0,1,11.2,99674.0,63.2,0
46,0,97373.0,0,67.7,1.0,1,1,3,1,2.0,1,1,4,48686.5,1,0,1,1,1,1.8000000000000003,292119.0,135.4,0
58,1,76802.0,1,53.0,2.0,1,4,3,0,3.0,1,1,7,25600.666666666668,1,1,1,0,1,3.6,307208.0,106.0,0
28,0,96198.0,1,25.8,3.5,2,1,7,1,4.0,1,1,8,21377.333333333332,0,1,1,1,1,3.4000000000000004,480990.0,51.6,0
48,1,61888.0,0,5.0,1.0,1,0,3,0,1.0,1,1,3,30944.0,0,0,1,0,1,1.2000000000000002,123776.0,10.0,0
69,0,30000.0,2,12.2,1.0,2,10,8,1,2.0,0,1,18,15000.0,0,0,1,1,0,9.2,90000.0,24.4,0
61,1,93552.0,1,58.9,1.0,0,0,3,1,2.0,1,1,3,46776.0,1,0,1,1,1,1.2000000000000002,280656.0,117.8,1
68,1,122282.0,1,23.2,2.0,2,1,8,0,3.0,0,1,9,40760.666666666664,0,1,1,0,0,3.8000000000000003,489128.0,46.4,0
49,2,101268.0,0,51.2,2.0,1,1,2,1,5.0,0,1,3,33756.0,1,1,1,1,0,1.4,607608.0,102.4,0
52,0,99851.0,2,78.8,1.0,3,14,19,1,5.0,0,1,33,49925.5,1,1,1,1,0,16.0,599106.0,157.6,0
43,1,105722.0,0,47.9,1.0,2,0,0,1,2.0,1,1,0,52861.0,1,0,1,1,1,0.0,317166.0,95.8,0
51,1,59190.0,2,15.5,1.0,3,12,18,0,3.0,1,1,30,29595.0,0,1,1,0,1,14.399999999999999,236760.0,31.0,0
36,0,64989.0,1,37.3,3.0,2,1,7,1,4.0,1,1,8,16247.25,0,1,1,1,1,3.4000000000000004,324945.0,74.6,0
63,1,168218.0,1,15.2,1.0,3,3,9,1,5.0,1,1,12,84109.0,0,1,1,1,1,5.4,1009308.0,30.4,1
37,2,87328.0,1,5.0,1.0,2,5,2,1,2.0,0,1,7,43664.0,0,0,1,1,0,3.8,261984.0,10.0,0
31,1,61701.0,2,38.9,1.0,0,2,14,1,3.0,0,1,16,30850.5,0,1,1,1,0,6.800000000000001,246804.0,77.8,0
25,1,110227.0,0,31.6,1.0,1,2,2,1,2.0,1,1,4,55113.5,0,0,1,1,1,2.0,330681.0,63.2,0
40,1,103466.0,1,47.5,2.0,3,7,4,1,5.0,1,1,11,34488.666666666664,1,1,1,1,1,5.800000000000001,620796.0,95.0,1
43,2,107561.0,1,26.2,2.0,2,1,3,1,1.0,1,1,4,35853.666666666664,0,0,1,1,1,1.8000000000000003,215122.0,52.4,0
31,1,123547.0,2,27.7,3.5,1,5,10,0,5.0,0,1,15,27454.88888888889,0,1,1,0,0,7.0,741282.0,55.4,0
54,0,53506.0,2,9.4,2.0,2,7,18,1,3.0,0,1,25,17835.333333333332,0,1,1,1,0,11.4,214024.0,18.8,0
36,0,53951.0,1,9.1,2.0,2,1,1,1,1.0,1,1,2,17983.666666666668,0,0,1,1,1,1.0,107902.0,18.2,0
49,1,103006.0,2,37.1,2.0,2,3,15,1,5.0,1,1,18,34335.333333333336,0,1,1,1,1,7.8,618036.0,74.2,1
67,1,66642.0,1,48.3,2.0,2,5,9,0,3.0,1,1,14,22214.0,1,1,1,0,1,6.6,266568.0,96.6,1
62,1,67075.0,1,55.8,2.0,0,6,2,1,4.0,1,1,8,22358.333333333332,1,1,1,1,1,4.3999999999999995,335375.0,111.6,0
38,0,98364.0,2,11.3,1.0,1,6,11,0,1.0,1,1,17,49182.0,0,0,1,0,1,8.0,196728.0,22.6,0
30,1,36796.0,1,10.5,1.0,2,1,4,1,4.0,1,1,5,18398.0,0,1,1,1,1,2.2,183980.0,21.0,0
69,1,53387.0,2,31.9,2.0,2,4,16,1,4.0,0,1,20,17795.666666666668,0,1,1,1,0,8.8,266935.0,63.8,0
67,0,30000.0,2,59.4,3.0,0,8,14,0,2.0,0,1,22,7500.0,1,0,1,0,0,10.4,90000.0,118.8,0
25,0,78339.0,0,23.3,2.0,3,2,0,1,3.0,1,1,2,26113.0,0,1,1,1,1,1.2,313356.0,46.6,0
45,1,75316.0,2,38.3,1.0,2,3,16,0,1.0,0,1,19,37658.0,0,0,1,0,0,8.2,150632.0,76.6,0
47,0,84999.0,1,32.9,2.0,0,1,4,1,2.0,0,1,5,28333.0,0,0,1,1,0,2.2,254997.0,65.8,0
35,1,98797.0,2,45.2,1.0,2,5,9,0,2.0,0,1,14,49398.5,1,0,1,0,0,6.6,296391.0,90.4,0
43,0,94036.0,2,58.4,2.0,0,4,9,0,5.0,1,1,13,31345.333333333332,1,1,1,0,1,6.0,564216.0,116.8,0
67,1,76388.0,1,89.7,2.0,1,6,2,1,1.0,1,1,8,25462.666666666668,1,0,1,1,1,4.3999999999999995,152776.0,179.4,0
40,0,60093.0,2,28.1,3.0,3,13,17,0,3.0,1,1,30,15023.25,0,1,1,0,1,14.600000000000001,240372.0,56.2,0
26,0,122193.0,2,5.0,3.5,3,7,7,0,5.0,1,1,14,27154.0,0,1,1,0,1,7.0,733158.0,10.0,0
67,1,115260.0,2,47.4,1.0,3,4,9,1,4.0,0,1,13,57630.0,1,1,1,1,0,6.0,576300.0,94.8,0
63,1,64202.0,1,39.5,2.0,1,7,7,1,5.0,0,1,14,21400.666666666668,0,1,1,1,0,7.0,385212.0,79.0,0
54,0,128064.0,2,56.0,1.0,2,14,3,0,4.0,0,1,17,64032.0,1,1,1,0,0,9.600000000000001,640320.0,112.0,0
63,0,30000.0,1,69.4,1.0,0,3,9,1,5.0,1,1,12,15000.0,1,1,1,1,1,5.4,180000.0,138.8,0
44,1,38909.0,1,60.6,3.0,0,2,2,1,2.0,0,1,4,9727.25,1,0,1,1,0,2.0,116727.0,121.2,0
59,0,40402.0,2,55.3,1.0,1,8,17,0,4.0,0,1,25,20201.0,1,1,1,0,0,11.600000000000001,202010.0,110.6,0
34,1,70886.0,2,80.4,1.0,2,14,16,0,1.0,0,1,30,35443.0,1,0,1,0,0,14.8,141772.0,160.8,0
50,0,125998.0,1,24.7,2.0,0,1,9,1,2.0,1,1,10,41999.333333333336,0,0,1,1,1,4.2,377994.0,49.4,0
45,1,62391.0,1,35.9,2.0,2,4,7,1,3.0,0,1,11,20797.0,0,1,1,1,0,5.2,249564.0,71.8,0
48,1,30000.0,2,43.0,2.0,1,3,14,0,1.0,1,1,17,10000.0,1,0,1,0,1,7.4,60000.0,86.0,0
37,1,86435.0,1,42.6,3.0,1,5,9,1,3.0,1,1,14,21608.75,1,1,1,1,1,6.6,345740.0,85.2,0
40,0,78525.0,0,58.9,2.0,1,0,1,1,1.0,0,1,1,26175.0,1,0,1,1,0,0.4,157050.0,117.8,0
51,1,46357.0,1,14.6,2.0,0,6,9,1,3.0,1,1,15,15452.333333333334,0,1,1,1,1,7.199999999999999,185428.0,29.2,0
61,0,48080.0,1,8.6,1.0,2,3,8,1,4.0,1,1,11,24040.0,0,1,1,1,1,5.0,240400.0,17.2,1
46,0,91328.0,2,76.8,2.0,1,14,7,0,1.0,1,1,21,30442.666666666668,1,0,1,0,1,11.200000000000001,182656.0,153.6,0
62,1,100453.0,2,50.1,3.0,2,14,15,1,4.0,0,1,29,25113.25,1,1,1,1,0,14.4,502265.0,100.2,0
63,1,68719.0,2,80.7,3.0,1,14,9,0,4.0,1,1,23,17179.75,1,1,1,0,1,12.0,343595.0,161.4,0
42,1,120573.0,0,40.1,2.0,2,1,2,1,3.0,1,1,3,40191.0,0,1,1,1,1,1.4,482292.0,80.2,0
53,1,79644.0,2,40.2,2.0,3,9,14,0,3.0,0,1,23,26548.0,1,1,1,0,0,11.0,318576.0,80.4,0
30,0,144772.0,2,22.6,1.0,0,5,18,0,1.0,1,1,23,72386.0,0,0,1,0,1,10.2,289544.0,45.2,0
37,1,44686.0,1,12.8,3.0,2,5,1,1,3.0,1,1,6,11171.5,0,1,1,1,1,3.4,178744.0,25.6,1
38,0,54878.0,2,45.1,2.0,2,8,17,0,2.0,1,1,25,18292.666666666668,1,0,1,0,1,11.600000000000001,164634.0,90.2,0
25,0,86503.0,2,22.4,1.0,1,3,11,0,2.0,0,1,14,43251.5,0,0,1,0,0,6.2,259509.0,44.8,0
62,0,69975.0,2,60.2,1.0,0,14,16,0,2.0,1,1,30,34987.5,1,0,1,0,1,14.8,209925.0,120.4,1
26,1,84308.0,0,45.2,1.0,1,2,0,1,5.0,1,1,2,42154.0,1,1,1,1,1,1.2,505848.0,90.4,0
68,1,99080.0,0,91.7,2.0,2,2,2,1,5.0,1,1,4,33026.666666666664,1,1,1,1,1,2.0,594480.0,183.4,0
33,1,76381.0,1,55.6,1.0,0,7,4,1,4.0,1,1,11,38190.5,1,1,1,1,1,5.800000000000001,381905.0,111.2,0
64,1,90337.0,2,56.4,2.0,2,2,14,1,3.0,1,1,16,30112.333333333332,1,1,1,1,1,6.800000000000001,361348.0,112.8,0
54,1,139549.0,1,32.3,2.0,2,2,1,0,1.0,0,1,3,46516.333333333336,0,0,1,0,0,1.6,279098.0,64.6,0
68,1,30000.0,2,19.0,3.0,1,13,15,0,4.0,0,1,28,7500.0,0,1,1,0,0,13.8,150000.0,38.0,0
29,1,114739.0,1,20.5,1.0,3,4,4,1,1.0,0,1,8,57369.5,0,0,1,1,0,4.0,229478.0,41.0,0
30,1,75061.0,2,37.3,1.0,3,7,3,0,2.0,0,1,10,37530.5,0,0,1,0,0,5.4,225183.0,74.6,0
32,1,129137.0,2,66.1,3.5,1,7,11,1,1.0,0,1,18,28697.11111111111,1,0,1,1,0,8.600000000000001,258274.0,132.2,0
34,0,82189.0,2,53.0,1.0,1,8,19,0,4.0,0,1,27,41094.5,1,1,1,0,0,12.4,410945.0,106.0,0
49,1,87761.0,2,41.3,2.0,1,4,19,1,5.0,0,1,23,29253.666666666668,1,1,1,1,0,10.0,526566.0,82.6,0
55,1,131282.0,1,5.4,1.0,2,1,6,1,4.0,0,1,7,65641.0,0,1,1,1,0,3.0000000000000004,656410.0,10.8,0
62,1,125106.0,1,68.8,1.0,0,0,2,1,3.0,1,1,2,62553.0,1,1,1,1,1,0.8,500424.0,137.6,0
40,0,157700.0,1,24.6,2.0,1,1,4,1,1.0,1,1,5,52566.666666666664,0,0,1,1,1,2.2,315400.0,49.2,0
52,0,84708.0,2,5.0,1.0,2,2,13,0,2.0,0,1,15,42354.0,0,0,1,0,0,6.4,254124.0,10.0,0
39,0,128197.0,1,63.8,2.0,3,0,4,1,3.0,1,1,4,42732.333333333336,1,1,1,1,1,1.6,512788.0,127.6,0
33,1,129990.0,1,30.6,1.0,3,0,1,1,3.0,0,1,1,64995.0,0,1,1,1,0,0.4,519960.0,61.2,0
42,0,130382.0,2,5.0,1.0,3,2,10,0,5.0,1,1,12,65191.0,0,1,1,0,1,5.2,782292.0,10.0,0
50,1,82511.0,2,67.3,2.0,0,2,8,0,2.0,1,1,10,27503.666666666668,1,0,1,0,1,4.4,247533.0,134.6,0
40,1,93355.0,2,29.9,2.0,1,4,8,0,2.0,1,1,12,31118.333333333332,0,0,1,0,1,5.6,280065.0,59.8,0
40,1,116139.0,2,37.2,1.0,2,6,16,0,3.0,0,1,22,58069.5,0,1,1,0,0,10.0,464556.0,74.4,0
67,1,88628.0,2,45.4,1.0,2,13,5,0,3.0,1,1,18,44314.0,1,1,1,0,1,9.8,354512.0,90.8,0
31,1,63907.0,2,61.5,3.0,1,2,6,1,5.0,1,1,8,15976.75,1,1,1,1,1,3.6000000000000005,383442.0,123.0,1
37,0,75631.0,2,8.0,1.0,2,3,14,1,5.0,1,1,17,37815.5,0,1,1,1,1,7.4,453786.0,16.0,0
53,0,95280.0,1,27.5,1.0,1,0,6,1,5.0,1,1,6,47640.0,0,1,1,1,1,2.4000000000000004,571680.0,55.0,1
48,1,70319.0,2,56.1,2.0,2,2,3,0,4.0,0,1,5,23439.666666666668,1,1,1,0,0,2.4000000000000004,351595.0,112.2,0
37,1,75105.0,2,40.2,1.0,3,10,8,0,5.0,0,1,18,37552.5,1,1,1,0,0,9.2,450630.0,80.4,0
33,1,134936.0,0,15.6,2.0,1,0,0,1,1.0,1,1,0,44978.666666666664,0,0,1,1,1,0.0,269872.0,31.2,0
35,1,44987.0,2,16.7,1.0,0,13,16,1,3.0,1,1,29,22493.5,0,1,1,1,1,14.2,179948.0,33.4,0
66,1,109530.0,2,51.0,2.0,1,6,19,0,3.0,1,1,25,36510.0,1,1,1,0,1,11.2,438120.0,102.0,0
66,1,103799.0,1,25.9,1.0,2,5,2,1,2.0,1,1,7,51899.5,0,0,1,1,1,3.8,311397.0,51.8,0
58,1,44307.0,1,30.7,1.0,2,7,7,1,3.0,1,1,14,22153.5,0,1,1,1,1,7.0,177228.0,61.4,0
27,0,118709.0,2,24.3,3.5,1,10,3,0,3.0,0,1,13,26379.777777777777,0,1,1,0,0,7.2,474836.0,48.6,0
56,0,51375.0,2,15.4,2.0,3,14,3,0,4.0,0,1,17,17125.0,0,1,1,0,0,9.600000000000001,256875.0,30.8,0
57,0,117510.0,1,52.8,2.0,2,7,8,0,1.0,1,1,15,39170.0,1,0,1,0,1,7.4,235020.0,105.6,0
26,0,63110.0,2,58.3,1.0,3,9,8,0,3.0,1,1,17,31555.0,1,1,1,0,1,8.6,252440.0,116.6,0
36,1,89972.0,0,55.9,2.0,2,0,0,1,4.0,0,1,0,29990.666666666668,1,1,1,1,0,0.0,449860.0,111.8,0
44,0,104663.0,0,41.2,1.0,1,0,2,0,2.0,1,1,2,52331.5,1,0,1,0,1,0.8,313989.0,82.4,0
35,1,87338.0,1,11.3,2.0,1,1,8,1,4.0,0,1,9,29112.666666666668,0,1,1,1,0,3.8000000000000003,436690.0,22.6,0
66,0,79846.0,1,20.0,1.0,1,5,2,1,2.0,0,1,7,39923.0,0,0,1,1,0,3.8,239538.0,40.0,0
32,0,79723.0,0,35.2,2.0,1,0,1,1,1.0,1,1,1,26574.333333333332,0,0,1,1,1,0.4,159446.0,70.4,0
52,0,155281.0,2,60.7,1.0,0,8,5,1,1.0,1,1,13,77640.5,1,0,1,1,1,6.8,310562.0,121.4,0
54,1,85689.0,1,42.6,1.0,1,0,8,1,5.0,1,1,8,42844.5,1,1,1,1,1,3.2,514134.0,85.2,0
41,0,126131.0,0,102.8,1.0,0,0,3,1,1.0,0,1,3,63065.5,1,0,1,1,0,1.2000000000000002,252262.0,205.6,0
58,1,106747.0,2,24.9,1.0,0,2,10,0,1.0,1,1,12,53373.5,0,0,1,0,1,5.2,213494.0,49.8,0
31,1,71714.0,0,8.0,3.0,1,1,0,1,5.0,1,1,1,17928.5,0,1,1,1,1,0.6,430284.0,16.0,1
56,1,86629.0,2,38.7,2.0,2,2,17,1,1.0,0,1,19,28876.333333333332,0,0,1,1,0,8.0,173258.0,77.4,0
38,0,84065.0,2,17.4,1.0,2,3,13,1,5.0,0,1,16,42032.5,0,1,1,1,0,7.0,504390.0,34.8,0
31,1,87818.0,1,5.0,3.5,1,0,5,1,4.0,1,1,5,19515.11111111111,0,1,1,1,1,2.0,439090.0,10.0,0
52,1,84642.0,2,5.0,1.0,0,3,3,0,1.0,1,1,6,42321.0,0,0,1,0,1,3.0,169284.0,10.0,0
57,0,113784.0,2,85.0,1.0,2,11,5,0,1.0,0,1,16,56892.0,1,0,1,0,0,8.6,227568.0,170.0,0
36,1,78631.0,2,45.4,2.0,1,3,12,0,1.0,0,1,15,26210.333333333332,1,0,1,0,0,6.6000000000000005,157262.0,90.8,0
38,1,88603.0,1,70.3,1.0,1,5,9,0,2.0,1,1,14,44301.5,1,0,1,0,1,6.6,265809.0,140.6,0
55,0,32980.0,2,68.9,2.0,1,7,18,1,5.0,1,1,25,10993.333333333334,1,1,1,1,1,11.4,197880.0,137.8,1
61,1,108747.0,1,51.9,2.0,1,3,4,1,2.0,1,1,7,36249.0,1,0,1,1,1,3.4,326241.0,103.8,0
37,0,93726.0,1,12.5,1.0,1,3,6,0,1.0,1,1,9,46863.0,0,0,1,0,1,4.2,187452.0,25.0,0
66,0,65792.0,2,59.3,1.0,2,12,8,1,3.0,0,1,20,32896.0,1,1,1,1,0,10.399999999999999,263168.0,118.6,0
62,0,70779.0,2,5.0,3.0,1,7,7,1,1.0,0,1,14,17694.75,0,0,1,1,0,7.0,141558.0,10.0,0
62,2,174521.0,2,37.7,1.0,0,8,3,0,5.0,0,1,11,87260.5,0,1,1,0,0,6.0,1047126.0,75.4,1
31,1,93962.0,1,84.3,1.0,1,1,8,1,1.0,1,1,9,46981.0,1,0,1,1,1,3.8000000000000003,187924.0,168.6,0
64,0,73464.0,1,74.2,1.0,1,5,3,1,2.0,1,1,8,36732.0,1,0,1,1,1,4.2,220392.0,148.4,0
28,1,60411.0,2,28.4,1.0,1,3,11,0,5.0,0,1,14,30205.5,0,1,1,0,0,6.2,362466.0,56.8,0
43,1,63272.0,2,34.0,3.0,2,8,13,0,1.0,1,1,21,15818.0,0,0,1,0,1,10.0,126544.0,68.0,0
64,0,111362.0,2,55.1,1.0,2,11,3,0,3.0,0,1,14,55681.0,1,1,1,0,0,7.8,445448.0,110.2,0
34,0,62966.0,1,29.5,1.0,2,7,7,1,5.0,0,1,14,31483.0,0,1,1,1,0,7.0,377796.0,59.0,0
37,0,59180.0,2,28.3,3.0,2,6,3,0,3.0,0,1,9,14795.0,0,1,1,0,0,4.8,236720.0,56.6,0
55,0,128578.0,2,34.1,1.0,2,6,14,0,3.0,1,1,20,64289.0,0,1,1,0,1,9.2,514312.0,68.2,0
36,1,124399.0,0,41.5,3.0,2,1,1,1,1.0,1,1,2,31099.75,1,0,1,1,1,1.0,248798.0,83.0,0
56,0,30000.0,2,34.0,2.0,3,9,14,1,5.0,0,1,23,10000.0,0,1,1,1,0,11.0,180000.0,68.0,0
52,1,30000.0,2,20.7,1.0,0,5,12,1,1.0,0,1,17,15000.0,0,0,1,1,0,7.800000000000001,60000.0,41.4,0
49,1,45177.0,1,28.2,2.0,2,1,9,1,1.0,1,1,10,15059.0,0,0,1,1,1,4.2,90354.0,56.4,0
35,1,116449.0,2,19.4,1.0,1,10,9,1,2.0,1,1,19,58224.5,0,0,1,1,1,9.6,349347.0,38.8,0
25,0,109496.0,1,74.1,2.0,2,2,9,1,5.0,1,1,11,36498.666666666664,1,1,1,1,1,4.8,656976.0,148.2,1
36,1,113154.0,2,80.7,2.0,1,13,7,0,1.0,0,1,20,37718.0,1,0,1,0,0,10.6,226308.0,161.4,0
61,0,82028.0,2,40.2,1.0,2,12,18,1,4.0,0,1,30,41014.0,1,1,1,1,0,14.399999999999999,410140.0,80.4,0
37,0,73220.0,1,64.3,1.0,2,2,9,1,4.0,1,1,11,36610.0,1,1,1,1,1,4.8,366100.0,128.6,0
66,0,73965.0,1,61.4,3.5,2,6,8,0,2.0,1,1,14,16436.666666666668,1,0,1,0,1,6.8,221895.0,122.8,0
25,1,55347.0,2,86.6,1.0,2,12,7,1,1.0,0,1,19,27673.5,1,0,1,1,0,10.0,110694.0,173.2,0
25,0,92054.0,2,31.1,1.0,1,13,11,1,2.0,1,1,24,46027.0,0,0,1,1,1,12.2,276162.0,62.2,0
40,1,39436.0,2,53.4,2.0,1,14,19,0,5.0,0,1,33,13145.333333333334,1,1,1,0,0,16.0,236616.0,106.8,0
41,1,76983.0,1,60.1,3.0,0,4,9,0,4.0,0,1,13,19245.75,1,1,1,0,0,6.0,384915.0,120.2,1
50,0,174521.0,1,55.8,2.0,1,2,2,1,2.0,0,1,4,58173.666666666664,1,0,1,1,0,2.0,523563.0,111.6,0
63,1,41534.0,0,17.3,1.0,2,2,1,1,4.0,1,1,3,20767.0,0,1,1,1,1,1.6,207670.0,34.6,0
40,1,108685.0,1,30.7,3.0,2,6,4,0,5.0,1,1,10,27171.25,0,1,1,0,1,5.199999999999999,652110.0,61.4,0
46,1,74941.0,1,97.0,2.0,1,0,2,1,2.0,0,1,2,24980.333333333332,1,0,1,1,0,0.8,224823.0,194.0,0
59,0,51365.0,2,41.2,2.0,2,11,3,1,3.0,0,1,14,17121.666666666668,1,1,1,1,0,7.8,205460.0,82.4,0
55,0,75339.0,2,5.8,2.0,3,11,10,0,2.0,1,1,21,25113.0,0,0,1,0,1,10.6,226017.0,11.6,0
30,1,107470.0,2,35.7,2.0,0,4,15,0,3.0,0,1,19,35823.333333333336,0,1,1,0,0,8.4,429880.0,71.4,0
26,0,53099.0,1,31.0,2.0,0,5,9,1,2.0,0,1,14,17699.666666666668,0,0,1,1,0,6.6,159297.0,62.0,0
54,0,112142.0,2,28.6,1.0,1,6,11,1,5.0,0,1,17,56071.0,0,1,1,1,0,8.0,672852.0,57.2,0
33,2,37297.0,0,11.8,1.0,1,0,0,1,2.0,0,1,0,18648.5,0,0,1,1,0,0.0,111891.0,23.6,0
26,1,39473.0,1,79.4,2.0,2,6,4,1,3.0,1,1,10,13157.666666666666,1,1,1,1,1,5.199999999999999,157892.0,158.8,0
67,1,84899.0,0,42.0,3.0,0,0,0,1,1.0,0,1,0,21224.75,1,0,1,1,0,0.0,169798.0,84.0,0
54,1,72951.0,1,36.3,1.0,2,1,5,1,1.0,0,1,6,36475.5,0,0,1,1,0,2.6,145902.0,72.6,0
59,1,60375.0,1,49.3,1.0,1,4,1,1,2.0,0,1,5,30187.5,1,0,1,1,0,2.8,181125.0,98.6,0
56,1,87115.0,1,33.4,2.0,2,0,7,1,1.0,0,1,7,29038.333333333332,0,0,1,1,0,2.8000000000000003,174230.0,66.8,0
66,0,84778.0,1,75.0,2.0,3,2,8,1,4.0,1,1,10,28259.333333333332,1,1,1,1,1,4.4,423890.0,150.0,0
39,0,149076.0,2,40.2,1.0,2,12,9,0,2.0,0,1,21,74538.0,1,0,1,0,0,10.799999999999999,447228.0,80.4,0
49,0,88393.0,0,40.4,1.0,2,0,2,1,5.0,1,1,2,44196.5,1,1,1,1,1,0.8,530358.0,80.8,1
58,0,110239.0,2,35.9,2.0,1,2,7,0,1.0,1,1,9,36746.333333333336,0,0,1,0,1,4.0,220478.0,71.8,0
50,1,55365.0,0,24.8,2.0,2,2,0,1,3.0,1,1,2,18455.0,0,1,1,1,1,1.2,221460.0,49.6,0
48,0,65184.0,2,43.6,3.0,1,3,5,0,1.0,1,1,8,16296.0,1,0,1,0,1,3.8,130368.0,87.2,0
34,1,33968.0,2,76.5,2.0,1,14,16,0,2.0,1,1,30,11322.666666666666,1,0,1,0,1,14.8,101904.0,153.0,0
39,1,72441.0,1,46.3,2.0,0,0,4,1,2.0,1,1,4,24147.0,1,0,1,1,1,1.6,217323.0,92.6,0
49,1,79166.0,2,58.7,3.5,3,8,17,1,4.0,0,1,25,17592.444444444445,1,1,1,1,0,11.600000000000001,395830.0,117.4,0
26,0,72441.0,2,49.1,3.0,0,4,8,0,2.0,0,1,12,18110.25,1,0,1,0,0,5.6,217323.0,98.2,0
57,0,32480.0,2,64.1,2.0,2,9,9,0,2.0,1,1,18,10826.666666666666,1,0,1,0,1,9.0,97440.0,128.2,0
60,1,102624.0,2,40.2,3.0,0,3,13,1,3.0,1,1,16,25656.0,1,1,1,1,1,7.0,410496.0,80.4,0
41,2,96666.0,1,41.1,1.0,0,6,6,1,5.0,1,1,12,48333.0,1,1,1,1,1,6.0,579996.0,82.2,0
28,1,84926.0,2,5.0,3.0,2,7,4,0,5.0,1,1,11,21231.5,0,1,1,0,1,5.800000000000001,509556.0,10.0,1
46,0,106355.0,2,38.6,1.0,3,6,13,1,3.0,0,1,19,53177.5,0,1,1,1,0,8.8,425420.0,77.2,0
65,1,70523.0,1,44.1,3.0,1,7,5,1,4.0,1,1,12,17630.75,1,1,1,1,1,6.2,352615.0,88.2,0
35,0,162643.0,1,34.5,2.0,2,4,4,1,5.0,0,1,8,54214.333333333336,0,1,1,1,0,4.0,975858.0,69.0,0
43,1,58451.0,2,25.9,2.0,1,14,6,1,2.0,1,1,20,19483.666666666668,0,0,1,1,1,10.8,175353.0,51.8,0
47,1,89604.0,2,41.9,1.0,1,4,19,1,1.0,0,1,23,44802.0,1,0,1,1,0,10.0,179208.0,83.8,0
63,0,56131.0,2,8.2,1.0,2,7,14,0,1.0,0,1,21,28065.5,0,0,1,0,0,9.8,112262.0,16.4,0
57,1,47922.0,0,40.2,2.0,1,2,3,1,2.0,0,1,5,15974.0,1,0,1,1,0,2.4000000000000004,143766.0,80.4,0
28,0,30000.0,1,84.3,1.0,2,7,7,1,1.0,1,1,14,15000.0,1,0,1,1,1,7.0,60000.0,168.6,0
41,1,111873.0,2,22.1,3.5,1,7,13,0,5.0,0,1,20,24860.666666666668,0,1,1,0,0,9.4,671238.0,44.2,0
42,0,89322.0,0,18.8,1.0,2,1,0,1,1.0,1,1,1,44661.0,0,0,1,1,1,0.6,178644.0,37.6,0
63,0,123567.0,0,19.1,2.0,1,2,1,1,3.0,1,1,3,41189.0,0,1,1,1,1,1.6,494268.0,38.2,1
41,1,77397.0,2,70.2,1.0,2,4,17,0,1.0,1,1,21,38698.5,1,0,1,0,1,9.200000000000001,154794.0,140.4,0
32,1,91818.0,1,53.7,1.0,1,5,9,1,1.0,1,1,14,45909.0,1,0,1,1,1,6.6,183636.0,107.4,0
46,0,104726.0,0,26.3,2.0,1,1,2,1,5.0,1,1,3,34908.666666666664,0,1,1,1,1,1.4,628356.0,52.6,1
40,1,44355.0,2,5.0,3.0,2,3,16,0,2.0,1,1,19,11088.75,0,0,1,0,1,8.2,133065.0,10.0,0
33,0,112498.0,2,77.7,3.0,1,8,3,1,3.0,1,1,11,28124.5,1,1,1,1,1,6.0,449992.0,155.4,0
30,1,60492.0,1,8.6,2.0,0,5,3,1,1.0,0,1,8,20164.0,0,0,1,1,0,4.2,120984.0,17.2,0
51,0,68765.0,0,56.8,2.0,1,0,0,1,4.0,0,1,0,22921.666666666668,1,1,1,1,0,0.0,343825.0,113.6,0
52,1,100694.0,2,30.6,1.0,2,14,19,0,1.0,1,1,33,50347.0,0,0,1,0,1,16.0,201388.0,61.2,0
36,0,43983.0,2,23.5,1.0,3,8,13,0,4.0,1,1,21,21991.5,0,1,1,0,1,10.0,219915.0,47.0,0
43,1,107442.0,2,59.7,2.0,2,6,15,0,2.0,1,1,21,35814.0,1,0,1,0,1,9.6,322326.0,119.4,0
26,0,108248.0,1,7.7,2.0,0,1,3,1,3.0,0,1,4,36082.666666666664,0,1,1,1,0,1.8000000000000003,432992.0,15.4,0
48,0,53043.0,1,52.4,3.5,1,2,8,1,4.0,1,1,10,11787.333333333334,1,1,1,1,1,4.4,265215.0,104.8,0
48,0,112759.0,2,29.8,1.0,0,8,4,0,4.0,1,1,12,56379.5,0,1,1,0,1,6.4,563795.0,59.6,1
41,0,97409.0,1,54.8,3.0,2,3,8,1,1.0,1,1,11,24352.25,1,0,1,1,1,5.0,194818.0,109.6,0
56,1,96748.0,1,5.0,1.0,2,4,3,1,4.0,0,1,7,48374.0,0,1,1,1,0,3.6,483740.0,10.0,0
32,1,108703.0,1,79.9,3.5,1,7,1,1,5.0,1,1,8,24156.222222222223,1,1,1,1,1,4.6000000000000005,652218.0,159.8,1
25,1,53154.0,2,5.0,1.0,2,2,18,1,5.0,0,1,20,26577.0,0,1,1,1,0,8.4,318924.0,10.0,0
66,0,57020.0,0,55.8,1.0,2,2,2,1,3.0,0,1,4,28510.0,1,1,1,1,0,2.0,228080.0,111.6,0
48,1,58228.0,2,5.0,2.0,2,8,10,0,5.0,1,1,18,19409.333333333332,0,1,1,0,1,8.8,349368.0,10.0,1
25,1,120041.0,2,82.9,1.0,2,10,17,0,4.0,1,1,27,60020.5,1,1,1,0,1,12.8,600205.0,165.8,0
58,0,50544.0,0,11.7,2.0,3,0,1,1,1.0,1,1,1,16848.0,0,0,1,1,1,0.4,101088.0,23.4,0
49,1,81040.0,2,25.9,1.0,3,13,18,0,5.0,1,1,31,40520.0,0,1,1,0,1,15.0,486240.0,51.8,0
62,0,86322.0,1,98.5,2.0,0,1,4,1,3.0,1,1,5,28774.0,1,1,1,1,1,2.2,345288.0,197.0,1
52,0,59192.0,0,19.1,3.0,1,2,2,1,4.0,1,1,4,14798.0,0,1,1,1,1,2.0,295960.0,38.2,0
40,1,80181.0,0,74.5,2.0,1,1,2,1,4.0,1,1,3,26727.0,1,1,1,1,1,1.4,400905.0,149.0,0
66,1,98569.0,0,68.5,3.0,1,1,0,0,3.0,1,1,1,24642.25,1,1,1,0,1,0.6,394276.0,137.0,0
52,2,45781.0,2,30.2,2.0,2,5,6,1,2.0,1,1,11,15260.333333333334,0,0,1,1,1,5.4,137343.0,60.4,0
28,0,137965.0,0,59.4,1.0,2,2,3,1,1.0,0,1,5,68982.5,1,0,1,1,0,2.4000000000000004,275930.0,118.8,0
40,0,81451.0,2,8.0,1.0,1,3,17,0,3.0,1,1,20,40725.5,0,1,1,0,1,8.600000000000001,325804.0,16.0,0
48,1,50269.0,1,44.9,2.0,2,2,8,1,1.0,1,1,10,16756.333333333332,1,0,1,1,1,4.4,100538.0,89.8,0
48,1,137424.0,2,71.2,3.0,1,5,3,0,2.0,1,1,8,34356.0,1,0,1,0,1,4.2,412272.0,142.4,0
60,1,78506.0,1,54.6,1.0,2,0,8,1,1.0,0,1,8,39253.0,1,0,1,1,0,3.2,157012.0,109.2,0
56,0,30000.0,1,73.4,1.0,1,0,8,1,1.0,1,1,8,15000.0,1,0,1,1,1,3.2,60000.0,146.8,0
33,1,62922.0,1,50.3,1.0,1,1,4,0,3.0,1,1,5,31461.0,1,1,1,0,1,2.2,251688.0,100.6,0
56,1,78802.0,2,40.2,1.0,2,13,10,1,3.0,1,1,23,39401.0,1,1,1,1,1,11.8,315208.0,80.4,0
42,1,105933.0,2,13.6,2.0,1,8,3,0,3.0,0,1,11,35311.0,0,1,1,0,0,6.0,423732.0,27.2,0
48,0,77334.0,1,43.0,3.0,1,7,9,1,4.0,1,1,16,19333.5,1,1,1,1,1,7.800000000000001,386670.0,86.0,0
29,2,150251.0,1,12.1,1.0,2,1,5,0,3.0,1,1,6,75125.5,0,1,1,0,1,2.6,601004.0,24.2,1
60,1,89552.0,2,35.4,2.0,3,2,10,0,2.0,0,1,12,29850.666666666668,0,0,1,0,0,5.2,268656.0,70.8,0
67,0,130271.0,1,26.2,1.0,2,2,2,1,1.0,0,1,4,65135.5,0,0,1,1,0,2.0,260542.0,52.4,0
37,0,123594.0,2,37.8,2.0,2,5,11,0,2.0,1,1,16,41198.0,0,0,1,0,1,7.4,370782.0,75.6,0
54,0,88509.0,2,24.2,2.0,3,2,17,0,5.0,1,1,19,29503.0,0,1,1,0,1,8.0,531054.0,48.4,0
35,0,141074.0,0,10.5,1.0,2,1,3,1,4.0,1,1,4,70537.0,0,1,1,1,1,1.8000000000000003,705370.0,21.0,0
61,1,123532.0,2,79.2,2.0,1,7,5,0,3.0,1,1,12,41177.333333333336,1,1,1,0,1,6.2,494128.0,158.4,0
64,0,143152.0,1,53.6,1.0,2,6,6,1,5.0,1,1,12,71576.0,1,1,1,1,1,6.0,858912.0,107.2,1
60,1,87649.0,1,55.6,2.0,1,5,1,1,5.0,0,1,6,29216.333333333332,1,1,1,1,0,3.4,525894.0,111.2,0
58,1,84562.0,1,26.9,1.0,1,2,1,1,5.0,1,1,3,42281.0,0,1,1,1,1,1.6,507372.0,53.8,1
48,0,136534.0,2,44.0,2.0,2,11,18,1,3.0,1,1,29,45511.333333333336,1,1,1,1,1,13.8,546136.0,88.0,0
32,1,106533.0,2,81.8,3.0,2,9,10,1,3.0,1,1,19,26633.25,1,1,1,1,1,9.399999999999999,426132.0,163.6,0
50,1,74986.0,2,58.2,1.0,2,12,19,1,2.0,1,1,31,37493.0,1,0,1,1,1,14.8,224958.0,116.4,0
49,0,116423.0,2,29.9,3.5,0,12,3,1,3.0,1,1,15,25871.777777777777,0,1,1,1,1,8.399999999999999,465692.0,59.8,0
29,1,39350.0,2,31.0,2.0,1,7,7,0,4.0,0,1,14,13116.666666666666,0,1,1,0,0,7.0,196750.0,62.0,0
37,0,30000.0,0,25.3,2.0,2,0,0,1,3.0,1,1,0,10000.0,0,1,1,1,1,0.0,120000.0,50.6,0
47,1,30000.0,1,52.8,1.0,2,4,5,1,4.0,1,1,9,15000.0,1,1,1,1,1,4.4,150000.0,105.6,0
40,0,78216.0,1,16.2,3.0,1,0,9,1,5.0,1,1,9,19554.0,0,1,1,1,1,3.6,469296.0,32.4,1
49,1,63844.0,2,28.8,2.0,2,11,13,0,2.0,1,1,24,21281.333333333332,0,0,1,0,1,11.8,191532.0,57.6,0
50,1,84708.0,1,34.5,1.0,3,7,7,0,5.0,1,1,14,42354.0,0,1,1,0,1,7.0,508248.0,69.0,1
35,1,79559.0,1,64.4,3.0,1,3,9,1,3.0,1,1,12,19889.75,1,1,1,1,1,5.4,318236.0,128.8,0
35,0,84035.0,2,46.3,2.0,1,2,7,1,5.0,1,1,9,28011.666666666668,1,1,1,1,1,4.0,504210.0,92.6,1
35,0,36855.0,2,55.4,2.0,0,14,17,0,1.0,0,1,31,12285.0,1,0,1,0,0,15.200000000000001,73710.0,110.8,0
66,0,90161.0,1,26.5,2.0,2,1,4,1,4.0,1,1,5,30053.666666666668,0,1,1,1,1,2.2,450805.0,53.0,0
39,1,56135.0,2,40.6,1.0,1,10,15,1,3.0,1,1,25,28067.5,1,1,1,1,1,12.0,224540.0,81.2,0
55,1,136587.0,0,5.0,3.0,0,1,0,1,4.0,1,1,1,34146.75,0,1,1,1,1,0.6,682935.0,10.0,1
54,1,39123.0,1,50.3,1.0,0,2,4,1,3.0,0,1,6,19561.5,1,1,1,1,0,2.8,156492.0,100.6,0
27,1,81338.0,0,5.0,1.0,2,1,2,1,1.0,1,1,3,40669.0,0,0,1,1,1,1.4,162676.0,10.0,0
56,1,125772.0,2,5.0,1.0,1,3,11,0,2.0,0,1,14,62886.0,0,0,1,0,0,6.2,377316.0,10.0,0
32,0,44353.0,2,28.7,3.0,0,3,8,1,3.0,1,1,11,11088.25,0,1,1,1,1,5.0,177412.0,57.4,0
58,0,61015.0,1,33.1,3.5,1,7,1,0,4.0,1,1,8,13558.888888888889,0,1,1,0,1,4.6000000000000005,305075.0,66.2,0
69,0,75480.0,2,34.3,1.0,2,10,4,0,3.0,0,1,14,37740.0,0,1,1,0,0,7.6,301920.0,68.6,0
32,1,108704.0,2,11.8,1.0,3,4,17,0,2.0,1,1,21,54352.0,0,0,1,0,1,9.200000000000001,326112.0,23.6,0
28,1,30000.0,2,78.7,1.0,3,13,19,0,1.0,1,1,32,15000.0,1,0,1,0,1,15.4,60000.0,157.4,0
44,1,41398.0,2,31.8,1.0,1,12,8,0,2.0,0,1,20,20699.0,0,0,1,0,0,10.399999999999999,124194.0,63.6,0
26,1,127991.0,0,78.6,2.0,2,1,3,1,4.0,0,1,4,42663.666666666664,1,1,1,1,0,1.8000000000000003,639955.0,157.2,0
30,0,84360.0,2,8.8,1.0,2,3,9,1,4.0,1,1,12,42180.0,0,1,1,1,1,5.4,421800.0,17.6,1
30,1,83731.0,2,70.9,3.0,3,10,13,1,3.0,0,1,23,20932.75,1,1,1,1,0,11.2,334924.0,141.8,0
40,1,172085.0,2,30.4,3.0,2,7,11,1,1.0,1,1,18,43021.25,0,0,1,1,1,8.600000000000001,344170.0,60.8,1
46,0,80622.0,2,55.8,2.0,2,12,3,1,4.0,0,1,15,26874.0,1,1,1,1,0,8.399999999999999,403110.0,111.6,0
62,0,119510.0,2,41.6,2.0,0,3,6,0,2.0,1,1,9,39836.666666666664,1,0,1,0,1,4.2,358530.0,83.2,0
62,0,157070.0,2,57.0,2.0,1,6,18,0,4.0,0,1,24,52356.666666666664,1,1,1,0,0,10.8,785350.0,114.0,0
62,1,81699.0,1,78.1,3.5,2,5,6,1,1.0,0,1,11,18155.333333333332,1,0,1,1,0,5.4,163398.0,156.2,0
29,1,30000.0,2,41.3,3.0,2,14,16,0,1.0,1,1,30,7500.0,1,0,1,0,1,14.8,60000.0,82.6,0
38,1,62451.0,0,44.3,2.0,2,2,0,1,1.0,0,1,2,20817.0,1,0,1,1,0,1.2,124902.0,88.6,0
48,0,109798.0,1,50.2,2.0,2,7,8,1,4.0,0,1,15,36599.333333333336,1,1,1,1,0,7.4,548990.0,100.4,0
33,0,65847.0,1,22.2,1.0,1,4,9,1,4.0,0,1,13,32923.5,0,1,1,1,0,6.0,329235.0,44.4,0
33,0,116714.0,1,47.1,2.0,2,7,9,0,5.0,1,1,16,38904.666666666664,1,1,1,0,1,7.800000000000001,700284.0,94.2,1
42,1,149984.0,2,21.8,2.0,2,5,5,1,4.0,1,1,10,49994.666666666664,0,1,1,1,1,5.0,749920.0,43.6,1
68,0,108819.0,1,5.0,2.0,2,2,3,1,5.0,0,1,5,36273.0,0,1,1,1,0,2.4000000000000004,652914.0,10.0,0
25,1,81445.0,2,34.1,2.0,2,6,14,0,4.0,1,1,20,27148.333333333332,0,1,1,0,1,9.2,407225.0,68.2,0
48,0,55776.0,1,66.2,2.0,1,3,9,1,4.0,1,1,12,18592.0,1,1,1,1,1,5.4,278880.0,132.4,1
51,1,63966.0,2,45.8,3.0,1,11,17,0,5.0,0,1,28,15991.5,1,1,1,0,0,13.4,383796.0,91.6,1
54,1,101978.0,1,30.1,1.0,1,7,1,0,5.0,1,1,8,50989.0,0,1,1,0,1,4.6000000000000005,611868.0,60.2,0
48,0,30000.0,1,30.1,2.0,2,0,6,1,5.0,1,1,6,10000.0,0,1,1,1,1,2.4000000000000004,180000.0,60.2,0
66,1,99955.0,1,58.4,2.0,2,3,6,1,3.0,0,1,9,33318.333333333336,1,1,1,1,0,4.2,399820.0,116.8,0
56,1,129705.0,2,42.8,3.0,1,7,19,0,3.0,0,1,26,32426.25,1,1,1,0,0,11.8,518820.0,85.6,0
55,0,100298.0,2,40.2,3.0,1,6,4,0,1.0,0,1,10,25074.5,1,0,1,0,0,5.199999999999999,200596.0,80.4,0
57,1,41942.0,2,61.1,3.5,2,13,13,0,2.0,0,1,26,9320.444444444445,1,0,1,0,0,13.0,125826.0,122.2,0
52,0,72376.0,2,23.2,1.0,2,3,6,0,5.0,0,1,9,36188.0,0,1,1,0,0,4.2,434256.0,46.4,0
38,1,91203.0,0,67.6,2.0,2,1,1,0,2.0,1,1,2,30401.0,1,0,1,0,1,1.0,273609.0,135.2,0
46,0,107378.0,2,55.8,2.0,1,8,4,1,5.0,1,1,12,35792.666666666664,1,1,1,1,1,6.4,644268.0,111.6,1
39,2,85806.0,2,32.0,2.0,1,3,9,0,2.0,1,1,12,28602.0,0,0,1,0,1,5.4,257418.0,64.0,1
65,1,135849.0,0,47.8,2.0,1,1,1,1,3.0,0,1,2,45283.0,1,1,1,1,0,1.0,543396.0,95.6,0
59,1,75116.0,2,21.0,2.0,1,7,15,1,2.0,1,1,22,25038.666666666668,0,0,1,1,1,10.2,225348.0,42.0,0
54,1,33425.0,2,45.5,3.0,0,7,5,1,3.0,1,1,12,8356.25,1,1,1,1,1,6.2,133700.0,91.0,0
41,1,54296.0,2,56.3,2.0,3,13,16,0,3.0,0,1,29,18098.666666666668,1,1,1,0,0,14.2,217184.0,112.6,0
40,1,103601.0,2,48.9,2.0,2,14,7,1,5.0,0,1,21,34533.666666666664,1,1,1,1,0,11.200000000000001,621606.0,97.8,0
37,0,129834.0,1,66.5,2.0,2,1,3,1,4.0,1,1,4,43278.0,1,1,1,1,1,1.8000000000000003,649170.0,133.0,1
54,0,105957.0,0,17.5,2.0,1,1,1,1,1.0,1,1,2,35319.0,0,0,1,1,1,1.0,211914.0,35.0,0
44,1,44652.0,0,64.4,1.0,1,0,2,1,5.0,1,1,2,22326.0,1,1,1,1,1,0.8,267912.0,128.8,0
58,1,104601.0,0,20.0,2.0,1,1,1,1,4.0,1,1,2,34867.0,0,1,1,1,1,1.0,523005.0,40.0,1
27,0,125322.0,2,48.8,3.0,2,3,11,0,5.0,1,1,14,31330.5,1,1,1,0,1,6.2,751932.0,97.6,1
50,1,131862.0,2,35.6,1.0,3,11,13,0,4.0,1,1,24,65931.0,0,1,1,0,1,11.8,659310.0,71.2,1
52,0,69457.0,0,5.3,3.0,0,2,3,1,2.0,0,1,5,17364.25,0,0,1,1,0,2.4000000000000004,208371.0,10.6,0
26,0,84708.0,0,19.8,2.0,1,2,1,1,1.0,1,1,3,28236.0,0,0,1,1,1,1.6,169416.0,39.6,0
38,2,74771.0,2,48.0,2.0,1,14,16,0,3.0,1,1,30,24923.666666666668,1,1,1,0,1,14.8,299084.0,96.0,0
35,2,96523.0,2,83.7,2.0,2,6,18,0,2.0,0,1,24,32174.333333333332,1,0,1,0,0,10.8,289569.0,167.4,0
39,0,92450.0,1,58.7,2.0,1,7,9,1,1.0,0,1,16,30816.666666666668,1,0,1,1,0,7.800000000000001,184900.0,117.4,0
53,0,109210.0,2,40.4,3.0,1,3,7,0,5.0,1,1,10,27302.5,1,1,1,0,1,4.6,655260.0,80.8,0
51,1,116976.0,0,63.5,1.0,1,2,2,1,4.0,1,1,4,58488.0,1,1,1,1,1,2.0,584880.0,127.0,1
33,0,64559.0,2,34.0,1.0,1,10,5,0,1.0,1,1,15,32279.5,0,0,1,0,1,8.0,129118.0,68.0,0
42,1,74783.0,2,27.3,1.0,0,5,9,1,1.0,0,1,14,37391.5,0,0,1,1,0,6.6,149566.0,54.6,0
37,1,106005.0,1,50.7,2.0,2,7,8,1,5.0,1,1,15,35335.0,1,1,1,1,1,7.4,636030.0,101.4,1
44,0,75029.0,2,37.2,2.0,2,14,14,1,2.0,1,1,28,25009.666666666668,0,0,1,1,1,14.0,225087.0,74.4,0
36,1,30000.0,0,23.7,1.0,3,0,1,1,2.0,1,1,1,15000.0,0,0,1,1,1,0.4,90000.0,47.4,0
60,2,86171.0,2,8.5,3.0,2,5,14,1,2.0,0,1,19,21542.75,0,0,1,1,0,8.600000000000001,258513.0,17.0,0
60,1,138900.0,1,58.8,2.0,2,4,1,1,3.0,1,1,5,46300.0,1,1,1,1,1,2.8,555600.0,117.6,1
44,0,85205.0,2,41.1,2.0,1,11,6,1,1.0,0,1,17,28401.666666666668,1,0,1,1,0,9.0,170410.0,82.2,0
25,1,127211.0,2,65.2,1.0,1,8,13,0,4.0,1,1,21,63605.5,1,1,1,0,1,10.0,636055.0,130.4,1
49,1,84708.0,0,7.3,2.0,2,2,1,1,3.0,1,1,3,28236.0,0,1,1,1,1,1.6,338832.0,14.6,1
67,1,134585.0,2,16.6,3.0,1,7,19,0,5.0,1,1,26,33646.25,0,1,1,0,1,11.8,807510.0,33.2,1
68,0,80934.0,2,74.5,1.0,1,7,5,0,4.0,0,1,12,40467.0,1,1,1,0,0,6.2,404670.0,149.0,0
48,1,69158.0,1,54.8,1.0,0,6,4,1,1.0,1,1,10,34579.0,1,0,1,1,1,5.199999999999999,138316.0,109.6,0
39,0,121053.0,2,50.0,3.0,0,10,5,1,4.0,1,1,15,30263.25,1,1,1,1,1,8.0,605265.0,100.0,1
52,0,84123.0,1,15.7,1.0,1,7,9,1,5.0,1,1,16,42061.5,0,1,1,1,1,7.800000000000001,504738.0,31.4,1
69,0,113977.0,2,50.3,1.0,0,5,14,0,5.0,1,1,19,56988.5,1,1,1,0,1,8.600000000000001,683862.0,100.6,1
52,0,50515.0,2,72.5,2.0,1,13,10,0,1.0,0,1,23,16838.333333333332,1,0,1,0,0,11.8,101030.0,145.0,0
46,0,93963.0,0,5.0,3.5,2,0,0,1,2.0,1,1,0,20880.666666666668,0,0,1,1,1,0.0,281889.0,10.0,0
68,0,48720.0,1,5.0,2.0,3,2,1,1,1.0,1,1,3,16240.0,0,0,1,1,1,1.6,97440.0,10.0,0
67,0,55149.0,2,56.3,3.0,1,2,5,1,2.0,1,1,7,13787.25,1,0,1,1,1,3.2,165447.0,112.6,0
28,0,48833.0,2,38.7,3.0,2,9,12,0,3.0,1,1,21,12208.25,0,1,1,0,1,10.2,195332.0,77.4,0
35,0,113371.0,2,41.5,1.0,2,9,19,0,5.0,1,1,28,56685.5,1,1,1,0,1,13.0,680226.0,83.0,1
53,0,103474.0,1,48.2,2.0,0,5,4,1,2.0,1,1,9,34491.333333333336,1,0,1,1,1,4.6,310422.0,96.4,0
46,0,123549.0,1,43.1,2.0,2,2,9,1,5.0,1,1,11,41183.0,1,1,1,1,1,4.8,741294.0,86.2,1
37,1,70445.0,0,43.5,3.0,3,0,1,1,2.0,0,1,1,17611.25,1,0,1,1,0,0.4,211335.0,87.0,0
41,0,41676.0,2,21.3,3.0,0,6,18,1,2.0,0,1,24,10419.0,0,0,1,1,0,10.8,125028.0,42.6,0
37,1,73462.0,1,48.1,1.0,3,0,2,1,4.0,0,1,2,36731.0,1,1,1,1,0,0.8,367310.0,96.2,0
47,1,76942.0,1,32.3,3.0,1,7,4,1,3.0,1,1,11,19235.5,0,1,1,1,1,5.800000000000001,307768.0,64.6,0
45,0,63201.0,0,5.0,2.0,1,2,1,1,4.0,0,1,3,21067.0,0,1,1,1,0,1.6,316005.0,10.0,0
69,1,96381.0,2,86.7,2.0,2,8,17,1,2.0,0,1,25,32127.0,1,0,1,1,0,11.600000000000001,289143.0,173.4,0
55,1,133616.0,2,30.2,2.0,2,11,15,0,5.0,1,1,26,44538.666666666664,0,1,1,0,1,12.6,801696.0,60.4,1
60,1,122567.0,2,68.6,2.0,0,7,13,0,5.0,1,1,20,40855.666666666664,1,1,1,0,1,9.4,735402.0,137.2,1
55,1,59069.0,1,34.0,1.0,1,5,4,0,3.0,1,1,9,29534.5,0,1,1,0,1,4.6,236276.0,68.0,0
60,1,66417.0,1,65.1,1.0,2,7,8,1,5.0,0,1,15,33208.5,1,1,1,1,0,7.4,398502.0,130.2,0
57,1,163833.0,2,5.7,1.0,2,13,10,1,3.0,1,1,23,81916.5,0,1,1,1,1,11.8,655332.0,11.4,1
61,1,78134.0,0,33.6,3.0,1,0,2,1,2.0,1,1,2,19533.5,0,0,1,1,1,0.8,234402.0,67.2,0
42,1,87718.0,1,45.7,1.0,2,4,3,0,4.0,1,1,7,43859.0,1,1,1,0,1,3.6,438590.0,91.4,1
33,0,88889.0,0,57.5,1.0,2,2,3,1,1.0,0,1,5,44444.5,1,0,1,1,0,2.4000000000000004,177778.0,115.0,0
53,1,120861.0,2,37.2,1.0,0,5,10,0,2.0,0,1,15,60430.5,0,0,1,0,0,7.0,362583.0,74.4,0
36,1,81093.0,1,21.9,1.0,0,1,6,1,3.0,1,1,7,40546.5,0,1,1,1,1,3.0000000000000004,324372.0,43.8,0
50,1,66947.0,2,23.3,2.0,1,13,19,0,4.0,0,1,32,22315.666666666668,0,1,1,0,0,15.4,334735.0,46.6,0
59,0,85456.0,2,74.9,2.0,0,8,9,1,5.0,1,1,17,28485.333333333332,1,1,1,1,1,8.4,512736.0,149.8,1
65,1,82917.0,1,22.0,1.0,2,1,6,1,2.0,0,1,7,41458.5,0,0,1,1,0,3.0000000000000004,248751.0,44.0,0
54,1,52707.0,0,29.1,2.0,2,2,2,1,2.0,1,1,4,17569.0,0,0,1,1,1,2.0,158121.0,58.2,0
68,1,146974.0,1,55.3,1.0,1,1,6,0,5.0,0,1,7,73487.0,1,1,1,0,0,3.0000000000000004,881844.0,110.6,0
54,1,47350.0,2,43.1,1.0,2,7,11,0,3.0,1,1,18,23675.0,1,1,1,0,1,8.600000000000001,189400.0,86.2,0
36,1,91619.0,2,55.5,2.0,1,4,11,1,5.0,1,1,15,30539.666666666668,1,1,1,1,1,6.800000000000001,549714.0,111.0,1
62,0,146468.0,0,47.5,2.0,2,2,1,1,1.0,0,1,3,48822.666666666664,1,0,1,1,0,1.6,292936.0,95.0,0
59,0,53635.0,2,10.7,2.0,2,4,3,0,4.0,1,1,7,17878.333333333332,0,1,1,0,1,3.6,268175.0,21.4,0
25,1,85132.0,2,54.2,3.0,2,12,4,1,3.0,1,1,16,21283.0,1,1,1,1,1,8.799999999999999,340528.0,108.4,1
37,0,126394.0,1,27.1,1.0,2,7,3,1,1.0,0,1,10,63197.0,0,0,1,1,0,5.4,252788.0,54.2,0
28,1,96688.0,2,11.0,1.0,1,3,19,1,4.0,0,1,22,48344.0,0,1,1,1,0,9.4,483440.0,22.0,0
57,0,30000.0,1,5.0,2.0,0,7,7,0,2.0,0,1,14,10000.0,0,0,1,0,0,7.0,90000.0,10.0,0
48,0,107839.0,1,46.7,2.0,0,4,7,1,3.0,1,1,11,35946.333333333336,1,1,1,1,1,5.2,431356.0,93.4,0
30,1,163069.0,2,45.9,1.0,2,13,12,0,5.0,0,1,25,81534.5,1,1,1,0,0,12.600000000000001,978414.0,91.8,0
42,1,90202.0,0,38.3,3.0,0,1,1,1,3.0,1,1,2,22550.5,0,1,1,1,1,1.0,360808.0,76.6,1
65,1,120332.0,2,49.1,3.0,1,9,8,0,2.0,1,1,17,30083.0,1,0,1,0,1,8.6,360996.0,98.2,0
65,1,30000.0,2,11.7,2.0,2,9,4,0,2.0,1,1,13,10000.0,0,0,1,0,1,7.0,90000.0,23.4,0
43,1,132982.0,2,26.8,2.0,0,6,17,0,4.0,0,1,23,44327.333333333336,0,1,1,0,0,10.4,664910.0,53.6,0
69,0,30000.0,1,13.1,1.0,2,5,6,1,3.0,1,1,11,15000.0,0,1,1,1,1,5.4,120000.0,26.2,0
29,1,71226.0,0,32.3,2.0,0,1,0,1,5.0,1,1,1,23742.0,0,1,1,1,1,0.6,427356.0,64.6,0
50,0,58355.0,2,74.7,1.0,1,11,7,0,3.0,0,1,18,29177.5,1,1,1,0,0,9.4,233420.0,149.4,0
41,1,72454.0,1,22.9,3.5,2,3,4,1,5.0,1,1,7,16100.888888888889,0,1,1,1,1,3.4,434724.0,45.8,1
44,1,62655.0,1,35.7,1.0,2,3,8,1,2.0,0,1,11,31327.5,0,0,1,1,0,5.0,187965.0,71.4,0
41,0,90359.0,2,36.4,3.0,1,4,14,0,3.0,0,1,18,22589.75,0,1,1,0,0,8.0,361436.0,72.8,0
41,0,99897.0,2,41.2,2.0,0,2,9,0,3.0,0,1,11,33299.0,1,1,1,0,0,4.8,399588.0,82.4,0
59,1,134931.0,1,39.6,2.0,3,7,4,1,2.0,0,1,11,44977.0,0,0,1,1,0,5.800000000000001,404793.0,79.2,0
54,0,99766.0,2,54.6,2.0,1,12,8,0,2.0,0,1,20,33255.333333333336,1,0,1,0,0,10.399999999999999,299298.0,109.2,0
47,1,61661.0,2,74.3,3.5,1,9,4,0,2.0,1,1,13,13702.444444444445,1,0,1,0,1,7.0,184983.0,148.6,0
68,0,103929.0,0,43.0,1.0,1,2,2,1,2.0,1,1,4,51964.5,1,0,1,1,1,2.0,311787.0,86.0,1
64,0,75799.0,0,73.8,3.5,1,0,0,1,2.0,0,1,0,16844.222222222223,1,0,1,1,0,0.0,227397.0,147.6,0
56,1,30741.0,0,17.6,2.0,0,0,0,1,3.0,1,1,0,10247.0,0,1,1,1,1,0.0,122964.0,35.2,0
45,1,88946.0,1,5.0,1.0,2,4,7,1,2.0,1,1,11,44473.0,0,0,1,1,1,5.2,266838.0,10.0,0
53,2,143307.0,0,39.0,2.0,2,0,0,1,4.0,1,1,0,47769.0,0,1,1,1,1,0.0,716535.0,78.0,0
33,0,105810.0,1,54.0,2.0,0,4,8,1,1.0,1,1,12,35270.0,1,0,1,1,1,5.6,211620.0,108.0,0
37,0,98869.0,2,53.3,2.0,1,4,17,1,4.0,0,1,21,32956.333333333336,1,1,1,1,0,9.200000000000001,494345.0,106.6,0
45,0,42328.0,1,39.2,1.0,2,4,4,1,2.0,0,1,8,21164.0,0,0,1,1,0,4.0,126984.0,78.4,0
41,1,97548.0,2,52.8,1.0,2,13,11,0,2.0,0,1,24,48774.0,1,0,1,0,0,12.2,292644.0,105.6,0
66,1,48810.0,2,22.0,1.0,2,3,13,0,1.0,1,1,16,24405.0,0,0,1,0,1,7.0,97620.0,44.0,0
38,0,64713.0,1,68.4,1.0,0,6,6,1,3.0,0,1,12,32356.5,1,1,1,1,0,6.0,258852.0,136.8,0
57,1,78077.0,2,30.0,1.0,1,5,4,1,3.0,0,1,9,39038.5,0,1,1,1,0,4.6,312308.0,60.0,0
48,0,89292.0,0,62.0,2.0,1,1,1,1,5.0,0,1,2,29764.0,1,1,1,1,0,1.0,535752.0,124.0,0
38,0,73947.0,2,80.0,2.0,0,3,8,1,3.0,1,1,11,24649.0,1,1,1,1,1,5.0,295788.0,160.0,0
52,1,97949.0,2,59.2,1.0,1,5,18,1,2.0,0,1,23,48974.5,1,0,1,1,0,10.2,293847.0,118.4,0
44,0,174521.0,1,21.0,2.0,1,4,9,1,1.0,1,1,13,58173.666666666664,0,0,1,1,1,6.0,349042.0,42.0,0
45,0,67259.0,1,58.7,1.0,1,6,6,0,2.0,1,1,12,33629.5,1,0,1,0,1,6.0,201777.0,117.4,0
46,1,32265.0,2,66.4,1.0,3,6,4,0,4.0,0,1,10,16132.5,1,1,1,0,0,5.199999999999999,161325.0,132.8,0
57,1,63144.0,0,25.8,2.0,2,2,0,1,3.0,0,1,2,21048.0,0,1,1,1,0,1.2,252576.0,51.6,0
49,0,30000.0,0,21.5,3.0,1,1,0,0,1.0,1,1,1,7500.0,0,0,1,0,1,0.6,60000.0,43.0,0
26,0,114836.0,2,33.7,2.0,2,12,8,0,4.0,1,1,20,38278.666666666664,0,1,1,0,1,10.399999999999999,574180.0,67.4,0
60,0,74244.0,2,72.4,3.0,0,7,5,1,1.0,0,1,12,18561.0,1,0,1,1,0,6.2,148488.0,144.8,0
30,0,98913.0,2,14.8,2.0,1,5,4,0,1.0,1,1,9,32971.0,0,0,1,0,1,4.6,197826.0,29.6,0
35,1,84258.0,1,34.1,2.0,2,1,1,1,4.0,0,1,2,28086.0,0,1,1,1,0,1.0,421290.0,68.2,0
51,1,88148.0,0,48.3,2.0,2,2,2,1,2.0,1,1,4,29382.666666666668,1,0,1,1,1,2.0,264444.0,96.6,0
67,1,62098.0,0,6.5,2.0,2,0,0,1,4.0,0,1,0,20699.333333333332,0,1,1,1,0,0.0,310490.0,13.0,0
67,0,67797.0,0,61.2,3.0,2,0,1,1,2.0,1,1,1,16949.25,1,0,1,1,1,0.4,203391.0,122.4,0
37,1,54289.0,1,55.9,1.0,2,0,2,1,4.0,0,1,2,27144.5,1,1,1,1,0,0.8,271445.0,111.8,0
45,1,78296.0,2,106.35000000000001,1.0,2,13,16,0,3.0,1,1,29,39148.0,1,1,1,0,1,14.2,313184.0,212.70000000000002,0
32,1,30000.0,2,52.0,2.0,2,12,10,1,3.0,1,1,22,10000.0,1,1,1,1,1,11.2,120000.0,104.0,0
54,1,96521.0,1,43.0,1.0,1,6,1,1,4.0,1,1,7,48260.5,1,1,1,1,1,3.9999999999999996,482605.0,86.0,1
53,0,85629.0,2,31.6,1.0,3,6,6,0,3.0,0,1,12,42814.5,0,1,1,0,0,6.0,342516.0,63.2,0
29,2,106592.0,1,57.4,2.0,2,1,8,1,1.0,1,1,9,35530.666666666664,1,0,1,1,1,3.8000000000000003,213184.0,114.8,0
48,1,122980.0,0,46.4,2.0,1,0,2,1,5.0,1,1,2,40993.333333333336,1,1,1,1,1,0.8,737880.0,92.8,1
66,1,95468.0,1,12.7,1.0,1,1,8,1,4.0,0,1,9,47734.0,0,1,1,1,0,3.8000000000000003,477340.0,25.4,0
29,1,86712.0,1,36.8,1.0,1,5,9,1,5.0,0,1,14,43356.0,0,1,1,1,0,6.6,520272.0,73.6,0
66,1,153234.0,2,64.6,2.0,1,3,15,0,4.0,0,1,18,51078.0,1,1,1,0,0,7.8,766170.0,129.2,0
47,0,86205.0,2,68.7,1.0,0,14,17,1,4.0,0,1,31,43102.5,1,1,1,1,0,15.200000000000001,431025.0,137.4,0
41,1,81631.0,1,63.7,3.0,3,1,7,0,4.0,1,1,8,20407.75,1,1,1,0,1,3.4000000000000004,408155.0,127.4,0
36,0,135096.0,1,21.2,3.0,2,2,2,1,3.0,1,1,4,33774.0,0,1,1,1,1,2.0,540384.0,42.4,1
38,1,77072.0,2,28.8,1.0,0,12,11,1,2.0,0,1,23,38536.0,0,0,1,1,0,11.6,231216.0,57.6,0
26,0,105612.0,1,16.6,2.0,1,3,7,1,1.0,0,1,10,35204.0,0,0,1,1,0,4.6,211224.0,33.2,0
48,0,81155.0,2,47.4,2.0,2,7,11,0,4.0,0,1,18,27051.666666666668,1,1,1,0,0,8.600000000000001,405775.0,94.8,0
48,0,73760.0,2,25.0,2.0,1,14,14,0,1.0,1,1,28,24586.666666666668,0,0,1,0,1,14.0,147520.0,50.0,0
27,0,73399.0,2,52.6,1.0,0,12,12,1,4.0,1,1,24,36699.5,1,1,1,1,1,12.0,366995.0,105.2,0
52,1,139841.0,2,25.2,1.0,1,13,6,1,2.0,0,1,19,69920.5,0,0,1,1,0,10.2,419523.0,50.4,0
30,1,153602.0,0,5.0,1.0,1,1,1,1,1.0,1,1,2,76801.0,0,0,1,1,1,1.0,307204.0,10.0,0
48,1,39315.0,2,34.3,2.0,1,12,8,0,4.0,1,1,20,13105.0,0,1,1,0,1,10.399999999999999,196575.0,68.6,0
50,0,34754.0,2,68.1,3.0,2,5,10,0,5.0,0,1,15,8688.5,1,1,1,0,0,7.0,208524.0,136.2,0
63,1,140630.0,0,87.3,2.0,0,2,1,1,2.0,0,1,3,46876.666666666664,1,0,1,1,0,1.6,421890.0,174.6,0
47,0,48131.0,0,25.9,3.5,2,2,3,1,3.0,0,1,5,10695.777777777777,0,1,1,1,0,2.4000000000000004,192524.0,51.8,0
69,1,125870.0,2,60.5,1.0,2,3,3,0,3.0,1,1,6,62935.0,1,1,1,0,1,3.0,503480.0,121.0,0
38,0,53956.0,2,22.8,1.0,2,8,9,0,2.0,1,1,17,26978.0,0,0,1,0,1,8.4,161868.0,45.6,0
56,0,36400.0,0,78.5,1.0,3,2,3,1,5.0,1,1,5,18200.0,1,1,1,1,1,2.4000000000000004,218400.0,157.0,0
38,1,84554.0,2,29.2,3.0,1,12,13,1,2.0,0,1,25,21138.5,0,0,1,1,0,12.399999999999999,253662.0,58.4,0
68,1,96180.0,0,5.0,2.0,2,2,3,1,1.0,0,1,5,32060.0,0,0,1,1,0,2.4000000000000004,192360.0,10.0,0
50,1,94279.0,1,5.0,2.0,1,6,9,1,5.0,1,1,15,31426.333333333332,0,1,1,1,1,7.199999999999999,565674.0,10.0,0
62,0,84708.0,2,40.9,2.0,0,9,15,0,3.0,1,1,24,28236.0,1,1,1,0,1,11.399999999999999,338832.0,81.8,1
47,0,114111.0,2,35.1,3.0,2,11,3,1,3.0,1,1,14,28527.75,0,1,1,1,1,7.8,456444.0,70.2,0
47,1,92162.0,0,29.8,3.0,3,2,0,1,5.0,1,1,2,23040.5,0,1,1,1,1,1.2,552972.0,59.6,1
57,0,70308.0,2,56.7,2.0,2,2,19,0,1.0,1,1,21,23436.0,1,0,1,0,1,8.8,140616.0,113.4,0
30,0,109370.0,1,38.0,3.0,3,4,3,0,3.0,0,1,7,27342.5,0,1,1,0,0,3.6,437480.0,76.0,0
49,1,86877.0,0,30.1,3.5,2,0,1,1,3.0,0,1,1,19306.0,0,1,1,1,0,0.4,347508.0,60.2,0
52,0,89623.0,2,78.0,3.0,0,7,17,0,1.0,1,1,24,22405.75,1,0,1,0,1,11.0,179246.0,156.0,0
28,0,51018.0,0,5.0,2.0,2,2,3,1,3.0,1,1,5,17006.0,0,1,1,1,1,2.4000000000000004,204072.0,10.0,0
34,1,40648.0,2,53.8,2.0,1,6,11,0,3.0,1,1,17,13549.333333333334,1,1,1,0,1,8.0,162592.0,107.6,0
29,1,118947.0,2,66.2,2.0,1,13,8,0,4.0,1,1,21,39649.0,1,1,1,0,1,11.0,594735.0,132.4,1
45,1,30000.0,2,5.3,1.0,1,11,9,0,1.0,0,1,20,15000.0,0,0,1,0,0,10.2,60000.0,10.6,0
55,1,107239.0,0,55.8,2.0,1,1,3,1,5.0,1,1,4,35746.333333333336,1,1,1,1,1,1.8000000000000003,643434.0,111.6,1
34,1,94863.0,2,51.6,2.0,2,9,6,0,5.0,1,1,15,31621.0,1,1,1,0,1,7.8,569178.0,103.2,0
36,1,60598.0,2,33.3,2.0,2,2,8,0,2.0,1,1,10,20199.333333333332,0,0,1,0,1,4.4,181794.0,66.6,0
46,0,71727.0,1,33.3,2.0,1,1,3,0,4.0,1,1,4,23909.0,0,1,1,0,1,1.8000000000000003,358635.0,66.6,0
55,0,30000.0,2,37.0,3.0,2,4,14,1,5.0,1,1,18,7500.0,0,1,1,1,1,8.0,180000.0,74.0,0
30,1,92260.0,1,64.0,2.0,2,3,3,1,3.0,1,1,6,30753.333333333332,1,1,1,1,1,3.0,369040.0,128.0,1
25,0,69005.0,2,5.0,1.0,0,4,9,1,4.0,0,1,13,34502.5,0,1,1,1,0,6.0,345025.0,10.0,0
42,0,146081.0,1,26.0,1.0,2,7,9,0,1.0,0,1,16,73040.5,0,0,1,0,0,7.800000000000001,292162.0,52.0,0
56,1,65903.0,2,5.0,1.0,2,11,9,0,1.0,1,1,20,32951.5,0,0,1,0,1,10.2,131806.0,10.0,0
50,1,37755.0,0,21.8,2.0,2,0,2,1,4.0,0,1,2,12585.0,0,1,1,1,0,0.8,188775.0,43.6,0
31,1,44440.0,2,53.1,1.0,2,9,6,0,5.0,0,1,15,22220.0,1,1,1,0,0,7.8,266640.0,106.2,0
53,1,31327.0,1,32.9,2.0,1,3,7,1,3.0,1,1,10,10442.333333333334,0,1,1,1,1,4.6,125308.0,65.8,0
30,1,55717.0,2,34.7,2.0,1,9,3,1,5.0,1,1,12,18572.333333333332,0,1,1,1,1,6.6,334302.0,69.4,0
56,0,89726.0,2,53.2,2.0,2,13,10,1,4.0,1,1,23,29908.666666666668,1,1,1,1,1,11.8,448630.0,106.4,1
25,1,44625.0,2,30.5,1.0,1,8,17,1,2.0,1,1,25,22312.5,0,0,1,1,1,11.600000000000001,133875.0,61.0,0
65,0,44598.0,2,5.0,3.5,2,14,14,0,2.0,1,1,28,9910.666666666666,0,0,1,0,1,14.0,133794.0,10.0,0
58,1,90833.0,1,8.2,2.0,1,1,9,1,4.0,0,1,10,30277.666666666668,0,1,1,1,0,4.2,454165.0,16.4,0
42,0,83819.0,2,72.7,1.0,1,12,6,0,4.0,0,1,18,41909.5,1,1,1,0,0,9.6,419095.0,145.4,0
40,1,79249.0,1,39.4,1.0,1,2,8,0,1.0,1,1,10,39624.5,0,0,1,0,1,4.4,158498.0,78.8,0
29,1,94131.0,0,13.6,1.0,2,2,2,1,4.0,0,1,4,47065.5,0,1,1,1,0,2.0,470655.0,27.2,0
38,2,67636.0,0,100.4,1.0,1,2,0,1,3.0,0,1,2,33818.0,1,1,1,1,0,1.2,270544.0,200.8,0
45,0,72483.0,1,36.6,3.0,2,2,1,1,4.0,0,1,3,18120.75,0,1,1,1,0,1.6,362415.0,73.2,0
35,0,30000.0,1,46.4,1.0,1,1,9,1,1.0,1,1,10,15000.0,1,0,1,1,1,4.2,60000.0,92.8,0
45,0,85945.0,2,17.2,1.0,2,9,13,0,1.0,1,1,22,42972.5,0,0,1,0,1,10.6,171890.0,34.4,0
41,1,101795.0,0,23.1,3.0,2,2,1,0,3.0,0,1,3,25448.75,0,1,1,0,0,1.6,407180.0,46.2,0
68,1,147872.0,1,40.2,3.0,2,2,2,1,2.0,0,1,4,36968.0,1,0,1,1,0,2.0,443616.0,80.4,0
57,1,30000.0,2,39.3,2.0,3,6,15,1,1.0,1,1,21,10000.0,0,0,1,1,1,9.6,60000.0,78.6,0
47,0,152932.0,0,53.5,1.0,2,1,3,1,5.0,1,1,4,76466.0,1,1,1,1,1,1.8000000000000003,917592.0,107.0,1
66,1,42355.0,2,65.0,1.0,1,6,4,0,5.0,1,1,10,21177.5,1,1,1,0,1,5.199999999999999,254130.0,130.0,0
50,0,39805.0,2,58.2,2.0,1,6,5,1,4.0,1,1,11,13268.333333333334,1,1,1,1,1,5.6,199025.0,116.4,0
67,1,107819.0,1,37.1,3.0,2,7,7,1,1.0,1,1,14,26954.75,0,0,1,1,1,7.0,215638.0,74.2,0
49,0,97954.0,1,28.8,1.0,3,6,8,1,3.0,1,1,14,48977.0,0,1,1,1,1,6.8,391816.0,57.6,1
58,1,30000.0,2,26.8,3.0,2,11,12,0,3.0,1,1,23,7500.0,0,1,1,0,1,11.4,120000.0,53.6,0
61,0,122823.0,2,40.2,1.0,1,11,19,1,4.0,1,1,30,61411.5,1,1,1,1,1,14.2,614115.0,80.4,1
43,0,95238.0,2,16.8,2.0,1,13,15,0,2.0,0,1,28,31746.0,0,0,1,0,0,13.8,285714.0,33.6,0
49,0,30000.0,2,47.4,1.0,2,3,7,1,4.0,1,1,10,15000.0,1,1,1,1,1,4.6,150000.0,94.8,0
31,1,105710.0,1,5.0,3.0,1,0,6,1,3.0,0,1,6,26427.5,0,1,1,1,0,2.4000000000000004,422840.0,10.0,0
43,1,43585.0,1,40.4,1.0,1,5,5,1,4.0,0,1,10,21792.5,1,1,1,1,0,5.0,217925.0,80.8,0
65,0,132993.0,1,70.2,3.0,2,4,7,1,2.0,0,1,11,33248.25,1,0,1,1,0,5.2,398979.0,140.4,0
29,1,133977.0,2,42.8,3.0,2,14,11,1,4.0,0,1,25,33494.25,1,1,1,1,0,12.8,669885.0,85.6,0
54,1,95715.0,1,74.2,3.0,1,2,8,1,3.0,1,1,10,23928.75,1,1,1,1,1,4.4,382860.0,148.4,1
68,1,52211.0,2,29.3,1.0,1,9,7,1,3.0,0,1,16,26105.5,0,1,1,1,0,8.2,208844.0,58.6,0
63,0,62849.0,2,5.0,3.5,1,12,5,0,5.0,1,1,17,13966.444444444445,0,1,1,0,1,9.2,377094.0,10.0,0
58,0,55015.0,2,40.2,1.0,2,10,3,1,2.0,1,1,13,27507.5,1,0,1,1,1,7.2,165045.0,80.4,0
29,1,85708.0,2,34.8,2.0,0,11,10,1,5.0,0,1,21,28569.333333333332,0,1,1,1,0,10.6,514248.0,69.6,0
59,1,112512.0,2,74.0,2.0,2,5,5,0,5.0,1,1,10,37504.0,1,1,1,0,1,5.0,675072.0,148.0,0
54,1,84708.0,0,50.9,1.0,0,2,1,1,3.0,1,1,3,42354.0,1,1,1,1,1,1.6,338832.0,101.8,1
55,0,51790.0,2,25.4,2.0,2,13,19,0,1.0,1,1,32,17263.333333333332,0,0,1,0,1,15.4,103580.0,50.8,0
38,1,54847.0,2,50.1,2.0,2,3,7,0,2.0,1,1,10,18282.333333333332,1,0,1,0,1,4.6,164541.0,100.2,0
49,0,64584.0,2,13.5,1.0,1,4,15,1,5.0,1,1,19,32292.0,0,1,1,1,1,8.4,387504.0,27.0,1
39,0,56136.0,0,66.0,2.0,2,1,1,1,1.0,1,1,2,18712.0,1,0,1,1,1,1.0,112272.0,132.0,0
68,1,94014.0,1,19.8,3.5,2,0,5,1,3.0,1,1,5,20892.0,0,1,1,1,1,2.0,376056.0,39.6,0
42,1,85349.0,1,56.6,2.0,0,6,2,1,5.0,1,1,8,28449.666666666668,1,1,1,1,1,4.3999999999999995,512094.0,113.2,1
32,0,51901.0,1,67.3,1.0,1,2,4,1,3.0,1,1,6,25950.5,1,1,1,1,1,2.8,207604.0,134.6,0
38,1,67919.0,0,76.1,2.0,0,1,0,1,4.0,0,1,1,22639.666666666668,1,1,1,1,0,0.6,339595.0,152.2,0
49,1,144722.0,1,55.6,2.0,0,5,6,1,3.0,1,1,11,48240.666666666664,1,1,1,1,1,5.4,578888.0,111.2,1
37,0,51511.0,2,54.2,1.0,1,14,3,0,3.0,1,1,17,25755.5,1,1,1,0,1,9.600000000000001,206044.0,108.4,0
60,1,111786.0,2,20.9,2.0,2,7,17,0,5.0,0,1,24,37262.0,0,1,1,0,0,11.0,670716.0,41.8,0
33,1,77802.0,2,5.0,2.0,0,2,13,1,3.0,0,1,15,25934.0,0,1,1,1,0,6.4,311208.0,10.0,0
25,1,44019.0,1,47.1,3.5,1,5,6,0,2.0,1,1,11,9782.0,1,0,1,0,1,5.4,132057.0,94.2,0
57,0,75153.0,2,58.0,1.0,2,14,10,0,4.0,1,1,24,37576.5,1,1,1,0,1,12.4,375765.0,116.0,0
28,0,89514.0,2,29.7,2.0,1,2,19,0,1.0,0,1,21,29838.0,0,0,1,0,0,8.8,179028.0,59.4,0
28,0,33812.0,1,15.8,2.0,3,4,3,1,5.0,1,1,7,11270.666666666666,0,1,1,1,1,3.6,202872.0,31.6,1
56,1,72066.0,1,6.2,2.0,2,6,6,1,3.0,0,1,12,24022.0,0,1,1,1,0,6.0,288264.0,12.4,0
31,0,30000.0,1,17.4,3.5,0,2,4,1,4.0,1,1,6,6666.666666666667,0,1,1,1,1,2.8,150000.0,34.8,1
59,1,90385.0,2,9.7,2.0,0,4,18,0,3.0,0,1,22,30128.333333333332,0,1,1,0,0,9.6,361540.0,19.4,0
26,1,56962.0,1,41.8,1.0,1,6,9,1,3.0,1,1,15,28481.0,1,1,1,1,1,7.199999999999999,227848.0,83.6,1
33,0,84708.0,1,13.8,2.0,1,4,9,1,3.0,1,1,13,28236.0,0,1,1,1,1,6.0,338832.0,27.6,1
37,0,44178.0,2,82.4,2.0,1,14,5,1,4.0,0,1,19,14726.0,1,1,1,1,0,10.4,220890.0,164.8,0
49,1,100584.0,0,20.8,3.0,0,0,1,1,5.0,1,1,1,25146.0,0,1,1,1,1,0.4,603504.0,41.6,1
62,0,67864.0,0,36.9,2.0,0,2,3,1,5.0,0,1,5,22621.333333333332,0,1,1,1,0,2.4000000000000004,407184.0,73.8,0
59,0,112530.0,2,40.2,1.0,2,4,17,1,1.0,0,1,21,56265.0,1,0,1,1,0,9.200000000000001,225060.0,80.4,0
30,1,30000.0,2,27.2,1.0,0,10,15,0,5.0,0,1,25,15000.0,0,1,1,0,0,12.0,180000.0,54.4,0
43,0,102304.0,1,57.6,2.0,2,6,7,1,2.0,1,1,13,34101.333333333336,1,0,1,1,1,6.4,306912.0,115.2,0
38,0,36620.0,0,55.7,2.0,1,1,1,1,2.0,0,1,2,12206.666666666666,1,0,1,1,0,1.0,109860.0,111.4,0
28,1,82187.0,1,42.6,1.0,1,7,4,1,1.0,0,1,11,41093.5,1,0,1,1,0,5.800000000000001,164374.0,85.2,0
41,0,97934.0,2,67.6,1.0,2,7,9,0,2.0,0,1,16,48967.0,1,0,1,0,0,7.800000000000001,293802.0,135.2,0
28,1,129249.0,2,71.6,1.0,0,4,3,1,1.0,0,1,7,64624.5,1,0,1,1,0,3.6,258498.0,143.2,0
48,1,73624.0,1,74.9,3.0,2,2,4,1,4.0,1,1,6,18406.0,1,1,1,1,1,2.8,368120.0,149.8,0
47,0,131877.0,0,37.9,1.0,2,0,1,1,5.0,0,1,1,65938.5,0,1,1,1,0,0.4,791262.0,75.8,0
63,1,54307.0,2,23.8,3.0,1,14,19,0,4.0,0,1,33,13576.75,0,1,1,0,0,16.0,271535.0,47.6,0
33,1,123514.0,2,45.0,2.0,2,11,9,1,5.0,0,1,20,41171.333333333336,1,1,1,1,0,10.2,741084.0,90.0,0
56,1,121005.0,1,5.0,1.0,1,3,4,1,1.0,0,1,7,60502.5,0,0,1,1,0,3.4,242010.0,10.0,0
41,1,99123.0,0,69.3,2.0,1,1,0,1,3.0,1,1,1,33041.0,1,1,1,1,1,0.6,396492.0,138.6,0
67,1,64714.0,1,26.7,1.0,1,3,1,1,3.0,1,1,4,32357.0,0,1,1,1,1,2.1999999999999997,258856.0,53.4,0
27,1,66949.0,1,30.6,1.0,1,2,5,1,3.0,0,1,7,33474.5,0,1,1,1,0,3.2,267796.0,61.2,0
48,0,72971.0,2,5.0,2.0,1,14,9,0,2.0,1,1,23,24323.666666666668,0,0,1,0,1,12.0,218913.0,10.0,0
65,1,71650.0,0,5.0,3.5,2,0,3,1,5.0,1,1,3,15922.222222222223,0,1,1,1,1,1.2000000000000002,429900.0,10.0,1
30,0,86069.0,1,8.6,1.0,1,0,7,1,5.0,1,1,7,43034.5,0,1,1,1,1,2.8000000000000003,516414.0,17.2,1
52,0,58345.0,1,53.0,3.5,2,2,7,1,3.0,0,1,9,12965.555555555555,1,1,1,1,0,4.0,233380.0,106.0,0
52,0,57487.0,2,43.6,3.0,1,5,11,1,5.0,1,1,16,14371.75,1,1,1,1,1,7.4,344922.0,87.2,0
66,0,52214.0,2,5.0,1.0,2,4,4,0,3.0,1,1,8,26107.0,0,1,1,0,1,4.0,208856.0,10.0,0
52,0,70325.0,0,5.0,3.5,1,2,3,1,1.0,1,1,5,15627.777777777777,0,0,1,1,1,2.4000000000000004,140650.0,10.0,0
40,1,107052.0,2,63.8,3.0,1,11,9,1,1.0,1,1,20,26763.0,1,0,1,1,1,10.2,214104.0,127.6,0
32,1,109945.0,2,40.8,2.0,1,3,18,0,5.0,0,1,21,36648.333333333336,1,1,1,0,0,9.0,659670.0,81.6,0
58,0,38310.0,1,69.2,1.0,2,5,1,1,1.0,0,1,6,19155.0,1,0,1,1,0,3.4,76620.0,138.4,0
27,0,94645.0,1,79.9,3.0,1,3,4,1,5.0,1,1,7,23661.25,1,1,1,1,1,3.4,567870.0,159.8,1
58,0,94326.0,1,14.9,1.0,1,7,6,1,4.0,1,1,13,47163.0,0,1,1,1,1,6.6000000000000005,471630.0,29.8,1
28,1,45035.0,2,49.2,1.0,2,12,12,0,2.0,0,1,24,22517.5,1,0,1,0,0,12.0,135105.0,98.4,0
28,0,95649.0,1,33.0,2.0,1,4,7,1,3.0,1,1,11,31883.0,0,1,1,1,1,5.2,382596.0,66.0,0
31,0,80606.0,2,58.4,1.0,1,11,5,0,3.0,0,1,16,40303.0,1,1,1,0,0,8.6,322424.0,116.8,0
29,0,67304.0,2,27.3,2.0,1,8,18,0,1.0,1,1,26,22434.666666666668,0,0,1,0,1,12.0,134608.0,54.6,0
27,1,74099.0,2,35.7,1.0,2,2,15,1,4.0,0,1,17,37049.5,0,1,1,1,0,7.2,370495.0,71.4,0
30,1,122593.0,2,45.9,1.0,3,7,19,0,5.0,0,1,26,61296.5,1,1,1,0,0,11.8,735558.0,91.8,0
37,0,77979.0,1,59.7,2.0,1,0,8,1,3.0,1,1,8,25993.0,1,1,1,1,1,3.2,311916.0,119.4,0
64,0,50430.0,1,37.4,1.0,3,4,6,1,2.0,1,1,10,25215.0,0,0,1,1,1,4.800000000000001,151290.0,74.8,0
67,0,88576.0,2,81.1,3.5,1,2,19,0,1.0,0,1,21,19683.555555555555,1,0,1,0,0,8.8,177152.0,162.2,0
33,1,49669.0,2,5.0,1.0,2,6,19,1,4.0,0,1,25,24834.5,0,1,1,1,0,11.2,248345.0,10.0,0
26,1,70456.0,2,86.2,2.0,1,13,12,0,2.0,0,1,25,23485.333333333332,1,0,1,0,0,12.600000000000001,211368.0,172.4,0
45,1,114095.0,2,85.6,1.0,0,13,9,0,5.0,1,1,22,57047.5,1,1,1,0,1,11.4,684570.0,171.2,1
62,1,44987.0,2,23.5,1.0,2,10,3,1,5.0,0,1,13,22493.5,0,1,1,1,0,7.2,269922.0,47.0,0
42,0,163142.0,1,44.4,2.0,1,5,7,1,5.0,1,1,12,54380.666666666664,1,1,1,1,1,5.800000000000001,978852.0,88.8,1
66,1,107532.0,2,84.4,3.0,1,5,4,0,2.0,1,1,9,26883.0,1,0,1,0,1,4.6,322596.0,168.8,0
39,0,62315.0,2,74.9,3.0,3,13,10,0,1.0,1,1,23,15578.75,1,0,1,0,1,11.8,124630.0,149.8,0
47,0,88142.0,2,5.0,1.0,1,2,15,0,1.0,0,1,17,44071.0,0,0,1,0,0,7.2,176284.0,10.0,0
59,0,54944.0,2,48.1,3.0,0,3,4,0,1.0,0,1,7,13736.0,1,0,1,0,0,3.4,109888.0,96.2,0
32,0,58410.0,0,84.0,2.0,1,1,3,1,3.0,1,1,4,19470.0,1,1,1,1,1,1.8000000000000003,233640.0,168.0,1
25,1,30000.0,1,80.2,2.0,1,1,8,1,5.0,1,1,9,10000.0,1,1,1,1,1,3.8000000000000003,180000.0,160.4,1
31,1,78815.0,0,17.7,1.0,1,0,3,1,2.0,0,1,3,39407.5,0,0,1,1,0,1.2000000000000002,236445.0,35.4,0
32,1,36647.0,2,35.5,3.5,2,13,15,0,3.0,0,1,28,8143.777777777777,0,1,1,0,0,13.8,146588.0,71.0,0
37,1,122078.0,2,8.4,2.0,1,14,3,0,2.0,1,1,17,40692.666666666664,0,0,1,0,1,9.600000000000001,366234.0,16.8,0
53,0,81098.0,0,19.2,2.0,2,2,0,1,3.0,0,1,2,27032.666666666668,0,1,1,1,0,1.2,324392.0,38.4,0
27,1,64908.0,2,15.5,1.0,2,9,8,1,1.0,1,1,17,32454.0,0,0,1,1,1,8.6,129816.0,31.0,0
39,0,57528.0,0,57.4,3.0,1,2,1,1,2.0,1,1,3,14382.0,1,0,1,1,1,1.6,172584.0,114.8,0
27,1,82481.0,2,33.7,1.0,0,6,7,1,2.0,0,1,13,41240.5,0,0,1,1,0,6.4,247443.0,67.4,0
49,0,96160.0,1,49.0,1.0,0,5,9,1,3.0,0,1,14,48080.0,1,1,1,1,0,6.6,384640.0,98.0,0
40,0,87998.0,0,26.3,3.0,1,1,2,1,3.0,1,1,3,21999.5,0,1,1,1,1,1.4,351992.0,52.6,1
69,0,38300.0,2,73.0,1.0,1,11,16,1,2.0,1,1,27,19150.0,1,0,1,1,1,13.0,114900.0,146.0,0
52,1,76123.0,1,69.7,2.0,2,6,1,1,2.0,1,1,7,25374.333333333332,1,0,1,1,1,3.9999999999999996,228369.0,139.4,0
49,0,116167.0,2,46.9,2.0,1,13,10,0,4.0,0,1,23,38722.333333333336,1,1,1,0,0,11.8,580835.0,93.8,0
60,0,127620.0,1,36.2,2.0,0,3,9,1,5.0,1,1,12,42540.0,0,1,1,1,1,5.4,765720.0,72.4,1
53,1,56629.0,0,56.1,2.0,1,1,3,1,4.0,1,1,4,18876.333333333332,1,1,1,1,1,1.8000000000000003,283145.0,112.2,0
67,0,96291.0,1,43.6,2.0,1,0,5,1,2.0,1,1,5,32097.0,1,0,1,1,1,2.0,288873.0,87.2,0
65,0,55520.0,2,55.5,2.0,2,3,12,1,2.0,1,1,15,18506.666666666668,1,0,1,1,1,6.6000000000000005,166560.0,111.0,0
47,0,150144.0,2,53.9,2.0,2,4,18,1,5.0,0,1,22,50048.0,1,1,1,1,0,9.6,900864.0,107.8,1
29,1,98984.0,1,21.9,1.0,2,0,4,0,3.0,1,1,4,49492.0,0,1,1,0,1,1.6,395936.0,43.8,0
69,0,89555.0,1,34.0,1.0,1,2,7,1,3.0,1,1,9,44777.5,0,1,1,1,1,4.0,358220.0,68.0,0
63,1,92154.0,1,57.9,1.0,3,2,2,0,1.0,1,1,4,46077.0,1,0,1,0,1,2.0,184308.0,115.8,0
33,0,119876.0,1,19.3,2.0,1,3,9,1,1.0,0,1,12,39958.666666666664,0,0,1,1,0,5.4,239752.0,38.6,0
44,1,65129.0,2,84.0,2.0,1,9,14,0,5.0,1,1,23,21709.666666666668,1,1,1,0,1,11.0,390774.0,168.0,0
27,1,133006.0,1,55.8,2.0,2,0,8,1,5.0,1,1,8,44335.333333333336,1,1,1,1,1,3.2,798036.0,111.6,1
50,0,86057.0,1,34.7,3.5,1,0,9,1,4.0,1,1,9,19123.777777777777,0,1,1,1,1,3.6,430285.0,69.4,0
56,0,86601.0,1,18.6,1.0,2,1,9,1,1.0,1,1,10,43300.5,0,0,1,1,1,4.2,173202.0,37.2,1
62,1,97044.0,1,45.7,3.0,1,4,3,0,2.0,0,1,7,24261.0,1,0,1,0,0,3.6,291132.0,91.4,0
50,1,63987.0,2,39.0,2.0,1,12,11,0,3.0,0,1,23,21329.0,0,1,1,0,0,11.6,255948.0,78.0,0
48,1,144943.0,1,11.4,2.0,1,5,7,1,5.0,1,1,12,48314.333333333336,0,1,1,1,1,5.800000000000001,869658.0,22.8,1
47,1,160266.0,2,53.2,2.0,2,6,10,1,3.0,0,1,16,53422.0,1,1,1,1,0,7.6,641064.0,106.4,0
47,0,71748.0,1,66.8,3.0,1,5,4,1,3.0,0,1,9,17937.0,1,1,1,1,0,4.6,286992.0,133.6,0
41,1,78829.0,2,28.3,2.0,1,5,10,1,5.0,0,1,15,26276.333333333332,0,1,1,1,0,7.0,472974.0,56.6,0
32,2,113050.0,2,5.0,2.0,2,9,18,1,5.0,1,1,27,37683.333333333336,0,1,1,1,1,12.6,678300.0,10.0,1
67,1,74131.0,2,65.4,1.0,2,3,6,1,2.0,1,1,9,37065.5,1,0,1,1,1,4.2,222393.0,130.8,0
32,2,45760.0,0,81.8,1.0,2,2,3,1,4.0,1,1,5,22880.0,1,1,1,1,1,2.4000000000000004,228800.0,163.6,0
65,0,80946.0,2,52.6,2.0,1,3,9,0,1.0,0,1,12,26982.0,1,0,1,0,0,5.4,161892.0,105.2,0
43,1,74989.0,0,31.1,3.0,1,0,1,1,1.0,0,1,1,18747.25,0,0,1,1,0,0.4,149978.0,62.2,0
56,2,131719.0,0,23.6,2.0,0,2,2,1,1.0,1,1,4,43906.333333333336,0,0,1,1,1,2.0,263438.0,47.2,0
31,0,107580.0,2,17.3,1.0,0,3,12,0,4.0,0,1,15,53790.0,0,1,1,0,0,6.6000000000000005,537900.0,34.6,0
53,1,99826.0,1,45.3,1.0,2,6,5,0,1.0,1,1,11,49913.0,1,0,1,0,1,5.6,199652.0,90.6,0
39,0,48634.0,0,38.7,1.0,3,2,3,1,1.0,1,1,5,24317.0,0,0,1,1,1,2.4000000000000004,97268.0,77.4,0
28,0,129727.0,2,36.3,3.0,1,9,3,1,4.0,1,1,12,32431.75,0,1,1,1,1,6.6,648635.0,72.6,1
69,1,174521.0,2,5.0,2.0,3,12,5,0,5.0,0,1,17,58173.666666666664,0,1,1,0,0,9.2,1047126.0,10.0,1
29,0,90815.0,2,41.0,2.0,1,11,3,1,2.0,0,1,14,30271.666666666668,1,0,1,1,0,7.8,272445.0,82.0,0
62,1,131266.0,1,7.3,2.0,1,2,8,1,2.0,0,1,10,43755.333333333336,0,0,1,1,0,4.4,393798.0,14.6,0
58,1,119613.0,2,39.3,1.0,2,9,12,1,2.0,0,1,21,59806.5,0,0,1,1,0,10.2,358839.0,78.6,0
39,1,99440.0,1,52.4,1.0,0,2,3,1,5.0,0,1,5,49720.0,1,1,1,1,0,2.4000000000000004,596640.0,104.8,0
54,1,129958.0,0,48.4,2.0,2,1,2,1,4.0,1,1,3,43319.333333333336,1,1,1,1,1,1.4,649790.0,96.8,0
42,0,76970.0,2,44.1,1.0,2,2,10,0,1.0,1,1,12,38485.0,1,0,1,0,1,5.2,153940.0,88.2,0
43,1,117885.0,2,22.3,1.0,1,3,12,0,4.0,0,1,15,58942.5,0,1,1,0,0,6.6000000000000005,589425.0,44.6,0
39,0,140600.0,2,53.5,2.0,1,4,18,0,4.0,1,1,22,46866.666666666664,1,1,1,0,1,9.6,703000.0,107.0,0
54,1,75667.0,1,65.8,1.0,2,3,3,1,4.0,1,1,6,37833.5,1,1,1,1,1,3.0,378335.0,131.6,0
53,0,134160.0,2,32.4,2.0,3,11,18,0,2.0,0,1,29,44720.0,0,0,1,0,0,13.8,402480.0,64.8,0
42,0,118779.0,2,46.9,1.0,0,10,12,0,3.0,0,1,22,59389.5,1,1,1,0,0,10.8,475116.0,93.8,0
45,1,128751.0,1,28.6,1.0,2,1,6,1,1.0,0,1,7,64375.5,0,0,1,1,0,3.0000000000000004,257502.0,57.2,0
51,1,30000.0,1,5.0,1.0,1,0,5,1,2.0,1,1,5,15000.0,0,0,1,1,1,2.0,90000.0,10.0,0
69,0,112713.0,0,36.1,1.0,3,2,3,1,2.0,1,1,5,56356.5,0,0,1,1,1,2.4000000000000004,338139.0,72.2,0
29,0,47784.0,2,10.2,2.0,0,8,17,0,4.0,0,1,25,15928.0,0,1,1,0,0,11.600000000000001,238920.0,20.4,0
63,0,102382.0,2,57.0,2.0,3,8,19,1,4.0,1,1,27,34127.333333333336,1,1,1,1,1,12.4,511910.0,114.0,1
37,0,158737.0,2,41.2,1.0,2,2,10,0,5.0,0,1,12,79368.5,1,1,1,0,0,5.2,952422.0,82.4,0
54,1,126555.0,2,38.8,1.0,2,3,4,1,2.0,0,1,7,63277.5,0,0,1,1,0,3.4,379665.0,77.6,0
45,0,55524.0,0,21.0,1.0,1,2,2,1,2.0,1,1,4,27762.0,0,0,1,1,1,2.0,166572.0,42.0,0
38,0,109244.0,2,29.2,1.0,2,8,5,0,4.0,1,1,13,54622.0,0,1,1,0,1,6.8,546220.0,58.4,0
67,0,121391.0,2,55.9,2.0,0,6,7,1,2.0,1,1,13,40463.666666666664,1,0,1,1,1,6.4,364173.0,111.8,0
48,1,55819.0,1,42.2,1.0,1,7,2,1,3.0,0,1,9,27909.5,1,1,1,1,0,5.0,223276.0,84.4,0
63,0,84708.0,2,87.7,2.0,1,5,16,0,1.0,0,1,21,28236.0,1,0,1,0,0,9.4,169416.0,175.4,0
37,0,95899.0,2,44.4,3.0,2,3,18,0,1.0,1,1,21,23974.75,1,0,1,0,1,9.0,191798.0,88.8,0
41,1,52805.0,1,81.8,1.0,2,7,6,0,4.0,1,1,13,26402.5,1,1,1,0,1,6.6000000000000005,264025.0,163.6,0
56,0,88307.0,2,75.7,1.0,1,5,12,1,4.0,1,1,17,44153.5,1,1,1,1,1,7.800000000000001,441535.0,151.4,0
52,1,124395.0,2,77.7,3.5,2,10,18,0,3.0,1,1,28,27643.333333333332,1,1,1,0,1,13.2,497580.0,155.4,0
51,1,91347.0,1,29.9,1.0,2,0,6,1,2.0,1,1,6,45673.5,0,0,1,1,1,2.4000000000000004,274041.0,59.8,1
35,0,95197.0,0,32.4,1.0,1,1,2,1,1.0,1,1,3,47598.5,0,0,1,1,1,1.4,190394.0,64.8,0
49,0,102462.0,2,5.0,1.0,2,12,18,1,3.0,0,1,30,51231.0,0,1,1,1,0,14.399999999999999,409848.0,10.0,0
61,0,92230.0,2,69.1,2.0,2,14,5,1,5.0,0,1,19,30743.333333333332,1,1,1,1,0,10.4,553380.0,138.2,0
28,0,121044.0,2,78.2,1.0,0,8,4,0,1.0,1,1,12,60522.0,1,0,1,0,1,6.4,242088.0,156.4,0
55,1,63471.0,2,32.6,1.0,0,6,13,0,3.0,0,1,19,31735.5,0,1,1,0,0,8.8,253884.0,65.2,0
31,0,97089.0,2,29.4,3.0,2,7,18,0,5.0,0,1,25,24272.25,0,1,1,0,0,11.4,582534.0,58.8,0
45,1,103547.0,1,40.2,3.0,2,7,7,1,5.0,1,1,14,25886.75,1,1,1,1,1,7.0,621282.0,80.4,1
53,1,77337.0,0,5.0,1.0,1,0,3,1,5.0,1,1,3,38668.5,0,1,1,1,1,1.2000000000000002,464022.0,10.0,1
31,1,93031.0,1,35.3,2.0,3,5,4,1,4.0,0,1,9,31010.333333333332,0,1,1,1,0,4.6,465155.0,70.6,0
27,0,83947.0,1,29.7,2.0,2,0,5,1,5.0,1,1,5,27982.333333333332,0,1,1,1,1,2.0,503682.0,59.4,1
41,1,119109.0,2,42.9,2.0,1,3,17,1,3.0,1,1,20,39703.0,1,1,1,1,1,8.600000000000001,476436.0,85.8,0
44,1,84055.0,2,33.2,3.0,3,10,6,0,5.0,1,1,16,21013.75,0,1,1,0,1,8.4,504330.0,66.4,0
46,0,83172.0,1,78.7,1.0,2,3,2,1,2.0,1,1,5,41586.0,1,0,1,1,1,2.5999999999999996,249516.0,157.4,0
65,1,51344.0,1,23.6,3.0,0,5,7,0,1.0,0,1,12,12836.0,0,0,1,0,0,5.800000000000001,102688.0,47.2,0
29,1,58476.0,2,39.7,1.0,2,2,7,0,1.0,0,1,9,29238.0,0,0,1,0,0,4.0,116952.0,79.4,0
38,0,99314.0,2,82.7,2.0,1,10,15,0,5.0,1,1,25,33104.666666666664,1,1,1,0,1,12.0,595884.0,165.4,1
68,0,33996.0,1,47.2,1.0,1,2,5,1,4.0,0,1,7,16998.0,1,1,1,1,0,3.2,169980.0,94.4,0
43,1,100095.0,1,21.1,1.0,1,5,9,0,2.0,0,1,14,50047.5,0,0,1,0,0,6.6,300285.0,42.2,0
47,0,30000.0,2,5.0,2.0,1,3,19,0,2.0,1,1,22,10000.0,0,0,1,0,1,9.4,90000.0,10.0,0
62,0,40287.0,1,32.4,1.0,1,5,7,1,5.0,0,1,12,20143.5,0,1,1,1,0,5.800000000000001,241722.0,64.8,0
63,1,82079.0,0,12.0,3.0,2,2,3,1,4.0,0,1,5,20519.75,0,1,1,1,0,2.4000000000000004,410395.0,24.0,0
52,1,103735.0,1,92.3,2.0,2,3,5,1,3.0,0,1,8,34578.333333333336,1,1,1,1,0,3.8,414940.0,184.6,0
64,0,137505.0,1,5.0,1.0,0,0,5,1,3.0,0,1,5,68752.5,0,1,1,1,0,2.0,550020.0,10.0,0
37,0,82072.0,1,27.2,1.0,2,1,8,1,2.0,1,1,9,41036.0,0,0,1,1,1,3.8000000000000003,246216.0,54.4,0
41,0,143032.0,1,22.9,2.0,2,3,7,1,2.0,1,1,10,47677.333333333336,0,0,1,1,1,4.6,429096.0,45.8,0
42,0,74693.0,0,46.0,3.0,1,1,3,1,3.0,1,1,4,18673.25,1,1,1,1,1,1.8000000000000003,298772.0,92.0,0
60,0,79923.0,0,46.5,1.0,2,0,2,1,5.0,0,1,2,39961.5,1,1,1,1,0,0.8,479538.0,93.0,0
41,1,104437.0,1,49.3,2.0,0,2,8,0,1.0,1,1,10,34812.333333333336,1,0,1,0,1,4.4,208874.0,98.6,0
55,1,104309.0,1,77.1,2.0,1,4,2,1,5.0,1,1,6,34769.666666666664,1,1,1,1,1,3.2,625854.0,154.2,1
27,0,95924.0,0,5.6,2.0,3,0,3,1,4.0,1,1,3,31974.666666666668,0,1,1,1,1,1.2000000000000002,479620.0,11.2,0
63,1,84770.0,2,34.0,2.0,2,5,6,1,5.0,1,1,11,28256.666666666668,0,1,1,1,1,5.4,508620.0,68.0,1
55,0,62434.0,0,50.0,2.0,0,2,1,1,3.0,1,1,3,20811.333333333332,1,1,1,1,1,1.6,249736.0,100.0,0
46,0,85586.0,2,56.0,1.0,3,9,3,0,2.0,1,1,12,42793.0,1,0,1,0,1,6.6,256758.0,112.0,0
52,1,165617.0,2,18.0,2.0,3,10,6,0,5.0,1,1,16,55205.666666666664,0,1,1,0,1,8.4,993702.0,36.0,1
59,0,96643.0,0,20.3,3.0,2,2,2,1,2.0,1,1,4,24160.75,0,0,1,1,1,2.0,289929.0,40.6,0
36,0,148216.0,2,77.5,3.0,1,7,19,1,3.0,1,1,26,37054.0,1,1,1,1,1,11.8,592864.0,155.0,0
27,0,118364.0,0,68.1,2.0,1,0,0,1,5.0,0,1,0,39454.666666666664,1,1,1,1,0,0.0,710184.0,136.2,0
68,1,159939.0,2,28.6,1.0,2,14,8,1,5.0,1,1,22,79969.5,0,1,1,1,1,11.600000000000001,959634.0,57.2,1
43,1,56549.0,2,90.7,1.0,1,10,11,0,2.0,0,1,21,28274.5,1,0,1,0,0,10.4,169647.0,181.4,0
27,1,128821.0,1,71.9,3.0,2,0,6,1,3.0,1,1,6,32205.25,1,1,1,1,1,2.4000000000000004,515284.0,143.8,1
43,0,113905.0,2,15.8,2.0,1,10,14,0,4.0,0,1,24,37968.333333333336,0,1,1,0,0,11.600000000000001,569525.0,31.6,1
48,0,30000.0,1,79.3,2.0,2,5,2,1,5.0,1,1,7,10000.0,1,1,1,1,1,3.8,180000.0,158.6,0
59,2,111875.0,1,63.0,2.0,3,7,4,1,3.0,1,1,11,37291.666666666664,1,1,1,1,1,5.800000000000001,447500.0,126.0,1
38,1,63508.0,2,33.7,3.0,1,9,5,0,3.0,1,1,14,15877.0,0,1,1,0,1,7.3999999999999995,254032.0,67.4,0
50,1,67622.0,1,47.0,1.0,1,1,4,1,3.0,0,1,5,33811.0,1,1,1,1,0,2.2,270488.0,94.0,0
62,0,76812.0,2,22.5,1.0,0,8,8,1,2.0,1,1,16,38406.0,0,0,1,1,1,8.0,230436.0,45.0,0
58,1,38836.0,2,41.5,2.0,0,7,18,0,5.0,1,1,25,12945.333333333334,1,1,1,0,1,11.4,233016.0,83.0,0
40,0,94074.0,2,58.3,2.0,1,3,11,1,2.0,1,1,14,31358.0,1,0,1,1,1,6.2,282222.0,116.6,0
58,1,96058.0,2,56.4,1.0,0,13,17,0,4.0,1,1,30,48029.0,1,1,1,0,1,14.600000000000001,480290.0,112.8,1
29,0,110968.0,2,30.4,1.0,1,14,10,1,2.0,1,1,24,55484.0,0,0,1,1,1,12.4,332904.0,60.8,0
41,0,30000.0,1,64.5,1.0,1,4,9,1,3.0,1,1,13,15000.0,1,1,1,1,1,6.0,120000.0,129.0,0
34,1,30000.0,2,21.6,1.0,2,9,3,1,3.0,0,1,12,15000.0,0,1,1,1,0,6.6,120000.0,43.2,0
64,1,94810.0,1,5.8,2.0,2,2,7,1,5.0,1,1,9,31603.333333333332,0,1,1,1,1,4.0,568860.0,11.6,1
31,0,61487.0,1,61.0,1.0,0,0,1,1,2.0,0,1,1,30743.5,1,0,1,1,0,0.4,184461.0,122.0,0
26,0,96195.0,0,13.1,1.0,2,0,0,1,4.0,1,1,0,48097.5,0,1,1,1,1,0.0,480975.0,26.2,1
63,0,32897.0,0,41.4,1.0,1,0,3,1,2.0,1,1,3,16448.5,1,0,1,1,1,1.2000000000000002,98691.0,82.8,0
46,0,91200.0,2,16.4,1.0,1,14,11,0,2.0,0,1,25,45600.0,0,0,1,0,0,12.8,273600.0,32.8,0
40,1,69951.0,0,39.5,2.0,0,1,0,1,2.0,1,1,1,23317.0,0,0,1,1,1,0.6,209853.0,79.0,0
44,0,69806.0,2,40.2,1.0,2,6,18,1,3.0,1,1,24,34903.0,1,1,1,1,1,10.8,279224.0,80.4,0
34,0,145275.0,2,13.8,3.5,1,3,4,0,1.0,0,1,7,32283.333333333332,0,0,1,0,0,3.4,290550.0,27.6,0
57,1,103088.0,2,10.4,3.5,2,13,18,0,3.0,0,1,31,22908.444444444445,0,1,1,0,0,15.0,412352.0,20.8,0
53,1,30000.0,1,42.4,1.0,1,5,4,1,2.0,1,1,9,15000.0,1,0,1,1,1,4.6,90000.0,84.8,0
50,1,84708.0,1,74.1,1.0,2,0,2,1,5.0,1,1,2,42354.0,1,1,1,1,1,0.8,508248.0,148.2,1
40,0,46794.0,1,55.1,3.0,1,7,3,1,1.0,1,1,10,11698.5,1,0,1,1,1,5.4,93588.0,110.2,0
43,1,84870.0,2,25.0,2.0,2,14,15,1,3.0,1,1,29,28290.0,0,1,1,1,1,14.4,339480.0,50.0,0
29,1,82258.0,1,39.0,1.0,2,5,3,1,2.0,0,1,8,41129.0,0,0,1,1,0,4.2,246774.0,78.0,0
36,1,74861.0,1,54.9,1.0,3,7,6,1,3.0,1,1,13,37430.5,1,1,1,1,1,6.6000000000000005,299444.0,109.8,0
25,1,30000.0,2,5.0,1.0,2,10,17,0,3.0,1,1,27,15000.0,0,1,1,0,1,12.8,120000.0,10.0,0
28,0,84394.0,1,19.4,2.0,1,4,7,1,2.0,0,1,11,28131.333333333332,0,0,1,1,0,5.2,253182.0,38.8,0
50,0,84708.0,2,27.5,1.0,3,14,16,1,1.0,1,1,30,42354.0,0,0,1,1,1,14.8,169416.0,55.0,0
38,1,104576.0,2,22.3,2.0,0,7,13,0,3.0,0,1,20,34858.666666666664,0,1,1,0,0,9.4,418304.0,44.6,0
65,1,141293.0,2,63.0,1.0,1,5,15,0,2.0,0,1,20,70646.5,1,0,1,0,0,9.0,423879.0,126.0,0
34,0,97995.0,2,21.3,1.0,3,10,16,0,2.0,1,1,26,48997.5,0,0,1,0,1,12.4,293985.0,42.6,0
42,0,88641.0,2,45.0,1.0,1,14,4,0,4.0,0,1,18,44320.5,1,1,1,0,0,10.0,443205.0,90.0,0
52,0,62608.0,1,29.2,1.0,1,2,1,0,1.0,0,1,3,31304.0,0,0,1,0,0,1.6,125216.0,58.4,0
40,1,99638.0,2,43.3,1.0,1,7,17,0,5.0,1,1,24,49819.0,1,1,1,0,1,11.0,597828.0,86.6,1
61,0,80048.0,1,49.0,2.0,0,1,6,1,1.0,0,1,7,26682.666666666668,1,0,1,1,0,3.0000000000000004,160096.0,98.0,0
54,0,87208.0,1,57.2,3.0,0,2,5,1,1.0,0,1,7,21802.0,1,0,1,1,0,3.2,174416.0,114.4,0
48,1,150159.0,1,51.3,3.0,2,3,8,1,1.0,0,1,11,37539.75,1,0,1,1,0,5.0,300318.0,102.6,0
42,1,101024.0,0,75.3,1.0,2,0,0,1,4.0,0,1,0,50512.0,1,1,1,1,0,0.0,505120.0,150.6,0
66,0,122099.0,2,55.5,3.0,1,5,12,1,1.0,1,1,17,30524.75,1,0,1,1,1,7.800000000000001,244198.0,111.0,0
48,1,33330.0,1,25.4,2.0,1,5,9,0,2.0,1,1,14,11110.0,0,0,1,0,1,6.6,99990.0,50.8,0
55,1,45129.0,1,6.6,3.5,1,0,8,0,2.0,0,1,8,10028.666666666666,0,0,1,0,0,3.2,135387.0,13.2,0
57,1,64441.0,1,47.9,1.0,2,7,9,1,4.0,1,1,16,32220.5,1,1,1,1,1,7.800000000000001,322205.0,95.8,0
36,0,51130.0,0,10.9,1.0,1,1,1,1,1.0,1,1,2,25565.0,0,0,1,1,1,1.0,102260.0,21.8,0
58,2,61171.0,2,81.4,2.0,2,4,14,0,4.0,0,1,18,20390.333333333332,1,1,1,0,0,8.0,305855.0,162.8,0
54,1,30000.0,1,49.3,2.0,2,2,2,1,5.0,0,1,4,10000.0,1,1,1,1,0,2.0,180000.0,98.6,0
41,1,43893.0,1,41.5,2.0,0,3,5,0,4.0,1,1,8,14631.0,1,1,1,0,1,3.8,219465.0,83.0,0
29,0,121580.0,2,26.7,2.0,1,14,3,0,2.0,0,1,17,40526.666666666664,0,0,1,0,0,9.600000000000001,364740.0,53.4,0
68,0,63719.0,1,49.5,2.0,1,5,7,1,2.0,0,1,12,21239.666666666668,1,0,1,1,0,5.800000000000001,191157.0,99.0,0
44,0,44419.0,0,43.1,1.0,1,2,2,1,3.0,0,1,4,22209.5,1,1,1,1,0,2.0,177676.0,86.2,0
46,1,158394.0,2,27.4,2.0,1,14,7,0,5.0,1,1,21,52798.0,0,1,1,0,1,11.200000000000001,950364.0,54.8,1
52,0,60848.0,2,43.7,1.0,2,9,17,0,2.0,0,1,26,30424.0,1,0,1,0,0,12.2,182544.0,87.4,0
38,0,88703.0,0,47.2,2.0,2,1,3,1,2.0,1,1,4,29567.666666666668,1,0,1,1,1,1.8000000000000003,266109.0,94.4,0
46,1,74399.0,2,36.4,2.0,2,12,5,0,5.0,0,1,17,24799.666666666668,0,1,1,0,0,9.2,446394.0,72.8,0
64,0,61819.0,1,37.8,1.0,2,7,2,1,1.0,1,1,9,30909.5,0,0,1,1,1,5.0,123638.0,75.6,0
65,0,112750.0,1,21.3,2.0,2,4,8,1,3.0,1,1,12,37583.333333333336,0,1,1,1,1,5.6,451000.0,42.6,0
62,1,54931.0,2,40.2,1.0,2,7,19,1,2.0,0,1,26,27465.5,1,0,1,1,0,11.8,164793.0,80.4,0
56,0,90968.0,2,5.0,1.0,1,3,8,0,2.0,1,1,11,45484.0,0,0,1,0,1,5.0,272904.0,10.0,0
68,1,30000.0,2,43.1,2.0,1,5,19,0,1.0,1,1,24,10000.0,1,0,1,0,1,10.600000000000001,60000.0,86.2,0
42,1,128495.0,2,67.3,1.0,3,10,7,1,4.0,1,1,17,64247.5,1,1,1,1,1,8.8,642475.0,134.6,1
68,1,58857.0,1,28.0,2.0,1,4,6,1,5.0,1,1,10,19619.0,0,1,1,1,1,4.800000000000001,353142.0,56.0,1
52,1,76157.0,0,69.0,2.0,1,2,2,1,5.0,1,1,4,25385.666666666668,1,1,1,1,1,2.0,456942.0,138.0,1
38,0,96366.0,2,5.0,1.0,2,5,13,0,2.0,0,1,18,48183.0,0,0,1,0,0,8.2,289098.0,10.0,0
28,1,36345.0,2,24.2,3.5,1,10,4,0,1.0,1,1,14,8076.666666666667,0,0,1,0,1,7.6,72690.0,48.4,0
60,0,135104.0,1,41.0,1.0,2,2,9,1,3.0,1,1,11,67552.0,1,1,1,1,1,4.8,540416.0,82.0,1
51,1,41697.0,2,81.1,2.0,2,12,13,0,5.0,1,1,25,13899.0,1,1,1,0,1,12.399999999999999,250182.0,162.2,1
29,0,80546.0,1,56.0,3.0,3,7,2,0,2.0,0,1,9,20136.5,1,0,1,0,0,5.0,241638.0,112.0,0
68,0,39651.0,1,36.6,3.5,3,0,9,1,5.0,1,1,9,8811.333333333334,0,1,1,1,1,3.6,237906.0,73.2,0
44,0,86505.0,1,56.5,1.0,1,1,7,1,4.0,1,1,8,43252.5,1,1,1,1,1,3.4000000000000004,432525.0,113.0,1
69,1,54989.0,2,27.2,1.0,2,5,7,1,2.0,1,1,12,27494.5,0,0,1,1,1,5.800000000000001,164967.0,54.4,0
42,1,64158.0,2,5.0,3.0,1,2,3,0,5.0,1,1,5,16039.5,0,1,1,0,1,2.4000000000000004,384948.0,10.0,0
52,1,30000.0,2,17.0,2.0,2,12,14,0,4.0,0,1,26,10000.0,0,1,1,0,0,12.8,150000.0,34.0,0
38,1,66808.0,1,36.7,2.0,2,7,8,1,4.0,0,1,15,22269.333333333332,0,1,1,1,0,7.4,334040.0,73.4,0
59,0,79694.0,2,9.4,1.0,3,9,14,1,2.0,0,1,23,39847.0,0,0,1,1,0,11.0,239082.0,18.8,0
45,1,71701.0,1,41.6,3.0,0,2,3,0,5.0,1,1,5,17925.25,1,1,1,0,1,2.4000000000000004,430206.0,83.2,0
34,1,154146.0,1,74.1,1.0,2,6,1,0,5.0,0,1,7,77073.0,1,1,1,0,0,3.9999999999999996,924876.0,148.2,0
69,1,86347.0,1,26.6,3.0,2,2,8,1,1.0,1,1,10,21586.75,0,0,1,1,1,4.4,172694.0,53.2,0
55,1,116801.0,2,66.9,3.0,1,10,19,0,3.0,0,1,29,29200.25,1,1,1,0,0,13.600000000000001,467204.0,133.8,0
65,1,112406.0,1,34.3,3.0,2,5,2,1,1.0,0,1,7,28101.5,0,0,1,1,0,3.8,224812.0,68.6,0
49,1,51878.0,2,19.0,1.0,1,13,18,1,2.0,0,1,31,25939.0,0,0,1,1,0,15.0,155634.0,38.0,0
53,1,55606.0,1,5.0,1.0,2,7,1,1,1.0,1,1,8,27803.0,0,0,1,1,1,4.6000000000000005,111212.0,10.0,0
51,0,99223.0,2,5.0,1.0,2,14,11,0,3.0,1,1,25,49611.5,0,1,1,0,1,12.8,396892.0,10.0,1
51,0,30000.0,2,61.8,2.0,3,2,5,0,1.0,1,1,7,10000.0,1,0,1,0,1,3.2,60000.0,123.6,0
33,0,110263.0,1,68.9,2.0,2,7,7,0,4.0,0,1,14,36754.333333333336,1,1,1,0,0,7.0,551315.0,137.8,0
64,1,117126.0,1,59.1,2.0,2,0,1,1,4.0,0,1,1,39042.0,1,1,1,1,0,0.4,585630.0,118.2,0
48,1,96404.0,0,15.7,2.0,2,0,3,1,4.0,1,1,3,32134.666666666668,0,1,1,1,1,1.2000000000000002,482020.0,31.4,1
62,1,117377.0,2,28.5,2.0,1,11,8,0,3.0,1,1,19,39125.666666666664,0,1,1,0,1,9.8,469508.0,57.0,0
65,0,115685.0,1,47.8,3.5,1,6,5,1,4.0,1,1,11,25707.777777777777,1,1,1,1,1,5.6,578425.0,95.6,0
35,1,103032.0,0,45.6,1.0,3,2,2,1,1.0,0,1,4,51516.0,1,0,1,1,0,2.0,206064.0,91.2,0
36,0,84708.0,2,24.5,3.0,1,6,4,0,5.0,1,1,10,21177.0,0,1,1,0,1,5.199999999999999,508248.0,49.0,1
45,0,100929.0,2,40.2,2.0,0,8,6,0,1.0,1,1,14,33643.0,1,0,1,0,1,7.2,201858.0,80.4,0
48,0,90150.0,1,45.1,1.0,3,7,3,1,2.0,1,1,10,45075.0,1,0,1,1,1,5.4,270450.0,90.2,0
31,0,102728.0,2,50.8,1.0,2,8,14,1,4.0,1,1,22,51364.0,1,1,1,1,1,10.4,513640.0,101.6,1
61,1,100662.0,1,32.4,1.0,2,6,5,0,3.0,1,1,11,50331.0,0,1,1,0,1,5.6,402648.0,64.8,1
64,0,90336.0,2,41.2,1.0,1,8,5,0,5.0,0,1,13,45168.0,1,1,1,0,0,6.8,542016.0,82.4,0
49,1,44214.0,2,63.8,2.0,1,10,10,1,2.0,1,1,20,14738.0,1,0,1,1,1,10.0,132642.0,127.6,0
43,1,174521.0,1,37.0,1.0,0,3,9,0,4.0,1,1,12,87260.5,0,1,1,0,1,5.4,872605.0,74.0,1
62,0,116365.0,1,32.0,1.0,2,5,8,1,2.0,1,1,13,58182.5,0,0,1,1,1,6.2,349095.0,64.0,0
49,0,97612.0,2,78.5,1.0,1,5,12,0,4.0,0,1,17,48806.0,1,1,1,0,0,7.800000000000001,488060.0,157.0,0
41,0,81417.0,2,37.1,1.0,2,10,19,1,5.0,1,1,29,40708.5,0,1,1,1,1,13.600000000000001,488502.0,74.2,1
49,1,57069.0,1,46.0,3.0,0,5,3,0,4.0,0,1,8,14267.25,1,1,1,0,0,4.2,285345.0,92.0,0
50,0,40030.0,0,71.7,3.0,1,0,2,1,1.0,0,1,2,10007.5,1,0,1,1,0,0.8,80060.0,143.4,0
30,0,149950.0,2,23.9,2.0,2,14,11,0,2.0,1,1,25,49983.333333333336,0,0,1,0,1,12.8,449850.0,47.8,0
28,1,46901.0,2,7.3,2.0,2,13,17,0,3.0,1,1,30,15633.666666666666,0,1,1,0,1,14.600000000000001,187604.0,14.6,0
59,1,84708.0,2,106.35000000000001,3.0,2,4,19,1,2.0,0,1,23,21177.0,1,0,1,1,0,10.0,254124.0,212.70000000000002,0
39,0,102893.0,1,27.9,1.0,2,6,3,0,2.0,0,1,9,51446.5,0,0,1,0,0,4.8,308679.0,55.8,0
55,0,124686.0,1,29.3,2.0,0,2,1,1,5.0,1,1,3,41562.0,0,1,1,1,1,1.6,748116.0,58.6,1
66,0,79855.0,2,16.9,2.0,2,7,12,0,3.0,1,1,19,26618.333333333332,0,1,1,0,1,9.0,319420.0,33.8,0
61,0,107936.0,1,53.6,2.0,2,1,5,1,1.0,0,1,6,35978.666666666664,1,0,1,1,0,2.6,215872.0,107.2,0
41,1,163958.0,2,55.6,2.0,2,3,4,0,3.0,1,1,7,54652.666666666664,1,1,1,0,1,3.4,655832.0,111.2,0
32,1,106610.0,0,53.3,1.0,2,0,1,1,2.0,1,1,1,53305.0,1,0,1,1,1,0.4,319830.0,106.6,0
45,0,67284.0,1,62.6,2.0,2,0,3,1,3.0,0,1,3,22428.0,1,1,1,1,0,1.2000000000000002,269136.0,125.2,0
52,0,163545.0,2,60.8,2.0,1,11,13,0,1.0,1,1,24,54515.0,1,0,1,0,1,11.8,327090.0,121.6,0
64,0,100712.0,1,24.4,2.0,2,2,1,1,1.0,0,1,3,33570.666666666664,0,0,1,1,0,1.6,201424.0,48.8,0
45,0,92136.0,1,79.5,2.0,1,3,5,1,1.0,0,1,8,30712.0,1,0,1,1,0,3.8,184272.0,159.0,0
44,1,52122.0,2,56.5,2.0,0,11,18,1,1.0,1,1,29,17374.0,1,0,1,1,1,13.8,104244.0,113.0,0
39,0,70705.0,2,62.0,2.0,2,6,19,0,3.0,1,1,25,23568.333333333332,1,1,1,0,1,11.2,282820.0,124.0,0
47,0,84979.0,2,5.0,3.0,1,3,12,1,3.0,1,1,15,21244.75,0,1,1,1,1,6.6000000000000005,339916.0,10.0,1
58,0,71784.0,2,63.7,3.5,3,9,14,0,1.0,1,1,23,15952.0,1,0,1,0,1,11.0,143568.0,127.4,0
28,1,71861.0,2,50.9,2.0,2,5,10,0,5.0,1,1,15,23953.666666666668,1,1,1,0,1,7.0,431166.0,101.8,0
37,1,78405.0,1,50.8,1.0,3,1,8,1,1.0,1,1,9,39202.5,1,0,1,1,1,3.8000000000000003,156810.0,101.6,0
34,0,115576.0,2,52.8,1.0,1,7,12,1,3.0,1,1,19,57788.0,1,1,1,1,1,9.0,462304.0,105.6,1
46,0,136715.0,1,38.4,1.0,1,2,9,1,3.0,0,1,11,68357.5,0,1,1,1,0,4.8,546860.0,76.8,0
63,2,79964.0,2,32.4,1.0,2,10,3,1,2.0,1,1,13,39982.0,0,0,1,1,1,7.2,239892.0,64.8,0
32,0,96658.0,2,85.3,1.0,3,9,16,0,1.0,1,1,25,48329.0,1,0,1,0,1,11.8,193316.0,170.6,0
37,1,30000.0,2,6.3,3.0,2,11,14,0,2.0,1,1,25,7500.0,0,0,1,0,1,12.2,90000.0,12.6,0
38,0,30000.0,0,62.0,1.0,2,2,0,1,1.0,1,1,2,15000.0,1,0,1,1,1,1.2,60000.0,124.0,0
27,0,82017.0,2,80.0,3.0,1,6,17,0,3.0,1,1,23,20504.25,1,1,1,0,1,10.4,328068.0,160.0,0
31,1,58566.0,2,106.35000000000001,3.0,2,2,10,0,2.0,1,1,12,14641.5,1,0,1,0,1,5.2,175698.0,212.70000000000002,0
63,0,95718.0,2,46.3,1.0,2,9,19,0,5.0,1,1,28,47859.0,1,1,1,0,1,13.0,574308.0,92.6,0
49,0,85662.0,0,5.0,2.0,0,0,1,1,4.0,0,1,1,28554.0,0,1,1,1,0,0.4,428310.0,10.0,0
52,0,104353.0,2,45.5,3.0,1,2,17,0,2.0,0,1,19,26088.25,1,0,1,0,0,8.0,313059.0,91.0,0
29,1,101001.0,1,84.2,3.0,0,5,6,1,3.0,0,1,11,25250.25,1,1,1,1,0,5.4,404004.0,168.4,0
67,1,129297.0,2,7.5,3.0,2,6,16,0,5.0,1,1,22,32324.25,0,1,1,0,1,10.0,775782.0,15.0,1
48,1,124835.0,2,17.7,2.0,0,10,18,1,2.0,0,1,28,41611.666666666664,0,0,1,1,0,13.2,374505.0,35.4,0
35,1,63190.0,2,27.9,3.0,2,6,10,1,4.0,1,1,16,15797.5,0,1,1,1,1,7.6,315950.0,55.8,1
66,1,91783.0,2,50.4,1.0,2,8,19,0,2.0,0,1,27,45891.5,1,0,1,0,0,12.4,275349.0,100.8,0
42,0,91019.0,2,51.9,2.0,0,9,7,1,1.0,1,1,16,30339.666666666668,1,0,1,1,1,8.2,182038.0,103.8,0
32,1,30000.0,1,68.2,2.0,2,0,7,1,4.0,0,1,7,10000.0,1,1,1,1,0,2.8000000000000003,150000.0,136.4,0
49,0,80807.0,2,34.3,1.0,2,2,17,1,1.0,1,1,19,40403.5,0,0,1,1,1,8.0,161614.0,68.6,0
42,0,77350.0,2,73.9,2.0,3,14,19,0,5.0,0,1,33,25783.333333333332,1,1,1,0,0,16.0,464100.0,147.8,0
68,1,118904.0,1,20.2,1.0,1,3,7,1,5.0,0,1,10,59452.0,0,1,1,1,0,4.6,713424.0,40.4,0
50,0,36554.0,2,87.6,1.0,3,7,5,0,5.0,1,1,12,18277.0,1,1,1,0,1,6.2,219324.0,175.2,0
32,1,93872.0,1,64.8,2.0,1,5,9,1,1.0,1,1,14,31290.666666666668,1,0,1,1,1,6.6,187744.0,129.6,0
66,1,125038.0,1,72.3,1.0,2,7,1,1,2.0,0,1,8,62519.0,1,0,1,1,0,4.6000000000000005,375114.0,144.6,0
41,0,52417.0,1,38.0,2.0,1,4,4,1,4.0,1,1,8,17472.333333333332,0,1,1,1,1,4.0,262085.0,76.0,0
67,1,91211.0,2,52.1,1.0,3,14,18,1,2.0,0,1,32,45605.5,1,0,1,1,0,15.600000000000001,273633.0,104.2,0
36,1,136057.0,2,39.6,1.0,2,9,16,1,1.0,0,1,25,68028.5,0,0,1,1,0,11.8,272114.0,79.2,0
50,0,87643.0,2,10.8,3.0,1,6,11,0,5.0,1,1,17,21910.75,0,1,1,0,1,8.0,525858.0,21.6,1
46,0,60318.0,2,77.2,2.0,2,10,12,0,5.0,1,1,22,20106.0,1,1,1,0,1,10.8,361908.0,154.4,0
35,1,69765.0,2,106.35000000000001,3.5,0,7,9,1,1.0,1,1,16,15503.333333333334,1,0,1,1,1,7.800000000000001,139530.0,212.70000000000002,0
31,1,72488.0,2,20.6,3.5,1,4,7,1,1.0,0,1,11,16108.444444444445,0,0,1,1,0,5.2,144976.0,41.2,0
50,0,92312.0,1,33.9,1.0,1,5,6,1,1.0,1,1,11,46156.0,0,0,1,1,1,5.4,184624.0,67.8,0
45,0,63694.0,2,65.2,2.0,3,8,18,1,2.0,1,1,26,21231.333333333332,1,0,1,1,1,12.0,191082.0,130.4,0
50,0,92573.0,2,33.6,1.0,2,3,12,1,3.0,1,1,15,46286.5,0,1,1,1,1,6.6000000000000005,370292.0,67.2,1
29,0,99114.0,0,9.3,1.0,2,2,2,1,1.0,1,1,4,49557.0,0,0,1,1,1,2.0,198228.0,18.6,0
49,0,103348.0,0,65.2,1.0,1,1,2,1,1.0,0,1,3,51674.0,1,0,1,1,0,1.4,206696.0,130.4,0
64,0,48035.0,1,51.2,1.0,0,6,3,1,3.0,0,1,9,24017.5,1,1,1,1,0,4.8,192140.0,102.4,0
36,0,92492.0,1,48.9,2.0,1,6,5,1,2.0,1,1,11,30830.666666666668,1,0,1,1,1,5.6,277476.0,97.8,0
38,0,32642.0,2,53.3,3.0,1,10,7,0,2.0,0,1,17,8160.5,1,0,1,0,0,8.8,97926.0,106.6,0
62,1,95717.0,2,42.1,1.0,1,7,8,0,3.0,1,1,15,47858.5,1,1,1,0,1,7.4,382868.0,84.2,1
68,2,165361.0,1,35.3,1.0,0,6,8,1,3.0,1,1,14,82680.5,0,1,1,1,1,6.8,661444.0,70.6,0
41,0,64411.0,2,61.4,1.0,1,12,3,0,3.0,1,1,15,32205.5,1,1,1,0,1,8.399999999999999,257644.0,122.8,0
43,0,80325.0,1,52.4,2.0,0,5,9,1,4.0,1,1,14,26775.0,1,1,1,1,1,6.6,401625.0,104.8,0
25,1,74793.0,2,29.0,2.0,2,8,6,0,3.0,0,1,14,24931.0,0,1,1,0,0,7.2,299172.0,58.0,0
43,1,115141.0,2,5.0,3.0,1,2,3,0,4.0,0,1,5,28785.25,0,1,1,0,0,2.4000000000000004,575705.0,10.0,0
36,1,45398.0,2,34.2,3.5,0,3,6,0,1.0,1,1,9,10088.444444444445,0,0,1,0,1,4.2,90796.0,68.4,0
25,1,64804.0,2,5.0,1.0,1,8,13,0,3.0,1,1,21,32402.0,0,1,1,0,1,10.0,259216.0,10.0,0
69,1,34258.0,2,50.0,2.0,2,4,3,0,5.0,1,1,7,11419.333333333334,1,1,1,0,1,3.6,205548.0,100.0,0
41,0,131360.0,0,47.1,2.0,2,1,3,1,1.0,1,1,4,43786.666666666664,1,0,1,1,1,1.8000000000000003,262720.0,94.2,0
44,0,159929.0,0,22.2,3.0,1,0,3,1,3.0,1,1,3,39982.25,0,1,1,1,1,1.2000000000000002,639716.0,44.4,1
40,1,66265.0,0,5.0,2.0,1,1,1,1,2.0,0,1,2,22088.333333333332,0,0,1,1,0,1.0,198795.0,10.0,0
45,1,42364.0,1,50.6,2.0,0,2,5,1,5.0,1,1,7,14121.333333333334,1,1,1,1,1,3.2,254184.0,101.2,0
54,0,52358.0,0,52.8,2.0,1,2,0,1,3.0,1,1,2,17452.666666666668,1,1,1,1,1,1.2,209432.0,105.6,0
61,0,43560.0,0,61.8,2.0,2,2,3,0,4.0,1,1,5,14520.0,1,1,1,0,1,2.4000000000000004,217800.0,123.6,0
44,0,45799.0,0,5.0,2.0,2,2,2,1,2.0,1,1,4,15266.333333333334,0,0,1,1,1,2.0,137397.0,10.0,0
63,1,111441.0,1,17.9,1.0,3,2,7,0,4.0,1,1,9,55720.5,0,1,1,0,1,4.0,557205.0,35.8,1
32,0,69968.0,2,32.8,2.0,1,5,9,0,5.0,0,1,14,23322.666666666668,0,1,1,0,0,6.6,419808.0,65.6,0
59,0,72047.0,2,13.8,1.0,2,6,17,1,1.0,1,1,23,36023.5,0,0,1,1,1,10.4,144094.0,27.6,0
62,0,98598.0,1,30.8,1.0,1,3,1,1,3.0,0,1,4,49299.0,0,1,1,1,0,2.1999999999999997,394392.0,61.6,0
65,0,88365.0,2,11.9,1.0,1,3,11,0,4.0,0,1,14,44182.5,0,1,1,0,0,6.2,441825.0,23.8,0
29,1,57558.0,2,49.8,2.0,0,14,5,1,3.0,1,1,19,19186.0,1,1,1,1,1,10.4,230232.0,99.6,0
60,0,108763.0,0,40.8,1.0,1,2,2,1,4.0,1,1,4,54381.5,1,1,1,1,1,2.0,543815.0,81.6,1
49,0,71057.0,2,8.6,2.0,2,14,15,0,1.0,0,1,29,23685.666666666668,0,0,1,0,0,14.4,142114.0,17.2,0
50,1,105046.0,1,14.4,1.0,2,5,6,1,2.0,0,1,11,52523.0,0,0,1,1,0,5.4,315138.0,28.8,0
59,0,114268.0,0,64.2,1.0,1,0,1,1,4.0,1,1,1,57134.0,1,1,1,1,1,0.4,571340.0,128.4,1
32,1,132969.0,0,50.6,2.0,0,0,0,1,4.0,1,1,0,44323.0,1,1,1,1,1,0.0,664845.0,101.2,0
25,1,143054.0,2,61.9,1.0,0,10,10,0,3.0,1,1,20,71527.0,1,1,1,0,1,10.0,572216.0,123.8,0
69,0,87083.0,2,27.8,2.0,1,11,7,1,5.0,0,1,18,29027.666666666668,0,1,1,1,0,9.4,522498.0,55.6,0
50,1,114010.0,0,56.9,2.0,0,1,2,1,3.0,1,1,3,38003.333333333336,1,1,1,1,1,1.4,456040.0,113.8,0
39,0,62134.0,2,82.8,1.0,2,4,5,0,5.0,1,1,9,31067.0,1,1,1,0,1,4.4,372804.0,165.6,0
31,1,103706.0,2,22.3,2.0,1,8,18,1,4.0,0,1,26,34568.666666666664,0,1,1,1,0,12.0,518530.0,44.6,0
37,1,48026.0,1,22.6,2.0,2,7,2,0,3.0,0,1,9,16008.666666666666,0,1,1,0,0,5.0,192104.0,45.2,0
43,0,30000.0,1,13.0,1.0,1,2,2,0,1.0,1,1,4,15000.0,0,0,1,0,1,2.0,60000.0,26.0,0
49,1,101413.0,1,69.9,3.0,2,7,7,1,1.0,0,1,14,25353.25,1,0,1,1,0,7.0,202826.0,139.8,0
57,1,100740.0,2,7.0,2.0,1,10,18,1,4.0,0,1,28,33580.0,0,1,1,1,0,13.2,503700.0,14.0,1
54,2,105293.0,1,15.1,1.0,2,3,4,1,1.0,0,1,7,52646.5,0,0,1,1,0,3.4,210586.0,30.2,0
29,0,73479.0,0,57.8,3.0,2,0,0,1,5.0,0,1,0,18369.75,1,1,1,1,0,0.0,440874.0,115.6,0
31,1,135625.0,2,31.0,2.0,2,10,4,1,4.0,1,1,14,45208.333333333336,0,1,1,1,1,7.6,678125.0,62.0,1
67,0,94664.0,2,10.6,1.0,1,8,8,1,2.0,1,1,16,47332.0,0,0,1,1,1,8.0,283992.0,21.2,0
28,0,94724.0,1,53.9,3.0,0,2,6,1,5.0,0,1,8,23681.0,1,1,1,1,0,3.6000000000000005,568344.0,107.8,0
49,1,87808.0,2,58.1,3.5,0,7,3,0,5.0,1,1,10,19512.88888888889,1,1,1,0,1,5.4,526848.0,116.2,0
60,0,145644.0,2,60.3,1.0,2,6,4,1,5.0,1,1,10,72822.0,1,1,1,1,1,5.199999999999999,873864.0,120.6,1
25,1,80108.0,0,29.4,3.5,0,0,2,1,3.0,1,1,2,17801.777777777777,0,1,1,1,1,0.8,320432.0,58.8,0
28,0,35771.0,2,61.4,2.0,0,14,7,0,3.0,0,1,21,11923.666666666666,1,1,1,0,0,11.200000000000001,143084.0,122.8,0
54,0,30000.0,0,5.0,1.0,2,0,0,1,4.0,0,1,0,15000.0,0,1,1,1,0,0.0,150000.0,10.0,0
40,0,112404.0,2,32.2,2.0,0,13,13,0,3.0,1,1,26,37468.0,0,1,1,0,1,13.0,449616.0,64.4,0
33,1,30000.0,2,59.9,1.0,2,12,6,1,3.0,0,1,18,15000.0,1,1,1,1,0,9.6,120000.0,119.8,0
29,0,87626.0,2,64.6,3.0,2,11,13,0,4.0,0,1,24,21906.5,1,1,1,0,0,11.8,438130.0,129.2,0
52,1,104685.0,2,26.3,3.0,1,5,9,1,3.0,1,1,14,26171.25,0,1,1,1,1,6.6,418740.0,52.6,0
41,1,121791.0,1,51.5,1.0,1,2,3,1,1.0,1,1,5,60895.5,1,0,1,1,1,2.4000000000000004,243582.0,103.0,0
44,0,84555.0,2,65.0,3.5,2,6,15,0,2.0,1,1,21,18790.0,1,0,1,0,1,9.6,253665.0,130.0,0
36,0,59647.0,2,13.1,1.0,2,9,12,0,5.0,1,1,21,29823.5,0,1,1,0,1,10.2,357882.0,26.2,1
69,0,81952.0,2,59.8,2.0,1,3,9,0,2.0,1,1,12,27317.333333333332,1,0,1,0,1,5.4,245856.0,119.6,0
31,0,90411.0,0,31.8,1.0,1,1,2,1,1.0,0,1,3,45205.5,0,0,1,1,0,1.4,180822.0,63.6,0
59,0,51663.0,0,69.7,2.0,0,0,0,0,3.0,0,1,0,17221.0,1,1,1,0,0,0.0,206652.0,139.4,0
64,1,46945.0,2,5.0,1.0,1,8,3,0,3.0,1,1,11,23472.5,0,1,1,0,1,6.0,187780.0,10.0,0
32,0,84708.0,1,57.3,2.0,2,5,8,1,2.0,1,1,13,28236.0,1,0,1,1,1,6.2,254124.0,114.6,0
51,0,48967.0,1,60.4,2.0,2,0,3,1,1.0,0,1,3,16322.333333333334,1,0,1,1,0,1.2000000000000002,97934.0,120.8,0
52,0,78879.0,2,75.9,1.0,0,12,14,1,4.0,1,1,26,39439.5,1,1,1,1,1,12.8,394395.0,151.8,0
50,1,135852.0,2,23.5,1.0,2,12,4,0,1.0,0,1,16,67926.0,0,0,1,0,0,8.799999999999999,271704.0,47.0,0
25,1,82911.0,0,26.3,2.0,0,2,2,1,2.0,1,1,4,27637.0,0,0,1,1,1,2.0,248733.0,52.6,0
47,0,30000.0,1,48.8,2.0,2,2,7,1,3.0,1,1,9,10000.0,1,1,1,1,1,4.0,120000.0,97.6,1
64,1,148825.0,2,14.1,2.0,1,14,6,0,3.0,0,1,20,49608.333333333336,0,1,1,0,0,10.8,595300.0,28.2,0
39,0,67665.0,2,21.3,3.5,0,9,6,0,3.0,0,1,15,15036.666666666666,0,1,1,0,0,7.8,270660.0,42.6,0
52,1,90740.0,2,50.6,2.0,0,5,12,1,2.0,0,1,17,30246.666666666668,1,0,1,1,0,7.800000000000001,272220.0,101.2,0
35,1,115671.0,0,51.9,2.0,1,2,3,1,5.0,1,1,5,38557.0,1,1,1,1,1,2.4000000000000004,694026.0,103.8,1
48,1,125145.0,0,41.0,3.5,1,1,2,1,1.0,1,1,3,27810.0,1,0,1,1,1,1.4,250290.0,82.0,0
67,1,146613.0,2,40.2,3.0,1,6,15,0,3.0,1,1,21,36653.25,1,1,1,0,1,9.6,586452.0,80.4,0
51,1,61967.0,2,18.5,3.0,2,5,9,0,1.0,0,1,14,15491.75,0,0,1,0,0,6.6,123934.0,37.0,0
29,1,92744.0,2,60.3,3.0,2,12,8,0,3.0,0,1,20,23186.0,1,1,1,0,0,10.399999999999999,370976.0,120.6,0
27,1,96715.0,1,74.0,1.0,2,2,7,0,2.0,1,1,9,48357.5,1,0,1,0,1,4.0,290145.0,148.0,0
68,1,108831.0,2,55.9,3.0,1,4,13,1,3.0,1,1,17,27207.75,1,1,1,1,1,7.6,435324.0,111.8,0
45,1,63736.0,2,63.2,2.0,2,13,12,1,4.0,0,1,25,21245.333333333332,1,1,1,1,0,12.600000000000001,318680.0,126.4,0
67,0,64557.0,0,26.4,2.0,1,1,2,1,4.0,1,1,3,21519.0,0,1,1,1,1,1.4,322785.0,52.8,0
55,1,54607.0,0,36.7,2.0,3,2,0,1,3.0,1,1,2,18202.333333333332,0,1,1,1,1,1.2,218428.0,73.4,1
40,0,96300.0,1,50.5,2.0,2,1,4,1,2.0,1,1,5,32100.0,1,0,1,1,1,2.2,288900.0,101.0,0
34,1,69691.0,2,47.4,1.0,1,2,19,0,4.0,0,1,21,34845.5,1,1,1,0,0,8.8,348455.0,94.8,0
39,1,83023.0,0,9.2,3.5,1,0,0,1,4.0,0,1,0,18449.555555555555,0,1,1,1,0,0.0,415115.0,18.4,0
53,1,127476.0,2,46.5,2.0,2,13,16,0,5.0,0,1,29,42492.0,1,1,1,0,0,14.2,764856.0,93.0,0
50,1,42736.0,1,59.4,3.0,2,0,3,1,5.0,1,1,3,10684.0,1,1,1,1,1,1.2000000000000002,256416.0,118.8,0
59,0,78391.0,2,106.35000000000001,2.0,1,3,5,0,5.0,1,1,8,26130.333333333332,1,1,1,0,1,3.8,470346.0,212.70000000000002,1
54,0,106163.0,2,37.1,2.0,2,2,10,1,5.0,0,1,12,35387.666666666664,0,1,1,1,0,5.2,636978.0,74.2,0
66,0,85052.0,2,24.4,2.0,1,6,11,0,1.0,0,1,17,28350.666666666668,0,0,1,0,0,8.0,170104.0,48.8,0
46,1,105917.0,1,47.5,2.0,1,2,5,1,3.0,1,1,7,35305.666666666664,1,1,1,1,1,3.2,423668.0,95.0,1
49,1,75216.0,2,73.0,2.0,1,11,16,1,5.0,1,1,27,25072.0,1,1,1,1,1,13.0,451296.0,146.0,1
63,0,71065.0,1,59.0,2.0,0,2,8,1,4.0,0,1,10,23688.333333333332,1,1,1,1,0,4.4,355325.0,118.0,0
27,1,142551.0,2,27.0,1.0,1,12,10,0,1.0,1,1,22,71275.5,0,0,1,0,1,11.2,285102.0,54.0,1
47,1,70712.0,1,74.4,2.0,2,1,5,1,5.0,1,1,6,23570.666666666668,1,1,1,1,1,2.6,424272.0,148.8,0
45,0,84708.0,1,27.5,2.0,2,4,2,1,5.0,1,1,6,28236.0,0,1,1,1,1,3.2,508248.0,55.0,1
50,1,60387.0,2,79.4,1.0,1,11,10,1,4.0,0,1,21,30193.5,1,1,1,1,0,10.6,301935.0,158.8,0
27,1,109194.0,2,37.2,1.0,1,12,8,0,4.0,1,1,20,54597.0,0,1,1,0,1,10.399999999999999,545970.0,74.4,1
27,1,89018.0,1,97.4,1.0,1,2,4,1,3.0,0,1,6,44509.0,1,1,1,1,0,2.8,356072.0,194.8,0
56,1,98583.0,2,31.0,1.0,2,6,15,0,4.0,0,1,21,49291.5,0,1,1,0,0,9.6,492915.0,62.0,0
53,1,91414.0,2,62.7,1.0,2,7,17,1,5.0,1,1,24,45707.0,1,1,1,1,1,11.0,548484.0,125.4,1
46,1,129909.0,1,50.5,1.0,2,6,1,1,3.0,1,1,7,64954.5,1,1,1,1,1,3.9999999999999996,519636.0,101.0,1
60,1,124067.0,0,40.2,2.0,1,1,1,1,4.0,1,1,2,41355.666666666664,1,1,1,1,1,1.0,620335.0,80.4,1
30,0,128676.0,2,48.0,2.0,3,8,19,1,3.0,1,1,27,42892.0,1,1,1,1,1,12.4,514704.0,96.0,0
67,0,74766.0,2,37.7,2.0,2,6,16,0,3.0,1,1,22,24922.0,0,1,1,0,1,10.0,299064.0,75.4,0
43,1,125372.0,2,26.2,2.0,0,9,9,0,4.0,0,1,18,41790.666666666664,0,1,1,0,0,9.0,626860.0,52.4,0
36,0,89096.0,1,16.6,3.0,2,5,7,1,2.0,1,1,12,22274.0,0,0,1,1,1,5.800000000000001,267288.0,33.2,0
47,0,99586.0,1,5.0,3.5,1,7,9,1,4.0,1,1,16,22130.222222222223,0,1,1,1,1,7.800000000000001,497930.0,10.0,0
66,0,89267.0,2,16.1,2.0,1,12,12,0,1.0,0,1,24,29755.666666666668,0,0,1,0,0,12.0,178534.0,32.2,0
59,1,30000.0,2,77.0,2.0,2,8,3,0,2.0,0,1,11,10000.0,1,0,1,0,0,6.0,90000.0,154.0,0
33,0,100710.0,2,13.8,1.0,1,7,17,0,4.0,0,1,24,50355.0,0,1,1,0,0,11.0,503550.0,27.6,0
34,1,30000.0,2,60.1,2.0,1,3,17,0,4.0,1,1,20,10000.0,1,1,1,0,1,8.600000000000001,150000.0,120.2,0
56,1,106276.0,0,41.2,1.0,2,0,3,1,4.0,0,1,3,53138.0,1,1,1,1,0,1.2000000000000002,531380.0,82.4,0
57,0,143025.0,2,5.0,2.0,2,9,8,0,3.0,1,1,17,47675.0,0,1,1,0,1,8.6,572100.0,10.0,1
65,0,70189.0,2,68.5,2.0,1,11,13,0,1.0,0,1,24,23396.333333333332,1,0,1,0,0,11.8,140378.0,137.0,0
29,0,115447.0,1,67.8,3.5,2,1,8,0,3.0,1,1,9,25654.88888888889,1,1,1,0,1,3.8000000000000003,461788.0,135.6,0
61,1,85833.0,0,62.8,2.0,2,0,3,1,4.0,1,1,3,28611.0,1,1,1,1,1,1.2000000000000002,429165.0,125.6,0
59,1,30000.0,0,36.5,1.0,1,1,2,1,2.0,1,1,3,15000.0,0,0,1,1,1,1.4,90000.0,73.0,0
67,1,115325.0,0,56.5,1.0,2,1,2,1,5.0,0,1,3,57662.5,1,1,1,1,0,1.4,691950.0,113.0,1
59,1,78840.0,1,5.0,1.0,1,0,7,1,1.0,0,1,7,39420.0,0,0,1,1,0,2.8000000000000003,157680.0,10.0,0
67,0,84535.0,1,67.7,1.0,2,4,8,1,3.0,1,1,12,42267.5,1,1,1,1,1,5.6,338140.0,135.4,0
42,1,143524.0,1,10.1,3.0,2,0,9,1,5.0,1,1,9,35881.0,0,1,1,1,1,3.6,861144.0,20.2,0
33,0,81264.0,0,62.8,1.0,2,0,0,1,5.0,1,1,0,40632.0,1,1,1,1,1,0.0,487584.0,125.6,1
61,0,100480.0,1,81.9,2.0,1,4,5,1,2.0,1,1,9,33493.333333333336,1,0,1,1,1,4.4,301440.0,163.8,1
56,0,160553.0,2,5.0,1.0,1,4,3,1,3.0,0,1,7,80276.5,0,1,1,1,0,3.6,642212.0,10.0,0
44,1,30000.0,2,77.2,2.0,1,7,8,0,3.0,1,1,15,10000.0,1,1,1,0,1,7.4,120000.0,154.4,0
38,1,116212.0,1,31.7,1.0,2,1,4,1,4.0,1,1,5,58106.0,0,1,1,1,1,2.2,581060.0,63.4,1
60,1,57865.0,2,37.2,2.0,0,6,8,1,5.0,1,1,14,19288.333333333332,0,1,1,1,1,6.8,347190.0,74.4,1
39,0,142385.0,2,25.9,1.0,1,10,8,1,1.0,1,1,18,71192.5,0,0,1,1,1,9.2,284770.0,51.8,1
31,0,70492.0,2,57.7,2.0,1,14,8,0,5.0,0,1,22,23497.333333333332,1,1,1,0,0,11.600000000000001,422952.0,115.4,0
68,0,107091.0,2,41.6,2.0,2,12,5,0,2.0,1,1,17,35697.0,1,0,1,0,1,9.2,321273.0,83.2,0
69,0,130680.0,1,49.7,3.5,1,3,8,1,4.0,1,1,11,29040.0,1,1,1,1,1,5.0,653400.0,99.4,1
49,1,76862.0,1,50.4,1.0,1,6,1,1,1.0,1,1,7,38431.0,1,0,1,1,1,3.9999999999999996,153724.0,100.8,0
56,1,105005.0,0,72.3,1.0,2,2,2,1,1.0,1,1,4,52502.5,1,0,1,1,1,2.0,210010.0,144.6,0
34,0,115005.0,0,96.6,2.0,2,1,0,0,1.0,0,1,1,38335.0,1,0,1,0,0,0.6,230010.0,193.2,0
56,2,98809.0,2,33.0,3.0,2,2,13,1,4.0,0,1,15,24702.25,0,1,1,1,0,6.4,494045.0,66.0,0
37,1,124192.0,2,26.9,1.0,1,4,12,1,3.0,0,1,16,62096.0,0,1,1,1,0,7.200000000000001,496768.0,53.8,0
36,0,92180.0,2,23.3,3.0,1,4,12,1,1.0,0,1,16,23045.0,0,0,1,1,0,7.200000000000001,184360.0,46.6,0
50,0,44559.0,2,24.2,1.0,2,13,13,0,1.0,0,1,26,22279.5,0,0,1,0,0,13.0,89118.0,48.4,0
46,0,38250.0,1,21.0,2.0,2,3,2,0,2.0,1,1,5,12750.0,0,0,1,0,1,2.5999999999999996,114750.0,42.0,0
46,1,33790.0,1,46.5,1.0,2,5,7,1,4.0,1,1,12,16895.0,1,1,1,1,1,5.800000000000001,168950.0,93.0,0
38,1,30853.0,2,40.2,2.0,1,8,11,1,1.0,1,1,19,10284.333333333334,1,0,1,1,1,9.2,61706.0,80.4,0
29,0,113935.0,1,30.2,3.0,2,2,6,1,1.0,1,1,8,28483.75,0,0,1,1,1,3.6000000000000005,227870.0,60.4,0
44,0,84708.0,1,35.4,2.0,2,5,6,1,1.0,1,1,11,28236.0,0,0,1,1,1,5.4,169416.0,70.8,0
27,1,105955.0,2,71.2,1.0,2,5,8,0,3.0,1,1,13,52977.5,1,1,1,0,1,6.2,423820.0,142.4,0
31,1,86137.0,1,11.8,2.0,1,2,3,0,5.0,1,1,5,28712.333333333332,0,1,1,0,1,2.4000000000000004,516822.0,23.6,1
34,1,86418.0,2,18.6,1.0,0,8,7,0,4.0,0,1,15,43209.0,0,1,1,0,0,7.6,432090.0,37.2,0
52,0,142796.0,1,42.5,1.0,1,6,8,1,3.0,0,1,14,71398.0,1,1,1,1,0,6.8,571184.0,85.0,0
60,1,78168.0,0,57.7,3.0,0,0,0,1,2.0,1,1,0,19542.0,1,0,1,1,1,0.0,234504.0,115.4,0
58,1,41635.0,2,40.2,2.0,2,14,12,0,4.0,1,1,26,13878.333333333334,1,1,1,0,1,13.200000000000001,208175.0,80.4,1
67,0,83086.0,0,76.2,1.0,1,1,3,0,5.0,0,1,4,41543.0,1,1,1,0,0,1.8000000000000003,498516.0,152.4,0
58,0,102030.0,2,30.9,3.0,2,3,9,0,4.0,1,1,12,25507.5,0,1,1,0,1,5.4,510150.0,61.8,0
54,1,107852.0,2,69.6,1.0,3,3,17,1,2.0,0,1,20,53926.0,1,0,1,1,0,8.600000000000001,323556.0,139.2,0
64,1,63194.0,1,32.0,1.0,3,5,3,1,3.0,1,1,8,31597.0,0,1,1,1,1,4.2,252776.0,64.0,1
25,1,88616.0,2,22.5,3.0,2,11,9,0,5.0,1,1,20,22154.0,0,1,1,0,1,10.2,531696.0,45.0,0
66,0,61337.0,1,16.1,1.0,0,0,1,0,4.0,1,1,1,30668.5,0,1,1,0,1,0.4,306685.0,32.2,0
26,0,88726.0,2,64.4,1.0,0,8,3,1,3.0,1,1,11,44363.0,1,1,1,1,1,6.0,354904.0,128.8,1
42,1,133964.0,0,77.2,2.0,2,1,1,1,1.0,1,1,2,44654.666666666664,1,0,1,1,1,1.0,267928.0,154.4,0
32,1,166791.0,2,5.0,1.0,2,13,4,0,2.0,1,1,17,83395.5,0,0,1,0,1,9.4,500373.0,10.0,0
68,0,64488.0,0,91.4,2.0,2,2,0,1,3.0,1,1,2,21496.0,1,1,1,1,1,1.2,257952.0,182.8,0
26,1,74923.0,1,5.0,1.0,2,2,6,1,3.0,1,1,8,37461.5,0,1,1,1,1,3.6000000000000005,299692.0,10.0,1
48,1,84205.0,2,31.3,2.0,0,5,17,1,5.0,1,1,22,28068.333333333332,0,1,1,1,1,9.8,505230.0,62.6,1
65,1,57948.0,1,11.2,2.0,1,2,8,1,2.0,1,1,10,19316.0,0,0,1,1,1,4.4,173844.0,22.4,0
41,2,44021.0,2,36.1,1.0,2,8,11,0,5.0,1,1,19,22010.5,0,1,1,0,1,9.2,264126.0,72.2,0
51,1,110516.0,2,60.9,2.0,3,9,11,1,3.0,1,1,20,36838.666666666664,1,1,1,1,1,9.8,442064.0,121.8,1
62,1,119658.0,1,47.3,3.0,2,5,3,0,5.0,1,1,8,29914.5,1,1,1,0,1,4.2,717948.0,94.6,1
59,0,86664.0,2,8.5,1.0,1,9,16,0,3.0,1,1,25,43332.0,0,1,1,0,1,11.8,346656.0,17.0,1
28,1,55313.0,2,40.2,3.0,2,13,13,0,2.0,0,1,26,13828.25,1,0,1,0,0,13.0,165939.0,80.4,0
38,2,41432.0,2,29.2,1.0,3,9,4,0,3.0,1,1,13,20716.0,0,1,1,0,1,7.0,165728.0,58.4,1
45,1,99265.0,2,5.0,3.5,2,14,4,0,3.0,1,1,18,22058.88888888889,0,1,1,0,1,10.0,397060.0,10.0,0
25,1,69235.0,0,40.4,1.0,2,2,3,1,5.0,1,1,5,34617.5,1,1,1,1,1,2.4000000000000004,415410.0,80.8,0
62,0,50983.0,1,32.1,3.0,1,1,7,0,3.0,0,1,8,12745.75,0,1,1,0,0,3.4000000000000004,203932.0,64.2,0
54,0,74056.0,2,29.5,3.0,2,7,15,0,2.0,0,1,22,18514.0,0,0,1,0,0,10.2,222168.0,59.0,0
50,1,84708.0,1,35.6,1.0,2,6,7,1,4.0,1,1,13,42354.0,0,1,1,1,1,6.4,423540.0,71.2,1
42,1,132822.0,1,59.8,1.0,1,7,7,1,5.0,0,1,14,66411.0,1,1,1,1,0,7.0,796932.0,119.6,0
47,0,154839.0,2,57.7,1.0,2,7,7,0,3.0,1,1,14,77419.5,1,1,1,0,1,7.0,619356.0,115.4,0
68,0,97077.0,1,71.8,1.0,2,0,1,1,1.0,1,1,1,48538.5,1,0,1,1,1,0.4,194154.0,143.6,0
64,1,119928.0,1,48.1,1.0,2,5,3,0,5.0,0,1,8,59964.0,1,1,1,0,0,4.2,719568.0,96.2,0
56,2,98424.0,2,62.2,2.0,1,9,12,0,5.0,0,1,21,32808.0,1,1,1,0,0,10.2,590544.0,124.4,1
60,2,79150.0,1,21.3,2.0,1,1,1,1,4.0,0,1,2,26383.333333333332,0,1,1,1,0,1.0,395750.0,42.6,0
68,1,73311.0,2,76.0,1.0,2,8,16,0,3.0,1,1,24,36655.5,1,1,1,0,1,11.2,293244.0,152.0,0
44,1,55805.0,2,12.6,2.0,1,6,7,1,5.0,1,1,13,18601.666666666668,0,1,1,1,1,6.4,334830.0,25.2,1
32,1,141034.0,2,33.5,1.0,3,3,16,1,5.0,0,1,19,70517.0,0,1,1,1,0,8.2,846204.0,67.0,1
33,1,32791.0,1,24.9,1.0,0,2,1,0,5.0,1,1,3,16395.5,0,1,1,0,1,1.6,196746.0,49.8,0
36,2,68598.0,2,49.7,2.0,2,2,9,0,3.0,0,1,11,22866.0,1,1,1,0,0,4.8,274392.0,99.4,0
51,0,89340.0,0,40.2,2.0,2,0,1,0,5.0,0,1,1,29780.0,1,1,1,0,0,0.4,536040.0,80.4,0
61,1,73536.0,0,30.6,1.0,2,2,0,1,1.0,1,1,2,36768.0,0,0,1,1,1,1.2,147072.0,61.2,0
27,0,84708.0,0,47.1,2.0,3,0,3,0,5.0,1,1,3,28236.0,1,1,1,0,1,1.2000000000000002,508248.0,94.2,1
41,1,105025.0,1,28.0,1.0,1,3,7,1,5.0,0,1,10,52512.5,0,1,1,1,0,4.6,630150.0,56.0,0
25,1,119512.0,1,27.3,2.0,1,5,7,1,5.0,1,1,12,39837.333333333336,0,1,1,1,1,5.800000000000001,717072.0,54.6,1
33,1,132284.0,2,43.4,1.0,1,13,8,0,5.0,1,1,21,66142.0,1,1,1,0,1,11.0,793704.0,86.8,1
40,0,86077.0,2,27.5,2.0,2,8,9,0,3.0,0,1,17,28692.333333333332,0,1,1,0,0,8.4,344308.0,55.0,0
26,1,66522.0,1,57.2,1.0,3,3,8,1,1.0,1,1,11,33261.0,1,0,1,1,1,5.0,133044.0,114.4,0
26,1,131444.0,1,73.4,3.0,2,3,5,0,3.0,0,1,8,32861.0,1,1,1,0,0,3.8,525776.0,146.8,0
67,2,116365.0,2,59.5,1.0,2,10,13,1,1.0,1,1,23,58182.5,1,0,1,1,1,11.2,232730.0,119.0,0
53,0,92776.0,1,32.3,1.0,2,6,4,1,4.0,1,1,10,46388.0,0,1,1,1,1,5.199999999999999,463880.0,64.6,1
51,0,82696.0,2,38.6,2.0,1,7,12,1,5.0,1,1,19,27565.333333333332,0,1,1,1,1,9.0,496176.0,77.2,1
65,1,50509.0,0,5.0,1.0,3,1,2,0,1.0,0,1,3,25254.5,0,0,1,0,0,1.4,101018.0,10.0,0
60,1,128128.0,1,62.8,2.0,2,5,3,1,4.0,1,1,8,42709.333333333336,1,1,1,1,1,4.2,640640.0,125.6,0
46,1,112352.0,0,32.0,3.0,3,0,0,1,4.0,1,1,0,28088.0,0,1,1,1,1,0.0,561760.0,64.0,1
48,0,74656.0,2,41.2,2.0,2,6,14,0,1.0,0,1,20,24885.333333333332,1,0,1,0,0,9.2,149312.0,82.4,0
25,1,43012.0,0,84.6,2.0,2,1,0,1,3.0,1,1,1,14337.333333333334,1,1,1,1,1,0.6,172048.0,169.2,0
45,1,63341.0,2,63.7,1.0,1,10,8,0,3.0,0,1,18,31670.5,1,1,1,0,0,9.2,253364.0,127.4,0
46,0,63869.0,2,34.3,3.0,1,8,11,1,1.0,0,1,19,15967.25,0,0,1,1,0,9.2,127738.0,68.6,0
68,0,30000.0,0,54.2,2.0,1,1,3,1,4.0,0,1,4,10000.0,1,1,1,1,0,1.8000000000000003,150000.0,108.4,0
62,0,110160.0,1,57.1,1.0,2,1,8,1,4.0,1,1,9,55080.0,1,1,1,1,1,3.8000000000000003,550800.0,114.2,0
50,1,85853.0,1,23.6,1.0,1,2,5,1,3.0,0,1,7,42926.5,0,1,1,1,0,3.2,343412.0,47.2,0
57,1,30000.0,2,45.7,2.0,2,6,11,1,3.0,1,1,17,10000.0,1,1,1,1,1,8.0,120000.0,91.4,0
27,0,30983.0,1,5.0,2.0,1,2,8,1,2.0,1,1,10,10327.666666666666,0,0,1,1,1,4.4,92949.0,10.0,0
27,0,30000.0,0,10.0,1.0,1,2,2,1,3.0,0,1,4,15000.0,0,1,1,1,0,2.0,120000.0,20.0,0
66,1,98477.0,2,53.3,3.5,2,10,5,0,3.0,1,1,15,21883.777777777777,1,1,1,0,1,8.0,393908.0,106.6,0
27,1,114772.0,1,47.8,1.0,1,0,5,1,4.0,1,1,5,57386.0,1,1,1,1,1,2.0,573860.0,95.6,1
25,0,60748.0,0,72.9,2.0,1,0,0,1,1.0,1,1,0,20249.333333333332,1,0,1,1,1,0.0,121496.0,145.8,0
51,1,130693.0,1,63.1,2.0,2,4,4,0,3.0,0,1,8,43564.333333333336,1,1,1,0,0,4.0,522772.0,126.2,0
51,1,57369.0,2,63.5,1.0,2,13,3,0,1.0,1,1,16,28684.5,1,0,1,0,1,9.0,114738.0,127.0,0
31,1,147931.0,1,29.4,2.0,1,0,9,1,5.0,0,1,9,49310.333333333336,0,1,1,1,0,3.6,887586.0,58.8,0
68,1,78569.0,1,43.9,2.0,1,5,9,0,3.0,0,1,14,26189.666666666668,1,1,1,0,0,6.6,314276.0,87.8,0
63,0,30000.0,1,71.0,2.0,2,2,9,1,5.0,0,1,11,10000.0,1,1,1,1,0,4.8,180000.0,142.0,0
50,1,84708.0,1,33.5,1.0,1,7,7,1,5.0,1,1,14,42354.0,0,1,1,1,1,7.0,508248.0,67.0,1
55,0,132225.0,2,25.8,2.0,1,12,5,0,2.0,0,1,17,44075.0,0,0,1,0,0,9.2,396675.0,51.6,0
45,0,84708.0,2,22.4,2.0,1,5,7,0,2.0,1,1,12,28236.0,0,0,1,0,1,5.800000000000001,254124.0,44.8,0
45,1,116173.0,2,41.7,1.0,2,11,6,1,2.0,1,1,17,58086.5,1,0,1,1,1,9.0,348519.0,83.4,1
45,0,75499.0,1,34.3,2.0,0,6,5,0,1.0,1,1,11,25166.333333333332,0,0,1,0,1,5.6,150998.0,68.6,0
34,1,30000.0,1,53.7,3.0,1,3,9,1,2.0,1,1,12,7500.0,1,0,1,1,1,5.4,90000.0,107.4,0
32,0,127707.0,2,43.8,2.0,1,5,9,1,5.0,1,1,14,42569.0,1,1,1,1,1,6.6,766242.0,87.6,1
27,1,76289.0,2,46.6,1.0,3,4,12,0,5.0,1,1,16,38144.5,1,1,1,0,1,7.200000000000001,457734.0,93.2,0
64,0,51954.0,2,31.3,2.0,1,9,5,0,2.0,0,1,14,17318.0,0,0,1,0,0,7.3999999999999995,155862.0,62.6,0
61,1,52956.0,2,56.1,2.0,1,12,3,0,2.0,1,1,15,17652.0,1,0,1,0,1,8.399999999999999,158868.0,112.2,0
63,1,138567.0,1,65.3,2.0,2,2,8,1,4.0,0,1,10,46189.0,1,1,1,1,0,4.4,692835.0,130.6,0
42,1,85159.0,1,74.2,2.0,1,5,1,0,3.0,1,1,6,28386.333333333332,1,1,1,0,1,3.4,340636.0,148.4,0
26,0,41411.0,2,40.1,1.0,1,12,12,0,4.0,1,1,24,20705.5,0,1,1,0,1,12.0,207055.0,80.2,0
30,1,83810.0,1,45.8,1.0,1,2,5,1,1.0,0,1,7,41905.0,1,0,1,1,0,3.2,167620.0,91.6,0
32,1,57995.0,2,60.4,2.0,0,2,6,1,2.0,1,1,8,19331.666666666668,1,0,1,1,1,3.6000000000000005,173985.0,120.8,0
43,1,30000.0,1,32.7,2.0,1,4,8,1,4.0,1,1,12,10000.0,0,1,1,1,1,5.6,150000.0,65.4,0
34,1,111775.0,1,55.7,3.5,2,1,3,1,5.0,0,1,4,24838.88888888889,1,1,1,1,0,1.8000000000000003,670650.0,111.4,0
54,0,78800.0,2,40.5,2.0,2,10,11,0,1.0,0,1,21,26266.666666666668,1,0,1,0,0,10.4,157600.0,81.0,0
30,0,54469.0,0,90.4,1.0,2,2,1,0,4.0,1,1,3,27234.5,1,1,1,0,1,1.6,272345.0,180.8,0
52,1,90977.0,1,36.6,1.0,3,0,3,1,3.0,1,1,3,45488.5,0,1,1,1,1,1.2000000000000002,363908.0,73.2,0
61,0,48171.0,1,50.6,3.0,2,3,6,1,2.0,0,1,9,12042.75,1,0,1,1,0,4.2,144513.0,101.2,0
52,0,99767.0,2,60.8,2.0,0,4,10,0,5.0,1,1,14,33255.666666666664,1,1,1,0,1,6.4,598602.0,121.6,1
67,0,83859.0,2,9.9,1.0,1,6,19,0,3.0,1,1,25,41929.5,0,1,1,0,1,11.2,335436.0,19.8,0
39,0,104216.0,1,25.7,2.0,2,7,3,1,3.0,1,1,10,34738.666666666664,0,1,1,1,1,5.4,416864.0,51.4,0
46,1,61996.0,0,5.0,1.0,1,2,1,1,1.0,1,1,3,30998.0,0,0,1,1,1,1.6,123992.0,10.0,0
40,1,67817.0,1,32.9,2.0,2,3,8,1,4.0,0,1,11,22605.666666666668,0,1,1,1,0,5.0,339085.0,65.8,0
58,1,57993.0,2,5.0,3.0,0,14,4,0,1.0,1,1,18,14498.25,0,0,1,0,1,10.0,115986.0,10.0,0
66,1,73225.0,2,21.0,2.0,3,9,9,1,3.0,0,1,18,24408.333333333332,0,1,1,1,0,9.0,292900.0,42.0,0
35,0,88155.0,1,55.2,2.0,2,5,9,1,5.0,0,1,14,29385.0,1,1,1,1,0,6.6,528930.0,110.4,0
57,0,133026.0,1,27.7,1.0,1,7,5,1,5.0,1,1,12,66513.0,0,1,1,1,1,6.2,798156.0,55.4,1
50,0,54065.0,1,53.1,3.0,2,0,6,1,4.0,0,1,6,13516.25,1,1,1,1,0,2.4000000000000004,270325.0,106.2,0
53,0,80728.0,0,31.8,1.0,0,2,3,1,3.0,0,1,5,40364.0,0,1,1,1,0,2.4000000000000004,322912.0,63.6,0
34,1,90469.0,1,47.2,2.0,0,2,3,0,4.0,1,1,5,30156.333333333332,1,1,1,0,1,2.4000000000000004,452345.0,94.4,1
59,1,74075.0,2,5.0,3.0,1,6,14,0,5.0,1,1,20,18518.75,0,1,1,0,1,9.2,444450.0,10.0,0
62,0,63813.0,1,8.1,2.0,1,0,6,0,2.0,0,1,6,21271.0,0,0,1,0,0,2.4000000000000004,191439.0,16.2,0
32,1,104581.0,2,17.3,1.0,0,9,4,0,1.0,1,1,13,52290.5,0,0,1,0,1,7.0,209162.0,34.6,0
41,1,77420.0,1,33.6,2.0,2,5,4,1,5.0,0,1,9,25806.666666666668,0,1,1,1,0,4.6,464520.0,67.2,0
50,0,51824.0,1,19.1,1.0,1,0,3,1,4.0,1,1,3,25912.0,0,1,1,1,1,1.2000000000000002,259120.0,38.2,0
43,2,58311.0,1,24.9,3.0,2,3,6,1,5.0,1,1,9,14577.75,0,1,1,1,1,4.2,349866.0,49.8,1
42,1,69572.0,2,78.0,1.0,0,3,19,0,3.0,1,1,22,34786.0,1,1,1,0,1,9.4,278288.0,156.0,0
33,0,81515.0,1,52.7,2.0,1,6,9,1,5.0,1,1,15,27171.666666666668,1,1,1,1,1,7.199999999999999,489090.0,105.4,0
65,1,92175.0,1,25.6,1.0,2,6,6,1,3.0,0,1,12,46087.5,0,1,1,1,0,6.0,368700.0,51.2,0
32,0,79532.0,2,41.9,2.0,0,11,6,1,1.0,0,1,17,26510.666666666668,1,0,1,1,0,9.0,159064.0,83.8,0
25,1,119596.0,1,5.0,1.0,2,1,2,1,4.0,0,1,3,59798.0,0,1,1,1,0,1.4,597980.0,10.0,0
50,0,66415.0,1,46.5,1.0,2,6,5,1,2.0,0,1,11,33207.5,1,0,1,1,0,5.6,199245.0,93.0,0
48,0,92789.0,2,50.7,3.0,2,10,4,1,3.0,0,1,14,23197.25,1,1,1,1,0,7.6,371156.0,101.4,0
49,0,63386.0,2,59.1,1.0,2,9,11,0,5.0,1,1,20,31693.0,1,1,1,0,1,9.8,380316.0,118.2,0
43,1,95263.0,1,40.2,2.0,1,6,9,1,2.0,1,1,15,31754.333333333332,1,0,1,1,1,7.199999999999999,285789.0,80.4,0
44,1,57360.0,1,5.0,2.0,0,0,7,1,5.0,0,1,7,19120.0,0,1,1,1,0,2.8000000000000003,344160.0,10.0,0
28,1,136888.0,2,49.4,2.0,1,9,10,0,5.0,1,1,19,45629.333333333336,1,1,1,0,1,9.399999999999999,821328.0,98.8,1
32,0,86491.0,2,18.4,1.0,2,7,6,0,2.0,1,1,13,43245.5,0,0,1,0,1,6.6000000000000005,259473.0,36.8,0
42,0,48279.0,0,28.3,1.0,1,0,2,1,1.0,0,1,2,24139.5,0,0,1,1,0,0.8,96558.0,56.6,0
67,1,106142.0,0,66.3,1.0,0,2,0,1,4.0,1,1,2,53071.0,1,1,1,1,1,1.2,530710.0,132.6,1
55,1,126651.0,1,12.4,2.0,0,3,5,1,1.0,1,1,8,42217.0,0,0,1,1,1,3.8,253302.0,24.8,0
50,2,108524.0,0,105.2,1.0,2,0,1,1,5.0,1,1,1,54262.0,1,1,1,1,1,0.4,651144.0,210.4,1
56,0,145814.0,2,5.0,1.0,2,7,12,0,5.0,1,1,19,72907.0,0,1,1,0,1,9.0,874884.0,10.0,0
33,1,41430.0,2,5.0,1.0,2,2,10,1,3.0,0,1,12,20715.0,0,1,1,1,0,5.2,165720.0,10.0,0
41,1,68649.0,2,59.4,2.0,1,4,17,0,1.0,1,1,21,22883.0,1,0,1,0,1,9.200000000000001,137298.0,118.8,0
39,1,38604.0,0,39.9,2.0,1,2,1,1,5.0,0,1,3,12868.0,0,1,1,1,0,1.6,231624.0,79.8,0
48,0,91454.0,2,5.0,1.0,2,10,12,1,1.0,1,1,22,45727.0,0,0,1,1,1,10.8,182908.0,10.0,0
61,1,35654.0,2,84.6,2.0,2,3,9,1,5.0,0,1,12,11884.666666666666,1,1,1,1,0,5.4,213924.0,169.2,0
35,1,78851.0,2,66.7,2.0,2,5,13,0,3.0,1,1,18,26283.666666666668,1,1,1,0,1,8.2,315404.0,133.4,0
31,0,53193.0,2,59.5,2.0,1,13,17,1,5.0,0,1,30,17731.0,1,1,1,1,0,14.600000000000001,319158.0,119.0,0
44,1,99969.0,2,10.9,2.0,1,3,4,0,2.0,0,1,7,33323.0,0,0,1,0,0,3.4,299907.0,21.8,0
50,0,103158.0,0,22.5,2.0,2,0,3,1,4.0,0,1,3,34386.0,0,1,1,1,0,1.2000000000000002,515790.0,45.0,0
39,0,64384.0,1,46.0,3.5,2,1,7,1,3.0,1,1,8,14307.555555555555,1,1,1,1,1,3.4000000000000004,257536.0,92.0,0
26,0,73009.0,2,51.0,1.0,0,2,7,0,3.0,1,1,9,36504.5,1,1,1,0,1,4.0,292036.0,102.0,0
39,0,111941.0,2,43.8,1.0,1,10,15,1,3.0,1,1,25,55970.5,1,1,1,1,1,12.0,447764.0,87.6,0
64,1,88778.0,1,55.1,2.0,2,2,7,1,4.0,0,1,9,29592.666666666668,1,1,1,1,0,4.0,443890.0,110.2,0
61,1,73452.0,1,25.1,3.0,0,4,2,1,4.0,1,1,6,18363.0,0,1,1,1,1,3.2,367260.0,50.2,0
41,1,87561.0,2,5.0,1.0,2,5,9,1,5.0,1,1,14,43780.5,0,1,1,1,1,6.6,525366.0,10.0,1
58,0,143670.0,2,42.8,2.0,2,9,18,0,3.0,1,1,27,47890.0,1,1,1,0,1,12.6,574680.0,85.6,0
27,1,99619.0,1,48.2,2.0,1,5,8,1,3.0,1,1,13,33206.333333333336,1,1,1,1,1,6.2,398476.0,96.4,0
42,1,103550.0,1,47.1,2.0,2,6,6,1,3.0,1,1,12,34516.666666666664,1,1,1,1,1,6.0,414200.0,94.2,0
48,1,79348.0,2,29.7,2.0,1,10,11,1,1.0,0,1,21,26449.333333333332,0,0,1,1,0,10.4,158696.0,59.4,0
60,0,49986.0,0,19.5,2.0,1,1,1,1,3.0,1,1,2,16662.0,0,1,1,1,1,1.0,199944.0,39.0,0
42,0,35294.0,2,40.2,1.0,1,2,17,1,3.0,1,1,19,17647.0,1,1,1,1,1,8.0,141176.0,80.4,0
50,1,87365.0,1,31.1,2.0,1,1,8,1,5.0,0,1,9,29121.666666666668,0,1,1,1,0,3.8000000000000003,524190.0,62.2,0
43,0,108989.0,0,50.1,3.0,3,1,0,1,1.0,0,1,1,27247.25,1,0,1,1,0,0.6,217978.0,100.2,0
30,1,144795.0,2,5.0,1.0,1,14,8,1,1.0,1,1,22,72397.5,0,0,1,1,1,11.600000000000001,289590.0,10.0,0
46,1,49390.0,1,12.5,1.0,1,2,4,1,4.0,1,1,6,24695.0,0,1,1,1,1,2.8,246950.0,25.0,0
52,1,113116.0,0,5.0,2.0,2,2,0,1,5.0,1,1,2,37705.333333333336,0,1,1,1,1,1.2,678696.0,10.0,1
45,1,73151.0,0,92.1,2.0,2,2,2,1,4.0,0,1,4,24383.666666666668,1,1,1,1,0,2.0,365755.0,184.2,0
55,0,30000.0,2,5.0,1.0,1,6,9,0,1.0,1,1,15,15000.0,0,0,1,0,1,7.199999999999999,60000.0,10.0,0
45,1,96259.0,2,44.0,1.0,1,14,15,1,1.0,1,1,29,48129.5,1,0,1,1,1,14.4,192518.0,88.0,0
28,1,102946.0,0,44.7,1.0,2,2,2,1,1.0,1,1,4,51473.0,1,0,1,1,1,2.0,205892.0,89.4,0
66,0,58937.0,2,14.0,2.0,1,10,16,1,1.0,1,1,26,19645.666666666668,0,0,1,1,1,12.4,117874.0,28.0,0
26,2,89280.0,1,53.1,2.0,2,1,4,1,4.0,1,1,5,29760.0,1,1,1,1,1,2.2,446400.0,106.2,0
67,1,154369.0,1,58.5,1.0,1,4,7,1,2.0,1,1,11,77184.5,1,0,1,1,1,5.2,463107.0,117.0,0
64,0,92319.0,2,11.1,1.0,2,3,17,0,1.0,1,1,20,46159.5,0,0,1,0,1,8.600000000000001,184638.0,22.2,0
40,1,138132.0,2,89.6,2.0,0,13,15,1,3.0,1,1,28,46044.0,1,1,1,1,1,13.8,552528.0,179.2,1
58,0,58127.0,2,40.8,1.0,1,10,15,1,2.0,1,1,25,29063.5,1,0,1,1,1,12.0,174381.0,81.6,0
31,0,57546.0,2,53.9,2.0,1,6,17,0,3.0,1,1,23,19182.0,1,1,1,0,1,10.4,230184.0,107.8,0
29,0,30000.0,2,40.2,1.0,2,11,7,0,3.0,0,1,18,15000.0,1,1,1,0,0,9.4,120000.0,80.4,0
35,2,45031.0,2,37.9,1.0,1,9,3,0,1.0,0,1,12,22515.5,0,0,1,0,0,6.6,90062.0,75.8,0
32,1,101119.0,1,5.0,2.0,3,0,9,1,4.0,0,1,9,33706.333333333336,0,1,1,1,0,3.6,505595.0,10.0,0
65,1,61670.0,2,65.5,3.0,1,13,7,0,1.0,1,1,20,15417.5,1,0,1,0,1,10.6,123340.0,131.0,0
52,1,79415.0,1,28.5,2.0,3,3,4,1,4.0,1,1,7,26471.666666666668,0,1,1,1,1,3.4,397075.0,57.0,0
31,1,30863.0,0,38.7,2.0,2,1,0,1,1.0,0,1,1,10287.666666666666,0,0,1,1,0,0.6,61726.0,77.4,0
49,1,78348.0,2,26.7,1.0,2,7,13,0,5.0,1,1,20,39174.0,0,1,1,0,1,9.4,470088.0,53.4,1
38,0,79245.0,0,73.7,1.0,1,0,0,1,2.0,0,1,0,39622.5,1,0,1,1,0,0.0,237735.0,147.4,0
40,1,79670.0,2,54.0,2.0,2,7,10,0,1.0,1,1,17,26556.666666666668,1,0,1,0,1,8.2,159340.0,108.0,0
59,0,39396.0,1,6.9,1.0,1,2,4,1,5.0,1,1,6,19698.0,0,1,1,1,1,2.8,236376.0,13.8,0
40,0,82945.0,2,65.8,1.0,1,13,8,0,2.0,1,1,21,41472.5,1,0,1,0,1,11.0,248835.0,131.6,0
28,0,119054.0,1,19.7,1.0,0,5,2,0,1.0,1,1,7,59527.0,0,0,1,0,1,3.8,238108.0,39.4,0
43,1,84708.0,2,32.8,1.0,2,3,12,0,4.0,1,1,15,42354.0,0,1,1,0,1,6.6000000000000005,423540.0,65.6,0
59,0,114057.0,2,22.5,1.0,2,9,13,0,5.0,1,1,22,57028.5,0,1,1,0,1,10.6,684342.0,45.0,1
57,1,80222.0,2,79.7,1.0,1,8,11,0,3.0,1,1,19,40111.0,1,1,1,0,1,9.2,320888.0,159.4,0
46,1,85469.0,2,20.8,2.0,2,13,19,0,4.0,0,1,32,28489.666666666668,0,1,1,0,0,15.4,427345.0,41.6,0
42,0,92830.0,2,9.0,1.0,1,7,9,0,5.0,0,1,16,46415.0,0,1,1,0,0,7.800000000000001,556980.0,18.0,0
68,0,69432.0,0,74.0,1.0,2,2,2,1,3.0,1,1,4,34716.0,1,1,1,1,1,2.0,277728.0,148.0,0
40,0,92369.0,1,32.2,2.0,0,2,2,1,1.0,0,1,4,30789.666666666668,0,0,1,1,0,2.0,184738.0,64.4,0
35,1,134829.0,2,60.8,3.0,2,2,12,1,4.0,0,1,14,33707.25,1,1,1,1,0,6.000000000000001,674145.0,121.6,0
48,0,30000.0,2,68.1,2.0,3,10,4,0,5.0,1,1,14,10000.0,1,1,1,0,1,7.6,180000.0,136.2,0
67,2,81622.0,2,5.0,1.0,2,4,11,1,5.0,1,1,15,40811.0,0,1,1,1,1,6.800000000000001,489732.0,10.0,1
68,0,60520.0,2,67.9,1.0,3,13,17,0,2.0,1,1,30,30260.0,1,0,1,0,1,14.600000000000001,181560.0,135.8,0
32,0,102042.0,1,52.2,1.0,1,2,7,1,1.0,0,1,9,51021.0,1,0,1,1,0,4.0,204084.0,104.4,0
44,0,133085.0,1,93.0,2.0,2,4,1,0,5.0,1,1,5,44361.666666666664,1,1,1,0,1,2.8,798510.0,186.0,1
34,2,84708.0,2,85.9,1.0,1,13,4,1,3.0,0,1,17,42354.0,1,1,1,1,0,9.4,338832.0,171.8,1
27,1,124186.0,2,70.3,1.0,1,5,9,0,3.0,1,1,14,62093.0,1,1,1,0,1,6.6,496744.0,140.6,0
69,1,134580.0,2,34.6,2.0,1,11,19,0,2.0,0,1,30,44860.0,0,0,1,0,0,14.2,403740.0,69.2,0
41,0,65478.0,2,87.6,3.0,1,5,7,0,1.0,0,1,12,16369.5,1,0,1,0,0,5.800000000000001,130956.0,175.2,0
58,1,89577.0,2,70.6,1.0,2,3,5,0,2.0,0,1,8,44788.5,1,0,1,0,0,3.8,268731.0,141.2,0
57,0,30000.0,2,32.7,2.0,1,11,19,0,3.0,0,1,30,10000.0,0,1,1,0,0,14.2,120000.0,65.4,0
57,1,44513.0,1,53.6,3.0,1,5,9,0,4.0,0,1,14,11128.25,1,1,1,0,0,6.6,222565.0,107.2,0
47,1,52167.0,2,10.1,3.5,2,10,6,0,5.0,0,1,16,11592.666666666666,0,1,1,0,0,8.4,313002.0,20.2,0
66,1,96704.0,2,44.6,1.0,2,3,18,0,2.0,1,1,21,48352.0,1,0,1,0,1,9.0,290112.0,89.2,0
27,0,88489.0,1,5.0,1.0,3,5,2,0,2.0,1,1,7,44244.5,0,0,1,0,1,3.8,265467.0,10.0,0
40,1,30000.0,2,48.2,2.0,3,6,16,0,4.0,1,1,22,10000.0,1,1,1,0,1,10.0,150000.0,96.4,0
43,1,81181.0,2,48.9,2.0,2,5,18,0,3.0,0,1,23,27060.333333333332,1,1,1,0,0,10.2,324724.0,97.8,0
55,1,121819.0,2,12.7,3.0,3,10,7,0,1.0,0,1,17,30454.75,0,0,1,0,0,8.8,243638.0,25.4,0
53,1,30000.0,0,71.6,2.0,1,1,1,1,1.0,1,1,2,10000.0,1,0,1,1,1,1.0,60000.0,143.2,0
50,0,139364.0,1,39.6,1.0,1,5,9,1,5.0,0,1,14,69682.0,0,1,1,1,0,6.6,836184.0,79.2,0
25,0,54743.0,1,5.0,2.0,1,6,5,1,2.0,1,1,11,18247.666666666668,0,0,1,1,1,5.6,164229.0,10.0,0
45,0,112458.0,2,46.9,1.0,1,12,11,1,2.0,1,1,23,56229.0,1,0,1,1,1,11.6,337374.0,93.8,0
65,1,30216.0,2,38.8,2.0,3,10,12,0,3.0,0,1,22,10072.0,0,1,1,0,0,10.8,120864.0,77.6,0
54,1,30000.0,0,50.5,1.0,2,2,2,1,1.0,1,1,4,15000.0,1,0,1,1,1,2.0,60000.0,101.0,0
47,1,59602.0,1,68.4,1.0,1,0,2,0,5.0,1,1,2,29801.0,1,1,1,0,1,0.8,357612.0,136.8,0
54,1,66417.0,1,28.7,2.0,2,4,7,1,1.0,0,1,11,22139.0,0,0,1,1,0,5.2,132834.0,57.4,0
55,1,113525.0,2,29.5,1.0,2,3,14,0,5.0,0,1,17,56762.5,0,1,1,0,0,7.4,681150.0,59.0,0
46,1,62633.0,0,106.35000000000001,2.0,1,0,0,1,5.0,0,1,0,20877.666666666668,1,1,1,1,0,0.0,375798.0,212.70000000000002,0
52,0,119120.0,2,15.1,2.0,1,3,4,0,1.0,0,1,7,39706.666666666664,0,0,1,0,0,3.4,238240.0,30.2,0
66,0,35867.0,0,28.7,1.0,3,2,1,1,3.0,0,1,3,17933.5,0,1,1,1,0,1.6,143468.0,57.4,0
26,1,77431.0,0,50.6,3.0,0,0,3,1,1.0,1,1,3,19357.75,1,0,1,1,1,1.2000000000000002,154862.0,101.2,0
59,1,100074.0,2,58.4,1.0,1,14,8,1,1.0,0,1,22,50037.0,1,0,1,1,0,11.600000000000001,200148.0,116.8,0
34,0,30000.0,2,5.0,3.0,2,10,11,1,1.0,1,1,21,7500.0,0,0,1,1,1,10.4,60000.0,10.0,0
66,0,112054.0,1,37.4,1.0,2,1,1,1,2.0,1,1,2,56027.0,0,0,1,1,1,1.0,336162.0,74.8,0
55,1,36523.0,2,37.1,1.0,0,11,15,1,5.0,0,1,26,18261.5,0,1,1,1,0,12.6,219138.0,74.2,0
68,0,91213.0,2,39.9,1.0,2,14,9,1,5.0,1,1,23,45606.5,0,1,1,1,1,12.0,547278.0,79.8,1
60,1,84681.0,2,9.8,3.5,1,5,15,1,2.0,0,1,20,18818.0,0,0,1,1,0,9.0,254043.0,19.6,0
66,1,109091.0,2,60.9,1.0,0,13,4,0,2.0,1,1,17,54545.5,1,0,1,0,1,9.4,327273.0,121.8,1
43,1,78357.0,2,5.0,2.0,2,3,12,1,3.0,1,1,15,26119.0,0,1,1,1,1,6.6000000000000005,313428.0,10.0,0
29,0,57728.0,2,21.2,2.0,2,14,6,0,1.0,0,1,20,19242.666666666668,0,0,1,0,0,10.8,115456.0,42.4,0
26,0,109717.0,2,8.0,1.0,2,5,14,1,1.0,1,1,19,54858.5,0,0,1,1,1,8.600000000000001,219434.0,16.0,0
65,0,94999.0,2,35.7,3.0,1,3,12,1,3.0,1,1,15,23749.75,0,1,1,1,1,6.6000000000000005,379996.0,71.4,0
34,1,48752.0,2,5.0,3.5,1,3,5,0,4.0,1,1,8,10833.777777777777,0,1,1,0,1,3.8,243760.0,10.0,0
40,0,84708.0,0,34.7,2.0,2,2,2,1,1.0,0,1,4,28236.0,0,0,1,1,0,2.0,169416.0,69.4,0
44,0,105426.0,2,14.8,3.0,1,10,11,0,5.0,0,1,21,26356.5,0,1,1,0,0,10.4,632556.0,29.6,0
48,1,38329.0,0,20.9,2.0,2,1,0,1,1.0,0,1,1,12776.333333333334,0,0,1,1,0,0.6,76658.0,41.8,0
28,0,84595.0,1,18.1,1.0,2,5,8,1,3.0,0,1,13,42297.5,0,1,1,1,0,6.2,338380.0,36.2,0
69,0,71635.0,2,54.4,3.5,2,4,11,1,4.0,1,1,15,15918.888888888889,1,1,1,1,1,6.800000000000001,358175.0,108.8,1
37,1,107750.0,2,58.7,2.0,2,4,19,1,5.0,1,1,23,35916.666666666664,1,1,1,1,1,10.0,646500.0,117.4,1
52,0,30000.0,2,19.9,2.0,2,2,6,1,4.0,1,1,8,10000.0,0,1,1,1,1,3.6000000000000005,150000.0,39.8,0
58,0,113362.0,2,56.5,2.0,2,14,15,0,3.0,0,1,29,37787.333333333336,1,1,1,0,0,14.4,453448.0,113.0,0
39,1,57397.0,2,51.6,3.0,1,2,15,1,2.0,0,1,17,14349.25,1,0,1,1,0,7.2,172191.0,103.2,0
31,1,88511.0,2,90.4,3.0,1,8,15,0,2.0,1,1,23,22127.75,1,0,1,0,1,10.8,265533.0,180.8,0
38,0,31599.0,0,5.0,3.5,0,2,2,1,4.0,0,1,4,7022.0,0,1,1,1,0,2.0,157995.0,10.0,0
31,0,119604.0,2,54.4,3.0,0,10,7,1,1.0,0,1,17,29901.0,1,0,1,1,0,8.8,239208.0,108.8,0
63,0,115355.0,2,30.3,3.0,2,4,3,0,5.0,0,1,7,28838.75,0,1,1,0,0,3.6,692130.0,60.6,0
44,1,149892.0,1,13.6,2.0,1,5,4,1,4.0,1,1,9,49964.0,0,1,1,1,1,4.6,749460.0,27.2,1
67,1,39955.0,1,5.0,1.0,2,4,7,1,3.0,0,1,11,19977.5,0,1,1,1,0,5.2,159820.0,10.0,0
45,1,107310.0,1,12.0,1.0,1,0,5,0,1.0,1,1,5,53655.0,0,0,1,0,1,2.0,214620.0,24.0,0
39,1,44875.0,2,20.7,1.0,0,4,15,0,4.0,1,1,19,22437.5,0,1,1,0,1,8.4,224375.0,41.4,0
46,1,126390.0,2,59.7,2.0,2,3,11,1,1.0,0,1,14,42130.0,1,0,1,1,0,6.2,252780.0,119.4,0
50,2,30041.0,1,7.4,2.0,0,7,7,1,1.0,1,1,14,10013.666666666666,0,0,1,1,1,7.0,60082.0,14.8,0
47,0,85473.0,2,43.1,3.5,3,6,14,0,2.0,0,1,20,18994.0,1,0,1,0,0,9.2,256419.0,86.2,0
49,0,122564.0,2,61.4,1.0,2,14,5,0,5.0,1,1,19,61282.0,1,1,1,0,1,10.4,735384.0,122.8,1
48,0,30000.0,2,33.9,1.0,0,10,14,1,1.0,1,1,24,15000.0,0,0,1,1,1,11.600000000000001,60000.0,67.8,0
43,0,81323.0,1,57.5,2.0,2,2,8,1,4.0,0,1,10,27107.666666666668,1,1,1,1,0,4.4,406615.0,115.0,0
34,0,86106.0,2,27.3,1.0,0,12,19,1,1.0,1,1,31,43053.0,0,0,1,1,1,14.8,172212.0,54.6,0
41,0,67141.0,1,42.0,3.0,0,5,2,1,4.0,1,1,7,16785.25,1,1,1,1,1,3.8,335705.0,84.0,0
67,1,96642.0,0,82.5,2.0,2,1,1,1,4.0,1,1,2,32214.0,1,1,1,1,1,1.0,483210.0,165.0,0
27,0,111765.0,2,5.0,1.0,2,11,3,1,3.0,0,1,14,55882.5,0,1,1,1,0,7.8,447060.0,10.0,0
48,1,118421.0,1,73.7,2.0,3,0,4,0,2.0,1,1,4,39473.666666666664,1,0,1,0,1,1.6,355263.0,147.4,0
25,0,120127.0,2,58.9,1.0,1,13,13,0,4.0,1,1,26,60063.5,1,1,1,0,1,13.0,600635.0,117.8,0
30,1,80872.0,2,43.7,2.0,1,7,4,1,2.0,0,1,11,26957.333333333332,1,0,1,1,0,5.800000000000001,242616.0,87.4,0
50,1,35228.0,2,61.0,1.0,1,2,9,0,5.0,0,1,11,17614.0,1,1,1,0,0,4.8,211368.0,122.0,0
42,1,130646.0,0,50.7,2.0,2,0,1,1,2.0,1,1,1,43548.666666666664,1,0,1,1,1,0.4,391938.0,101.4,0
50,1,88907.0,2,68.4,2.0,0,9,12,1,3.0,1,1,21,29635.666666666668,1,1,1,1,1,10.2,355628.0,136.8,0
53,1,124701.0,1,35.2,3.5,1,4,6,0,5.0,1,1,10,27711.333333333332,0,1,1,0,1,4.800000000000001,748206.0,70.4,1
26,0,102515.0,2,50.1,1.0,0,11,10,1,4.0,1,1,21,51257.5,1,1,1,1,1,10.6,512575.0,100.2,1
69,1,130896.0,0,27.8,3.5,0,0,2,1,2.0,0,1,2,29088.0,0,0,1,1,0,0.8,392688.0,55.6,0
50,1,65144.0,1,44.9,1.0,0,1,2,1,5.0,1,1,3,32572.0,1,1,1,1,1,1.4,390864.0,89.8,0
49,0,174521.0,2,63.8,1.0,2,5,10,0,5.0,1,1,15,87260.5,1,1,1,0,1,7.0,1047126.0,127.6,1
62,0,77247.0,2,5.0,2.0,0,10,7,0,3.0,1,1,17,25749.0,0,1,1,0,1,8.8,308988.0,10.0,0
68,1,79562.0,1,46.1,1.0,1,7,5,0,3.0,0,1,12,39781.0,1,1,1,0,0,6.2,318248.0,92.2,0
32,1,151125.0,2,5.0,1.0,1,14,12,0,4.0,0,1,26,75562.5,0,1,1,0,0,13.200000000000001,755625.0,10.0,0
65,1,140960.0,1,16.4,2.0,1,4,4,1,5.0,1,1,8,46986.666666666664,0,1,1,1,1,4.0,845760.0,32.8,1
69,1,142148.0,0,11.0,2.0,1,1,2,1,1.0,1,1,3,47382.666666666664,0,0,1,1,1,1.4,284296.0,22.0,1
42,0,44902.0,2,35.0,2.0,2,6,13,1,1.0,1,1,19,14967.333333333334,0,0,1,1,1,8.8,89804.0,70.0,0
64,1,100757.0,2,29.3,2.0,0,13,6,1,3.0,0,1,19,33585.666666666664,0,1,1,1,0,10.2,403028.0,58.6,0
69,0,115796.0,2,48.7,1.0,2,12,5,0,5.0,1,1,17,57898.0,1,1,1,0,1,9.2,694776.0,97.4,1
66,1,73678.0,1,10.2,1.0,3,3,4,0,3.0,0,1,7,36839.0,0,1,1,0,0,3.4,294712.0,20.4,0
25,1,84708.0,1,30.1,3.5,2,3,4,0,4.0,1,1,7,18824.0,0,1,1,0,1,3.4,423540.0,60.2,0
69,1,55848.0,0,36.0,2.0,2,2,3,1,4.0,1,1,5,18616.0,0,1,1,1,1,2.4000000000000004,279240.0,72.0,0
26,1,86474.0,0,12.6,1.0,1,1,3,1,5.0,1,1,4,43237.0,0,1,1,1,1,1.8000000000000003,518844.0,25.2,0
69,1,61293.0,2,62.8,1.0,2,6,17,0,4.0,0,1,23,30646.5,1,1,1,0,0,10.4,306465.0,125.6,0
68,0,96187.0,1,43.0,2.0,0,5,7,1,3.0,0,1,12,32062.333333333332,1,1,1,1,0,5.800000000000001,384748.0,86.0,0
34,1,54759.0,2,15.1,1.0,0,9,15,1,5.0,1,1,24,27379.5,0,1,1,1,1,11.399999999999999,328554.0,30.2,0
45,0,76218.0,2,21.7,1.0,2,8,8,1,5.0,0,1,16,38109.0,0,1,1,1,0,8.0,457308.0,43.4,0
65,0,91578.0,2,68.6,2.0,3,7,3,0,5.0,1,1,10,30526.0,1,1,1,0,1,5.4,549468.0,137.2,0
60,1,37423.0,2,14.0,1.0,3,14,19,0,1.0,1,1,33,18711.5,0,0,1,0,1,16.0,74846.0,28.0,0
26,1,66516.0,1,60.0,1.0,2,2,8,1,2.0,0,1,10,33258.0,1,0,1,1,0,4.4,199548.0,120.0,0
32,1,53989.0,2,10.2,2.0,1,9,15,1,4.0,0,1,24,17996.333333333332,0,1,1,1,0,11.399999999999999,269945.0,20.4,0
56,1,144619.0,2,41.8,3.0,3,11,6,0,2.0,0,1,17,36154.75,1,0,1,0,0,9.0,433857.0,83.6,0
66,1,87906.0,1,41.4,1.0,1,5,3,1,1.0,0,1,8,43953.0,1,0,1,1,0,4.2,175812.0,82.8,0
54,1,67069.0,2,59.6,1.0,2,12,11,1,1.0,0,1,23,33534.5,1,0,1,1,0,11.6,134138.0,119.2,0
48,0,85317.0,2,21.3,2.0,2,12,15,1,5.0,1,1,27,28439.0,0,1,1,1,1,13.2,511902.0,42.6,1
43,0,73995.0,2,36.8,3.5,0,14,19,1,4.0,0,1,33,16443.333333333332,0,1,1,1,0,16.0,369975.0,73.6,0
39,2,71958.0,1,5.0,2.0,0,0,6,0,4.0,1,1,6,23986.0,0,1,1,0,1,2.4000000000000004,359790.0,10.0,0
31,0,30000.0,2,42.9,3.0,1,7,18,0,5.0,1,1,25,7500.0,1,1,1,0,1,11.4,180000.0,85.8,0
32,0,99727.0,1,41.3,1.0,3,1,9,0,2.0,0,1,10,49863.5,1,0,1,0,0,4.2,299181.0,82.6,0
43,0,30000.0,2,72.6,1.0,2,7,11,1,1.0,0,1,18,15000.0,1,0,1,1,0,8.600000000000001,60000.0,145.2,0
37,0,127716.0,0,72.6,3.5,2,2,1,1,4.0,0,1,3,28381.333333333332,1,1,1,1,0,1.6,638580.0,145.2,0
67,0,119142.0,1,61.4,1.0,2,5,6,0,3.0,1,1,11,59571.0,1,1,1,0,1,5.4,476568.0,122.8,0
26,0,117270.0,2,41.5,2.0,2,5,5,0,1.0,1,1,10,39090.0,1,0,1,0,1,5.0,234540.0,83.0,0
55,1,119666.0,2,70.2,1.0,2,10,3,1,5.0,1,1,13,59833.0,1,1,1,1,1,7.2,717996.0,140.4,1
55,1,35848.0,1,51.9,2.0,1,3,9,1,4.0,1,1,12,11949.333333333334,1,1,1,1,1,5.4,179240.0,103.8,0
65,1,70399.0,2,26.5,2.0,1,12,18,0,1.0,1,1,30,23466.333333333332,0,0,1,0,1,14.399999999999999,140798.0,53.0,0
55,0,67838.0,1,69.8,3.0,2,2,8,1,4.0,0,1,10,16959.5,1,1,1,1,0,4.4,339190.0,139.6,0
28,0,133431.0,0,78.0,1.0,2,1,2,1,4.0,0,1,3,66715.5,1,1,1,1,0,1.4,667155.0,156.0,0
42,0,88637.0,1,37.5,2.0,2,3,7,1,4.0,0,1,10,29545.666666666668,0,1,1,1,0,4.6,443185.0,75.0,0
33,0,87302.0,2,55.1,3.0,3,10,15,0,5.0,1,1,25,21825.5,1,1,1,0,1,12.0,523812.0,110.2,1
54,0,83137.0,2,64.7,1.0,1,9,4,1,1.0,1,1,13,41568.5,1,0,1,1,1,7.0,166274.0,129.4,0
37,1,58635.0,1,37.7,2.0,1,1,2,1,5.0,1,1,3,19545.0,0,1,1,1,1,1.4,351810.0,75.4,0
60,1,76847.0,1,62.4,3.0,3,0,5,0,4.0,1,1,5,19211.75,1,1,1,0,1,2.0,384235.0,124.8,0
65,0,84675.0,2,24.0,1.0,1,11,17,0,5.0,1,1,28,42337.5,0,1,1,0,1,13.4,508050.0,48.0,1
57,0,63637.0,2,54.7,3.0,2,2,11,0,3.0,1,1,13,15909.25,1,1,1,0,1,5.6000000000000005,254548.0,109.4,0
57,1,106421.0,1,45.4,2.0,2,3,3,1,4.0,0,1,6,35473.666666666664,1,1,1,1,0,3.0,532105.0,90.8,0
61,0,30000.0,1,61.5,2.0,0,4,4,1,2.0,1,1,8,10000.0,1,0,1,1,1,4.0,90000.0,123.0,0
50,1,58245.0,2,62.7,2.0,2,5,13,1,5.0,1,1,18,19415.0,1,1,1,1,1,8.2,349470.0,125.4,0
53,0,55322.0,2,57.0,1.0,2,14,13,0,3.0,1,1,27,27661.0,1,1,1,0,1,13.600000000000001,221288.0,114.0,0
44,0,30000.0,0,72.8,2.0,3,1,1,1,3.0,1,1,2,10000.0,1,1,1,1,1,1.0,120000.0,145.6,0
35,1,67217.0,1,54.5,1.0,0,2,8,1,2.0,1,1,10,33608.5,1,0,1,1,1,4.4,201651.0,109.0,0
52,1,107254.0,2,49.9,3.0,1,7,9,0,5.0,1,1,16,26813.5,1,1,1,0,1,7.800000000000001,643524.0,99.8,1
59,0,139751.0,1,22.7,2.0,1,3,1,1,2.0,1,1,4,46583.666666666664,0,0,1,1,1,2.1999999999999997,419253.0,45.4,0
46,0,89400.0,2,35.4,3.5,2,12,4,0,4.0,0,1,16,19866.666666666668,0,1,1,0,0,8.799999999999999,447000.0,70.8,0
49,1,47675.0,2,61.7,3.5,3,9,5,0,3.0,1,1,14,10594.444444444445,1,1,1,0,1,7.3999999999999995,190700.0,123.4,0
59,0,80006.0,1,61.5,2.0,1,0,5,1,4.0,1,1,5,26668.666666666668,1,1,1,1,1,2.0,400030.0,123.0,1
56,0,57298.0,2,30.3,3.0,2,4,4,1,2.0,0,1,8,14324.5,0,0,1,1,0,4.0,171894.0,60.6,0
41,1,130657.0,1,34.2,2.0,0,2,9,1,4.0,1,1,11,43552.333333333336,0,1,1,1,1,4.8,653285.0,68.4,0
55,0,59836.0,2,40.2,2.0,0,12,19,1,5.0,1,1,31,19945.333333333332,1,1,1,1,1,14.8,359016.0,80.4,1
36,1,30000.0,0,36.9,3.0,0,0,0,1,4.0,1,1,0,7500.0,0,1,1,1,1,0.0,150000.0,73.8,1
60,1,86095.0,2,5.0,1.0,1,3,4,0,1.0,0,1,7,43047.5,0,0,1,0,0,3.4,172190.0,10.0,0
52,1,30000.0,1,51.9,2.0,2,2,9,1,2.0,1,1,11,10000.0,1,0,1,1,1,4.8,90000.0,103.8,0
67,0,57961.0,2,52.1,2.0,2,13,17,0,4.0,0,1,30,19320.333333333332,1,1,1,0,0,14.600000000000001,289805.0,104.2,0
40,1,60918.0,2,11.8,1.0,1,10,4,1,3.0,1,1,14,30459.0,0,1,1,1,1,7.6,243672.0,23.6,0
29,0,89712.0,1,89.5,2.0,2,2,1,1,1.0,1,1,3,29904.0,1,0,1,1,1,1.6,179424.0,179.0,0
69,1,104308.0,2,5.0,2.0,2,11,13,1,5.0,0,1,24,34769.333333333336,0,1,1,1,0,11.8,625848.0,10.0,0
56,1,109935.0,1,57.0,1.0,1,5,4,1,1.0,1,1,9,54967.5,1,0,1,1,1,4.6,219870.0,114.0,0
58,1,100247.0,2,10.5,2.0,1,10,7,0,2.0,1,1,17,33415.666666666664,0,0,1,0,1,8.8,300741.0,21.0,0
47,1,72085.0,0,28.9,2.0,1,0,1,1,3.0,0,1,1,24028.333333333332,0,1,1,1,0,0.4,288340.0,57.8,0
57,0,83816.0,2,5.3,1.0,2,14,11,0,2.0,1,1,25,41908.0,0,0,1,0,1,12.8,251448.0,10.6,0
28,1,137899.0,0,44.0,1.0,1,0,0,1,4.0,0,1,0,68949.5,1,1,1,1,0,0.0,689495.0,88.0,0
47,0,171327.0,2,18.5,1.0,1,5,14,0,2.0,0,1,19,85663.5,0,0,1,0,0,8.600000000000001,513981.0,37.0,0
26,0,84708.0,1,5.0,3.0,2,4,8,0,3.0,0,1,12,21177.0,0,1,1,0,0,5.6,338832.0,10.0,0
48,0,110561.0,1,5.0,2.0,2,1,4,1,4.0,1,1,5,36853.666666666664,0,1,1,1,1,2.2,552805.0,10.0,0
41,1,98947.0,1,40.2,1.0,3,5,1,0,1.0,1,1,6,49473.5,1,0,1,0,1,3.4,197894.0,80.4,0
56,1,128022.0,1,47.7,2.0,2,6,5,1,1.0,0,1,11,42674.0,1,0,1,1,0,5.6,256044.0,95.4,0
68,1,105573.0,0,31.9,1.0,2,2,0,1,2.0,1,1,2,52786.5,0,0,1,1,1,1.2,316719.0,63.8,0
27,1,103269.0,2,47.9,2.0,2,3,15,0,5.0,0,1,18,34423.0,1,1,1,0,0,7.8,619614.0,95.8,0
38,0,58811.0,1,52.5,3.0,2,2,7,0,2.0,1,1,9,14702.75,1,0,1,0,1,4.0,176433.0,105.0,0
57,0,107839.0,0,38.6,3.0,0,0,1,1,5.0,0,1,1,26959.75,0,1,1,1,0,0.4,647034.0,77.2,0
64,0,57726.0,2,22.1,2.0,2,8,5,1,4.0,1,1,13,19242.0,0,1,1,1,1,6.8,288630.0,44.2,1
29,0,115757.0,2,18.1,2.0,2,12,16,0,1.0,1,1,28,38585.666666666664,0,0,1,0,1,13.6,231514.0,36.2,0
57,1,123083.0,0,46.3,1.0,1,2,0,0,4.0,0,1,2,61541.5,1,1,1,0,0,1.2,615415.0,92.6,0
29,1,71706.0,2,66.5,1.0,3,7,8,1,3.0,1,1,15,35853.0,1,1,1,1,1,7.4,286824.0,133.0,0
43,0,56676.0,2,15.4,2.0,1,8,9,0,1.0,1,1,17,18892.0,0,0,1,0,1,8.4,113352.0,30.8,0
40,1,174521.0,1,6.0,1.0,0,6,2,1,3.0,1,1,8,87260.5,0,1,1,1,1,4.3999999999999995,698084.0,12.0,0
66,1,100936.0,2,49.8,1.0,1,10,13,0,4.0,0,1,23,50468.0,1,1,1,0,0,11.2,504680.0,99.6,0
65,1,55969.0,1,89.2,1.0,1,6,1,1,1.0,1,1,7,27984.5,1,0,1,1,1,3.9999999999999996,111938.0,178.4,0
55,1,50359.0,2,5.0,2.0,1,8,6,0,1.0,1,1,14,16786.333333333332,0,0,1,0,1,7.2,100718.0,10.0,0
68,0,36165.0,1,5.0,2.0,2,2,7,1,4.0,1,1,9,12055.0,0,1,1,1,1,4.0,180825.0,10.0,0
27,1,102898.0,2,23.8,1.0,0,6,19,1,3.0,1,1,25,51449.0,0,1,1,1,1,11.2,411592.0,47.6,1
35,1,108971.0,2,15.6,1.0,2,5,7,0,1.0,0,1,12,54485.5,0,0,1,0,0,5.800000000000001,217942.0,31.2,0
25,1,61652.0,2,40.6,3.0,2,12,18,1,1.0,1,1,30,15413.0,1,0,1,1,1,14.399999999999999,123304.0,81.2,0
30,0,59115.0,1,8.3,2.0,1,0,3,1,1.0,1,1,3,19705.0,0,0,1,1,1,1.2000000000000002,118230.0,16.6,0
68,0,95883.0,2,55.2,1.0,3,3,10,0,5.0,1,1,13,47941.5,1,1,1,0,1,5.8,575298.0,110.4,0
36,1,74119.0,1,20.9,2.0,0,3,8,1,4.0,1,1,11,24706.333333333332,0,1,1,1,1,5.0,370595.0,41.8,0
60,1,112962.0,1,59.8,1.0,2,6,1,1,5.0,0,1,7,56481.0,1,1,1,1,0,3.9999999999999996,677772.0,119.6,0
62,1,67119.0,1,5.0,1.0,3,3,7,1,1.0,1,1,10,33559.5,0,0,1,1,1,4.6,134238.0,10.0,0
49,0,117536.0,2,53.1,2.0,1,10,10,1,1.0,0,1,20,39178.666666666664,1,0,1,1,0,10.0,235072.0,106.2,0
41,1,48179.0,2,6.7,2.0,1,11,16,1,2.0,1,1,27,16059.666666666666,0,0,1,1,1,13.0,144537.0,13.4,0
32,0,125752.0,2,27.4,3.0,2,10,9,0,3.0,1,1,19,31438.0,0,1,1,0,1,9.6,503008.0,54.8,0
51,0,95481.0,1,42.4,2.0,2,7,1,1,5.0,0,1,8,31827.0,1,1,1,1,0,4.6000000000000005,572886.0,84.8,0
63,1,139887.0,2,39.1,2.0,3,3,10,1,4.0,0,1,13,46629.0,0,1,1,1,0,5.8,699435.0,78.2,0
42,0,55560.0,2,41.8,2.0,0,2,7,0,3.0,0,1,9,18520.0,1,1,1,0,0,4.0,222240.0,83.6,0
37,1,103296.0,2,29.2,1.0,2,10,5,0,4.0,0,1,15,51648.0,0,1,1,0,0,8.0,516480.0,58.4,0
49,1,107280.0,0,60.2,1.0,2,2,1,1,2.0,1,1,3,53640.0,1,0,1,1,1,1.6,321840.0,120.4,0
69,1,134436.0,1,6.2,2.0,1,7,3,1,1.0,0,1,10,44812.0,0,0,1,1,0,5.4,268872.0,12.4,0
51,1,102472.0,2,22.8,3.0,1,5,11,1,3.0,0,1,16,25618.0,0,1,1,1,0,7.4,409888.0,45.6,0
50,0,73938.0,1,15.7,2.0,2,7,7,1,1.0,0,1,14,24646.0,0,0,1,1,0,7.0,147876.0,31.4,0
31,1,89504.0,1,23.7,2.0,1,2,8,1,5.0,1,1,10,29834.666666666668,0,1,1,1,1,4.4,537024.0,47.4,1
57,1,30000.0,2,29.1,3.0,3,14,9,0,3.0,1,1,23,7500.0,0,1,1,0,1,12.0,120000.0,58.2,0
27,1,35361.0,1,5.0,2.0,1,6,9,1,3.0,0,1,15,11787.0,0,1,1,1,0,7.199999999999999,141444.0,10.0,0
35,1,30000.0,2,53.3,2.0,1,13,12,1,4.0,1,1,25,10000.0,1,1,1,1,1,12.600000000000001,150000.0,106.6,0
41,0,54739.0,1,17.9,2.0,2,4,6,1,5.0,1,1,10,18246.333333333332,0,1,1,1,1,4.800000000000001,328434.0,35.8,0
48,0,39944.0,0,69.6,1.0,2,2,1,1,2.0,1,1,3,19972.0,1,0,1,1,1,1.6,119832.0,139.2,0
64,1,49797.0,1,29.7,3.0,2,4,7,1,1.0,0,1,11,12449.25,0,0,1,1,0,5.2,99594.0,59.4,0
57,1,87278.0,2,41.6,1.0,1,8,5,1,5.0,1,1,13,43639.0,1,1,1,1,1,6.8,523668.0,83.2,1
53,0,30000.0,0,38.5,1.0,2,2,1,1,1.0,0,1,3,15000.0,0,0,1,1,0,1.6,60000.0,77.0,0
41,1,124673.0,1,94.3,3.0,1,2,6,1,4.0,0,1,8,31168.25,1,1,1,1,0,3.6000000000000005,623365.0,188.6,0
46,1,68001.0,1,48.5,2.0,2,2,5,1,3.0,0,1,7,22667.0,1,1,1,1,0,3.2,272004.0,97.0,0
49,1,117949.0,2,5.0,1.0,1,5,7,1,1.0,0,1,12,58974.5,0,0,1,1,0,5.800000000000001,235898.0,10.0,0
36,1,103843.0,1,78.8,1.0,0,7,1,0,5.0,0,1,8,51921.5,1,1,1,0,0,4.6000000000000005,623058.0,157.6,0
26,0,86504.0,1,22.3,2.0,1,5,2,1,3.0,0,1,7,28834.666666666668,0,1,1,1,0,3.8,346016.0,44.6,0
36,1,55586.0,1,59.4,3.5,0,1,5,0,4.0,0,1,6,12352.444444444445,1,1,1,0,0,2.6,277930.0,118.8,0
53,1,106470.0,2,105.2,1.0,1,3,11,1,5.0,0,1,14,53235.0,1,1,1,1,0,6.2,638820.0,210.4,0
34,1,91560.0,1,19.9,2.0,2,4,9,1,4.0,0,1,13,30520.0,0,1,1,1,0,6.0,457800.0,39.8,0
35,0,111210.0,1,77.7,1.0,2,5,8,1,4.0,0,1,13,55605.0,1,1,1,1,0,6.2,556050.0,155.4,0
60,0,100931.0,2,37.0,1.0,1,5,13,0,1.0,0,1,18,50465.5,0,0,1,0,0,8.2,201862.0,74.0,0
29,1,100720.0,1,51.5,2.0,1,0,3,1,4.0,1,1,3,33573.333333333336,1,1,1,1,1,1.2000000000000002,503600.0,103.0,1
56,0,101672.0,1,60.1,2.0,0,5,8,1,1.0,1,1,13,33890.666666666664,1,0,1,1,1,6.2,203344.0,120.2,0
66,1,109508.0,2,39.9,1.0,0,11,12,1,3.0,1,1,23,54754.0,0,1,1,1,1,11.4,438032.0,79.8,1
46,0,100273.0,2,38.9,1.0,1,4,4,0,2.0,0,1,8,50136.5,0,0,1,0,0,4.0,300819.0,77.8,0
34,0,105068.0,2,54.0,1.0,0,10,16,0,5.0,1,1,26,52534.0,1,1,1,0,1,12.4,630408.0,108.0,0
33,1,86661.0,2,60.6,2.0,3,12,3,0,2.0,1,1,15,28887.0,1,0,1,0,1,8.399999999999999,259983.0,121.2,0
53,1,103143.0,1,30.4,2.0,2,3,1,1,2.0,0,1,4,34381.0,0,0,1,1,0,2.1999999999999997,309429.0,60.8,0
64,0,74903.0,1,44.4,2.0,1,7,9,1,1.0,1,1,16,24967.666666666668,1,0,1,1,1,7.800000000000001,149806.0,88.8,0
32,1,64824.0,1,41.3,2.0,1,4,6,1,4.0,0,1,10,21608.0,1,1,1,1,0,4.800000000000001,324120.0,82.6,0
43,1,39736.0,2,5.0,3.5,1,6,16,0,2.0,0,1,22,8830.222222222223,0,0,1,0,0,10.0,119208.0,10.0,0
38,1,66363.0,1,28.5,1.0,1,2,4,0,5.0,0,1,6,33181.5,0,1,1,0,0,2.8,398178.0,57.0,0
50,0,55791.0,2,17.2,3.0,2,6,3,0,4.0,0,1,9,13947.75,0,1,1,0,0,4.8,278955.0,34.4,0
45,1,78765.0,2,24.8,1.0,1,9,7,0,4.0,1,1,16,39382.5,0,1,1,0,1,8.2,393825.0,49.6,1
69,1,92902.0,1,10.5,3.0,2,1,5,1,1.0,1,1,6,23225.5,0,0,1,1,1,2.6,185804.0,21.0,0
64,0,88871.0,2,96.6,3.5,2,5,4,1,1.0,1,1,9,19749.11111111111,1,0,1,1,1,4.6,177742.0,193.2,0
35,1,42379.0,1,54.4,3.0,2,0,3,1,3.0,1,1,3,10594.75,1,1,1,1,1,1.2000000000000002,169516.0,108.8,0
66,0,67695.0,2,39.3,2.0,3,4,13,0,4.0,1,1,17,22565.0,0,1,1,0,1,7.6,338475.0,78.6,0
29,0,59811.0,0,22.4,3.0,0,1,2,1,5.0,1,1,3,14952.75,0,1,1,1,1,1.4,358866.0,44.8,1
69,0,80631.0,2,6.1,1.0,0,9,15,1,4.0,1,1,24,40315.5,0,1,1,1,1,11.399999999999999,403155.0,12.2,0
59,0,83615.0,0,26.9,3.0,1,0,3,1,3.0,1,1,3,20903.75,0,1,1,1,1,1.2000000000000002,334460.0,53.8,1
48,0,116304.0,2,36.8,1.0,1,13,8,1,5.0,1,1,21,58152.0,0,1,1,1,1,11.0,697824.0,73.6,0
35,1,98171.0,1,22.3,1.0,1,6,9,1,3.0,1,1,15,49085.5,0,1,1,1,1,7.199999999999999,392684.0,44.6,1
59,0,30000.0,0,5.0,3.0,1,1,1,1,5.0,1,1,2,7500.0,0,1,1,1,1,1.0,180000.0,10.0,1
41,1,91762.0,2,37.0,1.0,2,6,11,1,4.0,1,1,17,45881.0,0,1,1,1,1,8.0,458810.0,74.0,0
26,1,97471.0,1,81.6,2.0,1,1,7,1,5.0,1,1,8,32490.333333333332,1,1,1,1,1,3.4000000000000004,584826.0,163.2,1
57,0,86928.0,2,34.6,2.0,1,7,12,0,4.0,0,1,19,28976.0,0,1,1,0,0,9.0,434640.0,69.2,0
66,0,117232.0,0,47.2,2.0,0,0,1,1,5.0,1,1,1,39077.333333333336,1,1,1,1,1,0.4,703392.0,94.4,0
45,1,120639.0,1,47.5,1.0,1,1,8,0,2.0,0,1,9,60319.5,1,0,1,0,0,3.8000000000000003,361917.0,95.0,0
37,0,109170.0,2,51.8,2.0,3,11,9,0,4.0,1,1,20,36390.0,1,1,1,0,1,10.2,545850.0,103.6,1
31,0,67997.0,2,18.9,3.0,2,13,8,0,2.0,1,1,21,16999.25,0,0,1,0,1,11.0,203991.0,37.8,0
37,1,67332.0,1,101.5,1.0,2,2,4,1,4.0,0,1,6,33666.0,1,1,1,1,0,2.8,336660.0,203.0,0
58,1,64557.0,0,5.0,2.0,1,1,3,1,2.0,0,1,4,21519.0,0,0,1,1,0,1.8000000000000003,193671.0,10.0,0
58,2,98644.0,2,37.6,3.0,0,7,17,1,1.0,1,1,24,24661.0,0,0,1,1,1,11.0,197288.0,75.2,0
59,2,143716.0,2,40.1,1.0,0,5,19,0,5.0,1,1,24,71858.0,0,1,1,0,1,10.600000000000001,862296.0,80.2,1
58,1,106608.0,1,20.8,2.0,1,4,6,1,3.0,1,1,10,35536.0,0,1,1,1,1,4.800000000000001,426432.0,41.6,0
35,0,84708.0,2,78.8,2.0,2,4,18,0,2.0,1,1,22,28236.0,1,0,1,0,1,9.6,254124.0,157.6,0
52,0,70842.0,1,53.1,1.0,2,5,4,0,2.0,1,1,9,35421.0,1,0,1,0,1,4.6,212526.0,106.2,0
47,1,78211.0,1,51.6,1.0,0,3,4,0,2.0,1,1,7,39105.5,1,0,1,0,1,3.4,234633.0,103.2,0
43,1,97203.0,2,61.6,1.0,0,14,15,0,4.0,1,1,29,48601.5,1,1,1,0,1,14.4,486015.0,123.2,1
43,1,120459.0,1,38.2,1.0,2,0,2,1,1.0,0,1,2,60229.5,0,0,1,1,0,0.8,240918.0,76.4,0
66,2,90190.0,2,47.1,2.0,2,3,8,0,1.0,0,1,11,30063.333333333332,1,0,1,0,0,5.0,180380.0,94.2,0
61,1,96677.0,2,5.0,2.0,2,8,13,0,2.0,0,1,21,32225.666666666668,0,0,1,0,0,10.0,290031.0,10.0,0
34,1,125089.0,0,76.1,2.0,2,2,2,0,1.0,1,1,4,41696.333333333336,1,0,1,0,1,2.0,250178.0,152.2,0
43,1,43461.0,1,36.7,2.0,2,6,8,0,4.0,1,1,14,14487.0,0,1,1,0,1,6.8,217305.0,73.4,0
35,0,138199.0,2,30.1,2.0,0,12,8,1,1.0,0,1,20,46066.333333333336,0,0,1,1,0,10.399999999999999,276398.0,60.2,0
50,0,62378.0,2,5.0,1.0,1,11,4,1,4.0,1,1,15,31189.0,0,1,1,1,1,8.2,311890.0,10.0,1
54,0,30000.0,1,39.2,1.0,1,7,6,1,2.0,1,1,13,15000.0,0,0,1,1,1,6.6000000000000005,90000.0,78.4,0
60,1,80199.0,0,12.6,1.0,2,2,0,1,2.0,1,1,2,40099.5,0,0,1,1,1,1.2,240597.0,25.2,0
26,0,127807.0,2,53.9,2.0,0,2,9,0,3.0,1,1,11,42602.333333333336,1,1,1,0,1,4.8,511228.0,107.8,0
55,1,122674.0,1,16.7,2.0,2,5,5,1,4.0,1,1,10,40891.333333333336,0,1,1,1,1,5.0,613370.0,33.4,1
58,1,30000.0,0,17.9,1.0,3,2,3,1,2.0,1,1,5,15000.0,0,0,1,1,1,2.4000000000000004,90000.0,35.8,0
30,1,108009.0,1,36.8,2.0,1,1,1,1,4.0,0,1,2,36003.0,0,1,1,1,0,1.0,540045.0,73.6,0
37,1,129379.0,2,58.6,2.0,2,9,6,0,2.0,1,1,15,43126.333333333336,1,0,1,0,1,7.8,388137.0,117.2,1
67,1,74737.0,1,27.7,1.0,2,6,3,1,5.0,0,1,9,37368.5,0,1,1,1,0,4.8,448422.0,55.4,0
49,1,64171.0,1,24.5,2.0,2,4,2,1,1.0,1,1,6,21390.333333333332,0,0,1,1,1,3.2,128342.0,49.0,0
41,0,72406.0,1,27.0,2.0,1,2,8,1,1.0,1,1,10,24135.333333333332,0,0,1,1,1,4.4,144812.0,54.0,0
26,0,76075.0,2,6.7,2.0,2,10,7,0,4.0,0,1,17,25358.333333333332,0,1,1,0,0,8.8,380375.0,13.4,0
29,1,64683.0,1,67.2,3.0,2,2,4,0,5.0,0,1,6,16170.75,1,1,1,0,0,2.8,388098.0,134.4,0
53,1,103414.0,1,20.8,2.0,1,7,5,1,5.0,0,1,12,34471.333333333336,0,1,1,1,0,6.2,620484.0,41.6,0
64,1,90134.0,2,68.9,3.0,1,7,6,0,3.0,1,1,13,22533.5,1,1,1,0,1,6.6000000000000005,360536.0,137.8,0
52,1,37262.0,2,77.0,2.0,1,10,4,1,2.0,0,1,14,12420.666666666666,1,0,1,1,0,7.6,111786.0,154.0,0
40,1,94036.0,2,33.9,1.0,1,12,3,1,2.0,1,1,15,47018.0,0,0,1,1,1,8.399999999999999,282108.0,67.8,0
61,0,152835.0,1,57.3,1.0,1,1,5,0,1.0,0,1,6,76417.5,1,0,1,0,0,2.6,305670.0,114.6,0
49,0,53108.0,2,5.0,2.0,1,5,3,0,4.0,0,1,8,17702.666666666668,0,1,1,0,0,4.2,265540.0,10.0,0
51,1,31801.0,1,48.9,2.0,3,3,2,1,2.0,1,1,5,10600.333333333334,1,0,1,1,1,2.5999999999999996,95403.0,97.8,0
53,0,38396.0,0,36.5,3.0,1,0,1,0,1.0,0,1,1,9599.0,0,0,1,0,0,0.4,76792.0,73.0,0
66,1,104158.0,2,7.2,1.0,2,4,10,0,3.0,1,1,14,52079.0,0,1,1,0,1,6.4,416632.0,14.4,0
65,1,53038.0,1,6.5,1.0,1,3,6,1,1.0,0,1,9,26519.0,0,0,1,1,0,4.2,106076.0,13.0,0
57,1,139488.0,2,34.4,3.0,2,12,18,0,5.0,0,1,30,34872.0,0,1,1,0,0,14.399999999999999,836928.0,68.8,1
29,1,59296.0,2,9.0,2.0,3,4,9,0,3.0,1,1,13,19765.333333333332,0,1,1,0,1,6.0,237184.0,18.0,0
29,1,75255.0,1,25.0,2.0,0,0,6,0,4.0,1,1,6,25085.0,0,1,1,0,1,2.4000000000000004,376275.0,50.0,0
31,0,62806.0,2,73.9,1.0,2,10,16,1,4.0,1,1,26,31403.0,1,1,1,1,1,12.4,314030.0,147.8,0
46,1,41648.0,2,62.7,2.0,1,6,5,1,4.0,0,1,11,13882.666666666666,1,1,1,1,0,5.6,208240.0,125.4,0
48,1,30000.0,2,46.6,1.0,2,9,12,0,5.0,0,1,21,15000.0,1,1,1,0,0,10.2,180000.0,93.2,0
63,0,38395.0,2,89.7,2.0,1,5,17,1,4.0,1,1,22,12798.333333333334,1,1,1,1,1,9.8,191975.0,179.4,0
30,0,44443.0,1,98.5,1.0,1,5,4,1,4.0,0,1,9,22221.5,1,1,1,1,0,4.6,222215.0,197.0,0
30,1,44403.0,2,63.8,2.0,2,13,13,0,2.0,1,1,26,14801.0,1,0,1,0,1,13.0,133209.0,127.6,0
67,0,88208.0,2,55.8,1.0,3,4,15,0,5.0,0,1,19,44104.0,1,1,1,0,0,8.4,529248.0,111.6,0
48,1,84708.0,1,31.4,1.0,1,2,3,1,3.0,1,1,5,42354.0,0,1,1,1,1,2.4000000000000004,338832.0,62.8,1
61,1,138555.0,1,77.6,1.0,2,5,6,0,1.0,1,1,11,69277.5,1,0,1,0,1,5.4,277110.0,155.2,0
47,0,156452.0,2,40.9,1.0,2,6,7,1,2.0,1,1,13,78226.0,1,0,1,1,1,6.4,469356.0,81.8,1
42,1,80685.0,2,5.0,1.0,1,2,16,0,3.0,0,1,18,40342.5,0,1,1,0,0,7.6000000000000005,322740.0,10.0,0
30,0,79856.0,0,46.2,1.0,1,1,2,1,3.0,1,1,3,39928.0,1,1,1,1,1,1.4,319424.0,92.4,1
25,1,136543.0,0,17.3,3.0,1,2,2,1,2.0,1,1,4,34135.75,0,0,1,1,1,2.0,409629.0,34.6,0
28,0,81051.0,0,79.6,2.0,0,0,3,0,2.0,1,1,3,27017.0,1,0,1,0,1,1.2000000000000002,243153.0,159.2,0
58,0,73693.0,0,33.1,1.0,1,2,3,1,4.0,0,1,5,36846.5,0,1,1,1,0,2.4000000000000004,368465.0,66.2,0
32,0,46688.0,1,42.2,2.0,3,1,9,1,4.0,1,1,10,15562.666666666666,1,1,1,1,1,4.2,233440.0,84.4,0
25,1,112697.0,1,36.1,2.0,1,1,2,1,1.0,1,1,3,37565.666666666664,0,0,1,1,1,1.4,225394.0,72.2,0
62,0,139165.0,2,7.6,1.0,2,3,7,0,1.0,1,1,10,69582.5,0,0,1,0,1,4.6,278330.0,15.2,0
27,0,90365.0,1,25.3,1.0,2,0,7,1,3.0,0,1,7,45182.5,0,1,1,1,0,2.8000000000000003,361460.0,50.6,0
32,1,30000.0,2,42.4,2.0,2,11,8,0,3.0,1,1,19,10000.0,1,1,1,0,1,9.8,120000.0,84.8,0
57,0,84586.0,1,34.2,2.0,0,2,4,0,3.0,1,1,6,28195.333333333332,0,1,1,0,1,2.8,338344.0,68.4,0
26,1,174521.0,1,33.8,1.0,2,7,4,1,4.0,0,1,11,87260.5,0,1,1,1,0,5.800000000000001,872605.0,67.6,0
43,0,119783.0,2,61.6,1.0,2,13,5,1,3.0,1,1,18,59891.5,1,1,1,1,1,9.8,479132.0,123.2,0
57,1,129073.0,2,43.0,1.0,2,8,10,0,2.0,1,1,18,64536.5,1,0,1,0,1,8.8,387219.0,86.0,0
63,1,89526.0,2,74.1,3.0,2,4,12,0,3.0,1,1,16,22381.5,1,1,1,0,1,7.200000000000001,358104.0,148.2,0
30,1,81728.0,2,15.7,2.0,1,8,8,1,4.0,1,1,16,27242.666666666668,0,1,1,1,1,8.0,408640.0,31.4,1
43,1,125866.0,2,50.5,1.0,2,12,18,0,4.0,0,1,30,62933.0,1,1,1,0,0,14.399999999999999,629330.0,101.0,0
52,0,65752.0,1,36.2,1.0,3,2,3,0,5.0,0,1,5,32876.0,0,1,1,0,0,2.4000000000000004,394512.0,72.4,0
52,1,30000.0,0,56.0,2.0,3,0,3,1,3.0,0,1,3,10000.0,1,1,1,1,0,1.2000000000000002,120000.0,112.0,0
44,1,77266.0,2,49.4,1.0,0,7,7,1,1.0,0,1,14,38633.0,1,0,1,1,0,7.0,154532.0,98.8,0
34,0,102424.0,2,45.7,2.0,0,6,6,0,1.0,0,1,12,34141.333333333336,1,0,1,0,0,6.0,204848.0,91.4,0
30,0,30000.0,0,51.1,1.0,1,0,0,1,5.0,0,1,0,15000.0,1,1,1,1,0,0.0,180000.0,102.2,0
66,1,152182.0,2,41.5,3.0,1,3,9,0,5.0,1,1,12,38045.5,1,1,1,0,1,5.4,913092.0,83.0,0
40,0,48113.0,1,46.1,3.0,3,4,3,1,1.0,0,1,7,12028.25,1,0,1,1,0,3.6,96226.0,92.2,0
33,0,108678.0,2,5.0,3.5,1,8,19,1,3.0,1,1,27,24150.666666666668,0,1,1,1,1,12.4,434712.0,10.0,0
27,1,86259.0,1,23.8,2.0,1,3,2,1,4.0,1,1,5,28753.0,0,1,1,1,1,2.5999999999999996,431295.0,47.6,1
63,1,30000.0,1,23.4,2.0,1,1,2,0,2.0,0,1,3,10000.0,0,0,1,0,0,1.4,90000.0,46.8,0
39,1,83810.0,1,26.6,1.0,2,5,6,1,1.0,1,1,11,41905.0,0,0,1,1,1,5.4,167620.0,53.2,0
34,1,124349.0,0,66.6,1.0,1,0,1,1,4.0,0,1,1,62174.5,1,1,1,1,0,0.4,621745.0,133.2,1
31,1,59903.0,2,64.9,1.0,3,4,13,1,1.0,1,1,17,29951.5,1,0,1,1,1,7.6,119806.0,129.8,0
62,1,100346.0,1,12.7,1.0,0,6,4,1,5.0,1,1,10,50173.0,0,1,1,1,1,5.199999999999999,602076.0,25.4,1
53,0,95894.0,1,40.2,2.0,1,0,6,1,5.0,1,1,6,31964.666666666668,1,1,1,1,1,2.4000000000000004,575364.0,80.4,1
46,1,44982.0,1,44.9,2.0,2,6,8,1,2.0,1,1,14,14994.0,1,0,1,1,1,6.8,134946.0,89.8,0
33,1,63424.0,1,80.2,1.0,2,1,2,1,3.0,1,1,3,31712.0,1,1,1,1,1,1.4,253696.0,160.4,0
55,0,91438.0,1,47.7,2.0,1,3,4,1,5.0,1,1,7,30479.333333333332,1,1,1,1,1,3.4,548628.0,95.4,1
49,0,68707.0,1,63.5,2.0,2,5,8,1,1.0,0,1,13,22902.333333333332,1,0,1,1,0,6.2,137414.0,127.0,0
41,2,52585.0,2,75.1,2.0,3,6,9,0,4.0,1,1,15,17528.333333333332,1,1,1,0,1,7.199999999999999,262925.0,150.2,0
45,1,94741.0,2,5.0,3.0,1,10,9,0,1.0,0,1,19,23685.25,0,0,1,0,0,9.6,189482.0,10.0,0
68,1,93133.0,1,62.4,3.0,2,2,8,1,2.0,1,1,10,23283.25,1,0,1,1,1,4.4,279399.0,124.8,0
29,1,127960.0,2,61.0,1.0,1,11,7,0,4.0,1,1,18,63980.0,1,1,1,0,1,9.4,639800.0,122.0,0
36,0,121507.0,2,50.7,2.0,1,7,13,1,1.0,1,1,20,40502.333333333336,1,0,1,1,1,9.4,243014.0,101.4,0
39,1,169619.0,1,15.3,3.0,2,1,3,1,3.0,1,1,4,42404.75,0,1,1,1,1,1.8000000000000003,678476.0,30.6,1
46,1,42514.0,2,32.2,2.0,1,9,4,0,3.0,1,1,13,14171.333333333334,0,1,1,0,1,7.0,170056.0,64.4,0
33,1,117280.0,2,27.8,1.0,2,8,9,1,1.0,0,1,17,58640.0,0,0,1,1,0,8.4,234560.0,55.6,0
27,0,56530.0,0,48.1,3.5,1,0,2,1,5.0,1,1,2,12562.222222222223,1,1,1,1,1,0.8,339180.0,96.2,1
64,0,80968.0,1,49.0,2.0,2,5,6,1,1.0,1,1,11,26989.333333333332,1,0,1,1,1,5.4,161936.0,98.0,0
44,0,39061.0,2,77.3,1.0,0,13,4,1,3.0,0,1,17,19530.5,1,1,1,1,0,9.4,156244.0,154.6,0
56,1,84106.0,1,17.2,1.0,2,4,1,1,3.0,1,1,5,42053.0,0,1,1,1,1,2.8,336424.0,34.4,0
46,0,115933.0,1,17.8,3.0,1,1,3,1,1.0,0,1,4,28983.25,0,0,1,1,0,1.8000000000000003,231866.0,35.6,0
61,1,75953.0,1,63.3,2.0,1,4,9,0,5.0,0,1,13,25317.666666666668,1,1,1,0,0,6.0,455718.0,126.6,0
59,0,109424.0,2,81.8,2.0,1,9,3,0,5.0,0,1,12,36474.666666666664,1,1,1,0,0,6.6,656544.0,163.6,0
42,0,112790.0,2,76.9,1.0,0,6,14,0,4.0,0,1,20,56395.0,1,1,1,0,0,9.2,563950.0,153.8,0
27,1,90859.0,2,68.5,2.0,1,9,17,0,2.0,1,1,26,30286.333333333332,1,0,1,0,1,12.2,272577.0,137.0,0
33,0,95289.0,1,10.6,2.0,2,2,1,0,5.0,1,1,3,31763.0,0,1,1,0,1,1.6,571734.0,21.2,0
43,0,59521.0,1,32.8,2.0,0,6,2,1,3.0,1,1,8,19840.333333333332,0,1,1,1,1,4.3999999999999995,238084.0,65.6,1
37,1,37732.0,0,31.8,2.0,1,0,0,1,2.0,0,1,0,12577.333333333334,0,0,1,1,0,0.0,113196.0,63.6,0
62,1,103019.0,2,59.0,3.0,2,12,12,1,1.0,0,1,24,25754.75,1,0,1,1,0,12.0,206038.0,118.0,0
42,1,85825.0,2,30.3,1.0,3,4,15,0,3.0,0,1,19,42912.5,0,1,1,0,0,8.4,343300.0,60.6,0
36,1,30000.0,0,40.2,1.0,1,1,2,1,1.0,0,1,3,15000.0,1,0,1,1,0,1.4,60000.0,80.4,0
27,1,67380.0,1,24.1,1.0,1,0,3,1,5.0,0,1,3,33690.0,0,1,1,1,0,1.2000000000000002,404280.0,48.2,0
47,1,94275.0,1,5.0,3.5,0,2,9,1,1.0,1,1,11,20950.0,0,0,1,1,1,4.8,188550.0,10.0,0
69,0,63865.0,1,43.5,3.5,2,3,3,1,3.0,0,1,6,14192.222222222223,1,1,1,1,0,3.0,255460.0,87.0,0
67,1,94863.0,2,66.6,1.0,2,14,16,1,2.0,1,1,30,47431.5,1,0,1,1,1,14.8,284589.0,133.2,0
29,1,56798.0,2,34.6,3.5,1,4,10,1,3.0,1,1,14,12621.777777777777,0,1,1,1,1,6.4,227192.0,69.2,0
60,0,49415.0,2,5.0,1.0,2,8,15,0,1.0,1,1,23,24707.5,0,0,1,0,1,10.8,98830.0,10.0,0
44,1,126950.0,2,55.5,2.0,2,3,16,0,2.0,0,1,19,42316.666666666664,1,0,1,0,0,8.2,380850.0,111.0,0
38,2,99114.0,2,29.7,2.0,1,7,11,1,3.0,1,1,18,33038.0,0,1,1,1,1,8.600000000000001,396456.0,59.4,0
62,0,30000.0,1,51.4,2.0,2,4,9,1,3.0,0,1,13,10000.0,1,1,1,1,0,6.0,120000.0,102.8,0
45,0,132217.0,0,29.9,2.0,3,1,3,1,3.0,1,1,4,44072.333333333336,0,1,1,1,1,1.8000000000000003,528868.0,59.8,0
60,1,78058.0,2,40.2,3.0,1,6,6,1,3.0,0,1,12,19514.5,1,1,1,1,0,6.0,312232.0,80.4,0
49,0,30000.0,0,30.8,1.0,0,0,0,1,2.0,0,1,0,15000.0,0,0,1,1,0,0.0,90000.0,61.6,0
33,0,59449.0,2,48.9,1.0,2,2,14,0,4.0,1,1,16,29724.5,1,1,1,0,1,6.800000000000001,297245.0,97.8,0
60,1,70833.0,2,38.3,2.0,2,5,18,0,5.0,1,1,23,23611.0,0,1,1,0,1,10.2,424998.0,76.6,1
50,0,48105.0,2,42.9,2.0,2,12,18,1,4.0,1,1,30,16035.0,1,1,1,1,1,14.399999999999999,240525.0,85.8,0
67,1,41807.0,1,79.2,1.0,3,1,4,0,4.0,1,1,5,20903.5,1,1,1,0,1,2.2,209035.0,158.4,0
28,1,93711.0,2,40.2,3.0,2,8,8,0,2.0,1,1,16,23427.75,1,0,1,0,1,8.0,281133.0,80.4,0
63,0,97311.0,1,26.1,2.0,2,3,8,1,3.0,0,1,11,32437.0,0,1,1,1,0,5.0,389244.0,52.2,0
29,1,100913.0,0,37.5,2.0,2,2,0,1,4.0,1,1,2,33637.666666666664,0,1,1,1,1,1.2,504565.0,75.0,1
33,0,88397.0,2,58.4,1.0,2,7,9,1,1.0,0,1,16,44198.5,1,0,1,1,0,7.800000000000001,176794.0,116.8,0
54,0,56513.0,0,16.7,2.0,1,2,0,1,2.0,1,1,2,18837.666666666668,0,0,1,1,1,1.2,169539.0,33.4,0
60,1,30000.0,2,58.2,1.0,2,3,3,1,3.0,1,1,6,15000.0,1,1,1,1,1,3.0,120000.0,116.4,0
25,0,127183.0,1,47.4,1.0,1,2,1,1,4.0,1,1,3,63591.5,1,1,1,1,1,1.6,635915.0,94.8,0
40,1,60188.0,1,86.0,1.0,2,2,8,1,3.0,0,1,10,30094.0,1,1,1,1,0,4.4,240752.0,172.0,0
52,1,82021.0,2,56.8,1.0,1,9,14,0,2.0,0,1,23,41010.5,1,0,1,0,0,11.0,246063.0,113.6,0
26,0,86854.0,2,34.1,1.0,0,5,16,1,2.0,0,1,21,43427.0,0,0,1,1,0,9.4,260562.0,68.2,0
25,1,98602.0,1,85.2,1.0,2,3,8,1,4.0,1,1,11,49301.0,1,1,1,1,1,5.0,493010.0,170.4,0
35,1,54917.0,2,17.5,1.0,2,13,3,0,1.0,0,1,16,27458.5,0,0,1,0,0,9.0,109834.0,35.0,0
37,1,30469.0,1,35.3,3.0,2,4,4,1,2.0,1,1,8,7617.25,0,0,1,1,1,4.0,91407.0,70.6,0
48,0,97439.0,2,20.7,2.0,0,7,14,0,5.0,1,1,21,32479.666666666668,0,1,1,0,1,9.8,584634.0,41.4,1
62,0,96448.0,2,58.4,1.0,2,4,7,1,3.0,1,1,11,48224.0,1,1,1,1,1,5.2,385792.0,116.8,0
65,1,127369.0,0,41.3,3.0,1,2,2,1,4.0,1,1,4,31842.25,1,1,1,1,1,2.0,636845.0,82.6,1
48,1,104090.0,0,9.9,3.0,2,1,2,1,1.0,0,1,3,26022.5,0,0,1,1,0,1.4,208180.0,19.8,0
30,0,107166.0,1,43.0,2.0,2,0,3,1,1.0,0,1,3,35722.0,1,0,1,1,0,1.2000000000000002,214332.0,86.0,0
31,0,107805.0,2,53.7,2.0,1,12,9,0,1.0,0,1,21,35935.0,1,0,1,0,0,10.799999999999999,215610.0,107.4,0
28,1,120533.0,1,37.1,1.0,1,0,4,1,3.0,1,1,4,60266.5,0,1,1,1,1,1.6,482132.0,74.2,1
37,1,64838.0,0,48.5,2.0,2,1,0,1,2.0,1,1,1,21612.666666666668,1,0,1,1,1,0.6,194514.0,97.0,0
37,0,132288.0,2,59.7,1.0,1,14,8,0,5.0,0,1,22,66144.0,1,1,1,0,0,11.600000000000001,793728.0,119.4,0
66,0,101093.0,2,43.3,2.0,2,4,7,0,1.0,0,1,11,33697.666666666664,1,0,1,0,0,5.2,202186.0,86.6,0
52,0,57868.0,2,13.2,2.0,1,14,6,0,5.0,1,1,20,19289.333333333332,0,1,1,0,1,10.8,347208.0,26.4,1
25,0,92375.0,1,41.6,1.0,1,3,3,1,1.0,0,1,6,46187.5,1,0,1,1,0,3.0,184750.0,83.2,0
45,1,49844.0,2,56.0,3.5,1,5,4,0,1.0,0,1,9,11076.444444444445,1,0,1,0,0,4.6,99688.0,112.0,0
26,0,132921.0,1,5.0,3.5,0,7,1,1,2.0,0,1,8,29538.0,0,0,1,1,0,4.6000000000000005,398763.0,10.0,0
37,1,79986.0,2,41.9,2.0,1,3,13,0,3.0,1,1,16,26662.0,1,1,1,0,1,7.0,319944.0,83.8,0
35,0,97601.0,2,52.8,2.0,1,7,10,0,1.0,0,1,17,32533.666666666668,1,0,1,0,0,8.2,195202.0,105.6,0
57,1,138432.0,1,38.1,3.0,2,1,2,0,3.0,0,1,3,34608.0,0,1,1,0,0,1.4,553728.0,76.2,0
42,1,80000.0,2,72.4,1.0,2,3,7,0,1.0,0,1,10,40000.0,1,0,1,0,0,4.6,160000.0,144.8,0
64,0,81143.0,2,54.4,3.5,1,10,4,0,3.0,1,1,14,18031.777777777777,1,1,1,0,1,7.6,324572.0,108.8,0
26,1,62650.0,1,46.5,3.5,1,7,6,1,4.0,1,1,13,13922.222222222223,1,1,1,1,1,6.6000000000000005,313250.0,93.0,0
43,1,105679.0,2,62.3,1.0,3,3,4,0,5.0,0,1,7,52839.5,1,1,1,0,0,3.4,634074.0,124.6,0
62,1,123754.0,2,63.1,1.0,2,12,19,0,2.0,1,1,31,61877.0,1,0,1,0,1,14.8,371262.0,126.2,0
31,0,74411.0,0,51.3,1.0,2,1,1,1,2.0,0,1,2,37205.5,1,0,1,1,0,1.0,223233.0,102.6,0
63,1,126498.0,0,28.3,1.0,2,2,2,1,5.0,1,1,4,63249.0,0,1,1,1,1,2.0,758988.0,56.6,1
58,1,120989.0,0,20.3,1.0,2,2,0,1,4.0,0,1,2,60494.5,0,1,1,1,0,1.2,604945.0,40.6,0
67,1,86246.0,1,34.0,1.0,1,4,4,1,2.0,1,1,8,43123.0,0,0,1,1,1,4.0,258738.0,68.0,0
39,1,30000.0,1,51.4,1.0,2,1,4,1,3.0,1,1,5,15000.0,1,1,1,1,1,2.2,120000.0,102.8,0
57,1,30000.0,2,59.6,3.0,3,3,14,1,5.0,1,1,17,7500.0,1,1,1,1,1,7.4,180000.0,119.2,1
50,0,62557.0,1,50.2,1.0,2,1,2,1,2.0,0,1,3,31278.5,1,0,1,1,0,1.4,187671.0,100.4,0
69,0,101344.0,2,36.7,2.0,3,9,3,0,4.0,1,1,12,33781.333333333336,0,1,1,0,1,6.6,506720.0,73.4,1
62,1,123884.0,1,53.3,3.0,2,6,6,1,5.0,0,1,12,30971.0,1,1,1,1,0,6.0,743304.0,106.6,0
39,1,61864.0,2,61.7,3.5,2,7,5,1,1.0,1,1,12,13747.555555555555,1,0,1,1,1,6.2,123728.0,123.4,1
59,0,87306.0,1,47.7,2.0,3,3,8,1,4.0,0,1,11,29102.0,1,1,1,1,0,5.0,436530.0,95.4,0
30,0,78018.0,0,10.8,2.0,1,2,2,1,5.0,1,1,4,26006.0,0,1,1,1,1,2.0,468108.0,21.6,1
52,0,30000.0,0,26.8,1.0,1,2,2,1,4.0,1,1,4,15000.0,0,1,1,1,1,2.0,150000.0,53.6,0
59,1,106670.0,2,38.5,1.0,0,2,11,0,5.0,1,1,13,53335.0,0,1,1,0,1,5.6000000000000005,640020.0,77.0,1
55,1,89956.0,1,62.1,1.0,1,3,3,1,3.0,1,1,6,44978.0,1,1,1,1,1,3.0,359824.0,124.2,0
25,1,115613.0,1,35.9,2.0,1,1,7,1,4.0,0,1,8,38537.666666666664,0,1,1,1,0,3.4000000000000004,578065.0,71.8,0
67,0,93694.0,2,13.9,2.0,2,10,16,0,3.0,1,1,26,31231.333333333332,0,1,1,0,1,12.4,374776.0,27.8,0
64,0,44282.0,0,43.7,1.0,1,1,0,1,1.0,1,1,1,22141.0,1,0,1,1,1,0.6,88564.0,87.4,1
67,0,87215.0,2,16.2,1.0,0,9,4,1,4.0,1,1,13,43607.5,0,1,1,1,1,7.0,436075.0,32.4,0
60,1,117192.0,2,5.0,3.0,2,9,10,0,4.0,0,1,19,29298.0,0,1,1,0,0,9.399999999999999,585960.0,10.0,0
46,0,129368.0,2,84.0,1.0,1,12,18,0,5.0,0,1,30,64684.0,1,1,1,0,0,14.399999999999999,776208.0,168.0,0
29,1,53037.0,1,11.7,1.0,2,1,6,0,5.0,0,1,7,26518.5,0,1,1,0,0,3.0000000000000004,318222.0,23.4,0
59,1,85894.0,2,47.5,1.0,1,10,5,1,1.0,1,1,15,42947.0,1,0,1,1,1,8.0,171788.0,95.0,0
60,0,84816.0,2,16.0,3.0,2,12,18,0,1.0,0,1,30,21204.0,0,0,1,0,0,14.399999999999999,169632.0,32.0,0
61,1,136598.0,2,10.3,1.0,2,5,10,0,5.0,0,1,15,68299.0,0,1,1,0,0,7.0,819588.0,20.6,0
37,1,110059.0,1,52.2,1.0,2,5,8,1,3.0,0,1,13,55029.5,1,1,1,1,0,6.2,440236.0,104.4,0
58,1,99265.0,2,9.8,2.0,2,7,14,0,3.0,0,1,21,33088.333333333336,0,1,1,0,0,9.8,397060.0,19.6,0
37,0,80886.0,2,24.8,2.0,1,12,16,0,3.0,1,1,28,26962.0,0,1,1,0,1,13.6,323544.0,49.6,1
44,0,139777.0,2,62.4,2.0,1,14,13,1,2.0,1,1,27,46592.333333333336,1,0,1,1,1,13.600000000000001,419331.0,124.8,1
28,1,74654.0,2,51.4,1.0,0,10,18,0,5.0,0,1,28,37327.0,1,1,1,0,0,13.2,447924.0,102.8,0
58,0,129981.0,0,13.9,2.0,2,1,0,1,3.0,1,1,1,43327.0,0,1,1,1,1,0.6,519924.0,27.8,0
48,1,44256.0,1,66.4,1.0,3,3,2,0,5.0,0,1,5,22128.0,1,1,1,0,0,2.5999999999999996,265536.0,132.8,0
37,0,124739.0,0,56.0,2.0,2,0,3,1,2.0,0,1,3,41579.666666666664,1,0,1,1,0,1.2000000000000002,374217.0,112.0,0
27,1,66135.0,2,23.8,1.0,1,13,12,0,3.0,0,1,25,33067.5,0,1,1,0,0,12.600000000000001,264540.0,47.6,0
43,0,55986.0,2,5.0,2.0,2,6,11,1,1.0,1,1,17,18662.0,0,0,1,1,1,8.0,111972.0,10.0,0
65,0,86505.0,0,58.7,1.0,2,1,1,1,4.0,0,1,2,43252.5,1,1,1,1,0,1.0,432525.0,117.4,0
39,0,111242.0,1,24.2,1.0,0,3,6,1,5.0,1,1,9,55621.0,0,1,1,1,1,4.2,667452.0,48.4,1
36,0,90716.0,2,22.4,2.0,2,8,7,0,1.0,0,1,15,30238.666666666668,0,0,1,0,0,7.6,181432.0,44.8,0
62,1,41084.0,2,39.0,1.0,1,13,7,0,1.0,1,1,20,20542.0,0,0,1,0,1,10.6,82168.0,78.0,0
55,1,133770.0,0,5.0,3.5,2,1,3,1,1.0,1,1,4,29726.666666666668,0,0,1,1,1,1.8000000000000003,267540.0,10.0,0
50,1,86091.0,2,38.1,2.0,0,10,12,0,5.0,1,1,22,28697.0,0,1,1,0,1,10.8,516546.0,76.2,1
36,1,60148.0,2,85.6,3.0,1,4,17,1,2.0,1,1,21,15037.0,1,0,1,1,1,9.200000000000001,180444.0,171.2,0
43,1,103882.0,2,27.7,1.0,1,8,5,0,5.0,1,1,13,51941.0,0,1,1,0,1,6.8,623292.0,55.4,0
32,1,68859.0,2,5.0,2.0,2,13,10,1,5.0,1,1,23,22953.0,0,1,1,1,1,11.8,413154.0,10.0,1
58,0,119500.0,1,41.0,1.0,2,5,1,1,2.0,1,1,6,59750.0,1,0,1,1,1,3.4,358500.0,82.0,0
40,1,49047.0,2,53.8,2.0,2,4,3,1,2.0,1,1,7,16349.0,1,0,1,1,1,3.6,147141.0,107.6,0
46,0,35083.0,1,45.0,3.0,1,5,5,1,2.0,1,1,10,8770.75,1,0,1,1,1,5.0,105249.0,90.0,0
53,0,103955.0,2,5.0,3.5,0,12,3,1,4.0,0,1,15,23101.11111111111,0,1,1,1,0,8.399999999999999,519775.0,10.0,0
60,0,82252.0,2,50.1,1.0,0,12,14,1,5.0,0,1,26,41126.0,1,1,1,1,0,12.8,493512.0,100.2,0
48,0,90187.0,2,70.7,3.0,1,5,3,0,1.0,0,1,8,22546.75,1,0,1,0,0,4.2,180374.0,141.4,0
37,0,69403.0,2,24.9,2.0,2,3,18,0,1.0,0,1,21,23134.333333333332,0,0,1,0,0,9.0,138806.0,49.8,0
49,1,104947.0,2,40.4,3.0,0,5,9,0,4.0,1,1,14,26236.75,1,1,1,0,1,6.6,524735.0,80.8,1
45,0,30000.0,2,69.2,3.0,2,12,10,1,5.0,1,1,22,7500.0,1,1,1,1,1,11.2,180000.0,138.4,0
56,0,118469.0,1,78.4,3.5,2,6,7,1,2.0,0,1,13,26326.444444444445,1,0,1,1,0,6.4,355407.0,156.8,0
52,1,79458.0,2,49.8,1.0,2,4,4,1,3.0,1,1,8,39729.0,1,1,1,1,1,4.0,317832.0,99.6,1
34,0,67705.0,2,13.2,2.0,2,12,6,1,5.0,1,1,18,22568.333333333332,0,1,1,1,1,9.6,406230.0,26.4,1
57,0,84848.0,1,53.2,1.0,1,7,6,1,1.0,1,1,13,42424.0,1,0,1,1,1,6.6000000000000005,169696.0,106.4,0
50,0,30000.0,2,46.5,3.0,2,8,9,1,5.0,1,1,17,7500.0,1,1,1,1,1,8.4,180000.0,93.0,1
46,1,84839.0,0,84.2,1.0,3,2,3,0,2.0,1,1,5,42419.5,1,0,1,0,1,2.4000000000000004,254517.0,168.4,0
50,0,30000.0,2,53.3,2.0,1,4,18,1,5.0,1,1,22,10000.0,1,1,1,1,1,9.6,180000.0,106.6,0
39,1,58187.0,2,7.4,2.0,2,6,13,0,3.0,1,1,19,19395.666666666668,0,1,1,0,1,8.8,232748.0,14.8,0
50,0,84560.0,1,31.9,1.0,2,2,6,0,4.0,0,1,8,42280.0,0,1,1,0,0,3.6000000000000005,422800.0,63.8,0
30,0,79638.0,0,66.3,2.0,2,0,0,0,3.0,0,1,0,26546.0,1,1,1,0,0,0.0,318552.0,132.6,0
32,0,99412.0,2,18.3,1.0,2,10,15,0,4.0,0,1,25,49706.0,0,1,1,0,0,12.0,497060.0,36.6,0
67,1,96709.0,2,49.1,3.0,1,3,3,0,2.0,0,1,6,24177.25,1,0,1,0,0,3.0,290127.0,98.2,0
47,0,84708.0,1,21.3,1.0,1,2,4,0,2.0,1,1,6,42354.0,0,0,1,0,1,2.8,254124.0,42.6,0
34,0,123577.0,2,48.3,1.0,2,8,6,1,4.0,0,1,14,61788.5,1,1,1,1,0,7.2,617885.0,96.6,0
26,0,39253.0,2,54.0,1.0,2,10,12,1,1.0,0,1,22,19626.5,1,0,1,1,0,10.8,78506.0,108.0,0
38,1,30000.0,0,57.7,1.0,2,2,0,0,5.0,1,1,2,15000.0,1,1,1,0,1,1.2,180000.0,115.4,0
29,1,100953.0,0,5.0,1.0,2,2,0,1,2.0,1,1,2,50476.5,0,0,1,1,1,1.2,302859.0,10.0,0
47,0,36927.0,2,16.2,2.0,2,3,14,1,4.0,1,1,17,12309.0,0,1,1,1,1,7.4,184635.0,32.4,0
67,0,56658.0,0,68.6,1.0,2,2,1,1,3.0,0,1,3,28329.0,1,1,1,1,0,1.6,226632.0,137.2,0
36,1,93442.0,2,5.0,2.0,1,13,16,1,4.0,1,1,29,31147.333333333332,0,1,1,1,1,14.2,467210.0,10.0,0
36,1,114111.0,1,37.8,3.5,1,2,6,1,1.0,0,1,8,25358.0,0,0,1,1,0,3.6000000000000005,228222.0,75.6,0
62,1,79681.0,2,37.9,3.0,2,3,7,0,1.0,0,1,10,19920.25,0,0,1,0,0,4.6,159362.0,75.8,0
41,2,69803.0,0,97.2,2.0,2,1,1,1,2.0,0,1,2,23267.666666666668,1,0,1,1,0,1.0,209409.0,194.4,0
45,0,70920.0,1,33.5,3.0,1,5,6,1,1.0,0,1,11,17730.0,0,0,1,1,0,5.4,141840.0,67.0,0
26,0,120902.0,1,25.7,1.0,2,3,7,0,5.0,0,1,10,60451.0,0,1,1,0,0,4.6,725412.0,51.4,0
50,0,108152.0,2,40.4,3.0,2,7,14,1,5.0,1,1,21,27038.0,1,1,1,1,1,9.8,648912.0,80.8,1
60,0,88222.0,2,73.7,1.0,2,13,7,0,4.0,1,1,20,44111.0,1,1,1,0,1,10.6,441110.0,147.4,0
49,0,107730.0,1,61.5,3.5,0,7,3,1,4.0,0,1,10,23940.0,1,1,1,1,0,5.4,538650.0,123.0,0
45,0,107886.0,2,63.8,3.0,2,7,5,0,2.0,1,1,12,26971.5,1,0,1,0,1,6.2,323658.0,127.6,0
32,0,92136.0,2,5.0,1.0,0,13,11,1,4.0,1,1,24,46068.0,0,1,1,1,1,12.2,460680.0,10.0,1
25,1,80966.0,1,45.5,1.0,0,1,3,1,1.0,0,1,4,40483.0,1,0,1,1,0,1.8000000000000003,161932.0,91.0,0
57,0,99412.0,2,24.5,1.0,2,4,15,1,5.0,0,1,19,49706.0,0,1,1,1,0,8.4,596472.0,49.0,0
53,0,140163.0,2,33.9,3.0,1,13,8,0,1.0,0,1,21,35040.75,0,0,1,0,0,11.0,280326.0,67.8,0
59,1,110518.0,1,37.5,1.0,3,3,9,1,5.0,0,1,12,55259.0,0,1,1,1,0,5.4,663108.0,75.0,0
68,0,104533.0,0,89.8,3.0,0,1,2,0,5.0,0,1,3,26133.25,1,1,1,0,0,1.4,627198.0,179.6,0
35,0,165087.0,0,66.0,3.5,0,1,3,1,4.0,0,1,4,36686.0,1,1,1,1,0,1.8000000000000003,825435.0,132.0,0
52,0,30000.0,1,72.9,1.0,0,5,5,1,3.0,0,1,10,15000.0,1,1,1,1,0,5.0,120000.0,145.8,0
47,0,92626.0,1,69.8,1.0,2,2,5,1,5.0,0,1,7,46313.0,1,1,1,1,0,3.2,555756.0,139.6,1
50,0,90017.0,1,28.3,3.5,0,6,9,0,4.0,1,1,15,20003.777777777777,0,1,1,0,1,7.199999999999999,450085.0,56.6,1
38,1,61979.0,2,40.2,3.0,2,8,10,0,3.0,1,1,18,15494.75,1,1,1,0,1,8.8,247916.0,80.4,1
59,1,30000.0,1,40.7,1.0,1,4,2,1,1.0,0,1,6,15000.0,1,0,1,1,0,3.2,60000.0,81.4,0
63,0,90366.0,2,34.1,2.0,1,2,19,1,4.0,0,1,21,30122.0,0,1,1,1,0,8.8,451830.0,68.2,0
64,0,59010.0,2,23.9,1.0,0,9,7,0,1.0,0,1,16,29505.0,0,0,1,0,0,8.2,118020.0,47.8,0
43,0,45081.0,1,57.4,2.0,0,3,1,1,5.0,1,1,4,15027.0,1,1,1,1,1,2.1999999999999997,270486.0,114.8,0
41,1,125987.0,2,48.8,1.0,2,5,16,0,3.0,1,1,21,62993.5,1,1,1,0,1,9.4,503948.0,97.6,1
31,1,80791.0,1,82.6,1.0,0,5,5,1,1.0,0,1,10,40395.5,1,0,1,1,0,5.0,161582.0,165.2,0
52,1,30000.0,0,5.0,1.0,2,2,3,1,2.0,1,1,5,15000.0,0,0,1,1,1,2.4000000000000004,90000.0,10.0,0
31,0,95823.0,1,41.1,1.0,1,0,3,0,2.0,1,1,3,47911.5,1,0,1,0,1,1.2000000000000002,287469.0,82.2,0
44,0,58891.0,1,39.9,1.0,2,4,4,1,3.0,0,1,8,29445.5,0,1,1,1,0,4.0,235564.0,79.8,0
48,1,35933.0,0,45.3,1.0,1,0,0,1,2.0,0,1,0,17966.5,1,0,1,1,0,0.0,107799.0,90.6,0
39,0,63733.0,0,62.8,2.0,0,1,0,1,3.0,1,1,1,21244.333333333332,1,1,1,1,1,0.6,254932.0,125.6,1
50,1,118693.0,2,69.8,1.0,1,12,15,1,2.0,0,1,27,59346.5,1,0,1,1,0,13.2,356079.0,139.6,0
34,1,42982.0,1,75.0,1.0,1,7,6,1,3.0,1,1,13,21491.0,1,1,1,1,1,6.6000000000000005,171928.0,150.0,1
52,1,85054.0,1,5.0,1.0,3,7,5,0,5.0,1,1,12,42527.0,0,1,1,0,1,6.2,510324.0,10.0,0
41,1,85227.0,2,74.4,2.0,2,8,7,0,2.0,0,1,15,28409.0,1,0,1,0,0,7.6,255681.0,148.8,0
43,1,87404.0,1,32.1,1.0,2,1,2,0,1.0,1,1,3,43702.0,0,0,1,0,1,1.4,174808.0,64.2,0
36,1,121522.0,2,11.0,2.0,0,13,4,1,2.0,1,1,17,40507.333333333336,0,0,1,1,1,9.4,364566.0,22.0,0
40,1,41971.0,0,45.6,1.0,0,2,2,1,4.0,1,1,4,20985.5,1,1,1,1,1,2.0,209855.0,91.2,0
48,1,101200.0,1,40.6,3.0,3,4,7,1,3.0,1,1,11,25300.0,1,1,1,1,1,5.2,404800.0,81.2,0
32,1,111621.0,0,58.1,2.0,0,2,3,1,2.0,1,1,5,37207.0,1,0,1,1,1,2.4000000000000004,334863.0,116.2,1
44,2,41320.0,2,37.4,2.0,1,9,10,1,5.0,0,1,19,13773.333333333334,0,1,1,1,0,9.399999999999999,247920.0,74.8,0
33,1,86633.0,1,66.1,1.0,2,7,9,1,3.0,1,1,16,43316.5,1,1,1,1,1,7.800000000000001,346532.0,132.2,0
67,2,90705.0,2,80.1,1.0,2,12,9,1,1.0,1,1,21,45352.5,1,0,1,1,1,10.799999999999999,181410.0,160.2,0
55,1,82761.0,2,51.1,2.0,1,14,16,1,2.0,0,1,30,27587.0,1,0,1,1,0,14.8,248283.0,102.2,0
39,0,146811.0,2,38.2,1.0,2,7,16,0,4.0,0,1,23,73405.5,0,1,1,0,0,10.600000000000001,734055.0,76.4,0
46,0,60847.0,2,32.1,1.0,1,10,4,1,5.0,0,1,14,30423.5,0,1,1,1,0,7.6,365082.0,64.2,0
43,0,60197.0,2,16.2,2.0,2,3,3,0,2.0,1,1,6,20065.666666666668,0,0,1,0,1,3.0,180591.0,32.4,0
50,0,44087.0,1,13.9,1.0,0,2,7,1,3.0,0,1,9,22043.5,0,1,1,1,0,4.0,176348.0,27.8,0
32,1,90266.0,2,39.0,2.0,1,7,6,0,4.0,0,1,13,30088.666666666668,0,1,1,0,0,6.6000000000000005,451330.0,78.0,0
63,0,75681.0,2,56.8,2.0,2,12,7,1,5.0,1,1,19,25227.0,1,1,1,1,1,10.0,454086.0,113.6,1
25,0,66125.0,2,28.0,1.0,2,7,18,0,3.0,1,1,25,33062.5,0,1,1,0,1,11.4,264500.0,56.0,0
62,0,138250.0,2,7.0,1.0,2,2,11,1,3.0,1,1,13,69125.0,0,1,1,1,1,5.6000000000000005,553000.0,14.0,1
25,0,70155.0,1,52.8,1.0,2,1,9,1,2.0,1,1,10,35077.5,1,0,1,1,1,4.2,210465.0,105.6,0
57,1,70256.0,2,5.0,1.0,2,11,6,0,4.0,1,1,17,35128.0,0,1,1,0,1,9.0,351280.0,10.0,1
46,1,30000.0,1,19.9,2.0,1,5,2,1,4.0,1,1,7,10000.0,0,1,1,1,1,3.8,150000.0,39.8,0
54,1,109551.0,2,5.0,1.0,1,14,5,1,5.0,1,1,19,54775.5,0,1,1,1,1,10.4,657306.0,10.0,1
36,1,113187.0,2,53.9,1.0,3,11,19,1,1.0,1,1,30,56593.5,1,0,1,1,1,14.2,226374.0,107.8,0
36,2,125871.0,1,35.5,2.0,2,7,9,1,3.0,1,1,16,41957.0,0,1,1,1,1,7.800000000000001,503484.0,71.0,0
40,1,70148.0,2,29.3,2.0,2,2,15,1,2.0,0,1,17,23382.666666666668,0,0,1,1,0,7.2,210444.0,58.6,0
25,0,38742.0,1,40.1,3.0,0,6,7,1,4.0,0,1,13,9685.5,0,1,1,1,0,6.4,193710.0,80.2,0
68,1,103158.0,1,45.0,2.0,0,5,9,1,2.0,1,1,14,34386.0,1,0,1,1,1,6.6,309474.0,90.0,0
64,0,67515.0,2,70.8,2.0,2,11,6,0,2.0,0,1,17,22505.0,1,0,1,0,0,9.0,202545.0,141.6,0
47,1,95098.0,0,44.6,3.5,2,0,0,1,4.0,1,1,0,21132.88888888889,1,1,1,1,1,0.0,475490.0,89.2,1
25,1,59215.0,1,5.0,1.0,2,6,8,1,2.0,1,1,14,29607.5,0,0,1,1,1,6.8,177645.0,10.0,0
47,0,96170.0,2,55.9,2.0,2,11,13,0,4.0,1,1,24,32056.666666666668,1,1,1,0,1,11.8,480850.0,111.8,0
50,1,91821.0,2,55.8,1.0,1,10,3,0,5.0,1,1,13,45910.5,1,1,1,0,1,7.2,550926.0,111.6,0
28,0,83940.0,2,67.7,1.0,2,11,10,0,3.0,0,1,21,41970.0,1,1,1,0,0,10.6,335760.0,135.4,0
38,0,74205.0,2,35.7,2.0,2,4,15,1,1.0,0,1,19,24735.0,0,0,1,1,0,8.4,148410.0,71.4,0
59,1,121956.0,2,72.3,3.0,2,10,14,1,3.0,0,1,24,30489.0,1,1,1,1,0,11.600000000000001,487824.0,144.6,0
60,1,101627.0,1,68.9,2.0,1,3,2,1,3.0,1,1,5,33875.666666666664,1,1,1,1,1,2.5999999999999996,406508.0,137.8,0
66,1,79144.0,1,40.2,2.0,3,6,6,0,5.0,1,1,12,26381.333333333332,1,1,1,0,1,6.0,474864.0,80.4,0
59,1,167214.0,1,25.9,3.0,2,1,1,0,2.0,1,1,2,41803.5,0,0,1,0,1,1.0,501642.0,51.8,0
57,1,106059.0,0,33.3,2.0,1,1,1,1,5.0,0,1,2,35353.0,0,1,1,1,0,1.0,636354.0,66.6,1
50,0,99645.0,2,58.9,1.0,1,6,6,1,3.0,1,1,12,49822.5,1,1,1,1,1,6.0,398580.0,117.8,0
28,1,82451.0,1,106.35000000000001,2.0,1,3,3,1,4.0,1,1,6,27483.666666666668,1,1,1,1,1,3.0,412255.0,212.70000000000002,1
35,0,67835.0,1,47.9,1.0,1,1,9,1,1.0,0,1,10,33917.5,1,0,1,1,0,4.2,135670.0,95.8,0
42,0,50824.0,2,5.0,1.0,2,5,5,1,2.0,1,1,10,25412.0,0,0,1,1,1,5.0,152472.0,10.0,0
36,1,117151.0,2,40.8,1.0,1,9,7,1,5.0,1,1,16,58575.5,1,1,1,1,1,8.2,702906.0,81.6,0
62,1,62267.0,0,79.1,2.0,0,0,2,1,1.0,0,1,2,20755.666666666668,1,0,1,1,0,0.8,124534.0,158.2,0
41,0,61311.0,2,38.7,1.0,0,3,14,0,2.0,1,1,17,30655.5,0,0,1,0,1,7.4,183933.0,77.4,0
64,0,123261.0,1,73.5,1.0,0,0,6,1,2.0,1,1,6,61630.5,1,0,1,1,1,2.4000000000000004,369783.0,147.0,0
42,1,37291.0,2,32.1,2.0,2,10,4,1,2.0,1,1,14,12430.333333333334,0,0,1,1,1,7.6,111873.0,64.2,0
69,1,75541.0,1,62.6,2.0,3,6,9,1,2.0,0,1,15,25180.333333333332,1,0,1,1,0,7.199999999999999,226623.0,125.2,0
67,0,90996.0,2,41.3,2.0,2,12,12,0,4.0,0,1,24,30332.0,1,1,1,0,0,12.0,454980.0,82.6,0
59,1,41426.0,2,60.1,2.0,2,14,13,1,2.0,1,1,27,13808.666666666666,1,0,1,1,1,13.600000000000001,124278.0,120.2,0
64,0,111332.0,0,48.6,2.0,2,1,1,1,1.0,0,1,2,37110.666666666664,1,0,1,1,0,1.0,222664.0,97.2,0
35,1,134476.0,2,64.7,2.0,2,6,3,0,4.0,1,1,9,44825.333333333336,1,1,1,0,1,4.8,672380.0,129.4,0
68,0,30000.0,1,24.0,2.0,1,2,7,1,2.0,0,1,9,10000.0,0,0,1,1,0,4.0,90000.0,48.0,0
57,2,127333.0,2,63.9,1.0,1,4,7,0,5.0,1,1,11,63666.5,1,1,1,0,1,5.2,763998.0,127.8,1
38,1,110612.0,2,31.6,1.0,1,14,15,1,5.0,1,1,29,55306.0,0,1,1,1,1,14.4,663672.0,63.2,1
66,1,79930.0,2,51.6,1.0,2,8,12,1,4.0,0,1,20,39965.0,1,1,1,1,0,9.600000000000001,399650.0,103.2,0
64,0,74640.0,1,28.2,2.0,2,5,9,1,1.0,1,1,14,24880.0,0,0,1,1,1,6.6,149280.0,56.4,0
26,0,137468.0,0,78.9,1.0,0,2,1,1,3.0,1,1,3,68734.0,1,1,1,1,1,1.6,549872.0,157.8,1
32,1,114723.0,1,66.6,2.0,2,1,8,1,3.0,1,1,9,38241.0,1,1,1,1,1,3.8000000000000003,458892.0,133.2,0
47,0,92665.0,1,18.0,2.0,0,3,8,1,5.0,1,1,11,30888.333333333332,0,1,1,1,1,5.0,555990.0,36.0,1
36,1,44420.0,1,25.7,3.0,2,1,1,0,2.0,1,1,2,11105.0,0,0,1,0,1,1.0,133260.0,51.4,0
58,0,118161.0,2,67.8,2.0,2,11,14,0,4.0,0,1,25,39387.0,1,1,1,0,0,12.2,590805.0,135.6,0
59,1,89363.0,2,20.6,1.0,1,2,5,0,5.0,0,1,7,44681.5,0,1,1,0,0,3.2,536178.0,41.2,0
65,1,30000.0,0,66.7,1.0,2,1,3,0,4.0,0,1,4,15000.0,1,1,1,0,0,1.8000000000000003,150000.0,133.4,0
68,1,77760.0,2,10.9,1.0,0,12,18,1,2.0,1,1,30,38880.0,0,0,1,1,1,14.399999999999999,233280.0,21.8,0
33,0,56686.0,2,16.9,2.0,1,9,19,0,2.0,0,1,28,18895.333333333332,0,0,1,0,0,13.0,170058.0,33.8,0
53,1,61024.0,2,73.6,1.0,1,14,6,0,5.0,1,1,20,30512.0,1,1,1,0,1,10.8,366144.0,147.2,0
35,1,112545.0,1,33.2,1.0,2,3,8,1,4.0,1,1,11,56272.5,0,1,1,1,1,5.0,562725.0,66.4,1
38,0,79898.0,1,53.0,1.0,0,1,7,0,1.0,1,1,8,39949.0,1,0,1,0,1,3.4000000000000004,159796.0,106.0,0
26,0,114964.0,2,38.9,1.0,2,4,12,1,2.0,1,1,16,57482.0,0,0,1,1,1,7.200000000000001,344892.0,77.8,0
55,0,103320.0,1,52.3,3.5,1,4,7,1,3.0,0,1,11,22960.0,1,1,1,1,0,5.2,413280.0,104.6,0
27,0,55621.0,1,43.9,2.0,2,3,1,1,5.0,0,1,4,18540.333333333332,1,1,1,1,0,2.1999999999999997,333726.0,87.8,0
52,1,116850.0,2,86.0,3.0,1,8,15,0,5.0,1,1,23,29212.5,1,1,1,0,1,10.8,701100.0,172.0,1
53,0,59931.0,2,19.8,3.0,2,6,14,0,2.0,0,1,20,14982.75,0,0,1,0,0,9.2,179793.0,39.6,0
34,0,110195.0,1,70.0,2.0,1,1,7,0,4.0,1,1,8,36731.666666666664,1,1,1,0,1,3.4000000000000004,550975.0,140.0,0
47,0,76660.0,0,49.5,3.0,2,0,0,1,3.0,1,1,0,19165.0,1,1,1,1,1,0.0,306640.0,99.0,0
26,1,115278.0,2,29.6,2.0,2,5,14,0,3.0,1,1,19,38426.0,0,1,1,0,1,8.600000000000001,461112.0,59.2,0
59,0,122146.0,2,5.0,2.0,3,5,17,0,5.0,1,1,22,40715.333333333336,0,1,1,0,1,9.8,732876.0,10.0,1
40,0,53374.0,1,59.8,3.0,0,1,6,1,1.0,0,1,7,13343.5,1,0,1,1,0,3.0000000000000004,106748.0,119.6,0
51,0,86915.0,2,21.6,1.0,1,11,8,0,4.0,1,1,19,43457.5,0,1,1,0,1,9.8,434575.0,43.2,1
62,1,168628.0,1,11.2,2.0,2,0,7,1,5.0,0,1,7,56209.333333333336,0,1,1,1,0,2.8000000000000003,1011768.0,22.4,0
62,0,63680.0,2,52.0,3.5,1,13,13,1,5.0,0,1,26,14151.111111111111,1,1,1,1,0,13.0,382080.0,104.0,0
36,0,85163.0,2,38.5,3.0,2,5,17,0,2.0,1,1,22,21290.75,0,0,1,0,1,9.8,255489.0,77.0,0
54,1,80826.0,2,78.3,3.0,0,6,6,0,4.0,1,1,12,20206.5,1,1,1,0,1,6.0,404130.0,156.6,0
36,0,72532.0,2,28.6,2.0,2,13,5,0,1.0,1,1,18,24177.333333333332,0,0,1,0,1,9.8,145064.0,57.2,0
33,0,59225.0,2,106.35000000000001,3.0,2,2,11,1,5.0,1,1,13,14806.25,1,1,1,1,1,5.6000000000000005,355350.0,212.70000000000002,1
69,1,75232.0,2,62.0,1.0,2,12,11,0,2.0,1,1,23,37616.0,1,0,1,0,1,11.6,225696.0,124.0,0
55,1,99246.0,1,49.3,1.0,1,5,5,0,3.0,0,1,10,49623.0,1,1,1,0,0,5.0,396984.0,98.6,0
39,1,91804.0,1,25.8,2.0,1,7,8,1,1.0,1,1,15,30601.333333333332,0,0,1,1,1,7.4,183608.0,51.6,0
38,1,30000.0,2,55.1,3.0,2,13,15,1,3.0,0,1,28,7500.0,1,1,1,1,0,13.8,120000.0,110.2,0
35,1,64641.0,2,10.1,1.0,2,3,8,0,3.0,1,1,11,32320.5,0,1,1,0,1,5.0,258564.0,20.2,0
46,0,119346.0,2,5.0,2.0,1,10,14,1,3.0,1,1,24,39782.0,0,1,1,1,1,11.600000000000001,477384.0,10.0,1
46,1,113781.0,1,21.9,2.0,2,4,3,1,3.0,0,1,7,37927.0,0,1,1,1,0,3.6,455124.0,43.8,0
41,1,77528.0,2,62.8,1.0,1,13,10,1,1.0,0,1,23,38764.0,1,0,1,1,0,11.8,155056.0,125.6,0
44,0,96559.0,0,67.5,2.0,1,2,2,1,3.0,0,1,4,32186.333333333332,1,1,1,1,0,2.0,386236.0,135.0,0
26,1,54374.0,2,58.0,1.0,1,4,5,0,4.0,1,1,9,27187.0,1,1,1,0,1,4.4,271870.0,116.0,1
62,2,30000.0,0,73.2,1.0,2,0,2,1,3.0,0,1,2,15000.0,1,1,1,1,0,0.8,120000.0,146.4,0
32,1,64151.0,0,10.0,2.0,2,1,3,0,3.0,1,1,4,21383.666666666668,0,1,1,0,1,1.8000000000000003,256604.0,20.0,0
44,0,60094.0,1,13.3,1.0,2,4,9,1,5.0,0,1,13,30047.0,0,1,1,1,0,6.0,360564.0,26.6,0
50,0,66857.0,2,27.9,2.0,2,8,11,1,3.0,1,1,19,22285.666666666668,0,1,1,1,1,9.2,267428.0,55.8,0
26,1,116448.0,2,22.0,2.0,1,3,6,0,2.0,1,1,9,38816.0,0,0,1,0,1,4.2,349344.0,44.0,0
69,1,85441.0,1,71.7,1.0,3,3,6,0,2.0,0,1,9,42720.5,1,0,1,0,0,4.2,256323.0,143.4,0
43,1,93623.0,1,52.4,3.0,1,2,3,1,5.0,1,1,5,23405.75,1,1,1,1,1,2.4000000000000004,561738.0,104.8,0
69,1,52276.0,1,23.2,1.0,0,0,5,1,1.0,1,1,5,26138.0,0,0,1,1,1,2.0,104552.0,46.4,0
39,1,54085.0,2,22.7,1.0,2,8,8,1,2.0,0,1,16,27042.5,0,0,1,1,0,8.0,162255.0,45.4,0
51,1,97432.0,1,67.4,2.0,2,6,1,0,4.0,1,1,7,32477.333333333332,1,1,1,0,1,3.9999999999999996,487160.0,134.8,0
63,0,109868.0,2,27.5,2.0,2,7,5,0,1.0,0,1,12,36622.666666666664,0,0,1,0,0,6.2,219736.0,55.0,0
54,1,39869.0,2,65.9,1.0,2,11,11,0,5.0,0,1,22,19934.5,1,1,1,0,0,11.0,239214.0,131.8,0
42,0,114514.0,1,45.8,1.0,1,5,4,0,3.0,0,1,9,57257.0,1,1,1,0,0,4.6,458056.0,91.6,0
56,1,151989.0,2,14.3,1.0,1,12,16,0,4.0,1,1,28,75994.5,0,1,1,0,1,13.6,759945.0,28.6,0
69,0,126720.0,2,54.5,1.0,2,2,6,0,4.0,1,1,8,63360.0,1,1,1,0,1,3.6000000000000005,633600.0,109.0,0
33,1,110564.0,2,15.2,2.0,1,4,7,0,4.0,0,1,11,36854.666666666664,0,1,1,0,0,5.2,552820.0,30.4,0
41,1,61724.0,2,80.9,1.0,2,11,14,0,5.0,0,1,25,30862.0,1,1,1,0,0,12.2,370344.0,161.8,0
36,0,48525.0,2,42.3,2.0,2,8,3,0,2.0,1,1,11,16175.0,1,0,1,0,1,6.0,145575.0,84.6,0
64,1,75802.0,1,29.1,2.0,0,5,8,1,3.0,1,1,13,25267.333333333332,0,1,1,1,1,6.2,303208.0,58.2,0
51,1,78580.0,2,80.5,1.0,1,14,19,0,3.0,1,1,33,39290.0,1,1,1,0,1,16.0,314320.0,161.0,0
62,1,144230.0,1,39.2,1.0,2,6,3,1,3.0,0,1,9,72115.0,0,1,1,1,0,4.8,576920.0,78.4,0
53,0,93562.0,2,21.5,3.0,2,2,13,0,1.0,0,1,15,23390.5,0,0,1,0,0,6.4,187124.0,43.0,0
59,1,129701.0,1,52.0,1.0,1,0,4,1,4.0,0,1,4,64850.5,1,1,1,1,0,1.6,648505.0,104.0,0
60,1,97565.0,1,62.7,2.0,0,6,2,1,3.0,0,1,8,32521.666666666668,1,1,1,1,0,4.3999999999999995,390260.0,125.4,0
37,1,42656.0,2,5.0,1.0,1,12,19,1,2.0,1,1,31,21328.0,0,0,1,1,1,14.8,127968.0,10.0,0
59,1,100416.0,1,22.7,2.0,1,5,4,1,2.0,1,1,9,33472.0,0,0,1,1,1,4.6,301248.0,45.4,0
56,0,84708.0,2,54.6,3.5,1,12,6,0,5.0,1,1,18,18824.0,1,1,1,0,1,9.6,508248.0,109.2,0
37,1,112035.0,2,43.9,3.0,1,8,18,0,1.0,1,1,26,28008.75,1,0,1,0,1,12.0,224070.0,87.8,0
55,1,48360.0,1,18.5,1.0,2,3,6,1,3.0,1,1,9,24180.0,0,1,1,1,1,4.2,193440.0,37.0,0
27,0,36484.0,2,42.9,1.0,2,8,6,0,2.0,1,1,14,18242.0,1,0,1,0,1,7.2,109452.0,85.8,0
68,0,74052.0,2,21.4,1.0,2,9,9,0,1.0,0,1,18,37026.0,0,0,1,0,0,9.0,148104.0,42.8,0
42,1,104064.0,2,34.1,2.0,1,10,8,0,4.0,1,1,18,34688.0,0,1,1,0,1,9.2,520320.0,68.2,0
69,2,51305.0,1,20.1,3.5,1,3,1,1,1.0,1,1,4,11401.111111111111,0,0,1,1,1,2.1999999999999997,102610.0,40.2,0
66,0,110019.0,1,51.8,2.0,2,4,5,1,2.0,1,1,9,36673.0,1,0,1,1,1,4.4,330057.0,103.6,1
34,0,64186.0,2,58.9,2.0,2,12,8,1,5.0,1,1,20,21395.333333333332,1,1,1,1,1,10.399999999999999,385116.0,117.8,1
57,1,99509.0,2,45.8,1.0,1,6,11,1,2.0,1,1,17,49754.5,1,0,1,1,1,8.0,298527.0,91.6,0
39,1,58884.0,0,5.0,2.0,2,0,1,0,5.0,0,1,1,19628.0,0,1,1,0,0,0.4,353304.0,10.0,0
31,0,102609.0,2,44.4,2.0,1,13,6,0,3.0,0,1,19,34203.0,1,1,1,0,0,10.2,410436.0,88.8,0
69,1,81718.0,2,44.4,1.0,3,4,3,0,2.0,1,1,7,40859.0,1,0,1,0,1,3.6,245154.0,88.8,0
66,0,145958.0,1,27.8,1.0,1,5,9,1,2.0,0,1,14,72979.0,0,0,1,1,0,6.6,437874.0,55.6,0
40,1,96991.0,2,12.1,2.0,3,4,12,0,3.0,1,1,16,32330.333333333332,0,1,1,0,1,7.200000000000001,387964.0,24.2,0
56,1,91289.0,1,83.6,2.0,2,1,6,1,4.0,1,1,7,30429.666666666668,1,1,1,1,1,3.0000000000000004,456445.0,167.2,1
45,0,102647.0,2,5.0,1.0,2,10,5,1,3.0,0,1,15,51323.5,0,1,1,1,0,8.0,410588.0,10.0,0
28,1,42493.0,0,27.9,3.5,2,2,0,1,1.0,0,1,2,9442.888888888889,0,0,1,1,0,1.2,84986.0,55.8,0
54,1,125767.0,2,55.6,3.5,2,7,9,1,4.0,0,1,16,27948.222222222223,1,1,1,1,0,7.800000000000001,628835.0,111.2,0
29,0,80704.0,2,78.4,3.0,2,5,8,0,1.0,0,1,13,20176.0,1,0,1,0,0,6.2,161408.0,156.8,0
67,0,33153.0,2,5.0,3.0,1,5,16,1,1.0,1,1,21,8288.25,0,0,1,1,1,9.4,66306.0,10.0,0
47,0,30000.0,2,7.9,1.0,3,4,3,1,1.0,0,1,7,15000.0,0,0,1,1,0,3.6,60000.0,15.8,0
43,0,65540.0,1,59.2,1.0,0,5,5,0,4.0,1,1,10,32770.0,1,1,1,0,1,5.0,327700.0,118.4,0
30,1,66975.0,2,45.1,2.0,2,7,9,0,1.0,1,1,16,22325.0,1,0,1,0,1,7.800000000000001,133950.0,90.2,0
42,1,127228.0,1,46.9,3.0,1,0,8,1,1.0,1,1,8,31807.0,1,0,1,1,1,3.2,254456.0,93.8,0
29,0,161147.0,2,8.9,1.0,2,12,17,1,5.0,1,1,29,80573.5,0,1,1,1,1,14.0,966882.0,17.8,0
44,1,139247.0,0,30.9,3.5,1,2,0,1,2.0,1,1,2,30943.777777777777,0,0,1,1,1,1.2,417741.0,61.8,0
69,1,77966.0,1,39.5,3.0,2,2,1,1,2.0,0,1,3,19491.5,0,0,1,1,0,1.6,233898.0,79.0,0
32,0,30000.0,1,77.7,2.0,2,4,5,1,4.0,0,1,9,10000.0,1,1,1,1,0,4.4,150000.0,155.4,0
31,0,174521.0,2,44.3,2.0,1,3,11,0,5.0,0,1,14,58173.666666666664,1,1,1,0,0,6.2,1047126.0,88.6,0
67,1,67724.0,2,24.8,2.0,2,13,16,0,2.0,1,1,29,22574.666666666668,0,0,1,0,1,14.2,203172.0,49.6,0
63,1,72673.0,1,73.7,2.0,2,1,9,1,3.0,1,1,10,24224.333333333332,1,1,1,1,1,4.2,290692.0,147.4,0
33,1,108070.0,2,30.2,1.0,2,2,3,0,2.0,1,1,5,54035.0,0,0,1,0,1,2.4000000000000004,324210.0,60.4,0
66,0,79170.0,2,48.5,2.0,2,11,16,0,2.0,0,1,27,26390.0,1,0,1,0,0,13.0,237510.0,97.0,0
65,1,66514.0,1,51.4,3.5,0,4,8,1,2.0,0,1,12,14780.888888888889,1,0,1,1,0,5.6,199542.0,102.8,0
26,0,30000.0,2,40.2,1.0,1,14,5,0,3.0,1,1,19,15000.0,1,1,1,0,1,10.4,120000.0,80.4,0
37,1,30000.0,1,74.4,1.0,2,3,4,1,5.0,0,1,7,15000.0,1,1,1,1,0,3.4,180000.0,148.8,0
65,0,84296.0,2,67.8,2.0,2,4,14,0,4.0,0,1,18,28098.666666666668,1,1,1,0,0,8.0,421480.0,135.6,0
67,2,165514.0,1,29.7,1.0,2,1,1,1,2.0,0,1,2,82757.0,0,0,1,1,0,1.0,496542.0,59.4,0
38,0,73825.0,2,49.9,2.0,1,2,11,0,3.0,0,1,13,24608.333333333332,1,1,1,0,0,5.6000000000000005,295300.0,99.8,0
38,0,135173.0,2,36.2,3.0,0,6,5,1,2.0,0,1,11,33793.25,0,0,1,1,0,5.6,405519.0,72.4,0
55,1,129372.0,2,26.2,1.0,1,11,9,0,1.0,1,1,20,64686.0,0,0,1,0,1,10.2,258744.0,52.4,0
34,0,44589.0,1,5.0,2.0,1,5,2,1,3.0,1,1,7,14863.0,0,1,1,1,1,3.8,178356.0,10.0,0
49,1,91750.0,0,87.9,1.0,2,2,2,1,5.0,0,1,4,45875.0,1,1,1,1,0,2.0,550500.0,175.8,0
63,1,49109.0,2,76.7,1.0,0,13,7,0,3.0,1,1,20,24554.5,1,1,1,0,1,10.6,196436.0,153.4,0
47,0,38952.0,2,41.3,2.0,2,5,19,0,1.0,1,1,24,12984.0,1,0,1,0,1,10.600000000000001,77904.0,82.6,0
46,1,100422.0,1,37.9,2.0,1,3,4,0,5.0,0,1,7,33474.0,0,1,1,0,0,3.4,602532.0,75.8,0
61,1,126825.0,2,38.1,2.0,2,10,9,1,4.0,0,1,19,42275.0,0,1,1,1,0,9.6,634125.0,76.2,0
56,0,43501.0,2,24.0,1.0,2,6,6,1,4.0,1,1,12,21750.5,0,1,1,1,1,6.0,217505.0,48.0,0
47,1,53074.0,0,25.4,1.0,0,1,0,1,1.0,0,1,1,26537.0,0,0,1,1,0,0.6,106148.0,50.8,0
50,1,59004.0,2,40.2,2.0,1,6,18,0,5.0,1,1,24,19668.0,1,1,1,0,1,10.8,354024.0,80.4,1
25,2,108984.0,2,41.9,1.0,1,7,16,0,5.0,1,1,23,54492.0,1,1,1,0,1,10.600000000000001,653904.0,83.8,1
49,1,37642.0,2,12.2,1.0,1,2,4,1,5.0,1,1,6,18821.0,0,1,1,1,1,2.8,225852.0,24.4,0
68,1,70814.0,2,39.1,1.0,3,5,8,0,3.0,1,1,13,35407.0,0,1,1,0,1,6.2,283256.0,78.2,0
52,1,84767.0,2,5.0,2.0,2,10,11,0,3.0,1,1,21,28255.666666666668,0,1,1,0,1,10.4,339068.0,10.0,0
62,0,46229.0,2,69.5,1.0,1,3,9,0,2.0,1,1,12,23114.5,1,0,1,0,1,5.4,138687.0,139.0,0
55,1,89180.0,2,62.5,1.0,2,8,11,1,5.0,1,1,19,44590.0,1,1,1,1,1,9.2,535080.0,125.0,1
52,1,151601.0,1,18.3,3.0,2,2,5,1,5.0,0,1,7,37900.25,0,1,1,1,0,3.2,909606.0,36.6,1
65,1,60949.0,2,69.3,2.0,2,6,10,1,2.0,1,1,16,20316.333333333332,1,0,1,1,1,7.6,182847.0,138.6,0
69,1,98704.0,2,71.6,2.0,2,6,12,1,2.0,0,1,18,32901.333333333336,1,0,1,1,0,8.4,296112.0,143.2,0
50,1,113782.0,0,22.3,3.5,2,0,0,1,4.0,0,1,0,25284.88888888889,0,1,1,1,0,0.0,568910.0,44.6,0
42,1,55588.0,2,64.7,2.0,1,3,14,1,1.0,1,1,17,18529.333333333332,1,0,1,1,1,7.4,111176.0,129.4,0
40,0,102855.0,2,39.2,3.5,3,3,16,0,3.0,1,1,19,22856.666666666668,0,1,1,0,1,8.2,411420.0,78.4,0
39,1,39702.0,1,62.1,1.0,3,2,8,0,4.0,1,1,10,19851.0,1,1,1,0,1,4.4,198510.0,124.2,1
27,0,81699.0,2,40.4,2.0,2,6,18,1,3.0,1,1,24,27233.0,1,1,1,1,1,10.8,326796.0,80.8,1
50,1,56891.0,2,26.1,2.0,1,3,15,0,4.0,1,1,18,18963.666666666668,0,1,1,0,1,7.8,284455.0,52.2,0
44,1,135300.0,2,82.1,3.5,2,9,18,0,4.0,0,1,27,30066.666666666668,1,1,1,0,0,12.6,676500.0,164.2,0
51,0,100018.0,0,61.1,1.0,0,0,1,1,5.0,1,1,1,50009.0,1,1,1,1,1,0.4,600108.0,122.2,1
30,1,137688.0,2,39.1,2.0,1,9,15,0,1.0,0,1,24,45896.0,0,0,1,0,0,11.399999999999999,275376.0,78.2,0
51,0,88638.0,1,8.5,1.0,3,7,8,1,1.0,1,1,15,44319.0,0,0,1,1,1,7.4,177276.0,17.0,0
32,0,48872.0,2,21.8,1.0,1,12,5,0,5.0,1,1,17,24436.0,0,1,1,0,1,9.2,293232.0,43.6,0
43,1,51780.0,2,12.7,1.0,2,5,11,0,3.0,1,1,16,25890.0,0,1,1,0,1,7.4,207120.0,25.4,0
59,0,79400.0,2,23.1,2.0,2,3,15,0,4.0,1,1,18,26466.666666666668,0,1,1,0,1,7.8,397000.0,46.2,1
52,1,120579.0,1,5.0,3.5,2,5,6,0,1.0,1,1,11,26795.333333333332,0,0,1,0,1,5.4,241158.0,10.0,0
25,0,69078.0,0,65.1,1.0,1,1,3,1,5.0,1,1,4,34539.0,1,1,1,1,1,1.8000000000000003,414468.0,130.2,0
30,0,67713.0,1,46.5,2.0,3,3,1,0,2.0,1,1,4,22571.0,1,0,1,0,1,2.1999999999999997,203139.0,93.0,0
44,0,168863.0,0,41.5,2.0,1,0,3,1,3.0,1,1,3,56287.666666666664,1,1,1,1,1,1.2000000000000002,675452.0,83.0,1
64,0,114850.0,2,9.4,1.0,1,3,17,1,3.0,1,1,20,57425.0,0,1,1,1,1,8.600000000000001,459400.0,18.8,1
65,0,90844.0,2,41.2,1.0,0,8,11,0,5.0,1,1,19,45422.0,1,1,1,0,1,9.2,545064.0,82.4,1
33,1,100628.0,2,5.0,3.0,0,5,8,1,3.0,1,1,13,25157.0,0,1,1,1,1,6.2,402512.0,10.0,0
38,0,97648.0,2,16.6,3.0,3,6,15,1,2.0,0,1,21,24412.0,0,0,1,1,0,9.6,292944.0,33.2,0
59,1,174521.0,2,5.0,1.0,2,10,17,0,1.0,0,1,27,87260.5,0,0,1,0,0,12.8,349042.0,10.0,0
61,1,91361.0,2,29.8,1.0,0,3,17,0,5.0,1,1,20,45680.5,0,1,1,0,1,8.600000000000001,548166.0,59.6,0
67,1,142725.0,1,35.6,3.5,1,3,4,1,4.0,1,1,7,31716.666666666668,0,1,1,1,1,3.4,713625.0,71.2,1
39,1,66600.0,2,106.35000000000001,2.0,1,7,16,1,4.0,0,1,23,22200.0,1,1,1,1,0,10.600000000000001,333000.0,212.70000000000002,0
30,0,162632.0,2,54.2,1.0,2,13,12,1,3.0,1,1,25,81316.0,1,1,1,1,1,12.600000000000001,650528.0,108.4,1
45,1,98561.0,1,63.1,3.0,1,7,5,1,4.0,1,1,12,24640.25,1,1,1,1,1,6.2,492805.0,126.2,0
42,0,141248.0,2,75.5,1.0,1,4,3,1,5.0,1,1,7,70624.0,1,1,1,1,1,3.6,847488.0,151.0,1
56,1,134689.0,2,40.6,1.0,1,10,13,1,1.0,0,1,23,67344.5,1,0,1,1,0,11.2,269378.0,81.2,0
68,1,66439.0,2,29.2,1.0,1,9,6,1,2.0,0,1,15,33219.5,0,0,1,1,0,7.8,199317.0,58.4,0
41,1,105718.0,2,14.3,1.0,0,7,15,0,5.0,1,1,22,52859.0,0,1,1,0,1,10.2,634308.0,28.6,1
59,0,85663.0,2,42.9,1.0,0,14,19,1,5.0,1,1,33,42831.5,1,1,1,1,1,16.0,513978.0,85.8,1
60,0,45910.0,2,7.9,2.0,1,4,10,0,2.0,1,1,14,15303.333333333334,0,0,1,0,1,6.4,137730.0,15.8,0
32,1,111837.0,1,22.2,2.0,0,3,2,1,2.0,1,1,5,37279.0,0,0,1,1,1,2.5999999999999996,335511.0,44.4,0
58,1,57990.0,0,48.4,3.0,2,2,1,1,5.0,1,1,3,14497.5,1,1,1,1,1,1.6,347940.0,96.8,1
48,0,151315.0,1,6.9,1.0,2,2,3,1,5.0,0,1,5,75657.5,0,1,1,1,0,2.4000000000000004,907890.0,13.8,0
30,1,98296.0,0,54.6,1.0,1,2,0,1,3.0,0,1,2,49148.0,1,1,1,1,0,1.2,393184.0,109.2,0
50,0,65738.0,0,51.0,2.0,2,0,0,1,3.0,1,1,0,21912.666666666668,1,1,1,1,1,0.0,262952.0,102.0,0
54,0,30000.0,2,36.8,2.0,1,8,16,0,4.0,1,1,24,10000.0,0,1,1,0,1,11.2,150000.0,73.6,1
69,0,30000.0,1,39.1,2.0,2,1,8,1,2.0,0,1,9,10000.0,0,0,1,1,0,3.8000000000000003,90000.0,78.2,0
36,0,89105.0,1,60.8,1.0,1,0,9,1,4.0,1,1,9,44552.5,1,1,1,1,1,3.6,445525.0,121.6,0
64,0,30000.0,1,82.2,3.0,2,3,6,1,5.0,1,1,9,7500.0,1,1,1,1,1,4.2,180000.0,164.4,1
65,1,40408.0,0,70.1,1.0,0,1,1,1,4.0,0,1,2,20204.0,1,1,1,1,0,1.0,202040.0,140.2,0
43,0,151054.0,1,44.4,1.0,0,0,7,1,5.0,1,1,7,75527.0,1,1,1,1,1,2.8000000000000003,906324.0,88.8,1
56,0,122486.0,1,60.5,3.0,2,0,5,1,1.0,1,1,5,30621.5,1,0,1,1,1,2.0,244972.0,121.0,0
40,1,62745.0,2,70.9,1.0,3,3,6,0,5.0,0,1,9,31372.5,1,1,1,0,0,4.2,376470.0,141.8,0
50,1,89986.0,1,23.4,2.0,2,2,5,1,3.0,1,1,7,29995.333333333332,0,1,1,1,1,3.2,359944.0,46.8,0
58,0,56784.0,1,16.3,2.0,1,5,4,1,1.0,1,1,9,18928.0,0,0,1,1,1,4.6,113568.0,32.6,0
34,0,94683.0,1,43.6,1.0,2,5,7,1,3.0,1,1,12,47341.5,1,1,1,1,1,5.800000000000001,378732.0,87.2,0
29,1,93904.0,1,19.4,2.0,1,3,7,1,3.0,0,1,10,31301.333333333332,0,1,1,1,0,4.6,375616.0,38.8,0
27,1,43181.0,1,43.9,2.0,0,0,3,1,5.0,1,1,3,14393.666666666666,1,1,1,1,1,1.2000000000000002,259086.0,87.8,1
34,0,68790.0,2,62.8,2.0,1,2,4,1,5.0,1,1,6,22930.0,1,1,1,1,1,2.8,412740.0,125.6,0
35,0,106546.0,0,16.3,1.0,1,0,3,1,3.0,0,1,3,53273.0,0,1,1,1,0,1.2000000000000002,426184.0,32.6,0
56,0,64014.0,1,5.0,1.0,1,5,9,0,5.0,1,1,14,32007.0,0,1,1,0,1,6.6,384084.0,10.0,1
49,1,33053.0,2,39.9,2.0,2,5,19,0,4.0,0,1,24,11017.666666666666,0,1,1,0,0,10.600000000000001,165265.0,79.8,0
65,1,133517.0,2,44.5,2.0,2,14,12,0,5.0,1,1,26,44505.666666666664,1,1,1,0,1,13.200000000000001,801102.0,89.0,1
51,1,150425.0,2,50.3,2.0,0,9,16,0,4.0,1,1,25,50141.666666666664,1,1,1,0,1,11.8,752125.0,100.6,1
61,0,91125.0,2,41.9,3.5,2,2,7,1,1.0,0,1,9,20250.0,1,0,1,1,0,4.0,182250.0,83.8,0
62,0,71548.0,1,61.4,3.5,2,6,1,1,1.0,1,1,7,15899.555555555555,1,0,1,1,1,3.9999999999999996,143096.0,122.8,0
54,0,98796.0,2,63.8,1.0,1,13,11,0,4.0,1,1,24,49398.0,1,1,1,0,1,12.2,493980.0,127.6,1
33,1,54545.0,1,11.0,1.0,3,6,2,1,5.0,1,1,8,27272.5,0,1,1,1,1,4.3999999999999995,327270.0,22.0,1
59,0,58656.0,2,59.4,1.0,1,10,3,1,2.0,0,1,13,29328.0,1,0,1,1,0,7.2,175968.0,118.8,0
51,0,113060.0,1,83.7,1.0,1,4,3,0,1.0,0,1,7,56530.0,1,0,1,0,0,3.6,226120.0,167.4,0
51,1,34852.0,1,5.0,2.0,2,3,2,1,1.0,0,1,5,11617.333333333334,0,0,1,1,0,2.5999999999999996,69704.0,10.0,0
42,0,95147.0,2,36.1,1.0,2,3,3,0,3.0,0,1,6,47573.5,0,1,1,0,0,3.0,380588.0,72.2,0
39,1,79830.0,1,5.0,1.0,1,2,2,1,5.0,1,1,4,39915.0,0,1,1,1,1,2.0,478980.0,10.0,1
31,0,123089.0,2,31.0,2.0,1,11,12,0,4.0,1,1,23,41029.666666666664,0,1,1,0,1,11.4,615445.0,62.0,1
58,1,91275.0,2,88.3,1.0,2,8,4,0,1.0,1,1,12,45637.5,1,0,1,0,1,6.4,182550.0,176.6,0
66,1,30000.0,1,46.8,1.0,1,0,6,0,1.0,1,1,6,15000.0,1,0,1,0,1,2.4000000000000004,60000.0,93.6,0
61,0,134587.0,1,20.5,2.0,2,5,5,1,4.0,0,1,10,44862.333333333336,0,1,1,1,0,5.0,672935.0,41.0,0
55,1,109085.0,2,35.7,2.0,3,9,12,0,3.0,1,1,21,36361.666666666664,0,1,1,0,1,10.2,436340.0,71.4,1
41,0,96403.0,2,48.8,2.0,0,4,10,1,3.0,0,1,14,32134.333333333332,1,1,1,1,0,6.4,385612.0,97.6,0
30,1,30000.0,1,13.5,2.0,0,5,9,0,5.0,1,1,14,10000.0,0,1,1,0,1,6.6,180000.0,27.0,1
54,0,38126.0,2,46.2,1.0,2,8,16,0,2.0,1,1,24,19063.0,1,0,1,0,1,11.2,114378.0,92.4,0
36,0,118379.0,2,5.0,1.0,1,4,18,0,4.0,0,1,22,59189.5,0,1,1,0,0,9.6,591895.0,10.0,0
67,0,86353.0,1,31.7,3.0,1,1,2,1,2.0,0,1,3,21588.25,0,0,1,1,0,1.4,259059.0,63.4,0
41,1,111139.0,1,44.0,2.0,2,3,5,1,5.0,1,1,8,37046.333333333336,1,1,1,1,1,3.8,666834.0,88.0,0
59,1,115326.0,0,65.7,1.0,1,0,2,1,4.0,1,1,2,57663.0,1,1,1,1,1,0.8,576630.0,131.4,1
31,2,84708.0,2,52.7,3.0,0,14,16,1,5.0,1,1,30,21177.0,1,1,1,1,1,14.8,508248.0,105.4,0
69,1,106519.0,0,95.7,1.0,2,0,1,0,2.0,1,1,1,53259.5,1,0,1,0,1,0.4,319557.0,191.4,0
58,0,93600.0,2,45.8,1.0,2,9,5,0,1.0,1,1,14,46800.0,1,0,1,0,1,7.3999999999999995,187200.0,91.6,0
63,1,118958.0,2,16.4,2.0,2,14,13,0,2.0,0,1,27,39652.666666666664,0,0,1,0,0,13.600000000000001,356874.0,32.8,0
41,1,67027.0,2,30.0,3.0,2,5,15,1,2.0,1,1,20,16756.75,0,0,1,1,1,9.0,201081.0,60.0,0
66,0,40809.0,2,41.7,2.0,3,2,11,0,2.0,1,1,13,13603.0,1,0,1,0,1,5.6000000000000005,122427.0,83.4,0
30,1,88524.0,0,21.9,3.0,1,0,0,0,3.0,1,1,0,22131.0,0,1,1,0,1,0.0,354096.0,43.8,0
58,1,108690.0,2,7.0,1.0,1,12,13,1,4.0,1,1,25,54345.0,0,1,1,1,1,12.399999999999999,543450.0,14.0,0
34,1,69534.0,1,53.9,3.5,1,6,1,1,3.0,1,1,7,15452.0,1,1,1,1,1,3.9999999999999996,278136.0,107.8,0
33,1,61250.0,2,45.1,1.0,1,10,14,1,1.0,1,1,24,30625.0,1,0,1,1,1,11.600000000000001,122500.0,90.2,0
30,0,118525.0,2,5.0,2.0,0,2,14,0,3.0,0,1,16,39508.333333333336,0,1,1,0,0,6.800000000000001,474100.0,10.0,0
25,1,152412.0,1,5.0,1.0,2,0,9,1,1.0,0,1,9,76206.0,0,0,1,1,0,3.6,304824.0,10.0,0
41,1,81778.0,2,39.7,2.0,1,8,3,0,1.0,0,1,11,27259.333333333332,0,0,1,0,0,6.0,163556.0,79.4,0
36,0,94528.0,1,28.8,1.0,0,5,1,1,3.0,0,1,6,47264.0,0,1,1,1,0,3.4,378112.0,57.6,0
28,0,84708.0,2,5.0,1.0,1,12,10,0,4.0,1,1,22,42354.0,0,1,1,0,1,11.2,423540.0,10.0,1
35,1,70030.0,2,10.5,3.0,0,8,16,0,3.0,1,1,24,17507.5,0,1,1,0,1,11.2,280120.0,21.0,0
40,0,30000.0,0,27.3,2.0,2,2,0,1,1.0,1,1,2,10000.0,0,0,1,1,1,1.2,60000.0,54.6,0
60,1,64482.0,2,13.0,3.5,1,9,16,0,4.0,1,1,25,14329.333333333334,0,1,1,0,1,11.8,322410.0,26.0,1
45,0,73201.0,2,29.4,3.0,2,3,5,0,1.0,1,1,8,18300.25,0,0,1,0,1,3.8,146402.0,58.8,0
55,0,78871.0,1,38.5,1.0,2,0,8,1,5.0,1,1,8,39435.5,0,1,1,1,1,3.2,473226.0,77.0,1
28,1,123821.0,1,5.0,1.0,2,7,4,1,2.0,1,1,11,61910.5,0,0,1,1,1,5.800000000000001,371463.0,10.0,0
64,1,30000.0,1,77.6,2.0,2,6,7,0,3.0,1,1,13,10000.0,1,1,1,0,1,6.4,120000.0,155.2,0
65,1,43998.0,1,23.5,2.0,2,0,6,0,4.0,0,1,6,14666.0,0,1,1,0,0,2.4000000000000004,219990.0,47.0,0
37,1,102589.0,2,9.5,3.5,2,8,10,0,5.0,0,1,18,22797.555555555555,0,1,1,0,0,8.8,615534.0,19.0,1
36,0,104201.0,1,38.3,2.0,2,0,1,1,4.0,1,1,1,34733.666666666664,0,1,1,1,1,0.4,521005.0,76.6,1
68,1,122806.0,1,40.2,2.0,2,5,8,1,4.0,1,1,13,40935.333333333336,1,1,1,1,1,6.2,614030.0,80.4,1
26,1,99280.0,2,5.0,1.0,1,5,6,0,4.0,1,1,11,49640.0,0,1,1,0,1,5.4,496400.0,10.0,0
31,0,45300.0,1,45.7,2.0,2,6,1,0,4.0,1,1,7,15100.0,1,1,1,0,1,3.9999999999999996,226500.0,91.4,0
41,0,51081.0,2,51.2,3.0,2,7,7,0,3.0,1,1,14,12770.25,1,1,1,0,1,7.0,204324.0,102.4,0
65,1,57185.0,1,34.2,1.0,1,5,1,1,3.0,1,1,6,28592.5,0,1,1,1,1,3.4,228740.0,68.4,0
40,0,94151.0,0,42.7,2.0,2,2,1,1,3.0,0,1,3,31383.666666666668,1,1,1,1,0,1.6,376604.0,85.4,0
39,1,80673.0,1,32.5,2.0,1,0,5,1,2.0,1,1,5,26891.0,0,0,1,1,1,2.0,242019.0,65.0,1
69,0,99801.0,1,65.2,1.0,1,6,1,0,1.0,0,1,7,49900.5,1,0,1,0,0,3.9999999999999996,199602.0,130.4,0
30,1,71575.0,1,59.1,1.0,2,4,7,1,5.0,0,1,11,35787.5,1,1,1,1,0,5.2,429450.0,118.2,0
45,1,118068.0,2,48.4,1.0,1,9,7,0,1.0,0,1,16,59034.0,1,0,1,0,0,8.2,236136.0,96.8,0
29,1,77900.0,2,64.8,2.0,0,6,16,0,5.0,0,1,22,25966.666666666668,1,1,1,0,0,10.0,467400.0,129.6,0
40,0,36202.0,1,42.1,2.0,2,3,8,1,4.0,0,1,11,12067.333333333334,1,1,1,1,0,5.0,181010.0,84.2,0
55,0,31108.0,2,106.35000000000001,1.0,2,12,12,0,3.0,1,1,24,15554.0,1,1,1,0,1,12.0,124432.0,212.70000000000002,0
53,1,123375.0,1,27.0,1.0,1,2,8,1,1.0,1,1,10,61687.5,0,0,1,1,1,4.4,246750.0,54.0,0
38,0,127763.0,0,37.4,1.0,2,1,2,1,1.0,0,1,3,63881.5,0,0,1,1,0,1.4,255526.0,74.8,0
59,1,30000.0,2,83.1,2.0,0,6,17,0,4.0,0,1,23,10000.0,1,1,1,0,0,10.4,150000.0,166.2,0
44,1,44929.0,2,41.2,2.0,0,7,15,0,4.0,0,1,22,14976.333333333334,1,1,1,0,0,10.2,224645.0,82.4,0
58,1,119620.0,2,63.8,1.0,2,13,17,0,2.0,1,1,30,59810.0,1,0,1,0,1,14.600000000000001,358860.0,127.6,0
68,1,127906.0,2,50.2,2.0,0,12,15,0,1.0,1,1,27,42635.333333333336,1,0,1,0,1,13.2,255812.0,100.4,0
34,0,40800.0,2,54.3,2.0,1,3,17,1,1.0,0,1,20,13600.0,1,0,1,1,0,8.600000000000001,81600.0,108.6,0
26,1,69327.0,2,40.0,2.0,2,7,3,0,1.0,1,1,10,23109.0,0,0,1,0,1,5.4,138654.0,80.0,0
55,0,37142.0,2,33.2,1.0,0,2,14,1,3.0,1,1,16,18571.0,0,1,1,1,1,6.800000000000001,148568.0,66.4,0
41,1,80642.0,1,5.0,2.0,3,2,6,0,2.0,1,1,8,26880.666666666668,0,0,1,0,1,3.6000000000000005,241926.0,10.0,0
31,0,87948.0,0,51.8,1.0,1,2,3,1,2.0,1,1,5,43974.0,1,0,1,1,1,2.4000000000000004,263844.0,103.6,0
57,2,30000.0,2,35.7,2.0,1,2,6,0,2.0,0,1,8,10000.0,0,0,1,0,0,3.6000000000000005,90000.0,71.4,0
59,0,62756.0,1,16.2,3.5,2,3,5,0,4.0,1,1,8,13945.777777777777,0,1,1,0,1,3.8,313780.0,32.4,0
56,0,136740.0,1,34.1,1.0,2,3,5,1,2.0,0,1,8,68370.0,0,0,1,1,0,3.8,410220.0,68.2,0
41,0,38891.0,2,7.0,2.0,1,11,11,1,1.0,0,1,22,12963.666666666666,0,0,1,1,0,11.0,77782.0,14.0,0
48,1,74033.0,1,56.4,2.0,1,2,9,0,3.0,0,1,11,24677.666666666668,1,1,1,0,0,4.8,296132.0,112.8,0
65,1,128889.0,1,22.3,1.0,3,6,5,1,1.0,1,1,11,64444.5,0,0,1,1,1,5.6,257778.0,44.6,0
66,1,126964.0,0,36.2,1.0,3,2,3,1,5.0,1,1,5,63482.0,0,1,1,1,1,2.4000000000000004,761784.0,72.4,1
45,0,74248.0,2,27.7,1.0,0,13,16,0,4.0,0,1,29,37124.0,0,1,1,0,0,14.2,371240.0,55.4,0
65,0,86204.0,1,43.9,2.0,1,6,7,1,2.0,0,1,13,28734.666666666668,1,0,1,1,0,6.4,258612.0,87.8,0
47,1,63802.0,2,100.4,2.0,2,5,3,0,5.0,0,1,8,21267.333333333332,1,1,1,0,0,4.2,382812.0,200.8,0
53,2,129787.0,2,40.2,2.0,1,6,18,1,1.0,1,1,24,43262.333333333336,1,0,1,1,1,10.8,259574.0,80.4,0
66,0,73538.0,0,54.0,2.0,3,0,1,1,5.0,1,1,1,24512.666666666668,1,1,1,1,1,0.4,441228.0,108.0,0
30,0,30000.0,2,57.9,2.0,2,4,19,0,4.0,0,1,23,10000.0,1,1,1,0,0,10.0,150000.0,115.8,0
69,1,93595.0,2,40.2,2.0,3,8,9,0,5.0,0,1,17,31198.333333333332,1,1,1,0,0,8.4,561570.0,80.4,0
46,1,99295.0,2,40.5,2.0,1,12,11,1,1.0,1,1,23,33098.333333333336,1,0,1,1,1,11.6,198590.0,81.0,1
69,1,81954.0,1,40.2,3.5,1,2,4,0,1.0,1,1,6,18212.0,1,0,1,0,1,2.8,163908.0,80.4,0
69,1,100024.0,0,31.7,3.5,2,2,3,1,1.0,1,1,5,22227.555555555555,0,0,1,1,1,2.4000000000000004,200048.0,63.4,0
36,0,146587.0,2,33.0,1.0,2,11,3,0,5.0,1,1,14,73293.5,0,1,1,0,1,7.8,879522.0,66.0,1
57,0,76757.0,2,55.6,2.0,2,13,10,0,4.0,1,1,23,25585.666666666668,1,1,1,0,1,11.8,383785.0,111.2,1
54,0,30000.0,1,33.5,2.0,0,0,1,0,5.0,1,1,1,10000.0,0,1,1,0,1,0.4,180000.0,67.0,0
59,0,82832.0,1,42.7,1.0,0,1,2,1,4.0,1,1,3,41416.0,1,1,1,1,1,1.4,414160.0,85.4,1
40,0,77543.0,1,42.2,2.0,1,1,2,0,3.0,1,1,3,25847.666666666668,1,1,1,0,1,1.4,310172.0,84.4,0
39,1,77318.0,1,43.2,2.0,2,2,7,1,2.0,1,1,9,25772.666666666668,1,0,1,1,1,4.0,231954.0,86.4,0
55,1,103776.0,1,8.7,3.0,2,6,3,1,1.0,0,1,9,25944.0,0,0,1,1,0,4.8,207552.0,17.4,0
44,1,133621.0,1,33.5,2.0,1,3,8,0,2.0,1,1,11,44540.333333333336,0,0,1,0,1,5.0,400863.0,67.0,0
41,0,120587.0,2,41.7,1.0,1,3,7,1,5.0,1,1,10,60293.5,1,1,1,1,1,4.6,723522.0,83.4,1
68,1,60285.0,2,46.0,1.0,0,14,16,0,3.0,0,1,30,30142.5,1,1,1,0,0,14.8,241140.0,92.0,0
46,1,71817.0,2,60.4,3.5,0,12,19,0,5.0,1,1,31,15959.333333333334,1,1,1,0,1,14.8,430902.0,120.8,0
51,0,30000.0,2,37.8,2.0,0,8,9,0,2.0,1,1,17,10000.0,0,0,1,0,1,8.4,90000.0,75.6,0
43,1,90330.0,1,55.1,2.0,1,5,9,0,2.0,0,1,14,30110.0,1,0,1,0,0,6.6,270990.0,110.2,0
39,0,137634.0,2,35.2,1.0,2,8,10,0,3.0,1,1,18,68817.0,0,1,1,0,1,8.8,550536.0,70.4,1
54,1,30000.0,0,5.0,1.0,2,2,1,1,3.0,0,1,3,15000.0,0,1,1,1,0,1.6,120000.0,10.0,0
25,0,65085.0,1,5.0,2.0,3,0,4,1,2.0,0,1,4,21695.0,0,0,1,1,0,1.6,195255.0,10.0,0
52,1,54134.0,2,5.0,2.0,1,2,3,0,2.0,1,1,5,18044.666666666668,0,0,1,0,1,2.4000000000000004,162402.0,10.0,0
26,1,74472.0,1,19.4,2.0,0,2,8,1,4.0,0,1,10,24824.0,0,1,1,1,0,4.4,372360.0,38.8,0
59,0,55548.0,2,34.3,3.0,2,14,12,0,1.0,0,1,26,13887.0,0,0,1,0,0,13.200000000000001,111096.0,68.6,0
52,0,70597.0,1,17.0,2.0,2,7,8,0,5.0,1,1,15,23532.333333333332,0,1,1,0,1,7.4,423582.0,34.0,0
28,1,85613.0,0,18.8,2.0,1,2,0,1,5.0,0,1,2,28537.666666666668,0,1,1,1,0,1.2,513678.0,37.6,0
28,0,109964.0,1,66.3,2.0,3,2,6,1,2.0,0,1,8,36654.666666666664,1,0,1,1,0,3.6000000000000005,329892.0,132.6,0
25,0,87961.0,2,11.5,2.0,1,5,16,0,2.0,1,1,21,29320.333333333332,0,0,1,0,1,9.4,263883.0,23.0,0
35,0,36253.0,2,20.0,3.5,0,5,15,1,3.0,1,1,20,8056.222222222223,0,1,1,1,1,9.0,145012.0,40.0,0
69,1,57207.0,1,61.1,3.5,0,1,6,1,4.0,1,1,7,12712.666666666666,1,1,1,1,1,3.0000000000000004,286035.0,122.2,0
61,1,89893.0,1,50.2,2.0,2,4,9,1,3.0,0,1,13,29964.333333333332,1,1,1,1,0,6.0,359572.0,100.4,0
36,1,120207.0,1,54.8,2.0,2,1,5,1,4.0,1,1,6,40069.0,1,1,1,1,1,2.6,601035.0,109.6,1
55,0,30504.0,2,40.2,1.0,1,8,16,0,2.0,1,1,24,15252.0,1,0,1,0,1,11.2,91512.0,80.4,0
30,1,131068.0,1,34.6,3.0,1,7,4,0,2.0,1,1,11,32767.0,0,0,1,0,1,5.800000000000001,393204.0,69.2,0
54,1,83960.0,1,40.8,3.0,2,7,4,1,2.0,1,1,11,20990.0,1,0,1,1,1,5.800000000000001,251880.0,81.6,0
48,0,90446.0,2,35.4,1.0,2,10,7,0,2.0,0,1,17,45223.0,0,0,1,0,0,8.8,271338.0,70.8,0
28,0,44570.0,1,41.9,1.0,1,6,2,1,4.0,1,1,8,22285.0,1,1,1,1,1,4.3999999999999995,222850.0,83.8,1
35,1,46215.0,0,42.7,1.0,2,2,0,1,4.0,0,1,2,23107.5,1,1,1,1,0,1.2,231075.0,85.4,0
29,1,66344.0,1,5.2,1.0,2,2,5,1,3.0,1,1,7,33172.0,0,1,1,1,1,3.2,265376.0,10.4,0
41,0,97082.0,1,49.4,2.0,0,2,9,1,1.0,1,1,11,32360.666666666668,1,0,1,1,1,4.8,194164.0,98.8,0
44,1,142466.0,1,67.1,1.0,0,0,7,1,4.0,1,1,7,71233.0,1,1,1,1,1,2.8000000000000003,712330.0,134.2,1
28,1,79449.0,2,33.2,2.0,2,3,4,1,1.0,0,1,7,26483.0,0,0,1,1,0,3.4,158898.0,66.4,0
31,1,78292.0,1,79.0,2.0,2,5,4,1,2.0,0,1,9,26097.333333333332,1,0,1,1,0,4.6,234876.0,158.0,0
57,1,84229.0,1,48.8,1.0,2,4,9,0,2.0,1,1,13,42114.5,1,0,1,0,1,6.0,252687.0,97.6,0
62,0,107799.0,2,58.5,1.0,1,9,16,1,1.0,1,1,25,53899.5,1,0,1,1,1,11.8,215598.0,117.0,0
52,0,42155.0,1,50.8,3.0,1,0,4,1,5.0,1,1,4,10538.75,1,1,1,1,1,1.6,252930.0,101.6,1
36,0,75830.0,1,50.8,2.0,2,1,1,1,1.0,1,1,2,25276.666666666668,1,0,1,1,1,1.0,151660.0,101.6,0
66,1,72270.0,1,5.0,1.0,0,6,3,1,1.0,1,1,9,36135.0,0,0,1,1,1,4.8,144540.0,10.0,0
37,0,90702.0,2,29.3,2.0,2,8,4,1,2.0,0,1,12,30234.0,0,0,1,1,0,6.4,272106.0,58.6,0
28,1,167185.0,2,67.1,2.0,2,2,12,1,2.0,1,1,14,55728.333333333336,1,0,1,1,1,6.000000000000001,501555.0,134.2,1
59,0,85454.0,2,54.0,2.0,2,14,10,0,1.0,0,1,24,28484.666666666668,1,0,1,0,0,12.4,170908.0,108.0,0
68,1,56168.0,1,18.5,1.0,1,6,6,0,4.0,1,1,12,28084.0,0,1,1,0,1,6.0,280840.0,37.0,0
28,0,74927.0,1,67.3,2.0,2,3,9,1,3.0,0,1,12,24975.666666666668,1,1,1,1,0,5.4,299708.0,134.6,0
66,0,115809.0,2,37.4,1.0,1,7,5,1,5.0,0,1,12,57904.5,0,1,1,1,0,6.2,694854.0,74.8,1
47,0,79363.0,1,15.9,1.0,2,3,2,1,5.0,0,1,5,39681.5,0,1,1,1,0,2.5999999999999996,476178.0,31.8,0
40,2,45431.0,2,47.1,2.0,2,14,14,0,5.0,1,1,28,15143.666666666666,1,1,1,0,1,14.0,272586.0,94.2,0
49,0,118170.0,2,45.1,1.0,3,4,4,0,2.0,0,1,8,59085.0,1,0,1,0,0,4.0,354510.0,90.2,0
45,0,71018.0,1,25.1,1.0,2,6,6,1,1.0,0,1,12,35509.0,0,0,1,1,0,6.0,142036.0,50.2,0
32,1,58534.0,1,59.7,3.0,1,6,9,1,2.0,0,1,15,14633.5,1,0,1,1,0,7.199999999999999,175602.0,119.4,0
51,0,130815.0,2,53.1,3.0,1,5,11,1,2.0,1,1,16,32703.75,1,0,1,1,1,7.4,392445.0,106.2,1
27,0,79672.0,2,86.7,2.0,2,12,7,0,5.0,0,1,19,26557.333333333332,1,1,1,0,0,10.0,478032.0,173.4,0
52,0,98064.0,2,44.3,3.5,1,10,14,0,3.0,0,1,24,21792.0,1,1,1,0,0,11.600000000000001,392256.0,88.6,0
69,2,147643.0,2,27.0,2.0,2,6,5,0,2.0,0,1,11,49214.333333333336,0,0,1,0,0,5.6,442929.0,54.0,0
37,1,30000.0,2,59.8,3.0,2,11,9,1,1.0,1,1,20,7500.0,1,0,1,1,1,10.2,60000.0,119.6,0
52,1,49136.0,2,50.8,3.0,2,13,18,1,4.0,0,1,31,12284.0,1,1,1,1,0,15.0,245680.0,101.6,0
27,0,103281.0,1,17.1,2.0,1,1,2,1,5.0,0,1,3,34427.0,0,1,1,1,0,1.4,619686.0,34.2,0
56,1,106206.0,0,28.9,2.0,0,2,1,1,2.0,1,1,3,35402.0,0,0,1,1,1,1.6,318618.0,57.8,0
35,0,102773.0,0,34.1,2.0,2,1,0,1,4.0,1,1,1,34257.666666666664,0,1,1,1,1,0.6,513865.0,68.2,1
27,1,60467.0,2,24.7,1.0,2,11,13,0,4.0,1,1,24,30233.5,0,1,1,0,1,11.8,302335.0,49.4,0
27,0,143947.0,2,45.8,3.0,1,14,14,0,5.0,1,1,28,35986.75,1,1,1,0,1,14.0,863682.0,91.6,1
45,0,101494.0,0,56.6,2.0,1,0,3,1,3.0,1,1,3,33831.333333333336,1,1,1,1,1,1.2000000000000002,405976.0,113.2,0
29,0,40065.0,1,21.9,2.0,1,2,7,1,3.0,0,1,9,13355.0,0,1,1,1,0,4.0,160260.0,43.8,0
40,0,82483.0,2,63.3,2.0,0,6,3,0,5.0,0,1,9,27494.333333333332,1,1,1,0,0,4.8,494898.0,126.6,0
66,1,50716.0,1,16.8,2.0,1,2,3,1,2.0,1,1,5,16905.333333333332,0,0,1,1,1,2.4000000000000004,152148.0,33.6,0
52,1,32084.0,1,43.3,1.0,2,6,5,0,1.0,0,1,11,16042.0,1,0,1,0,0,5.6,64168.0,86.6,0
26,0,46345.0,2,22.9,2.0,2,3,16,1,3.0,1,1,19,15448.333333333334,0,1,1,1,1,8.2,185380.0,45.8,0
32,1,127283.0,2,81.0,2.0,2,13,19,1,1.0,1,1,32,42427.666666666664,1,0,1,1,1,15.4,254566.0,162.0,0
41,2,139464.0,1,73.1,3.0,0,3,3,1,4.0,0,1,6,34866.0,1,1,1,1,0,3.0,697320.0,146.2,0
48,0,66751.0,2,42.5,1.0,1,4,8,1,4.0,1,1,12,33375.5,1,1,1,1,1,5.6,333755.0,85.0,1
47,0,117572.0,0,57.1,1.0,2,2,3,1,4.0,1,1,5,58786.0,1,1,1,1,1,2.4000000000000004,587860.0,114.2,1
36,0,56416.0,2,104.3,1.0,2,10,16,0,1.0,0,1,26,28208.0,1,0,1,0,0,12.4,112832.0,208.6,0
57,0,77007.0,1,37.7,1.0,0,2,9,1,4.0,1,1,11,38503.5,0,1,1,1,1,4.8,385035.0,75.4,0
42,0,106309.0,1,12.7,2.0,0,0,5,1,4.0,1,1,5,35436.333333333336,0,1,1,1,1,2.0,531545.0,25.4,1
51,1,113038.0,1,12.0,1.0,2,4,3,1,3.0,0,1,7,56519.0,0,1,1,1,0,3.6,452152.0,24.0,0
29,1,67918.0,1,37.2,1.0,2,3,7,1,4.0,1,1,10,33959.0,0,1,1,1,1,4.6,339590.0,74.4,1
27,0,144851.0,1,8.9,2.0,2,4,4,1,2.0,0,1,8,48283.666666666664,0,0,1,1,0,4.0,434553.0,17.8,0
65,1,74366.0,2,61.3,3.5,3,3,10,0,5.0,0,1,13,16525.777777777777,1,1,1,0,0,5.8,446196.0,122.6,0
66,0,64097.0,1,40.2,1.0,1,6,9,1,4.0,0,1,15,32048.5,1,1,1,1,0,7.199999999999999,320485.0,80.4,0
44,0,87061.0,2,25.2,2.0,1,7,6,1,1.0,0,1,13,29020.333333333332,0,0,1,1,0,6.6000000000000005,174122.0,50.4,0
63,1,87833.0,2,47.9,2.0,1,3,6,0,2.0,1,1,9,29277.666666666668,1,0,1,0,1,4.2,263499.0,95.8,0
66,0,93856.0,1,70.0,2.0,2,5,1,1,5.0,0,1,6,31285.333333333332,1,1,1,1,0,3.4,563136.0,140.0,0
56,1,41379.0,2,55.2,2.0,2,8,12,1,4.0,0,1,20,13793.0,1,1,1,1,0,9.600000000000001,206895.0,110.4,0
58,0,138227.0,2,53.6,1.0,0,14,6,0,2.0,0,1,20,69113.5,1,0,1,0,0,10.8,414681.0,107.2,0
57,0,30000.0,0,56.6,2.0,2,0,3,1,3.0,1,1,3,10000.0,1,1,1,1,1,1.2000000000000002,120000.0,113.2,0
52,0,79087.0,1,24.4,2.0,2,1,2,1,3.0,1,1,3,26362.333333333332,0,1,1,1,1,1.4,316348.0,48.8,0
38,0,30000.0,1,37.1,2.0,1,7,5,1,3.0,0,1,12,10000.0,0,1,1,1,0,6.2,120000.0,74.2,0
64,0,101062.0,0,39.0,2.0,2,1,0,1,5.0,1,1,1,33687.333333333336,0,1,1,1,1,0.6,606372.0,78.0,1
46,0,87953.0,2,26.8,2.0,2,13,4,0,3.0,0,1,17,29317.666666666668,0,1,1,0,0,9.4,351812.0,53.6,0
63,2,80142.0,2,20.1,2.0,2,10,18,0,4.0,0,1,28,26714.0,0,1,1,0,0,13.2,400710.0,40.2,0
25,0,98495.0,2,56.8,2.0,3,7,10,0,4.0,0,1,17,32831.666666666664,1,1,1,0,0,8.2,492475.0,113.6,0
26,0,97250.0,1,5.0,1.0,0,5,1,0,1.0,1,1,6,48625.0,0,0,1,0,1,3.4,194500.0,10.0,0
36,1,80186.0,1,47.2,3.0,1,3,8,1,1.0,0,1,11,20046.5,1,0,1,1,0,5.0,160372.0,94.4,0
33,1,87658.0,0,31.3,2.0,1,2,3,0,3.0,1,1,5,29219.333333333332,0,1,1,0,1,2.4000000000000004,350632.0,62.6,0
30,1,42518.0,1,83.7,1.0,0,1,4,1,1.0,1,1,5,21259.0,1,0,1,1,1,2.2,85036.0,167.4,0
30,1,84708.0,2,48.0,3.0,1,4,17,0,3.0,0,1,21,21177.0,1,1,1,0,0,9.200000000000001,338832.0,96.0,0
29,0,89877.0,2,36.1,1.0,3,2,7,1,2.0,1,1,9,44938.5,0,0,1,1,1,4.0,269631.0,72.2,0
55,1,85102.0,0,21.2,1.0,1,1,1,0,1.0,1,1,2,42551.0,0,0,1,0,1,1.0,170204.0,42.4,0
42,1,75544.0,2,31.7,1.0,2,9,16,0,4.0,0,1,25,37772.0,0,1,1,0,0,11.8,377720.0,63.4,0
60,1,110640.0,2,24.4,2.0,1,12,14,0,1.0,1,1,26,36880.0,0,0,1,0,1,12.8,221280.0,48.8,1
25,0,61845.0,0,38.7,3.5,3,0,2,0,2.0,0,1,2,13743.333333333334,0,0,1,0,0,0.8,185535.0,77.4,0
48,1,83633.0,0,81.5,3.5,1,0,1,1,5.0,1,1,1,18585.11111111111,1,1,1,1,1,0.4,501798.0,163.0,1
33,1,52615.0,1,70.1,3.5,1,1,3,1,3.0,1,1,4,11692.222222222223,1,1,1,1,1,1.8000000000000003,210460.0,140.2,0
65,1,94032.0,1,95.5,1.0,2,4,8,0,1.0,0,1,12,47016.0,1,0,1,0,0,5.6,188064.0,191.0,0
39,1,139318.0,2,5.0,1.0,2,5,3,1,5.0,0,1,8,69659.0,0,1,1,1,0,4.2,835908.0,10.0,0
32,1,107330.0,2,59.0,2.0,2,9,9,1,3.0,0,1,18,35776.666666666664,1,1,1,1,0,9.0,429320.0,118.0,0
57,0,83953.0,1,64.6,1.0,2,0,3,1,1.0,1,1,3,41976.5,1,0,1,1,1,1.2000000000000002,167906.0,129.2,0
57,1,74382.0,1,72.2,1.0,0,4,3,1,1.0,0,1,7,37191.0,1,0,1,1,0,3.6,148764.0,144.4,0
63,1,87504.0,2,19.5,2.0,2,2,15,0,2.0,1,1,17,29168.0,0,0,1,0,1,7.2,262512.0,39.0,0
41,0,57450.0,1,45.8,3.0,2,0,8,0,2.0,1,1,8,14362.5,1,0,1,0,1,3.2,172350.0,91.6,0
31,0,64788.0,1,33.9,2.0,3,5,9,1,3.0,1,1,14,21596.0,0,1,1,1,1,6.6,259152.0,67.8,0
43,0,150235.0,2,38.0,1.0,1,5,10,0,3.0,0,1,15,75117.5,0,1,1,0,0,7.0,600940.0,76.0,1
28,1,70387.0,1,37.1,1.0,1,3,4,0,3.0,0,1,7,35193.5,0,1,1,0,0,3.4,281548.0,74.2,0
43,1,85512.0,2,24.6,2.0,1,10,14,1,4.0,1,1,24,28504.0,0,1,1,1,1,11.600000000000001,427560.0,49.2,1
67,0,103219.0,1,41.8,2.0,2,3,5,1,2.0,0,1,8,34406.333333333336,1,0,1,1,0,3.8,309657.0,83.6,0
60,1,41018.0,1,32.5,1.0,1,2,1,1,5.0,0,1,3,20509.0,0,1,1,1,0,1.6,246108.0,65.0,0
55,1,52411.0,2,71.0,3.0,1,11,13,0,2.0,1,1,24,13102.75,1,0,1,0,1,11.8,157233.0,142.0,0
53,1,88795.0,2,26.8,2.0,2,3,9,0,5.0,0,1,12,29598.333333333332,0,1,1,0,0,5.4,532770.0,53.6,0
34,0,64019.0,0,53.3,1.0,1,1,0,1,3.0,1,1,1,32009.5,1,1,1,1,1,0.6,256076.0,106.6,0
69,1,104546.0,0,77.8,3.0,1,1,3,0,3.0,0,1,4,26136.5,1,1,1,0,0,1.8000000000000003,418184.0,155.6,0
37,1,30000.0,2,31.0,2.0,3,12,14,0,3.0,1,1,26,10000.0,0,1,1,0,1,12.8,120000.0,62.0,0
52,0,108147.0,2,24.7,1.0,2,6,9,1,4.0,0,1,15,54073.5,0,1,1,1,0,7.199999999999999,540735.0,49.4,0
29,0,78122.0,2,45.7,1.0,2,8,15,0,3.0,1,1,23,39061.0,1,1,1,0,1,10.8,312488.0,91.4,0
43,0,65211.0,1,22.9,2.0,1,7,7,0,2.0,0,1,14,21737.0,0,0,1,0,0,7.0,195633.0,45.8,0
68,1,67118.0,2,49.6,1.0,3,11,18,0,1.0,1,1,29,33559.0,1,0,1,0,1,13.8,134236.0,99.2,0
62,1,105863.0,0,26.8,3.5,2,0,0,0,2.0,1,1,0,23525.11111111111,0,0,1,0,1,0.0,317589.0,53.6,0
66,1,30000.0,2,36.9,1.0,2,6,8,0,2.0,1,1,14,15000.0,0,0,1,0,1,6.8,90000.0,73.8,0
45,0,110100.0,2,56.0,3.0,2,4,12,1,3.0,0,1,16,27525.0,1,1,1,1,0,7.200000000000001,440400.0,112.0,0
40,1,124146.0,2,61.4,2.0,2,10,8,0,4.0,0,1,18,41382.0,1,1,1,0,0,9.2,620730.0,122.8,0
57,1,141358.0,2,87.0,3.0,2,11,10,0,3.0,1,1,21,35339.5,1,1,1,0,1,10.6,565432.0,174.0,1
59,1,85040.0,1,7.3,1.0,1,3,4,1,5.0,1,1,7,42520.0,0,1,1,1,1,3.4,510240.0,14.6,0
64,1,71259.0,2,34.6,1.0,3,2,4,0,1.0,0,1,6,35629.5,0,0,1,0,0,2.8,142518.0,69.2,0
44,0,101882.0,0,5.0,2.0,2,2,1,0,2.0,1,1,3,33960.666666666664,0,0,1,0,1,1.6,305646.0,10.0,0
47,1,30000.0,0,24.0,3.0,3,0,0,1,1.0,1,1,0,7500.0,0,0,1,1,1,0.0,60000.0,48.0,0
65,1,84708.0,2,39.7,2.0,0,13,16,0,5.0,1,1,29,28236.0,0,1,1,0,1,14.2,508248.0,79.4,1
54,0,67839.0,2,6.6,2.0,2,13,14,1,1.0,1,1,27,22613.0,0,0,1,1,1,13.4,135678.0,13.2,0
61,0,57433.0,1,23.6,3.0,1,6,9,1,1.0,1,1,15,14358.25,0,0,1,1,1,7.199999999999999,114866.0,47.2,0
50,0,157600.0,1,50.4,3.0,1,0,3,1,1.0,1,1,3,39400.0,1,0,1,1,1,1.2000000000000002,315200.0,100.8,0
25,0,107731.0,1,40.2,1.0,1,4,9,1,1.0,1,1,13,53865.5,1,0,1,1,1,6.0,215462.0,80.4,1
60,1,30000.0,1,60.8,1.0,2,5,4,1,3.0,1,1,9,15000.0,1,1,1,1,1,4.6,120000.0,121.6,0
56,0,128183.0,2,23.9,3.0,0,9,7,1,5.0,1,1,16,32045.75,0,1,1,1,1,8.2,769098.0,47.8,1
49,0,101411.0,1,61.9,3.0,0,4,4,0,1.0,0,1,8,25352.75,1,0,1,0,0,4.0,202822.0,123.8,0
66,0,110725.0,0,28.9,3.0,0,0,3,1,5.0,1,1,3,27681.25,0,1,1,1,1,1.2000000000000002,664350.0,57.8,1
55,1,111355.0,1,17.3,2.0,2,5,3,1,4.0,0,1,8,37118.333333333336,0,1,1,1,0,4.2,556775.0,34.6,0
69,0,61726.0,1,50.5,1.0,1,3,7,1,2.0,1,1,10,30863.0,1,0,1,1,1,4.6,185178.0,101.0,0
43,0,65925.0,1,11.1,3.0,1,3,9,0,2.0,0,1,12,16481.25,0,0,1,0,0,5.4,197775.0,22.2,0
67,0,137301.0,2,52.5,1.0,2,5,19,0,3.0,0,1,24,68650.5,1,1,1,0,0,10.600000000000001,549204.0,105.0,0
67,0,84440.0,2,59.6,3.0,2,5,13,1,2.0,1,1,18,21110.0,1,0,1,1,1,8.2,253320.0,119.2,0
27,2,115709.0,1,32.0,1.0,1,3,3,0,1.0,1,1,6,57854.5,0,0,1,0,1,3.0,231418.0,64.0,0
66,1,62118.0,1,70.5,1.0,1,0,4,1,4.0,1,1,4,31059.0,1,1,1,1,1,1.6,310590.0,141.0,1
35,1,69396.0,2,47.8,1.0,0,11,10,0,5.0,0,1,21,34698.0,1,1,1,0,0,10.6,416376.0,95.6,0
48,0,78124.0,1,32.9,1.0,0,7,2,0,2.0,0,1,9,39062.0,0,0,1,0,0,5.0,234372.0,65.8,0
38,0,56563.0,0,39.4,2.0,3,0,0,1,4.0,0,1,0,18854.333333333332,0,1,1,1,0,0.0,282815.0,78.8,0
51,1,128352.0,2,76.7,1.0,2,13,5,0,3.0,1,1,18,64176.0,1,1,1,0,1,9.8,513408.0,153.4,0
35,1,123268.0,2,6.9,2.0,1,7,3,0,5.0,0,1,10,41089.333333333336,0,1,1,0,0,5.4,739608.0,13.8,0
61,1,73808.0,2,5.6,2.0,2,4,15,0,1.0,1,1,19,24602.666666666668,0,0,1,0,1,8.4,147616.0,11.2,0
42,0,109475.0,0,5.0,1.0,1,2,2,1,1.0,1,1,4,54737.5,0,0,1,1,1,2.0,218950.0,10.0,0
29,0,86306.0,1,34.7,3.0,1,0,9,1,5.0,1,1,9,21576.5,0,1,1,1,1,3.6,517836.0,69.4,1
61,1,72421.0,2,37.5,1.0,0,11,9,1,3.0,0,1,20,36210.5,0,1,1,1,0,10.2,289684.0,75.0,0
25,1,58555.0,0,71.9,2.0,1,1,0,1,1.0,1,1,1,19518.333333333332,1,0,1,1,1,0.6,117110.0,143.8,0
28,0,72804.0,1,40.2,3.0,3,1,8,1,3.0,1,1,9,18201.0,1,1,1,1,1,3.8000000000000003,291216.0,80.4,0
54,1,84708.0,1,22.2,2.0,1,4,3,1,5.0,1,1,7,28236.0,0,1,1,1,1,3.6,508248.0,44.4,0
27,1,56509.0,0,27.8,1.0,2,0,2,1,1.0,0,1,2,28254.5,0,0,1,1,0,0.8,113018.0,55.6,0
55,1,118089.0,2,5.0,3.0,1,6,12,1,4.0,0,1,18,29522.25,0,1,1,1,0,8.4,590445.0,10.0,0
55,1,116889.0,2,106.35000000000001,1.0,1,3,4,0,4.0,0,1,7,58444.5,1,1,1,0,0,3.4,584445.0,212.70000000000002,0
41,2,122303.0,2,37.7,3.5,2,7,14,0,4.0,1,1,21,27178.444444444445,0,1,1,0,1,9.8,611515.0,75.4,0
31,1,37639.0,1,88.0,1.0,2,3,1,1,2.0,1,1,4,18819.5,1,0,1,1,1,2.1999999999999997,112917.0,176.0,0
40,1,108883.0,1,38.6,2.0,3,4,5,1,1.0,1,1,9,36294.333333333336,0,0,1,1,1,4.4,217766.0,77.2,0
61,1,109917.0,1,75.8,3.0,2,6,3,1,4.0,0,1,9,27479.25,1,1,1,1,0,4.8,549585.0,151.6,0
58,0,97379.0,1,42.7,2.0,1,1,4,1,3.0,1,1,5,32459.666666666668,1,1,1,1,1,2.2,389516.0,85.4,1
63,1,90950.0,2,23.4,1.0,0,9,19,0,5.0,1,1,28,45475.0,0,1,1,0,1,13.0,545700.0,46.8,1
37,1,81271.0,2,45.6,2.0,2,11,13,1,3.0,0,1,24,27090.333333333332,1,1,1,1,0,11.8,325084.0,91.2,0
50,1,113232.0,1,27.7,1.0,1,5,1,1,4.0,0,1,6,56616.0,0,1,1,1,0,3.4,566160.0,55.4,0
54,0,105194.0,0,31.4,2.0,2,2,1,1,4.0,1,1,3,35064.666666666664,0,1,1,1,1,1.6,525970.0,62.8,0
32,0,99914.0,2,13.3,2.0,1,5,7,0,1.0,1,1,12,33304.666666666664,0,0,1,0,1,5.800000000000001,199828.0,26.6,0
52,0,93232.0,2,61.2,1.0,3,12,14,0,1.0,1,1,26,46616.0,1,0,1,0,1,12.8,186464.0,122.4,0
42,0,69726.0,1,36.5,1.0,2,1,1,0,3.0,0,1,2,34863.0,0,1,1,0,0,1.0,278904.0,73.0,0
69,1,79524.0,1,56.5,2.0,1,7,3,1,5.0,1,1,10,26508.0,1,1,1,1,1,5.4,477144.0,113.0,1
38,1,30000.0,2,43.2,1.0,1,2,10,1,5.0,1,1,12,15000.0,1,1,1,1,1,5.2,180000.0,86.4,1
50,0,104179.0,1,15.5,1.0,0,3,6,1,2.0,0,1,9,52089.5,0,0,1,1,0,4.2,312537.0,31.0,0
49,0,92697.0,2,43.4,2.0,2,8,13,0,3.0,1,1,21,30899.0,1,1,1,0,1,10.0,370788.0,86.8,0
47,0,90669.0,1,50.9,3.0,2,7,9,1,2.0,0,1,16,22667.25,1,0,1,1,0,7.800000000000001,272007.0,101.8,0
29,1,63985.0,1,10.1,1.0,1,1,6,1,3.0,1,1,7,31992.5,0,1,1,1,1,3.0000000000000004,255940.0,20.2,1
29,0,76452.0,1,5.0,2.0,3,4,2,1,3.0,1,1,6,25484.0,0,1,1,1,1,3.2,305808.0,10.0,0
35,0,121232.0,2,9.5,1.0,1,9,16,1,5.0,1,1,25,60616.0,0,1,1,1,1,11.8,727392.0,19.0,1
34,0,41026.0,2,68.7,2.0,1,7,15,0,5.0,0,1,22,13675.333333333334,1,1,1,0,0,10.2,246156.0,137.4,0
65,1,34781.0,1,60.2,2.0,1,5,1,1,5.0,0,1,6,11593.666666666666,1,1,1,1,0,3.4,208686.0,120.4,0
41,1,78571.0,2,52.2,1.0,2,5,6,1,3.0,0,1,11,39285.5,1,1,1,1,0,5.4,314284.0,104.4,0
57,0,59262.0,0,56.0,1.0,3,1,3,1,5.0,1,1,4,29631.0,1,1,1,1,1,1.8000000000000003,355572.0,112.0,0
67,0,84708.0,2,66.2,2.0,1,10,15,0,2.0,0,1,25,28236.0,1,0,1,0,0,12.0,254124.0,132.4,0
67,2,81110.0,0,32.6,2.0,3,0,1,1,3.0,1,1,1,27036.666666666668,0,1,1,1,1,0.4,324440.0,65.2,0
49,1,98725.0,2,39.8,1.0,2,3,12,0,5.0,1,1,15,49362.5,0,1,1,0,1,6.6000000000000005,592350.0,79.6,1
60,1,30000.0,2,19.5,1.0,1,6,16,1,4.0,0,1,22,15000.0,0,1,1,1,0,10.0,150000.0,39.0,0
52,1,140649.0,1,49.5,3.0,3,3,2,0,4.0,1,1,5,35162.25,1,1,1,0,1,2.5999999999999996,703245.0,99.0,1
48,0,91813.0,2,35.3,1.0,1,7,17,0,3.0,0,1,24,45906.5,0,1,1,0,0,11.0,367252.0,70.6,0
29,1,75255.0,2,46.9,1.0,1,4,8,0,4.0,0,1,12,37627.5,1,1,1,0,0,5.6,376275.0,93.8,0
36,0,91446.0,0,76.9,3.0,2,0,1,0,1.0,1,1,1,22861.5,1,0,1,0,1,0.4,182892.0,153.8,0
51,1,65823.0,2,18.9,2.0,0,5,12,0,2.0,0,1,17,21941.0,0,0,1,0,0,7.800000000000001,197469.0,37.8,0
59,1,118481.0,1,45.1,3.5,2,4,4,1,4.0,0,1,8,26329.11111111111,1,1,1,1,0,4.0,592405.0,90.2,0
53,1,151014.0,2,37.5,1.0,1,10,13,0,1.0,1,1,23,75507.0,0,0,1,0,1,11.2,302028.0,75.0,0
42,0,109719.0,1,55.4,1.0,1,3,4,1,3.0,1,1,7,54859.5,1,1,1,1,1,3.4,438876.0,110.8,1
57,1,127899.0,2,5.0,1.0,3,2,14,1,2.0,0,1,16,63949.5,0,0,1,1,0,6.800000000000001,383697.0,10.0,0
29,0,69435.0,1,79.1,1.0,0,2,9,1,5.0,0,1,11,34717.5,1,1,1,1,0,4.8,416610.0,158.2,0
42,0,83363.0,2,28.4,2.0,2,3,19,0,1.0,0,1,22,27787.666666666668,0,0,1,0,0,9.4,166726.0,56.8,0
51,1,34515.0,1,59.8,1.0,0,3,7,1,2.0,0,1,10,17257.5,1,0,1,1,0,4.6,103545.0,119.6,0
39,1,42588.0,2,25.3,1.0,2,3,19,0,5.0,1,1,22,21294.0,0,1,1,0,1,9.4,255528.0,50.6,0
35,1,60770.0,2,52.2,1.0,1,6,12,0,4.0,1,1,18,30385.0,1,1,1,0,1,8.4,303850.0,104.4,0
49,0,57432.0,2,73.5,3.0,3,8,15,1,3.0,0,1,23,14358.0,1,1,1,1,0,10.8,229728.0,147.0,0
43,1,75370.0,2,63.9,1.0,1,5,19,0,1.0,1,1,24,37685.0,1,0,1,0,1,10.600000000000001,150740.0,127.8,0
40,1,117097.0,2,43.3,1.0,1,11,6,0,2.0,1,1,17,58548.5,1,0,1,0,1,9.0,351291.0,86.6,0
51,0,81771.0,2,63.7,1.0,2,4,3,1,5.0,1,1,7,40885.5,1,1,1,1,1,3.6,490626.0,127.4,1
28,1,117267.0,2,28.3,2.0,1,6,3,1,1.0,1,1,9,39089.0,0,0,1,1,1,4.8,234534.0,56.6,0
42,0,32578.0,1,23.5,2.0,2,6,9,1,1.0,1,1,15,10859.333333333334,0,0,1,1,1,7.199999999999999,65156.0,47.0,0
45,1,174521.0,2,62.0,1.0,2,5,4,1,1.0,1,1,9,87260.5,1,0,1,1,1,4.6,349042.0,124.0,1
28,1,78074.0,2,79.0,2.0,2,14,3,0,1.0,1,1,17,26024.666666666668,1,0,1,0,1,9.600000000000001,156148.0,158.0,0
69,1,93084.0,1,5.0,1.0,1,1,2,1,4.0,1,1,3,46542.0,0,1,1,1,1,1.4,465420.0,10.0,1
52,1,124296.0,2,41.4,2.0,2,10,11,1,3.0,1,1,21,41432.0,1,1,1,1,1,10.4,497184.0,82.8,1
41,0,93314.0,1,61.6,1.0,1,1,7,1,1.0,1,1,8,46657.0,1,0,1,1,1,3.4000000000000004,186628.0,123.2,1
34,0,61973.0,0,16.2,3.0,2,2,2,1,3.0,1,1,4,15493.25,0,1,1,1,1,2.0,247892.0,32.4,0
51,1,101113.0,1,11.3,3.0,2,1,8,1,3.0,1,1,9,25278.25,0,1,1,1,1,3.8000000000000003,404452.0,22.6,1
64,1,30000.0,1,43.7,1.0,1,0,6,1,3.0,1,1,6,15000.0,1,1,1,1,1,2.4000000000000004,120000.0,87.4,0
56,1,111033.0,2,42.7,1.0,2,3,19,1,4.0,1,1,22,55516.5,1,1,1,1,1,9.4,555165.0,85.4,1
57,1,68930.0,2,54.9,3.0,0,3,7,0,3.0,1,1,10,17232.5,1,1,1,0,1,4.6,275720.0,109.8,0
26,0,137733.0,1,50.4,1.0,1,4,9,1,3.0,1,1,13,68866.5,1,1,1,1,1,6.0,550932.0,100.8,1
42,0,42027.0,1,24.4,1.0,0,3,6,1,2.0,1,1,9,21013.5,0,0,1,1,1,4.2,126081.0,48.8,0
47,1,80437.0,0,38.6,1.0,1,2,0,1,5.0,0,1,2,40218.5,0,1,1,1,0,1.2,482622.0,77.2,0
48,0,103351.0,0,70.7,1.0,1,2,2,0,3.0,0,1,4,51675.5,1,1,1,0,0,2.0,413404.0,141.4,0
47,1,81876.0,1,75.9,2.0,1,0,1,1,3.0,1,1,1,27292.0,1,1,1,1,1,0.4,327504.0,151.8,0
48,1,69022.0,0,40.2,3.5,2,2,2,1,1.0,0,1,4,15338.222222222223,1,0,1,1,0,2.0,138044.0,80.4,0
42,1,89543.0,1,5.0,1.0,0,2,4,1,2.0,1,1,6,44771.5,0,0,1,1,1,2.8,268629.0,10.0,0
50,0,127633.0,2,40.7,3.0,2,5,4,1,1.0,0,1,9,31908.25,1,0,1,1,0,4.6,255266.0,81.4,0
51,0,57974.0,0,27.1,3.0,0,1,3,1,3.0,1,1,4,14493.5,0,1,1,1,1,1.8000000000000003,231896.0,54.2,0
67,1,37942.0,2,15.0,2.0,1,3,5,0,3.0,1,1,8,12647.333333333334,0,1,1,0,1,3.8,151768.0,30.0,0
64,0,70922.0,0,49.1,3.0,1,1,3,1,5.0,1,1,4,17730.5,1,1,1,1,1,1.8000000000000003,425532.0,98.2,1
25,0,57308.0,1,70.1,1.0,0,6,5,1,1.0,0,1,11,28654.0,1,0,1,1,0,5.6,114616.0,140.2,0
36,1,78447.0,2,66.0,2.0,2,6,11,0,3.0,0,1,17,26149.0,1,1,1,0,0,8.0,313788.0,132.0,0
41,1,109797.0,2,55.1,1.0,0,3,10,1,1.0,1,1,13,54898.5,1,0,1,1,1,5.8,219594.0,110.2,0
35,1,121716.0,1,56.9,2.0,0,7,6,1,5.0,0,1,13,40572.0,1,1,1,1,0,6.6000000000000005,730296.0,113.8,1
27,1,61366.0,2,58.1,2.0,1,8,3,0,1.0,1,1,11,20455.333333333332,1,0,1,0,1,6.0,122732.0,116.2,0
54,1,103507.0,2,25.0,2.0,1,7,8,1,3.0,0,1,15,34502.333333333336,0,1,1,1,0,7.4,414028.0,50.0,0
52,1,43011.0,2,49.0,3.5,0,7,12,0,1.0,0,1,19,9558.0,1,0,1,0,0,9.0,86022.0,98.0,0
66,1,97980.0,2,31.5,2.0,2,11,19,0,5.0,0,1,30,32660.0,0,1,1,0,0,14.2,587880.0,63.0,0
27,2,87070.0,2,23.3,3.0,2,3,8,0,4.0,1,1,11,21767.5,0,1,1,0,1,5.0,435350.0,46.6,0
51,1,101793.0,0,10.2,1.0,1,2,0,1,3.0,1,1,2,50896.5,0,1,1,1,1,1.2,407172.0,20.4,0
61,1,53776.0,2,45.7,1.0,3,4,14,1,5.0,0,1,18,26888.0,1,1,1,1,0,8.0,322656.0,91.4,1
69,1,73212.0,1,54.2,2.0,1,7,8,1,4.0,1,1,15,24404.0,1,1,1,1,1,7.4,366060.0,108.4,0
35,1,131181.0,1,65.5,3.5,2,1,1,1,4.0,1,1,2,29151.333333333332,1,1,1,1,1,1.0,655905.0,131.0,1
47,1,76366.0,2,24.4,1.0,0,6,7,1,2.0,1,1,13,38183.0,0,0,1,1,1,6.4,229098.0,48.8,0
65,1,93585.0,1,39.5,2.0,1,0,8,1,5.0,0,1,8,31195.0,0,1,1,1,0,3.2,561510.0,79.0,0
44,0,82670.0,0,27.9,3.0,2,2,1,1,3.0,1,1,3,20667.5,0,1,1,1,1,1.6,330680.0,55.8,0
46,1,75512.0,1,49.7,2.0,0,4,9,0,1.0,1,1,13,25170.666666666668,1,0,1,0,1,6.0,151024.0,99.4,0
41,1,163926.0,2,13.2,3.0,1,12,6,0,2.0,0,1,18,40981.5,0,0,1,0,0,9.6,491778.0,26.4,0
45,1,90830.0,1,23.6,2.0,0,1,5,1,5.0,1,1,6,30276.666666666668,0,1,1,1,1,2.6,544980.0,47.2,1
59,1,98546.0,2,21.2,1.0,2,3,5,0,5.0,1,1,8,49273.0,0,1,1,0,1,3.8,591276.0,42.4,1
27,0,120287.0,1,53.7,2.0,2,3,4,1,4.0,0,1,7,40095.666666666664,1,1,1,1,0,3.4,601435.0,107.4,0
67,1,61175.0,2,64.3,3.0,3,2,4,1,5.0,1,1,6,15293.75,1,1,1,1,1,2.8,367050.0,128.6,0
45,1,102429.0,2,37.4,2.0,2,4,7,1,5.0,0,1,11,34143.0,0,1,1,1,0,5.2,614574.0,74.8,0
41,1,130030.0,1,31.0,1.0,1,0,4,1,4.0,0,1,4,65015.0,0,1,1,1,0,1.6,650150.0,62.0,0
66,0,69804.0,1,28.2,3.5,2,2,2,1,1.0,0,1,4,15512.0,0,0,1,1,0,2.0,139608.0,56.4,0
51,1,141069.0,1,34.5,2.0,2,5,5,1,2.0,1,1,10,47023.0,0,0,1,1,1,5.0,423207.0,69.0,0
69,1,75980.0,1,8.7,2.0,2,7,7,1,3.0,0,1,14,25326.666666666668,0,1,1,1,0,7.0,303920.0,17.4,0
27,1,51583.0,2,15.7,3.0,1,9,3,0,5.0,0,1,12,12895.75,0,1,1,0,0,6.6,309498.0,31.4,0
28,1,105539.0,1,53.1,1.0,1,7,6,0,3.0,1,1,13,52769.5,1,1,1,0,1,6.6000000000000005,422156.0,106.2,0
47,1,63889.0,0,20.9,2.0,1,0,3,1,2.0,0,1,3,21296.333333333332,0,0,1,1,0,1.2000000000000002,191667.0,41.8,0
45,1,52997.0,2,67.4,3.5,0,11,9,0,1.0,1,1,20,11777.111111111111,1,0,1,0,1,10.2,105994.0,134.8,0
28,0,143206.0,1,47.4,2.0,2,4,5,1,5.0,1,1,9,47735.333333333336,1,1,1,1,1,4.4,859236.0,94.8,1
65,1,30000.0,2,42.6,3.0,1,7,7,1,2.0,1,1,14,7500.0,1,0,1,1,1,7.0,90000.0,85.2,0
51,1,30000.0,2,55.7,1.0,0,14,5,1,1.0,1,1,19,15000.0,1,0,1,1,1,10.4,60000.0,111.4,0
32,0,74898.0,0,34.6,3.0,2,1,2,1,2.0,0,1,3,18724.5,0,0,1,1,0,1.4,224694.0,69.2,0
69,0,124429.0,2,30.9,1.0,3,2,6,1,3.0,0,1,8,62214.5,0,1,1,1,0,3.6000000000000005,497716.0,61.8,0
57,0,89948.0,0,40.2,3.0,0,1,3,1,2.0,0,1,4,22487.0,1,0,1,1,0,1.8000000000000003,269844.0,80.4,0
53,1,119892.0,1,15.9,1.0,2,4,8,1,1.0,0,1,12,59946.0,0,0,1,1,0,5.6,239784.0,31.8,0
42,0,119963.0,1,35.0,2.0,1,0,5,1,5.0,0,1,5,39987.666666666664,0,1,1,1,0,2.0,719778.0,70.0,0
33,0,117631.0,1,41.0,1.0,1,0,5,1,3.0,1,1,5,58815.5,1,1,1,1,1,2.0,470524.0,82.0,0
43,1,30000.0,1,18.4,3.5,1,7,7,1,5.0,0,1,14,6666.666666666667,0,1,1,1,0,7.0,180000.0,36.8,0
63,1,77400.0,1,40.2,2.0,1,4,8,1,2.0,0,1,12,25800.0,1,0,1,1,0,5.6,232200.0,80.4,0
62,1,126595.0,1,58.6,2.0,1,2,7,1,2.0,1,1,9,42198.333333333336,1,0,1,1,1,4.0,379785.0,117.2,0
32,0,80054.0,0,79.7,1.0,1,1,1,1,5.0,1,1,2,40027.0,1,1,1,1,1,1.0,480324.0,159.4,1
63,1,126994.0,2,13.6,3.0,2,4,6,1,4.0,1,1,10,31748.5,0,1,1,1,1,4.800000000000001,634970.0,27.2,1
34,1,106635.0,1,50.8,2.0,2,2,7,1,4.0,1,1,9,35545.0,1,1,1,1,1,4.0,533175.0,101.6,1
39,1,47973.0,2,42.6,2.0,2,14,7,0,1.0,0,1,21,15991.0,1,0,1,0,0,11.200000000000001,95946.0,85.2,0
44,0,104262.0,2,68.3,2.0,2,4,10,0,5.0,0,1,14,34754.0,1,1,1,0,0,6.4,625572.0,136.6,0
25,1,94282.0,2,24.5,3.0,0,10,4,0,5.0,1,1,14,23570.5,0,1,1,0,1,7.6,565692.0,49.0,0
30,1,30000.0,1,28.8,1.0,1,6,5,1,1.0,0,1,11,15000.0,0,0,1,1,0,5.6,60000.0,57.6,0
49,1,123852.0,1,24.5,2.0,1,7,7,1,5.0,1,1,14,41284.0,0,1,1,1,1,7.0,743112.0,49.0,0
47,1,40100.0,0,15.7,1.0,1,1,3,1,5.0,0,1,4,20050.0,0,1,1,1,0,1.8000000000000003,240600.0,31.4,0
61,1,163870.0,1,22.3,1.0,3,1,6,1,4.0,1,1,7,81935.0,0,1,1,1,1,3.0000000000000004,819350.0,44.6,1
64,1,51561.0,1,53.5,2.0,1,0,2,1,2.0,0,1,2,17187.0,1,0,1,1,0,0.8,154683.0,107.0,0
58,0,138387.0,2,31.5,1.0,0,4,12,1,1.0,1,1,16,69193.5,0,0,1,1,1,7.200000000000001,276774.0,63.0,1
68,1,30000.0,2,25.8,2.0,2,11,15,0,2.0,0,1,26,10000.0,0,0,1,0,0,12.6,90000.0,51.6,0
39,1,111622.0,2,77.0,2.0,3,11,11,1,1.0,1,1,22,37207.333333333336,1,0,1,1,1,11.0,223244.0,154.0,0
68,1,147529.0,0,61.5,1.0,3,0,3,1,5.0,0,1,3,73764.5,1,1,1,1,0,1.2000000000000002,885174.0,123.0,0
41,1,135478.0,2,45.0,1.0,1,3,14,0,2.0,1,1,17,67739.0,1,0,1,0,1,7.4,406434.0,90.0,0
37,1,85878.0,0,19.8,2.0,0,2,0,1,4.0,1,1,2,28626.0,0,1,1,1,1,1.2,429390.0,39.6,0
45,1,50799.0,0,30.1,3.5,2,0,1,1,3.0,1,1,1,11288.666666666666,0,1,1,1,1,0.4,203196.0,60.2,0
43,0,88339.0,2,38.5,2.0,1,13,19,1,4.0,1,1,32,29446.333333333332,0,1,1,1,1,15.4,441695.0,77.0,0
64,0,35410.0,2,24.7,1.0,2,9,15,1,1.0,1,1,24,17705.0,0,0,1,1,1,11.399999999999999,70820.0,49.4,0
29,1,89299.0,2,42.4,1.0,2,8,19,0,4.0,1,1,27,44649.5,1,1,1,0,1,12.4,446495.0,84.8,0
43,1,76268.0,0,5.0,1.0,2,1,2,1,5.0,1,1,3,38134.0,0,1,1,1,1,1.4,457608.0,10.0,0
36,1,99187.0,0,5.0,3.5,1,2,1,0,3.0,0,1,3,22041.555555555555,0,1,1,0,0,1.6,396748.0,10.0,0
49,1,105631.0,1,10.2,3.0,0,6,6,1,3.0,0,1,12,26407.75,0,1,1,1,0,6.0,422524.0,20.4,0
27,0,55535.0,2,29.9,1.0,3,12,13,0,3.0,1,1,25,27767.5,0,1,1,0,1,12.399999999999999,222140.0,59.8,1
30,1,94338.0,1,52.7,2.0,1,4,6,1,4.0,1,1,10,31446.0,1,1,1,1,1,4.800000000000001,471690.0,105.4,0
36,0,115941.0,2,32.3,2.0,3,11,6,0,1.0,0,1,17,38647.0,0,0,1,0,0,9.0,231882.0,64.6,0
66,1,108126.0,2,29.8,1.0,1,6,10,0,4.0,1,1,16,54063.0,0,1,1,0,1,7.6,540630.0,59.6,0
68,0,84708.0,2,5.0,2.0,2,6,3,0,3.0,0,1,9,28236.0,0,1,1,0,0,4.8,338832.0,10.0,0
69,0,99102.0,2,61.9,2.0,0,8,18,1,3.0,1,1,26,33034.0,1,1,1,1,1,12.0,396408.0,123.8,1
61,1,79524.0,2,40.2,1.0,2,10,19,1,5.0,1,1,29,39762.0,1,1,1,1,1,13.600000000000001,477144.0,80.4,1
45,0,90667.0,2,71.5,3.0,2,14,14,1,3.0,1,1,28,22666.75,1,1,1,1,1,14.0,362668.0,143.0,0
58,1,123466.0,2,37.0,1.0,2,7,5,0,4.0,1,1,12,61733.0,0,1,1,0,1,6.2,617330.0,74.0,0
29,0,81304.0,2,60.4,1.0,2,6,13,0,5.0,0,1,19,40652.0,1,1,1,0,0,8.8,487824.0,120.8,0
40,1,75573.0,2,5.0,2.0,2,13,7,0,4.0,1,1,20,25191.0,0,1,1,0,1,10.6,377865.0,10.0,0
45,1,53253.0,2,13.2,1.0,2,10,12,1,2.0,1,1,22,26626.5,0,0,1,1,1,10.8,159759.0,26.4,0
46,0,74071.0,1,5.0,2.0,1,3,9,1,2.0,1,1,12,24690.333333333332,0,0,1,1,1,5.4,222213.0,10.0,0
47,0,94589.0,2,44.0,1.0,2,8,19,1,3.0,1,1,27,47294.5,1,1,1,1,1,12.4,378356.0,88.0,0
57,0,121085.0,2,25.3,3.0,1,7,15,0,2.0,1,1,22,30271.25,0,0,1,0,1,10.2,363255.0,50.6,0
58,1,63808.0,2,83.2,1.0,0,11,9,1,4.0,0,1,20,31904.0,1,1,1,1,0,10.2,319040.0,166.4,0
43,1,44133.0,2,54.0,3.0,2,6,9,1,5.0,1,1,15,11033.25,1,1,1,1,1,7.199999999999999,264798.0,108.0,0
64,1,53658.0,2,32.3,2.0,0,9,14,0,5.0,1,1,23,17886.0,0,1,1,0,1,11.0,321948.0,64.6,1
43,0,85800.0,0,86.1,1.0,2,2,3,1,5.0,1,1,5,42900.0,1,1,1,1,1,2.4000000000000004,514800.0,172.2,0
46,0,87305.0,1,21.7,2.0,2,2,7,1,2.0,1,1,9,29101.666666666668,0,0,1,1,1,4.0,261915.0,43.4,0
47,1,125012.0,2,47.0,2.0,1,13,14,0,3.0,1,1,27,41670.666666666664,1,1,1,0,1,13.4,500048.0,94.0,0
45,0,120772.0,2,66.8,2.0,1,6,10,0,5.0,0,1,16,40257.333333333336,1,1,1,0,0,7.6,724632.0,133.6,0
66,0,101019.0,2,36.7,2.0,3,3,12,0,5.0,1,1,15,33673.0,0,1,1,0,1,6.6000000000000005,606114.0,73.4,1
35,1,66172.0,1,48.5,1.0,2,7,4,1,3.0,0,1,11,33086.0,1,1,1,1,0,5.800000000000001,264688.0,97.0,0
32,1,48894.0,2,33.0,1.0,3,4,18,1,3.0,0,1,22,24447.0,0,1,1,1,0,9.6,195576.0,66.0,0
57,0,89170.0,0,76.3,2.0,1,2,2,1,5.0,1,1,4,29723.333333333332,1,1,1,1,1,2.0,535020.0,152.6,1
50,1,87848.0,1,7.9,1.0,2,6,1,1,4.0,1,1,7,43924.0,0,1,1,1,1,3.9999999999999996,439240.0,15.8,0
65,1,70011.0,0,22.9,2.0,3,1,0,1,4.0,0,1,1,23337.0,0,1,1,1,0,0.6,350055.0,45.8,1
34,0,78402.0,0,23.1,2.0,3,2,3,1,4.0,1,1,5,26134.0,0,1,1,1,1,2.4000000000000004,392010.0,46.2,1
35,1,65624.0,1,50.5,1.0,1,1,7,0,5.0,0,1,8,32812.0,1,1,1,0,0,3.4000000000000004,393744.0,101.0,0
43,0,30000.0,2,44.0,1.0,2,9,4,0,5.0,1,1,13,15000.0,1,1,1,0,1,7.0,180000.0,88.0,0
66,1,63750.0,0,26.5,1.0,1,0,0,1,4.0,1,1,0,31875.0,0,1,1,1,1,0.0,318750.0,53.0,0
49,1,111391.0,2,5.0,2.0,3,4,11,1,2.0,1,1,15,37130.333333333336,0,0,1,1,1,6.800000000000001,334173.0,10.0,0
55,2,99189.0,1,50.7,1.0,2,3,1,1,3.0,1,1,4,49594.5,1,1,1,1,1,2.1999999999999997,396756.0,101.4,0
42,1,102049.0,2,70.5,2.0,2,2,4,0,3.0,1,1,6,34016.333333333336,1,1,1,0,1,2.8,408196.0,141.0,0
55,1,30000.0,2,57.0,3.0,2,6,11,1,2.0,1,1,17,7500.0,1,0,1,1,1,8.0,90000.0,114.0,0
36,1,30000.0,0,55.3,3.0,3,1,1,1,5.0,0,1,2,7500.0,1,1,1,1,0,1.0,180000.0,110.6,0
55,0,131056.0,2,51.3,2.0,2,10,5,1,1.0,0,1,15,43685.333333333336,1,0,1,1,0,8.0,262112.0,102.6,0
52,0,30000.0,1,90.4,1.0,2,7,9,1,1.0,0,1,16,15000.0,1,0,1,1,0,7.800000000000001,60000.0,180.8,0
62,1,55303.0,1,38.1,2.0,0,3,2,1,4.0,1,1,5,18434.333333333332,0,1,1,1,1,2.5999999999999996,276515.0,76.2,0
45,1,81438.0,2,6.1,2.0,2,9,11,0,5.0,1,1,20,27146.0,0,1,1,0,1,9.8,488628.0,12.2,0
39,0,146064.0,0,13.1,2.0,1,2,1,1,1.0,0,1,3,48688.0,0,0,1,1,0,1.6,292128.0,26.2,0
28,1,111534.0,1,50.1,3.0,3,7,4,0,5.0,1,1,11,27883.5,1,1,1,0,1,5.800000000000001,669204.0,100.2,1
25,1,80680.0,1,38.8,3.5,3,0,1,1,5.0,0,1,1,17928.88888888889,0,1,1,1,0,0.4,484080.0,77.6,0
63,0,41501.0,2,30.1,2.0,3,12,7,1,3.0,1,1,19,13833.666666666666,0,1,1,1,1,10.0,166004.0,60.2,0
27,1,117587.0,1,13.0,2.0,3,6,6,1,4.0,1,1,12,39195.666666666664,0,1,1,1,1,6.0,587935.0,26.0,1
46,0,64731.0,2,62.6,3.5,2,14,5,0,5.0,1,1,19,14384.666666666666,1,1,1,0,1,10.4,388386.0,125.2,1
54,0,74804.0,1,5.0,1.0,1,5,8,0,5.0,1,1,13,37402.0,0,1,1,0,1,6.2,448824.0,10.0,1
35,1,121415.0,2,66.6,2.0,2,5,8,1,3.0,0,1,13,40471.666666666664,1,1,1,1,0,6.2,485660.0,133.2,0
33,0,74776.0,1,36.1,1.0,1,7,6,1,1.0,1,1,13,37388.0,0,0,1,1,1,6.6000000000000005,149552.0,72.2,0
64,1,89189.0,1,46.4,1.0,3,1,5,0,1.0,1,1,6,44594.5,1,0,1,0,1,2.6,178378.0,92.8,0
39,0,174521.0,0,17.4,1.0,3,2,1,1,3.0,1,1,3,87260.5,0,1,1,1,1,1.6,698084.0,34.8,1
59,0,81966.0,1,38.3,1.0,1,0,9,1,4.0,0,1,9,40983.0,0,1,1,1,0,3.6,409830.0,76.6,0
27,0,118431.0,1,49.1,3.5,2,3,7,1,1.0,1,1,10,26318.0,1,0,1,1,1,4.6,236862.0,98.2,1
36,1,112179.0,2,30.0,2.0,1,13,15,0,3.0,0,1,28,37393.0,0,1,1,0,0,13.8,448716.0,60.0,0
46,0,84708.0,2,14.2,1.0,2,14,6,1,1.0,1,1,20,42354.0,0,0,1,1,1,10.8,169416.0,28.4,0
49,1,93452.0,2,28.7,1.0,2,3,10,1,4.0,0,1,13,46726.0,0,1,1,1,0,5.8,467260.0,57.4,0
31,1,62066.0,2,27.5,1.0,2,12,11,1,1.0,1,1,23,31033.0,0,0,1,1,1,11.6,124132.0,55.0,0
58,0,85208.0,1,20.9,2.0,2,7,3,1,4.0,1,1,10,28402.666666666668,0,1,1,1,1,5.4,426040.0,41.8,1
67,1,118610.0,1,34.4,2.0,2,4,7,1,4.0,0,1,11,39536.666666666664,0,1,1,1,0,5.2,593050.0,68.8,0
68,1,75613.0,0,11.4,3.5,2,0,1,1,5.0,1,1,1,16802.88888888889,0,1,1,1,1,0.4,453678.0,22.8,1
55,0,95730.0,2,48.0,2.0,1,7,16,0,5.0,1,1,23,31910.0,1,1,1,0,1,10.600000000000001,574380.0,96.0,1
26,0,34716.0,1,83.9,1.0,2,1,3,1,3.0,1,1,4,17358.0,1,1,1,1,1,1.8000000000000003,138864.0,167.8,0
44,0,71167.0,2,30.3,2.0,1,10,8,1,2.0,1,1,18,23722.333333333332,0,0,1,1,1,9.2,213501.0,60.6,1
43,1,92031.0,2,48.4,3.0,1,10,19,0,5.0,0,1,29,23007.75,1,1,1,0,0,13.600000000000001,552186.0,96.8,0
56,1,97937.0,2,47.2,2.0,1,8,13,1,4.0,1,1,21,32645.666666666668,1,1,1,1,1,10.0,489685.0,94.4,1
35,1,132749.0,1,5.0,1.0,1,7,5,1,2.0,0,1,12,66374.5,0,0,1,1,0,6.2,398247.0,10.0,0
59,1,97011.0,2,64.4,2.0,1,5,14,0,4.0,0,1,19,32337.0,1,1,1,0,0,8.600000000000001,485055.0,128.8,0
35,1,122389.0,1,71.8,1.0,2,1,6,0,1.0,0,1,7,61194.5,1,0,1,0,0,3.0000000000000004,244778.0,143.6,0
36,1,93921.0,2,37.1,2.0,1,8,4,1,3.0,1,1,12,31307.0,0,1,1,1,1,6.4,375684.0,74.2,0
25,1,62225.0,2,35.8,1.0,1,13,8,0,4.0,1,1,21,31112.5,0,1,1,0,1,11.0,311125.0,71.6,0
30,1,129737.0,2,40.9,2.0,2,14,11,1,2.0,0,1,25,43245.666666666664,1,0,1,1,0,12.8,389211.0,81.8,0
57,0,54224.0,1,79.4,2.0,1,7,2,1,4.0,0,1,9,18074.666666666668,1,1,1,1,0,5.0,271120.0,158.8,0
69,1,122344.0,2,8.0,2.0,0,12,4,0,1.0,0,1,16,40781.333333333336,0,0,1,0,0,8.799999999999999,244688.0,16.0,0
49,1,121786.0,2,41.2,2.0,2,8,12,0,2.0,1,1,20,40595.333333333336,1,0,1,0,1,9.600000000000001,365358.0,82.4,0
58,1,30000.0,1,5.1,1.0,2,1,6,0,4.0,1,1,7,15000.0,0,1,1,0,1,3.0000000000000004,150000.0,10.2,0
47,0,119882.0,2,51.1,1.0,1,2,13,0,4.0,1,1,15,59941.0,1,1,1,0,1,6.4,599410.0,102.2,1
49,0,110302.0,1,48.7,1.0,0,4,7,1,4.0,0,1,11,55151.0,1,1,1,1,0,5.2,551510.0,97.4,0
51,0,56766.0,0,43.4,2.0,3,2,0,1,5.0,0,1,2,18922.0,1,1,1,1,0,1.2,340596.0,86.8,0
65,1,119545.0,2,49.4,1.0,1,6,17,1,4.0,0,1,23,59772.5,1,1,1,1,0,10.4,597725.0,98.8,0
33,1,82870.0,2,97.9,2.0,2,13,7,0,3.0,0,1,20,27623.333333333332,1,1,1,0,0,10.6,331480.0,195.8,0
53,0,160395.0,1,5.0,1.0,3,6,4,1,3.0,1,1,10,80197.5,0,1,1,1,1,5.199999999999999,641580.0,10.0,1
31,1,99424.0,1,41.7,3.0,2,6,4,0,5.0,1,1,10,24856.0,1,1,1,0,1,5.199999999999999,596544.0,83.4,0
27,2,122934.0,2,5.0,3.0,3,11,3,0,5.0,1,1,14,30733.5,0,1,1,0,1,7.8,737604.0,10.0,0
50,0,71019.0,0,28.6,2.0,1,2,0,1,3.0,1,1,2,23673.0,0,1,1,1,1,1.2,284076.0,57.2,0
41,0,93919.0,1,41.4,1.0,2,1,1,1,2.0,1,1,2,46959.5,1,0,1,1,1,1.0,281757.0,82.8,0
49,1,119449.0,1,6.1,2.0,1,5,4,1,1.0,1,1,9,39816.333333333336,0,0,1,1,1,4.6,238898.0,12.2,0
28,0,61405.0,2,42.1,1.0,2,4,3,0,3.0,1,1,7,30702.5,1,1,1,0,1,3.6,245620.0,84.2,0
56,1,81956.0,2,5.0,1.0,1,9,12,1,2.0,1,1,21,40978.0,0,0,1,1,1,10.2,245868.0,10.0,0
49,1,40487.0,1,52.6,3.0,0,4,7,0,4.0,1,1,11,10121.75,1,1,1,0,1,5.2,202435.0,105.2,1
42,0,40212.0,1,35.0,3.0,3,7,2,0,1.0,1,1,9,10053.0,0,0,1,0,1,5.0,80424.0,70.0,0
36,1,114956.0,0,5.0,1.0,1,2,2,1,1.0,0,1,4,57478.0,0,0,1,1,0,2.0,229912.0,10.0,0
44,1,87823.0,0,104.6,1.0,0,2,2,1,3.0,1,1,4,43911.5,1,1,1,1,1,2.0,351292.0,209.2,0
63,2,54198.0,2,7.1,1.0,3,14,7,1,3.0,0,1,21,27099.0,0,1,1,1,0,11.200000000000001,216792.0,14.2,0
54,1,112484.0,0,29.4,2.0,2,2,1,1,2.0,0,1,3,37494.666666666664,0,0,1,1,0,1.6,337452.0,58.8,0
66,1,77162.0,0,14.9,1.0,1,0,0,1,3.0,1,1,0,38581.0,0,1,1,1,1,0.0,308648.0,29.8,0
67,0,30000.0,1,5.0,3.0,0,2,2,1,1.0,0,1,4,7500.0,0,0,1,1,0,2.0,60000.0,10.0,0
46,1,95299.0,1,76.2,1.0,0,4,8,0,5.0,1,1,12,47649.5,1,1,1,0,1,5.6,571794.0,152.4,1
62,0,98147.0,1,62.5,1.0,3,7,8,1,1.0,1,1,15,49073.5,1,0,1,1,1,7.4,196294.0,125.0,0
38,0,54001.0,0,71.2,2.0,2,1,3,0,2.0,0,1,4,18000.333333333332,1,0,1,0,0,1.8000000000000003,162003.0,142.4,0
51,1,54721.0,0,27.6,3.0,2,1,2,1,5.0,1,1,3,13680.25,0,1,1,1,1,1.4,328326.0,55.2,1
60,1,96488.0,2,33.8,3.0,2,9,19,0,3.0,1,1,28,24122.0,0,1,1,0,1,13.0,385952.0,67.6,0
45,0,84708.0,2,89.0,2.0,2,5,6,0,3.0,0,1,11,28236.0,1,1,1,0,0,5.4,338832.0,178.0,0
39,0,77897.0,1,86.1,3.0,3,4,5,1,2.0,0,1,9,19474.25,1,0,1,1,0,4.4,233691.0,172.2,0
48,0,99512.0,1,72.9,1.0,2,7,6,1,2.0,1,1,13,49756.0,1,0,1,1,1,6.6000000000000005,298536.0,145.8,0
48,0,82440.0,1,70.5,1.0,2,6,6,1,1.0,1,1,12,41220.0,1,0,1,1,1,6.0,164880.0,141.0,0
51,0,119750.0,2,35.7,3.0,2,10,3,0,1.0,1,1,13,29937.5,0,0,1,0,1,7.2,239500.0,71.4,0
64,1,124712.0,0,36.9,1.0,2,1,0,1,5.0,1,1,1,62356.0,0,1,1,1,1,0.6,748272.0,73.8,1
49,1,106268.0,2,28.0,1.0,1,10,9,1,4.0,0,1,19,53134.0,0,1,1,1,0,9.6,531340.0,56.0,0
65,0,143987.0,2,46.6,1.0,1,7,17,0,2.0,1,1,24,71993.5,1,0,1,0,1,11.0,431961.0,93.2,0
41,0,30000.0,2,58.6,3.5,1,3,12,0,5.0,0,1,15,6666.666666666667,1,1,1,0,0,6.6000000000000005,180000.0,117.2,0
59,0,92411.0,1,34.6,3.0,3,7,8,1,3.0,1,1,15,23102.75,0,1,1,1,1,7.4,369644.0,69.2,0
66,1,117502.0,0,88.9,1.0,2,1,3,1,2.0,0,1,4,58751.0,1,0,1,1,0,1.8000000000000003,352506.0,177.8,0
67,1,92277.0,1,28.2,2.0,3,4,3,1,4.0,1,1,7,30759.0,0,1,1,1,1,3.6,461385.0,56.4,0
56,0,75069.0,2,51.1,2.0,2,10,19,0,4.0,1,1,29,25023.0,1,1,1,0,1,13.600000000000001,375345.0,102.2,1
36,0,100627.0,2,52.4,2.0,0,14,13,1,3.0,1,1,27,33542.333333333336,1,1,1,1,1,13.600000000000001,402508.0,104.8,0
29,1,103587.0,2,96.0,2.0,1,2,7,0,2.0,1,1,9,34529.0,1,0,1,0,1,4.0,310761.0,192.0,0
53,1,96759.0,2,5.0,2.0,0,3,6,0,1.0,0,1,9,32253.0,0,0,1,0,0,4.2,193518.0,10.0,0
29,1,128123.0,1,5.0,2.0,1,1,8,0,5.0,0,1,9,42707.666666666664,0,1,1,0,0,3.8000000000000003,768738.0,10.0,0
32,1,91684.0,2,7.0,2.0,1,6,19,1,5.0,0,1,25,30561.333333333332,0,1,1,1,0,11.2,550104.0,14.0,0
37,1,91883.0,1,18.8,3.0,2,2,7,0,1.0,0,1,9,22970.75,0,0,1,0,0,4.0,183766.0,37.6,0
68,0,148255.0,2,18.6,1.0,2,8,12,0,4.0,1,1,20,74127.5,0,1,1,0,1,9.600000000000001,741275.0,37.2,1
33,1,104558.0,2,48.3,1.0,1,6,19,0,3.0,1,1,25,52279.0,1,1,1,0,1,11.2,418232.0,96.6,1
31,1,158001.0,1,29.4,1.0,2,0,3,0,1.0,1,1,3,79000.5,0,0,1,0,1,1.2000000000000002,316002.0,58.8,0
35,1,113072.0,2,56.1,2.0,2,2,5,0,3.0,0,1,7,37690.666666666664,1,1,1,0,0,3.2,452288.0,112.2,0
47,0,76018.0,1,64.3,1.0,1,4,1,1,1.0,0,1,5,38009.0,1,0,1,1,0,2.8,152036.0,128.6,0
62,1,85517.0,2,17.7,2.0,2,10,16,0,4.0,0,1,26,28505.666666666668,0,1,1,0,0,12.4,427585.0,35.4,0
44,1,94495.0,2,47.3,3.5,1,7,14,1,1.0,1,1,21,20998.88888888889,1,0,1,1,1,9.8,188990.0,94.6,0
43,1,54825.0,1,14.4,2.0,2,3,6,1,2.0,0,1,9,18275.0,0,0,1,1,0,4.2,164475.0,28.8,0
30,0,109783.0,1,83.2,3.0,2,1,4,0,3.0,0,1,5,27445.75,1,1,1,0,0,2.2,439132.0,166.4,0
60,1,30000.0,1,89.4,2.0,3,4,7,1,4.0,1,1,11,10000.0,1,1,1,1,1,5.2,150000.0,178.8,0
67,1,149582.0,2,12.5,1.0,0,10,5,0,3.0,0,1,15,74791.0,0,1,1,0,0,8.0,598328.0,25.0,0
45,0,123921.0,2,5.0,1.0,2,14,8,0,1.0,1,1,22,61960.5,0,0,1,0,1,11.600000000000001,247842.0,10.0,0
28,1,106219.0,2,44.4,3.0,2,2,19,1,2.0,0,1,21,26554.75,1,0,1,1,0,8.8,318657.0,88.8,0
25,0,93066.0,2,68.0,2.0,2,9,14,1,4.0,0,1,23,31022.0,1,1,1,1,0,11.0,465330.0,136.0,0
57,0,96061.0,1,72.2,2.0,2,6,9,1,5.0,0,1,15,32020.333333333332,1,1,1,1,0,7.199999999999999,576366.0,144.4,0
30,0,96601.0,1,71.3,2.0,2,6,8,1,2.0,1,1,14,32200.333333333332,1,0,1,1,1,6.8,289803.0,142.6,0
29,1,92134.0,0,36.2,3.5,1,1,1,1,3.0,1,1,2,20474.222222222223,0,1,1,1,1,1.0,368536.0,72.4,0
40,1,109448.0,0,51.0,2.0,2,0,2,1,5.0,1,1,2,36482.666666666664,1,1,1,1,1,0.8,656688.0,102.0,0
51,0,105911.0,1,79.7,3.0,2,6,8,1,4.0,1,1,14,26477.75,1,1,1,1,1,6.8,529555.0,159.4,1
63,1,92155.0,0,29.6,2.0,1,2,2,1,4.0,1,1,4,30718.333333333332,0,1,1,1,1,2.0,460775.0,59.2,1
36,1,92897.0,2,5.0,3.0,2,11,5,0,1.0,1,1,16,23224.25,0,0,1,0,1,8.6,185794.0,10.0,0
57,0,67245.0,1,26.9,2.0,1,7,9,1,3.0,0,1,16,22415.0,0,1,1,1,0,7.800000000000001,268980.0,53.8,0
55,1,78511.0,1,47.0,1.0,2,3,7,1,3.0,1,1,10,39255.5,1,1,1,1,1,4.6,314044.0,94.0,0
53,1,89832.0,0,33.8,2.0,3,1,1,1,1.0,1,1,2,29944.0,0,0,1,1,1,1.0,179664.0,67.6,0
27,1,72005.0,1,91.6,2.0,1,5,1,0,3.0,0,1,6,24001.666666666668,1,1,1,0,0,3.4,288020.0,183.2,0
64,1,139859.0,2,60.4,3.5,3,5,3,1,1.0,0,1,8,31079.777777777777,1,0,1,1,0,4.2,279718.0,120.8,0
26,1,117090.0,1,48.3,2.0,2,7,1,1,1.0,1,1,8,39030.0,1,0,1,1,1,4.6000000000000005,234180.0,96.6,0
68,0,94906.0,2,29.8,1.0,3,9,15,0,2.0,1,1,24,47453.0,0,0,1,0,1,11.399999999999999,284718.0,59.6,0
32,1,34051.0,2,24.5,1.0,1,9,4,1,5.0,0,1,13,17025.5,0,1,1,1,0,7.0,204306.0,49.0,0
55,2,93989.0,0,48.8,1.0,2,0,2,1,3.0,0,1,2,46994.5,1,1,1,1,0,0.8,375956.0,97.6,0
41,1,46515.0,2,29.0,2.0,0,6,10,0,3.0,0,1,16,15505.0,0,1,1,0,0,7.6,186060.0,58.0,0
51,1,90554.0,2,40.2,2.0,1,13,11,1,5.0,1,1,24,30184.666666666668,1,1,1,1,1,12.2,543324.0,80.4,1
43,0,122864.0,1,51.2,1.0,1,1,9,1,5.0,0,1,10,61432.0,1,1,1,1,0,4.2,737184.0,102.4,1
35,0,90519.0,1,26.8,2.0,2,2,5,1,1.0,0,1,7,30173.0,0,0,1,1,0,3.2,181038.0,53.6,0
27,1,84708.0,2,5.0,2.0,2,11,7,0,1.0,1,1,18,28236.0,0,0,1,0,1,9.4,169416.0,10.0,0
40,1,84337.0,2,52.2,2.0,1,3,12,1,3.0,0,1,15,28112.333333333332,1,1,1,1,0,6.6000000000000005,337348.0,104.4,0
35,0,156183.0,2,41.0,3.0,2,11,19,0,2.0,1,1,30,39045.75,1,0,1,0,1,14.2,468549.0,82.0,0
34,0,137282.0,1,22.9,1.0,3,4,2,1,5.0,0,1,6,68641.0,0,1,1,1,0,3.2,823692.0,45.8,0
69,0,91548.0,1,32.8,1.0,3,2,8,0,4.0,1,1,10,45774.0,0,1,1,0,1,4.4,457740.0,65.6,0
51,0,85019.0,1,17.1,2.0,0,4,6,1,5.0,1,1,10,28339.666666666668,0,1,1,1,1,4.800000000000001,510114.0,34.2,1
33,1,93678.0,2,46.7,2.0,1,14,11,0,2.0,1,1,25,31226.0,1,0,1,0,1,12.8,281034.0,93.4,0
58,1,30000.0,2,48.3,1.0,1,4,11,1,2.0,0,1,15,15000.0,1,0,1,1,0,6.800000000000001,90000.0,96.6,0
54,1,70386.0,1,66.3,2.0,0,7,3,1,3.0,1,1,10,23462.0,1,1,1,1,1,5.4,281544.0,132.6,1
47,1,55035.0,2,5.0,2.0,1,4,17,0,3.0,1,1,21,18345.0,0,1,1,0,1,9.200000000000001,220140.0,10.0,0
26,1,88178.0,0,76.4,2.0,2,2,3,1,5.0,0,1,5,29392.666666666668,1,1,1,1,0,2.4000000000000004,529068.0,152.8,0
28,1,119002.0,0,71.1,1.0,2,1,3,1,1.0,0,1,4,59501.0,1,0,1,1,0,1.8000000000000003,238004.0,142.2,0
26,0,49568.0,1,33.7,3.5,1,5,6,1,5.0,0,1,11,11015.111111111111,0,1,1,1,0,5.4,297408.0,67.4,0
27,0,69047.0,1,52.1,1.0,3,6,8,0,1.0,1,1,14,34523.5,1,0,1,0,1,6.8,138094.0,104.2,0
54,0,101563.0,2,35.3,2.0,1,5,4,1,3.0,0,1,9,33854.333333333336,0,1,1,1,0,4.6,406252.0,70.6,0
46,0,90284.0,1,40.2,1.0,2,1,3,1,5.0,1,1,4,45142.0,1,1,1,1,1,1.8000000000000003,541704.0,80.4,1
40,0,130001.0,2,65.4,1.0,2,13,10,1,5.0,1,1,23,65000.5,1,1,1,1,1,11.8,780006.0,130.8,1
27,0,73250.0,2,32.5,2.0,2,7,5,0,2.0,0,1,12,24416.666666666668,0,0,1,0,0,6.2,219750.0,65.0,0
56,0,88627.0,2,23.4,2.0,1,4,5,0,3.0,0,1,9,29542.333333333332,0,1,1,0,0,4.4,354508.0,46.8,0
68,1,149088.0,1,23.1,2.0,1,3,4,1,3.0,0,1,7,49696.0,0,1,1,1,0,3.4,596352.0,46.2,0
36,1,107154.0,2,35.4,2.0,1,11,17,1,1.0,1,1,28,35718.0,0,0,1,1,1,13.4,214308.0,70.8,0
28,1,59275.0,1,46.8,3.0,1,6,9,1,4.0,1,1,15,14818.75,1,1,1,1,1,7.199999999999999,296375.0,93.6,0
58,2,92355.0,1,59.1,1.0,2,0,5,1,3.0,0,1,5,46177.5,1,1,1,1,0,2.0,369420.0,118.2,0
35,1,119665.0,2,31.8,2.0,0,13,15,0,1.0,0,1,28,39888.333333333336,0,0,1,0,0,13.8,239330.0,63.6,0
36,1,61121.0,2,69.4,1.0,3,14,14,0,3.0,1,1,28,30560.5,1,1,1,0,1,14.0,244484.0,138.8,0
49,0,39976.0,2,40.0,2.0,1,8,8,0,3.0,1,1,16,13325.333333333334,0,1,1,0,1,8.0,159904.0,80.0,0
28,1,78727.0,2,67.9,1.0,1,13,13,1,5.0,1,1,26,39363.5,1,1,1,1,1,13.0,472362.0,135.8,1
45,0,73023.0,1,18.3,2.0,1,7,2,1,1.0,1,1,9,24341.0,0,0,1,1,1,5.0,146046.0,36.6,0
63,1,65678.0,0,47.0,1.0,0,2,3,1,4.0,1,1,5,32839.0,1,1,1,1,1,2.4000000000000004,328390.0,94.0,0
26,1,30000.0,2,49.2,1.0,2,6,13,0,5.0,0,1,19,15000.0,1,1,1,0,0,8.8,180000.0,98.4,0
68,0,104154.0,2,34.4,2.0,0,6,16,0,4.0,0,1,22,34718.0,0,1,1,0,0,10.0,520770.0,68.8,0
51,1,63398.0,2,7.3,1.0,2,4,7,1,3.0,1,1,11,31699.0,0,1,1,1,1,5.2,253592.0,14.6,0
56,0,55879.0,0,5.0,1.0,1,2,3,1,2.0,0,1,5,27939.5,0,0,1,1,0,2.4000000000000004,167637.0,10.0,0
36,1,84708.0,1,5.0,2.0,2,6,6,1,4.0,0,1,12,28236.0,0,1,1,1,0,6.0,423540.0,10.0,0
66,1,104075.0,2,83.9,2.0,2,8,5,1,5.0,1,1,13,34691.666666666664,1,1,1,1,1,6.8,624450.0,167.8,0
25,0,83533.0,2,71.3,1.0,2,7,15,0,2.0,1,1,22,41766.5,1,0,1,0,1,10.2,250599.0,142.6,0
66,1,53674.0,1,82.7,3.0,0,2,5,1,1.0,1,1,7,13418.5,1,0,1,1,1,3.2,107348.0,165.4,0
67,0,30000.0,0,88.8,1.0,2,1,3,1,1.0,0,1,4,15000.0,1,0,1,1,0,1.8000000000000003,60000.0,177.6,0
48,1,138167.0,2,10.0,1.0,1,7,5,0,5.0,0,1,12,69083.5,0,1,1,0,0,6.2,829002.0,20.0,0
60,1,90149.0,2,7.0,1.0,1,6,14,1,2.0,0,1,20,45074.5,0,0,1,1,0,9.2,270447.0,14.0,0
39,0,82998.0,1,5.0,3.0,3,7,5,0,4.0,0,1,12,20749.5,0,1,1,0,0,6.2,414990.0,10.0,0
34,1,114667.0,1,59.6,3.0,0,2,4,1,2.0,1,1,6,28666.75,1,0,1,1,1,2.8,344001.0,119.2,1
69,0,102368.0,2,17.0,1.0,3,7,17,0,1.0,0,1,24,51184.0,0,0,1,0,0,11.0,204736.0,34.0,0
52,1,30000.0,2,40.1,2.0,2,11,17,0,3.0,1,1,28,10000.0,0,1,1,0,1,13.4,120000.0,80.2,0
26,2,33647.0,0,58.2,2.0,1,2,3,0,5.0,1,1,5,11215.666666666666,1,1,1,0,1,2.4000000000000004,201882.0,116.4,1
61,1,132871.0,2,62.1,2.0,0,14,15,1,1.0,0,1,29,44290.333333333336,1,0,1,1,0,14.4,265742.0,124.2,0
63,1,48731.0,2,5.1,2.0,2,5,14,1,5.0,1,1,19,16243.666666666666,0,1,1,1,1,8.600000000000001,292386.0,10.2,1
49,0,119765.0,2,27.0,2.0,2,11,4,0,3.0,0,1,15,39921.666666666664,0,1,1,0,0,8.2,479060.0,54.0,0
52,1,30000.0,2,20.9,2.0,2,10,14,0,1.0,0,1,24,10000.0,0,0,1,0,0,11.600000000000001,60000.0,41.8,0
63,1,70185.0,2,50.4,1.0,2,11,3,0,3.0,0,1,14,35092.5,1,1,1,0,0,7.8,280740.0,100.8,0
37,1,133551.0,0,46.6,2.0,1,0,0,1,1.0,0,1,0,44517.0,1,0,1,1,0,0.0,267102.0,93.2,0
26,1,110132.0,0,32.7,1.0,1,2,3,1,1.0,1,1,5,55066.0,0,0,1,1,1,2.4000000000000004,220264.0,65.4,0
38,1,107706.0,1,72.4,2.0,2,5,4,1,2.0,0,1,9,35902.0,1,0,1,1,0,4.6,323118.0,144.8,0
39,2,32334.0,1,57.1,1.0,2,2,7,1,3.0,1,1,9,16167.0,1,1,1,1,1,4.0,129336.0,114.2,0
31,1,30000.0,2,53.3,3.5,0,13,16,1,1.0,1,1,29,6666.666666666667,1,0,1,1,1,14.2,60000.0,106.6,0
43,0,139891.0,1,63.4,1.0,2,5,8,1,5.0,0,1,13,69945.5,1,1,1,1,0,6.2,839346.0,126.8,0
42,1,49005.0,2,52.2,2.0,0,10,5,1,1.0,1,1,15,16335.0,1,0,1,1,1,8.0,98010.0,104.4,0
62,1,131029.0,1,12.1,3.5,2,0,4,0,5.0,0,1,4,29117.555555555555,0,1,1,0,0,1.6,786174.0,24.2,0
42,1,124469.0,2,42.0,2.0,1,9,10,0,2.0,0,1,19,41489.666666666664,1,0,1,0,0,9.399999999999999,373407.0,84.0,0
34,1,40299.0,2,39.6,3.5,0,12,18,0,4.0,1,1,30,8955.333333333334,0,1,1,0,1,14.399999999999999,201495.0,79.2,0
43,0,103838.0,2,5.0,1.0,1,8,10,0,4.0,1,1,18,51919.0,0,1,1,0,1,8.8,519190.0,10.0,0
32,0,49172.0,2,28.5,1.0,0,3,14,1,1.0,1,1,17,24586.0,0,0,1,1,1,7.4,98344.0,57.0,0
57,1,49828.0,2,46.5,2.0,2,6,16,0,1.0,1,1,22,16609.333333333332,1,0,1,0,1,10.0,99656.0,93.0,0
28,1,97909.0,2,28.1,2.0,1,3,12,1,1.0,1,1,15,32636.333333333332,0,0,1,1,1,6.6000000000000005,195818.0,56.2,0
34,1,50003.0,2,37.6,1.0,3,3,18,0,1.0,1,1,21,25001.5,0,0,1,0,1,9.0,100006.0,75.2,0
32,0,55918.0,0,49.1,1.0,1,2,1,1,1.0,1,1,3,27959.0,1,0,1,1,1,1.6,111836.0,98.2,0
66,1,83198.0,1,36.8,2.0,2,7,3,1,1.0,0,1,10,27732.666666666668,0,0,1,1,0,5.4,166396.0,73.6,0
51,0,127674.0,1,21.8,2.0,2,0,4,1,2.0,0,1,4,42558.0,0,0,1,1,0,1.6,383022.0,43.6,0
66,1,57898.0,2,18.8,2.0,1,14,17,0,3.0,1,1,31,19299.333333333332,0,1,1,0,1,15.200000000000001,231592.0,37.6,0
64,0,128992.0,2,67.4,1.0,3,7,5,0,4.0,0,1,12,64496.0,1,1,1,0,0,6.2,644960.0,134.8,0
63,0,107950.0,1,50.3,3.0,2,4,7,1,4.0,0,1,11,26987.5,1,1,1,1,0,5.2,539750.0,100.6,0
53,1,88807.0,1,29.6,1.0,0,2,6,1,4.0,1,1,8,44403.5,0,1,1,1,1,3.6000000000000005,444035.0,59.2,0
48,1,78493.0,2,24.2,3.0,1,4,6,0,5.0,1,1,10,19623.25,0,1,1,0,1,4.800000000000001,470958.0,48.4,0
65,0,88877.0,2,47.5,1.0,2,13,6,0,4.0,1,1,19,44438.5,1,1,1,0,1,10.2,444385.0,95.0,0
51,0,50093.0,1,29.4,1.0,1,3,7,1,5.0,1,1,10,25046.5,0,1,1,1,1,4.6,300558.0,58.8,1
59,1,127077.0,2,66.1,1.0,1,13,16,0,2.0,1,1,29,63538.5,1,0,1,0,1,14.2,381231.0,132.2,0
61,1,59709.0,2,47.0,2.0,3,8,10,0,3.0,1,1,18,19903.0,1,1,1,0,1,8.8,238836.0,94.0,0
54,1,50839.0,0,5.0,1.0,0,2,3,1,5.0,1,1,5,25419.5,0,1,1,1,1,2.4000000000000004,305034.0,10.0,1
64,0,106274.0,2,52.1,2.0,1,8,14,1,3.0,0,1,22,35424.666666666664,1,1,1,1,0,10.4,425096.0,104.2,0
56,1,119719.0,0,5.0,1.0,2,0,3,1,2.0,1,1,3,59859.5,0,0,1,1,1,1.2000000000000002,359157.0,10.0,0
26,2,49056.0,2,5.0,3.0,3,3,14,0,4.0,1,1,17,12264.0,0,1,1,0,1,7.4,245280.0,10.0,0
65,2,58338.0,1,70.0,2.0,2,2,1,1,1.0,1,1,3,19446.0,1,0,1,1,1,1.6,116676.0,140.0,0
62,0,99663.0,2,32.0,2.0,1,6,15,0,2.0,1,1,21,33221.0,0,0,1,0,1,9.6,298989.0,64.0,1
59,1,96146.0,0,27.1,2.0,1,1,1,1,4.0,0,1,2,32048.666666666668,0,1,1,1,0,1.0,480730.0,54.2,0
46,1,68533.0,2,66.6,1.0,1,6,12,0,4.0,0,1,18,34266.5,1,1,1,0,0,8.4,342665.0,133.2,0
52,0,65766.0,0,5.0,2.0,0,1,0,1,3.0,0,1,1,21922.0,0,1,1,1,0,0.6,263064.0,10.0,0
61,0,30000.0,1,41.7,2.0,2,0,5,1,3.0,1,1,5,10000.0,1,1,1,1,1,2.0,120000.0,83.4,0
25,1,79116.0,1,23.8,2.0,2,3,5,1,1.0,1,1,8,26372.0,0,0,1,1,1,3.8,158232.0,47.6,0
59,0,103482.0,0,44.2,1.0,2,0,1,1,1.0,1,1,1,51741.0,1,0,1,1,1,0.4,206964.0,88.4,0
42,0,78915.0,1,68.5,3.0,1,5,5,1,4.0,1,1,10,19728.75,1,1,1,1,1,5.0,394575.0,137.0,1
46,1,152366.0,0,33.6,1.0,2,0,2,1,4.0,1,1,2,76183.0,0,1,1,1,1,0.8,761830.0,67.2,1
27,0,56935.0,1,14.3,3.5,0,5,8,0,2.0,0,1,13,12652.222222222223,0,0,1,0,0,6.2,170805.0,28.6,0
48,0,111707.0,1,33.0,2.0,1,3,7,1,5.0,0,1,10,37235.666666666664,0,1,1,1,0,4.6,670242.0,66.0,0
55,1,99806.0,2,71.0,1.0,2,12,17,0,1.0,1,1,29,49903.0,1,0,1,0,1,14.0,199612.0,142.0,0
66,0,113882.0,1,7.2,2.0,2,3,2,1,4.0,0,1,5,37960.666666666664,0,1,1,1,0,2.5999999999999996,569410.0,14.4,1
58,1,66765.0,1,5.0,2.0,1,2,4,0,1.0,1,1,6,22255.0,0,0,1,0,1,2.8,133530.0,10.0,0
31,1,81716.0,2,36.8,2.0,2,3,10,0,3.0,0,1,13,27238.666666666668,0,1,1,0,0,5.8,326864.0,73.6,0
67,0,144325.0,2,50.8,1.0,1,7,18,1,1.0,0,1,25,72162.5,1,0,1,1,0,11.4,288650.0,101.6,0
41,1,115750.0,2,92.5,3.0,1,14,6,0,3.0,1,1,20,28937.5,1,1,1,0,1,10.8,463000.0,185.0,0
64,0,63737.0,2,18.0,2.0,1,8,14,0,2.0,1,1,22,21245.666666666668,0,0,1,0,1,10.4,191211.0,36.0,0
61,0,112772.0,0,5.0,1.0,1,2,1,1,5.0,0,1,3,56386.0,0,1,1,1,0,1.6,676632.0,10.0,0
36,1,147974.0,2,65.3,1.0,1,9,4,0,3.0,1,1,13,73987.0,1,1,1,0,1,7.0,591896.0,130.6,1
42,0,127746.0,2,30.3,2.0,1,11,3,0,5.0,1,1,14,42582.0,0,1,1,0,1,7.8,766476.0,60.6,1
47,1,117786.0,0,30.9,3.0,0,0,1,1,5.0,0,1,1,29446.5,0,1,1,1,0,0.4,706716.0,61.8,0
38,0,61211.0,2,41.2,2.0,2,3,18,0,3.0,1,1,21,20403.666666666668,1,1,1,0,1,9.0,244844.0,82.4,0
54,1,39948.0,1,45.1,3.0,2,2,1,1,5.0,0,1,3,9987.0,1,1,1,1,0,1.6,239688.0,90.2,0
49,0,84708.0,1,41.8,2.0,1,6,9,1,3.0,1,1,15,28236.0,1,1,1,1,1,7.199999999999999,338832.0,83.6,0
56,0,46947.0,2,26.4,2.0,2,12,3,0,4.0,1,1,15,15649.0,0,1,1,0,1,8.399999999999999,234735.0,52.8,0
59,1,71040.0,1,18.2,3.0,1,3,8,1,3.0,0,1,11,17760.0,0,1,1,1,0,5.0,284160.0,36.4,0
52,1,30000.0,1,5.0,2.0,0,0,1,1,1.0,0,1,1,10000.0,0,0,1,1,0,0.4,60000.0,10.0,0
39,1,59447.0,2,28.3,2.0,1,7,18,0,4.0,1,1,25,19815.666666666668,0,1,1,0,1,11.4,297235.0,56.6,0
44,0,85743.0,2,74.7,2.0,2,9,5,0,1.0,0,1,14,28581.0,1,0,1,0,0,7.3999999999999995,171486.0,149.4,0
56,0,43206.0,1,39.7,3.0,2,5,8,1,1.0,1,1,13,10801.5,0,0,1,1,1,6.2,86412.0,79.4,0
30,1,118899.0,2,56.7,3.0,2,11,11,0,3.0,0,1,22,29724.75,1,1,1,0,0,11.0,475596.0,113.4,0
59,1,60996.0,2,37.3,2.0,0,9,6,0,3.0,1,1,15,20332.0,0,1,1,0,1,7.8,243984.0,74.6,1
45,1,95477.0,2,48.9,1.0,3,14,6,0,4.0,0,1,20,47738.5,1,1,1,0,0,10.8,477385.0,97.8,0
39,1,86924.0,2,69.4,1.0,3,13,13,1,5.0,1,1,26,43462.0,1,1,1,1,1,13.0,521544.0,138.8,1
51,1,112148.0,2,40.2,1.0,1,13,12,0,3.0,1,1,25,56074.0,1,1,1,0,1,12.600000000000001,448592.0,80.4,1
37,0,47036.0,1,15.0,2.0,2,0,4,1,4.0,0,1,4,15678.666666666666,0,1,1,1,0,1.6,235180.0,30.0,0
59,1,50518.0,2,40.2,2.0,1,11,12,0,5.0,0,1,23,16839.333333333332,1,1,1,0,0,11.4,303108.0,80.4,0
27,0,86989.0,2,13.1,3.0,0,6,7,0,4.0,0,1,13,21747.25,0,1,1,0,0,6.4,434945.0,26.2,0
39,1,30000.0,0,36.2,1.0,3,1,0,0,5.0,0,1,1,15000.0,0,1,1,0,0,0.6,180000.0,72.4,0
37,1,84410.0,2,24.9,2.0,0,5,16,0,5.0,1,1,21,28136.666666666668,0,1,1,0,1,9.4,506460.0,49.8,0
46,0,30000.0,2,5.0,1.0,0,2,9,0,3.0,1,1,11,15000.0,0,1,1,0,1,4.8,120000.0,10.0,0
41,0,119903.0,2,30.2,1.0,1,13,16,1,5.0,0,1,29,59951.5,0,1,1,1,0,14.2,719418.0,60.4,0
45,0,134373.0,0,63.0,3.5,2,0,1,1,3.0,0,1,1,29860.666666666668,1,1,1,1,0,0.4,537492.0,126.0,0
34,1,39224.0,1,66.5,3.0,3,0,4,1,2.0,1,1,4,9806.0,1,0,1,1,1,1.6,117672.0,133.0,0
37,0,129874.0,1,20.9,1.0,1,4,8,1,1.0,1,1,12,64937.0,0,0,1,1,1,5.6,259748.0,41.8,0
42,1,119973.0,1,5.0,1.0,2,1,3,1,2.0,0,1,4,59986.5,0,0,1,1,0,1.8000000000000003,359919.0,10.0,0
62,1,100316.0,2,49.0,2.0,1,3,4,0,5.0,1,1,7,33438.666666666664,1,1,1,0,1,3.4,601896.0,98.0,1
34,1,91813.0,2,28.4,2.0,1,7,13,0,3.0,0,1,20,30604.333333333332,0,1,1,0,0,9.4,367252.0,56.8,0
55,1,109113.0,2,71.6,2.0,1,9,13,1,1.0,0,1,22,36371.0,1,0,1,1,0,10.6,218226.0,143.2,0
58,1,56835.0,1,63.7,3.0,0,4,8,1,4.0,0,1,12,14208.75,1,1,1,1,0,5.6,284175.0,127.4,0
50,1,105173.0,1,7.1,1.0,1,1,4,1,2.0,1,1,5,52586.5,0,0,1,1,1,2.2,315519.0,14.2,0
52,1,95720.0,2,30.4,2.0,1,13,14,0,5.0,0,1,27,31906.666666666668,0,1,1,0,0,13.4,574320.0,60.8,0
50,0,93942.0,1,79.0,2.0,1,6,2,1,5.0,1,1,8,31314.0,1,1,1,1,1,4.3999999999999995,563652.0,158.0,1
61,1,118984.0,1,15.9,2.0,2,1,5,1,1.0,1,1,6,39661.333333333336,0,0,1,1,1,2.6,237968.0,31.8,0
60,0,30000.0,2,65.1,1.0,1,11,18,1,4.0,0,1,29,15000.0,1,1,1,1,0,13.8,150000.0,130.2,0
43,2,116348.0,0,24.2,2.0,2,0,1,1,5.0,1,1,1,38782.666666666664,0,1,1,1,1,0.4,698088.0,48.4,1
59,1,87528.0,1,19.4,2.0,3,5,1,1,3.0,1,1,6,29176.0,0,1,1,1,1,3.4,350112.0,38.8,0
39,0,90901.0,2,78.3,2.0,1,5,4,0,4.0,1,1,9,30300.333333333332,1,1,1,0,1,4.6,454505.0,156.6,0
65,1,113361.0,1,63.2,1.0,1,7,9,0,1.0,0,1,16,56680.5,1,0,1,0,0,7.800000000000001,226722.0,126.4,0
48,0,77242.0,2,31.7,1.0,2,2,6,1,3.0,0,1,8,38621.0,0,1,1,1,0,3.6000000000000005,308968.0,63.4,0
67,1,72465.0,1,20.8,3.5,2,0,8,1,5.0,1,1,8,16103.333333333334,0,1,1,1,1,3.2,434790.0,41.6,0
48,1,68439.0,1,79.9,2.0,0,4,2,1,2.0,1,1,6,22813.0,1,0,1,1,1,3.2,205317.0,159.8,0
62,0,100234.0,1,49.8,3.0,3,0,1,1,2.0,0,1,1,25058.5,1,0,1,1,0,0.4,300702.0,99.6,0
64,0,41118.0,0,10.8,2.0,1,0,3,1,2.0,1,1,3,13706.0,0,0,1,1,1,1.2000000000000002,123354.0,21.6,0
28,1,112150.0,0,50.6,2.0,1,1,2,1,4.0,1,1,3,37383.333333333336,1,1,1,1,1,1.4,560750.0,101.2,1
40,1,43199.0,1,11.9,1.0,1,5,7,1,1.0,0,1,12,21599.5,0,0,1,1,0,5.800000000000001,86398.0,23.8,0
43,2,30000.0,2,5.0,2.0,2,4,12,0,1.0,1,1,16,10000.0,0,0,1,0,1,7.200000000000001,60000.0,10.0,0
26,0,97144.0,2,25.9,3.0,2,4,9,0,2.0,0,1,13,24286.0,0,0,1,0,0,6.0,291432.0,51.8,0
42,1,50220.0,2,53.8,3.0,1,13,14,0,1.0,0,1,27,12555.0,1,0,1,0,0,13.4,100440.0,107.6,0
41,1,103198.0,2,40.6,1.0,2,13,15,1,3.0,1,1,28,51599.0,1,1,1,1,1,13.8,412792.0,81.2,0
28,1,145125.0,0,54.1,1.0,3,0,1,1,4.0,1,1,1,72562.5,1,1,1,1,1,0.4,725625.0,108.2,1
54,0,68243.0,1,33.5,2.0,1,6,5,1,1.0,0,1,11,22747.666666666668,0,0,1,1,0,5.6,136486.0,67.0,0
38,0,139597.0,1,27.1,1.0,2,3,6,1,2.0,0,1,9,69798.5,0,0,1,1,0,4.2,418791.0,54.2,0
28,1,62481.0,1,21.3,3.0,3,7,3,1,4.0,1,1,10,15620.25,0,1,1,1,1,5.4,312405.0,42.6,0
30,1,44664.0,2,39.9,3.0,2,3,7,1,1.0,1,1,10,11166.0,0,0,1,1,1,4.6,89328.0,79.8,0
64,0,31802.0,0,40.2,2.0,1,1,1,1,1.0,0,1,2,10600.666666666666,1,0,1,1,0,1.0,63604.0,80.4,0
49,0,95896.0,0,72.8,1.0,1,1,2,1,4.0,1,1,3,47948.0,1,1,1,1,1,1.4,479480.0,145.6,0
54,1,111819.0,1,40.2,3.0,2,7,8,1,3.0,0,1,15,27954.75,1,1,1,1,0,7.4,447276.0,80.4,0
47,1,96130.0,1,14.7,2.0,0,0,3,1,1.0,1,1,3,32043.333333333332,0,0,1,1,1,1.2000000000000002,192260.0,29.4,0
43,1,121400.0,0,44.6,3.5,0,0,1,1,1.0,0,1,1,26977.777777777777,1,0,1,1,0,0.4,242800.0,89.2,0
43,1,84708.0,2,53.6,1.0,2,13,5,0,5.0,1,1,18,42354.0,1,1,1,0,1,9.8,508248.0,107.2,0
59,0,139014.0,1,16.5,2.0,1,6,4,1,3.0,1,1,10,46338.0,0,1,1,1,1,5.199999999999999,556056.0,33.0,1
59,1,61610.0,0,69.0,2.0,1,0,0,1,3.0,1,1,0,20536.666666666668,1,1,1,1,1,0.0,246440.0,138.0,0
64,0,57809.0,0,43.7,1.0,2,0,0,1,4.0,1,1,0,28904.5,1,1,1,1,1,0.0,289045.0,87.4,0
39,0,101431.0,2,64.9,3.5,2,11,12,1,5.0,1,1,23,22540.222222222223,1,1,1,1,1,11.4,608586.0,129.8,1
56,1,54018.0,2,5.0,3.5,3,3,8,1,1.0,1,1,11,12004.0,0,0,1,1,1,5.0,108036.0,10.0,0
47,1,141870.0,1,63.6,1.0,1,4,9,1,5.0,0,1,13,70935.0,1,1,1,1,0,6.0,851220.0,127.2,1
38,0,92193.0,1,84.8,2.0,1,4,5,1,3.0,0,1,9,30731.0,1,1,1,1,0,4.4,368772.0,169.6,0
50,1,87555.0,0,5.0,1.0,2,2,2,1,2.0,1,1,4,43777.5,0,0,1,1,1,2.0,262665.0,10.0,1
67,0,99640.0,2,5.0,1.0,0,7,12,0,5.0,1,1,19,49820.0,0,1,1,0,1,9.0,597840.0,10.0,1
60,1,85434.0,1,22.4,1.0,2,0,2,0,3.0,0,1,2,42717.0,0,1,1,0,0,0.8,341736.0,44.8,0
39,0,78453.0,2,26.0,1.0,0,9,9,0,1.0,1,1,18,39226.5,0,0,1,0,1,9.0,156906.0,52.0,0
26,1,150085.0,1,31.7,2.0,1,7,3,1,3.0,0,1,10,50028.333333333336,0,1,1,1,0,5.4,600340.0,63.4,0
43,1,157509.0,1,96.3,3.0,2,5,9,1,4.0,0,1,14,39377.25,1,1,1,1,0,6.6,787545.0,192.6,0
54,1,73145.0,2,59.2,1.0,1,5,5,0,3.0,1,1,10,36572.5,1,1,1,0,1,5.0,292580.0,118.4,0
37,0,127284.0,0,27.9,2.0,0,0,3,1,2.0,0,1,3,42428.0,0,0,1,1,0,1.2000000000000002,381852.0,55.8,0
39,0,95431.0,1,5.0,2.0,0,6,5,1,3.0,1,1,11,31810.333333333332,0,1,1,1,1,5.6,381724.0,10.0,1
33,1,30000.0,1,18.9,3.0,2,5,4,1,5.0,0,1,9,7500.0,0,1,1,1,0,4.6,180000.0,37.8,0
57,0,148883.0,1,41.0,1.0,1,6,6,0,5.0,1,1,12,74441.5,1,1,1,0,1,6.0,893298.0,82.0,1
27,0,72700.0,0,13.7,1.0,2,0,1,1,3.0,1,1,1,36350.0,0,1,1,1,1,0.4,290800.0,27.4,0
54,0,106382.0,2,37.3,1.0,3,11,12,0,2.0,1,1,23,53191.0,0,0,1,0,1,11.4,319146.0,74.6,0
49,1,80942.0,0,19.9,2.0,2,0,2,1,5.0,1,1,2,26980.666666666668,0,1,1,1,1,0.8,485652.0,39.8,1
57,2,81958.0,2,82.9,3.5,0,5,11,0,4.0,1,1,16,18212.88888888889,1,1,1,0,1,7.4,409790.0,165.8,1
31,0,76967.0,1,43.1,2.0,2,5,7,1,2.0,1,1,12,25655.666666666668,1,0,1,1,1,5.800000000000001,230901.0,86.2,0
55,1,144604.0,1,63.1,1.0,0,7,8,0,1.0,1,1,15,72302.0,1,0,1,0,1,7.4,289208.0,126.2,0
41,0,69169.0,1,61.9,1.0,2,6,2,1,4.0,0,1,8,34584.5,1,1,1,1,0,4.3999999999999995,345845.0,123.8,0
59,0,63353.0,2,28.6,2.0,0,11,13,0,4.0,0,1,24,21117.666666666668,0,1,1,0,0,11.8,316765.0,57.2,0
68,1,72243.0,1,58.4,2.0,0,1,6,1,3.0,0,1,7,24081.0,1,1,1,1,0,3.0000000000000004,288972.0,116.8,0
26,1,125309.0,1,59.5,1.0,3,5,9,1,2.0,1,1,14,62654.5,1,0,1,1,1,6.6,375927.0,119.0,0
41,1,133511.0,2,38.0,3.0,2,7,4,0,1.0,1,1,11,33377.75,0,0,1,0,1,5.800000000000001,267022.0,76.0,0
36,0,91412.0,1,70.3,2.0,1,0,7,1,3.0,1,1,7,30470.666666666668,1,1,1,1,1,2.8000000000000003,365648.0,140.6,0
66,1,40804.0,1,29.2,2.0,0,4,9,1,3.0,0,1,13,13601.333333333334,0,1,1,1,0,6.0,163216.0,58.4,0
25,2,32379.0,1,11.8,1.0,0,1,7,1,2.0,1,1,8,16189.5,0,0,1,1,1,3.4000000000000004,97137.0,23.6,0
29,0,134339.0,1,38.3,3.0,3,1,5,1,1.0,1,1,6,33584.75,0,0,1,1,1,2.6,268678.0,76.6,0
64,1,143117.0,2,46.4,2.0,1,8,17,0,4.0,1,1,25,47705.666666666664,1,1,1,0,1,11.600000000000001,715585.0,92.8,1
41,1,70591.0,1,55.7,1.0,3,0,1,1,2.0,1,1,1,35295.5,1,0,1,1,1,0.4,211773.0,111.4,0
58,1,109160.0,2,54.1,2.0,3,14,7,1,5.0,0,1,21,36386.666666666664,1,1,1,1,0,11.200000000000001,654960.0,108.2,1
51,1,85652.0,2,13.4,3.0,0,11,11,0,3.0,1,1,22,21413.0,0,1,1,0,1,11.0,342608.0,26.8,0
27,1,115353.0,1,83.4,2.0,1,0,9,1,1.0,0,1,9,38451.0,1,0,1,1,0,3.6,230706.0,166.8,0
52,1,76360.0,1,54.1,3.5,2,3,2,1,3.0,1,1,5,16968.88888888889,1,1,1,1,1,2.5999999999999996,305440.0,108.2,1
68,1,78308.0,2,36.4,1.0,2,9,19,1,2.0,1,1,28,39154.0,0,0,1,1,1,13.0,234924.0,72.8,0
25,0,114372.0,2,40.2,3.0,3,3,3,1,1.0,1,1,6,28593.0,1,0,1,1,1,3.0,228744.0,80.4,0
35,1,100972.0,2,16.1,3.0,0,12,12,1,4.0,1,1,24,25243.0,0,1,1,1,1,12.0,504860.0,32.2,1
34,0,63007.0,2,28.3,2.0,3,6,11,0,1.0,1,1,17,21002.333333333332,0,0,1,0,1,8.0,126014.0,56.6,0
35,1,55586.0,2,42.9,2.0,2,12,13,0,4.0,1,1,25,18528.666666666668,1,1,1,0,1,12.399999999999999,277930.0,85.8,0
67,0,48080.0,1,57.2,2.0,1,5,1,0,1.0,1,1,6,16026.666666666666,1,0,1,0,1,3.4,96160.0,114.4,0
56,1,31549.0,2,57.0,2.0,2,6,19,0,3.0,1,1,25,10516.333333333334,1,1,1,0,1,11.2,126196.0,114.0,0
45,0,55879.0,1,69.7,1.0,3,7,4,1,5.0,1,1,11,27939.5,1,1,1,1,1,5.800000000000001,335274.0,139.4,0
51,1,71747.0,2,88.3,1.0,1,3,7,1,3.0,1,1,10,35873.5,1,1,1,1,1,4.6,286988.0,176.6,0
66,1,112358.0,1,86.1,1.0,2,3,8,0,1.0,1,1,11,56179.0,1,0,1,0,1,5.0,224716.0,172.2,0
58,1,126680.0,0,38.1,3.5,1,2,0,1,3.0,0,1,2,28151.11111111111,0,1,1,1,0,1.2,506720.0,76.2,0
32,1,82433.0,1,54.2,1.0,1,7,5,1,1.0,0,1,12,41216.5,1,0,1,1,0,6.2,164866.0,108.4,0
46,0,139562.0,2,79.9,3.5,2,6,14,1,3.0,1,1,20,31013.777777777777,1,1,1,1,1,9.2,558248.0,159.8,1
57,1,30000.0,0,58.0,3.0,2,2,1,1,4.0,1,1,3,7500.0,1,1,1,1,1,1.6,150000.0,116.0,0
35,1,81159.0,1,45.7,1.0,1,4,8,1,5.0,1,1,12,40579.5,1,1,1,1,1,5.6,486954.0,91.4,1
34,0,95819.0,2,40.4,1.0,3,8,19,1,5.0,0,1,27,47909.5,1,1,1,1,0,12.4,574914.0,80.8,0
27,0,76087.0,0,66.2,1.0,2,1,3,0,3.0,1,1,4,38043.5,1,1,1,0,1,1.8000000000000003,304348.0,132.4,0
52,1,91167.0,2,5.0,3.0,3,12,11,0,4.0,0,1,23,22791.75,0,1,1,0,0,11.6,455835.0,10.0,0
57,0,98671.0,2,43.9,3.0,3,4,16,0,4.0,0,1,20,24667.75,1,1,1,0,0,8.8,493355.0,87.8,0
43,0,93353.0,1,8.2,1.0,2,2,4,1,3.0,1,1,6,46676.5,0,1,1,1,1,2.8,373412.0,16.4,0
41,0,71890.0,1,16.8,1.0,1,0,7,1,5.0,1,1,7,35945.0,0,1,1,1,1,2.8000000000000003,431340.0,33.6,1
68,1,91879.0,1,45.6,1.0,1,1,9,1,4.0,0,1,10,45939.5,1,1,1,1,0,4.2,459395.0,91.2,0
42,0,30000.0,1,26.7,2.0,0,4,5,1,1.0,0,1,9,10000.0,0,0,1,1,0,4.4,60000.0,53.4,0
50,1,88615.0,2,57.9,2.0,1,12,14,0,1.0,0,1,26,29538.333333333332,1,0,1,0,0,12.8,177230.0,115.8,0
32,0,106745.0,1,56.9,1.0,0,0,4,1,1.0,0,1,4,53372.5,1,0,1,1,0,1.6,213490.0,113.8,0
68,0,132058.0,2,65.4,1.0,1,3,16,0,4.0,0,1,19,66029.0,1,1,1,0,0,8.2,660290.0,130.8,0
31,0,34295.0,0,73.4,2.0,3,2,3,1,1.0,0,1,5,11431.666666666666,1,0,1,1,0,2.4000000000000004,68590.0,146.8,0
44,1,73799.0,0,106.35000000000001,1.0,2,0,3,0,5.0,0,1,3,36899.5,1,1,1,0,0,1.2000000000000002,442794.0,212.70000000000002,0
54,0,102428.0,0,31.1,2.0,1,2,1,1,1.0,1,1,3,34142.666666666664,0,0,1,1,1,1.6,204856.0,62.2,0
69,1,38605.0,1,99.4,2.0,1,3,7,1,4.0,1,1,10,12868.333333333334,1,1,1,1,1,4.6,193025.0,198.8,1
42,0,50593.0,2,42.8,1.0,2,10,14,0,1.0,0,1,24,25296.5,1,0,1,0,0,11.600000000000001,101186.0,85.6,0
39,0,98447.0,1,52.0,1.0,2,0,6,0,2.0,0,1,6,49223.5,1,0,1,0,0,2.4000000000000004,295341.0,104.0,0
44,1,30000.0,2,5.0,2.0,1,5,7,1,4.0,1,1,12,10000.0,0,1,1,1,1,5.800000000000001,150000.0,10.0,0
44,0,30886.0,2,16.8,2.0,3,10,16,0,5.0,0,1,26,10295.333333333334,0,1,1,0,0,12.4,185316.0,33.6,0
39,0,69998.0,2,44.5,2.0,2,14,17,1,2.0,0,1,31,23332.666666666668,1,0,1,1,0,15.200000000000001,209994.0,89.0,0
68,0,100248.0,1,24.8,2.0,2,6,5,1,3.0,0,1,11,33416.0,0,1,1,1,0,5.6,400992.0,49.6,0
42,0,121368.0,0,49.0,1.0,1,0,3,0,4.0,1,1,3,60684.0,1,1,1,0,1,1.2000000000000002,606840.0,98.0,0
35,1,57177.0,0,21.5,1.0,2,2,3,1,2.0,0,1,5,28588.5,0,0,1,1,0,2.4000000000000004,171531.0,43.0,0
61,1,49223.0,2,7.0,2.0,2,12,11,1,2.0,0,1,23,16407.666666666668,0,0,1,1,0,11.6,147669.0,14.0,0
45,1,96256.0,2,52.3,3.5,2,11,4,1,4.0,1,1,15,21390.222222222223,1,1,1,1,1,8.2,481280.0,104.6,1
54,1,84708.0,2,60.6,1.0,2,2,17,0,3.0,1,1,19,42354.0,1,1,1,0,1,8.0,338832.0,121.2,0
39,0,111811.0,2,17.8,1.0,0,5,3,0,2.0,1,1,8,55905.5,0,0,1,0,1,4.2,335433.0,35.6,0
63,1,57307.0,1,66.6,2.0,2,4,3,1,1.0,0,1,7,19102.333333333332,1,0,1,1,0,3.6,114614.0,133.2,0
37,0,88653.0,2,34.3,3.0,2,12,5,0,2.0,1,1,17,22163.25,0,0,1,0,1,9.2,265959.0,68.6,0
26,1,118145.0,1,25.0,1.0,1,6,2,0,5.0,1,1,8,59072.5,0,1,1,0,1,4.3999999999999995,708870.0,50.0,0
60,0,90077.0,2,32.8,1.0,1,6,12,0,1.0,1,1,18,45038.5,0,0,1,0,1,8.4,180154.0,65.6,0
52,1,133736.0,2,34.7,1.0,1,14,19,0,3.0,1,1,33,66868.0,0,1,1,0,1,16.0,534944.0,69.4,0
51,1,72955.0,0,62.9,1.0,1,0,2,0,2.0,0,1,2,36477.5,1,0,1,0,0,0.8,218865.0,125.8,0
49,1,101925.0,2,47.4,2.0,1,13,19,0,2.0,1,1,32,33975.0,1,0,1,0,1,15.4,305775.0,94.8,0
60,0,57337.0,2,50.5,1.0,1,14,6,0,4.0,0,1,20,28668.5,1,1,1,0,0,10.8,286685.0,101.0,0
51,1,84701.0,1,33.4,3.0,2,1,5,0,5.0,0,1,6,21175.25,0,1,1,0,0,2.6,508206.0,66.8,0
67,1,96213.0,1,26.4,1.0,0,4,8,1,3.0,1,1,12,48106.5,0,1,1,1,1,5.6,384852.0,52.8,0
45,0,89171.0,0,5.0,2.0,2,0,1,1,4.0,0,1,1,29723.666666666668,0,1,1,1,0,0.4,445855.0,10.0,0
68,0,57473.0,2,53.3,2.0,3,5,6,0,4.0,1,1,11,19157.666666666668,1,1,1,0,1,5.4,287365.0,106.6,0
46,1,85527.0,2,17.8,1.0,2,6,8,1,1.0,1,1,14,42763.5,0,0,1,1,1,6.8,171054.0,35.6,0
35,1,78497.0,2,34.6,1.0,0,11,3,1,2.0,0,1,14,39248.5,0,0,1,1,0,7.8,235491.0,69.2,0
39,1,83635.0,1,77.0,3.0,1,0,9,1,1.0,0,1,9,20908.75,1,0,1,1,0,3.6,167270.0,154.0,0
60,1,83809.0,2,81.8,2.0,1,5,3,0,2.0,1,1,8,27936.333333333332,1,0,1,0,1,4.2,251427.0,163.6,0
62,1,97589.0,0,50.7,1.0,2,1,1,1,5.0,1,1,2,48794.5,1,1,1,1,1,1.0,585534.0,101.4,1
42,0,90283.0,2,59.3,3.0,2,12,4,0,3.0,1,1,16,22570.75,1,1,1,0,1,8.799999999999999,361132.0,118.6,1
51,1,35607.0,1,30.7,2.0,2,1,4,1,1.0,0,1,5,11869.0,0,0,1,1,0,2.2,71214.0,61.4,0
39,0,104885.0,0,28.4,1.0,0,0,0,1,4.0,1,1,0,52442.5,0,1,1,1,1,0.0,524425.0,56.8,0
31,0,54072.0,0,36.3,1.0,1,0,3,1,4.0,0,1,3,27036.0,0,1,1,1,0,1.2000000000000002,270360.0,72.6,0
38,1,52533.0,1,62.2,2.0,1,1,5,1,4.0,1,1,6,17511.0,1,1,1,1,1,2.6,262665.0,124.4,0
66,2,74902.0,1,22.9,1.0,2,5,9,1,2.0,0,1,14,37451.0,0,0,1,1,0,6.6,224706.0,45.8,0
50,1,74682.0,1,97.4,1.0,1,1,9,1,4.0,1,1,10,37341.0,1,1,1,1,1,4.2,373410.0,194.8,0
42,1,30000.0,1,5.0,1.0,0,0,4,0,2.0,0,1,4,15000.0,0,0,1,0,0,1.6,90000.0,10.0,0
27,2,124432.0,2,79.0,2.0,1,8,18,0,5.0,0,1,26,41477.333333333336,1,1,1,0,0,12.0,746592.0,158.0,1
36,1,30000.0,1,22.0,1.0,2,5,8,1,3.0,1,1,13,15000.0,0,1,1,1,1,6.2,120000.0,44.0,0
27,1,99822.0,2,21.0,3.0,1,8,12,0,1.0,0,1,20,24955.5,0,0,1,0,0,9.600000000000001,199644.0,42.0,0
45,0,30000.0,0,28.9,2.0,1,1,2,1,2.0,1,1,3,10000.0,0,0,1,1,1,1.4,90000.0,57.8,0
48,0,105596.0,2,11.7,2.0,3,7,16,0,5.0,0,1,23,35198.666666666664,0,1,1,0,0,10.600000000000001,633576.0,23.4,1
47,1,71709.0,1,50.0,1.0,1,6,9,1,2.0,0,1,15,35854.5,1,0,1,1,0,7.199999999999999,215127.0,100.0,0
67,0,83314.0,2,22.1,2.0,2,5,13,0,3.0,0,1,18,27771.333333333332,0,1,1,0,0,8.2,333256.0,44.2,0
61,1,48457.0,2,75.7,1.0,2,13,18,0,3.0,1,1,31,24228.5,1,1,1,0,1,15.0,193828.0,151.4,0
47,0,103503.0,2,64.0,2.0,2,13,11,0,1.0,1,1,24,34501.0,1,0,1,0,1,12.2,207006.0,128.0,0
41,1,96250.0,1,40.2,2.0,1,4,7,0,3.0,1,1,11,32083.333333333332,1,1,1,0,1,5.2,385000.0,80.4,1
45,1,168654.0,2,48.1,1.0,2,11,19,0,2.0,1,1,30,84327.0,1,0,1,0,1,14.2,505962.0,96.2,0
25,1,76070.0,1,14.4,2.0,1,6,8,1,1.0,1,1,14,25356.666666666668,0,0,1,1,1,6.8,152140.0,28.8,0
50,0,105292.0,2,28.2,3.0,1,3,8,0,5.0,1,1,11,26323.0,0,1,1,0,1,5.0,631752.0,56.4,0
25,0,113276.0,2,21.8,2.0,2,3,3,0,5.0,0,1,6,37758.666666666664,0,1,1,0,0,3.0,679656.0,43.6,0
32,1,89578.0,1,47.2,2.0,0,7,4,1,2.0,1,1,11,29859.333333333332,1,0,1,1,1,5.800000000000001,268734.0,94.4,0
62,1,74639.0,1,49.6,1.0,2,6,7,1,2.0,1,1,13,37319.5,1,0,1,1,1,6.4,223917.0,99.2,0
54,1,145514.0,2,25.3,1.0,0,12,3,1,3.0,0,1,15,72757.0,0,1,1,1,0,8.399999999999999,582056.0,50.6,0
47,1,75015.0,1,67.6,3.0,1,7,3,1,4.0,1,1,10,18753.75,1,1,1,1,1,5.4,375075.0,135.2,0
29,0,30000.0,1,36.7,2.0,2,7,1,1,1.0,1,1,8,10000.0,0,0,1,1,1,4.6000000000000005,60000.0,73.4,0
66,0,56003.0,0,5.0,3.0,2,0,1,1,2.0,0,1,1,14000.75,0,0,1,1,0,0.4,168009.0,10.0,0
65,0,33799.0,0,59.9,2.0,1,0,0,0,5.0,1,1,0,11266.333333333334,1,1,1,0,1,0.0,202794.0,119.8,0
59,1,78418.0,1,51.1,1.0,3,7,3,1,4.0,1,1,10,39209.0,1,1,1,1,1,5.4,392090.0,102.2,0
69,1,102547.0,2,15.7,1.0,2,12,11,1,4.0,0,1,23,51273.5,0,1,1,1,0,11.6,512735.0,31.4,0
35,1,99161.0,0,27.0,2.0,0,2,3,1,1.0,1,1,5,33053.666666666664,0,0,1,1,1,2.4000000000000004,198322.0,54.0,0
29,2,119625.0,2,46.7,2.0,2,6,12,0,2.0,1,1,18,39875.0,1,0,1,0,1,8.4,358875.0,93.4,0
27,1,64393.0,0,35.3,1.0,3,1,2,1,1.0,1,1,3,32196.5,0,0,1,1,1,1.4,128786.0,70.6,0
47,1,91201.0,1,22.6,2.0,2,5,8,1,3.0,0,1,13,30400.333333333332,0,1,1,1,0,6.2,364804.0,45.2,0
66,0,40429.0,2,48.4,2.0,1,13,6,0,1.0,1,1,19,13476.333333333334,1,0,1,0,1,10.2,80858.0,96.8,0
65,0,71331.0,2,5.0,2.0,0,11,9,0,2.0,1,1,20,23777.0,0,0,1,0,1,10.2,213993.0,10.0,0
49,0,121886.0,2,31.5,3.5,2,12,5,1,1.0,1,1,17,27085.777777777777,0,0,1,1,1,9.2,243772.0,63.0,0
30,1,44002.0,1,40.1,1.0,2,7,1,1,4.0,1,1,8,22001.0,0,1,1,1,1,4.6000000000000005,220010.0,80.2,0
57,1,120381.0,1,46.4,3.0,1,4,9,1,3.0,0,1,13,30095.25,1,1,1,1,0,6.0,481524.0,92.8,0
61,1,66199.0,1,46.7,3.0,0,0,2,1,4.0,0,1,2,16549.75,1,1,1,1,0,0.8,330995.0,93.4,0
64,1,96295.0,0,60.5,1.0,0,1,2,1,1.0,1,1,3,48147.5,1,0,1,1,1,1.4,192590.0,121.0,0
48,1,97859.0,2,17.6,1.0,3,7,14,1,3.0,1,1,21,48929.5,0,1,1,1,1,9.8,391436.0,35.2,1
31,0,40145.0,1,38.5,2.0,1,0,3,1,2.0,0,1,3,13381.666666666666,0,0,1,1,0,1.2000000000000002,120435.0,77.0,0
33,0,40522.0,2,28.7,2.0,0,5,15,0,5.0,1,1,20,13507.333333333334,0,1,1,0,1,9.0,243132.0,57.4,0
25,1,94210.0,2,18.5,1.0,0,10,18,1,3.0,1,1,28,47105.0,0,1,1,1,1,13.2,376840.0,37.0,0
67,0,52568.0,2,48.6,3.0,1,7,12,1,1.0,1,1,19,13142.0,1,0,1,1,1,9.0,105136.0,97.2,0
35,0,91262.0,1,37.0,2.0,3,1,3,1,4.0,0,1,4,30420.666666666668,0,1,1,1,0,1.8000000000000003,456310.0,74.0,0
57,0,127439.0,1,5.0,1.0,2,1,3,1,2.0,1,1,4,63719.5,0,0,1,1,1,1.8000000000000003,382317.0,10.0,0
27,0,134051.0,1,32.5,2.0,2,1,6,0,1.0,1,1,7,44683.666666666664,0,0,1,0,1,3.0000000000000004,268102.0,65.0,0
25,1,88137.0,1,40.2,2.0,1,7,6,1,3.0,0,1,13,29379.0,1,1,1,1,0,6.6000000000000005,352548.0,80.4,0
46,1,31946.0,2,65.3,2.0,2,11,6,0,3.0,1,1,17,10648.666666666666,1,1,1,0,1,9.0,127784.0,130.6,0
57,0,136025.0,2,16.1,2.0,3,12,9,0,5.0,1,1,21,45341.666666666664,0,1,1,0,1,10.799999999999999,816150.0,32.2,1
38,1,87649.0,2,55.0,2.0,1,4,8,1,4.0,0,1,12,29216.333333333332,1,1,1,1,0,5.6,438245.0,110.0,0
52,1,105640.0,2,33.1,1.0,1,12,17,1,4.0,1,1,29,52820.0,0,1,1,1,1,14.0,528200.0,66.2,0
55,1,59845.0,2,48.7,2.0,2,3,12,1,1.0,1,1,15,19948.333333333332,1,0,1,1,1,6.6000000000000005,119690.0,97.4,0
52,2,64505.0,1,70.6,1.0,1,3,3,1,2.0,1,1,6,32252.5,1,0,1,1,1,3.0,193515.0,141.2,0
27,1,55988.0,0,46.6,1.0,1,0,1,1,3.0,0,1,1,27994.0,1,1,1,1,0,0.4,223952.0,93.2,0
62,0,72874.0,2,37.5,2.0,2,13,15,1,5.0,0,1,28,24291.333333333332,0,1,1,1,0,13.8,437244.0,75.0,1
33,0,55447.0,2,73.5,1.0,2,12,8,0,4.0,1,1,20,27723.5,1,1,1,0,1,10.399999999999999,277235.0,147.0,0
28,1,67519.0,1,5.0,1.0,2,3,1,0,3.0,1,1,4,33759.5,0,1,1,0,1,2.1999999999999997,270076.0,10.0,0
42,1,30000.0,1,53.4,2.0,0,1,8,1,2.0,0,1,9,10000.0,1,0,1,1,0,3.8000000000000003,90000.0,106.8,0
65,1,100055.0,2,42.4,2.0,1,2,12,0,2.0,1,1,14,33351.666666666664,1,0,1,0,1,6.000000000000001,300165.0,84.8,0
58,0,122986.0,0,27.6,3.5,1,0,2,0,2.0,1,1,2,27330.222222222223,0,0,1,0,1,0.8,368958.0,55.2,0
66,1,71909.0,2,25.6,1.0,2,8,6,0,3.0,0,1,14,35954.5,0,1,1,0,0,7.2,287636.0,51.2,0
30,0,77421.0,2,44.0,3.0,1,3,16,0,1.0,0,1,19,19355.25,1,0,1,0,0,8.2,154842.0,88.0,0
68,1,32447.0,1,25.5,1.0,0,5,6,1,5.0,0,1,11,16223.5,0,1,1,1,0,5.4,194682.0,51.0,0
38,1,61984.0,2,17.4,1.0,1,8,19,1,3.0,1,1,27,30992.0,0,1,1,1,1,12.4,247936.0,34.8,0
63,1,75311.0,0,23.3,1.0,1,0,3,1,2.0,0,1,3,37655.5,0,0,1,1,0,1.2000000000000002,225933.0,46.6,0
35,1,68743.0,1,54.0,1.0,2,0,1,0,1.0,1,1,1,34371.5,1,0,1,0,1,0.4,137486.0,108.0,0
40,0,77331.0,1,5.0,3.0,2,6,3,1,5.0,1,1,9,19332.75,0,1,1,1,1,4.8,463986.0,10.0,1
26,1,164769.0,2,51.8,2.0,1,9,11,0,1.0,0,1,20,54923.0,1,0,1,0,0,9.8,329538.0,103.6,0
62,1,119934.0,1,53.7,3.0,1,4,6,1,5.0,1,1,10,29983.5,1,1,1,1,1,4.800000000000001,719604.0,107.4,1
49,0,75308.0,2,41.0,1.0,2,14,3,1,3.0,1,1,17,37654.0,1,1,1,1,1,9.600000000000001,301232.0,82.0,1
28,0,66292.0,2,61.5,1.0,3,12,5,1,4.0,1,1,17,33146.0,1,1,1,1,1,9.2,331460.0,123.0,0
37,1,78447.0,2,102.5,3.0,0,11,6,0,3.0,0,1,17,19611.75,1,1,1,0,0,9.0,313788.0,205.0,0
63,1,134502.0,2,72.8,1.0,2,14,14,0,2.0,1,1,28,67251.0,1,0,1,0,1,14.0,403506.0,145.6,1
33,0,146423.0,0,44.4,2.0,0,1,1,1,5.0,1,1,2,48807.666666666664,1,1,1,1,1,1.0,878538.0,88.8,1
29,0,59721.0,1,28.8,2.0,3,5,1,1,2.0,1,1,6,19907.0,0,0,1,1,1,3.4,179163.0,57.6,0
61,1,42424.0,2,27.3,3.0,2,8,18,1,1.0,1,1,26,10606.0,0,0,1,1,1,12.0,84848.0,54.6,0
35,1,86543.0,1,30.1,3.0,1,4,6,0,3.0,1,1,10,21635.75,0,1,1,0,1,4.800000000000001,346172.0,60.2,1
37,0,153545.0,2,30.7,2.0,1,5,8,0,4.0,1,1,13,51181.666666666664,0,1,1,0,1,6.2,767725.0,61.4,0
52,0,30000.0,1,90.1,3.0,3,3,1,0,1.0,1,1,4,7500.0,1,0,1,0,1,2.1999999999999997,60000.0,180.2,0
46,1,104084.0,2,5.0,3.5,2,7,8,0,2.0,1,1,15,23129.777777777777,0,0,1,0,1,7.4,312252.0,10.0,0
65,0,62240.0,1,99.8,2.0,0,3,6,1,1.0,0,1,9,20746.666666666668,1,0,1,1,0,4.2,124480.0,199.6,0
57,1,69396.0,1,5.0,1.0,2,3,9,0,3.0,1,1,12,34698.0,0,1,1,0,1,5.4,277584.0,10.0,0
37,0,105796.0,1,31.1,1.0,1,3,3,1,5.0,1,1,6,52898.0,0,1,1,1,1,3.0,634776.0,62.2,1
41,0,94869.0,1,12.8,1.0,1,6,2,1,2.0,1,1,8,47434.5,0,0,1,1,1,4.3999999999999995,284607.0,25.6,0
67,0,59715.0,2,33.1,2.0,3,10,18,0,4.0,1,1,28,19905.0,0,1,1,0,1,13.2,298575.0,66.2,0
27,0,103331.0,2,74.2,2.0,2,10,11,0,4.0,1,1,21,34443.666666666664,1,1,1,0,1,10.4,516655.0,148.4,0
56,1,174521.0,1,23.9,2.0,2,6,1,0,1.0,1,1,7,58173.666666666664,0,0,1,0,1,3.9999999999999996,349042.0,47.8,0
46,1,39084.0,2,52.4,3.0,1,3,9,1,4.0,1,1,12,9771.0,1,1,1,1,1,5.4,195420.0,104.8,1
38,0,102063.0,2,36.0,3.0,2,6,4,0,5.0,1,1,10,25515.75,0,1,1,0,1,5.199999999999999,612378.0,72.0,1
39,1,66013.0,2,45.8,1.0,1,8,18,0,2.0,0,1,26,33006.5,1,0,1,0,0,12.0,198039.0,91.6,0
26,1,109965.0,1,34.2,2.0,2,3,1,1,3.0,0,1,4,36655.0,0,1,1,1,0,2.1999999999999997,439860.0,68.4,0
49,1,42323.0,2,57.9,2.0,1,4,9,0,1.0,1,1,13,14107.666666666666,1,0,1,0,1,6.0,84646.0,115.8,0
66,1,59798.0,2,37.4,1.0,1,8,17,0,1.0,0,1,25,29899.0,0,0,1,0,0,11.600000000000001,119596.0,74.8,0
34,1,91589.0,0,7.7,1.0,0,2,1,1,4.0,0,1,3,45794.5,0,1,1,1,0,1.6,457945.0,15.4,0
33,1,63155.0,1,59.6,2.0,1,6,5,1,3.0,1,1,11,21051.666666666668,1,1,1,1,1,5.6,252620.0,119.2,1
42,0,86896.0,0,23.1,2.0,2,1,2,1,5.0,0,1,3,28965.333333333332,0,1,1,1,0,1.4,521376.0,46.2,0
60,1,119036.0,2,23.9,2.0,2,9,9,0,2.0,1,1,18,39678.666666666664,0,0,1,0,1,9.0,357108.0,47.8,0
48,1,78544.0,2,50.0,1.0,1,5,3,0,3.0,0,1,8,39272.0,1,1,1,0,0,4.2,314176.0,100.0,0
61,1,49395.0,2,15.9,2.0,0,8,17,1,3.0,0,1,25,16465.0,0,1,1,1,0,11.600000000000001,197580.0,31.8,0
42,1,132951.0,1,12.9,2.0,2,6,1,1,1.0,0,1,7,44317.0,0,0,1,1,0,3.9999999999999996,265902.0,25.8,0
48,0,67079.0,1,43.8,3.0,0,3,8,1,1.0,1,1,11,16769.75,1,0,1,1,1,5.0,134158.0,87.6,0
62,1,124071.0,1,18.5,1.0,0,3,7,0,2.0,0,1,10,62035.5,0,0,1,0,0,4.6,372213.0,37.0,0
63,0,80653.0,1,21.0,3.0,1,4,2,1,5.0,0,1,6,20163.25,0,1,1,1,0,3.2,483918.0,42.0,0
50,0,59539.0,2,56.4,2.0,1,2,6,1,2.0,1,1,8,19846.333333333332,1,0,1,1,1,3.6000000000000005,178617.0,112.8,1
55,1,142863.0,1,10.6,1.0,0,1,5,1,4.0,1,1,6,71431.5,0,1,1,1,1,2.6,714315.0,21.2,1
41,1,79989.0,2,53.9,2.0,0,13,15,1,3.0,0,1,28,26663.0,1,1,1,1,0,13.8,319956.0,107.8,0
55,0,56777.0,1,10.1,3.0,2,3,5,1,2.0,0,1,8,14194.25,0,0,1,1,0,3.8,170331.0,20.2,0
67,1,138014.0,1,5.0,2.0,1,1,7,1,4.0,1,1,8,46004.666666666664,0,1,1,1,1,3.4000000000000004,690070.0,10.0,1
39,1,174521.0,2,15.1,1.0,2,10,11,0,2.0,1,1,21,87260.5,0,0,1,0,1,10.4,523563.0,30.2,1
28,1,54917.0,2,82.0,2.0,1,11,10,0,5.0,1,1,21,18305.666666666668,1,1,1,0,1,10.6,329502.0,164.0,1
27,1,111495.0,1,6.0,1.0,2,4,1,1,4.0,0,1,5,55747.5,0,1,1,1,0,2.8,557475.0,12.0,0
60,1,97483.0,2,26.4,1.0,3,4,8,0,4.0,1,1,12,48741.5,0,1,1,0,1,5.6,487415.0,52.8,0
68,0,30000.0,2,16.3,2.0,1,14,5,0,5.0,1,1,19,10000.0,0,1,1,0,1,10.4,180000.0,32.6,1
33,0,51321.0,0,70.1,3.0,1,2,0,1,1.0,1,1,2,12830.25,1,0,1,1,1,1.2,102642.0,140.2,0
54,1,163475.0,2,47.4,1.0,0,11,10,1,3.0,0,1,21,81737.5,1,1,1,1,0,10.6,653900.0,94.8,0
67,0,107396.0,2,79.7,3.0,1,12,19,1,2.0,1,1,31,26849.0,1,0,1,1,1,14.8,322188.0,159.4,0
69,0,94270.0,2,26.1,2.0,2,9,7,0,2.0,0,1,16,31423.333333333332,0,0,1,0,0,8.2,282810.0,52.2,0
64,1,51903.0,0,57.6,3.0,1,1,0,1,4.0,0,1,1,12975.75,1,1,1,1,0,0.6,259515.0,115.2,0
59,1,53210.0,1,76.3,1.0,1,7,1,0,3.0,1,1,8,26605.0,1,1,1,0,1,4.6000000000000005,212840.0,152.6,0
66,1,111034.0,2,58.7,2.0,2,13,18,0,5.0,1,1,31,37011.333333333336,1,1,1,0,1,15.0,666204.0,117.4,1
60,1,85131.0,1,51.4,2.0,1,6,8,1,4.0,0,1,14,28377.0,1,1,1,1,0,6.8,425655.0,102.8,0
50,0,47873.0,1,51.4,1.0,1,1,1,0,2.0,0,1,2,23936.5,1,0,1,0,0,1.0,143619.0,102.8,0
29,1,58816.0,0,31.3,2.0,2,1,0,1,3.0,1,1,1,19605.333333333332,0,1,1,1,1,0.6,235264.0,62.6,0
52,0,72896.0,2,14.7,2.0,2,14,10,1,2.0,0,1,24,24298.666666666668,0,0,1,1,0,12.4,218688.0,29.4,0
43,0,96710.0,2,45.7,3.0,2,13,17,1,1.0,0,1,30,24177.5,1,0,1,1,0,14.600000000000001,193420.0,91.4,0
53,1,44623.0,0,41.5,3.0,2,1,0,1,1.0,0,1,1,11155.75,1,0,1,1,0,0.6,89246.0,83.0,0
37,1,82601.0,2,14.5,2.0,3,12,12,0,4.0,1,1,24,27533.666666666668,0,1,1,0,1,12.0,413005.0,29.0,1
46,0,64522.0,0,38.5,3.0,1,1,2,1,4.0,1,1,3,16130.5,0,1,1,1,1,1.4,322610.0,77.0,1
53,0,76270.0,2,28.9,2.0,2,4,4,1,3.0,1,1,8,25423.333333333332,0,1,1,1,1,4.0,305080.0,57.8,0
29,1,71980.0,2,23.6,2.0,1,3,17,0,5.0,1,1,20,23993.333333333332,0,1,1,0,1,8.600000000000001,431880.0,47.2,0
30,0,61505.0,1,35.3,2.0,3,6,1,1,5.0,0,1,7,20501.666666666668,0,1,1,1,0,3.9999999999999996,369030.0,70.6,0
61,0,88124.0,0,45.8,3.0,2,0,0,1,5.0,1,1,0,22031.0,1,1,1,1,1,0.0,528744.0,91.6,1
54,1,111091.0,1,52.3,3.0,1,7,8,1,4.0,1,1,15,27772.75,1,1,1,1,1,7.4,555455.0,104.6,0
59,1,30000.0,2,69.0,3.5,0,6,14,1,5.0,1,1,20,6666.666666666667,1,1,1,1,1,9.2,180000.0,138.0,0
58,0,128491.0,1,26.6,2.0,3,3,1,1,4.0,1,1,4,42830.333333333336,0,1,1,1,1,2.1999999999999997,642455.0,53.2,0
36,1,56023.0,2,43.2,2.0,1,10,13,0,1.0,1,1,23,18674.333333333332,1,0,1,0,1,11.2,112046.0,86.4,0
58,1,108788.0,1,17.1,2.0,2,2,3,1,5.0,0,1,5,36262.666666666664,0,1,1,1,0,2.4000000000000004,652728.0,34.2,0
60,1,60022.0,2,42.8,2.0,2,9,10,0,2.0,0,1,19,20007.333333333332,1,0,1,0,0,9.399999999999999,180066.0,85.6,0
68,0,30000.0,1,44.0,3.0,2,4,5,1,4.0,1,1,9,7500.0,1,1,1,1,1,4.4,150000.0,88.0,0
39,0,30000.0,2,21.0,2.0,0,11,9,1,5.0,0,1,20,10000.0,0,1,1,1,0,10.2,180000.0,42.0,0
35,1,132715.0,2,43.7,2.0,1,9,8,0,2.0,1,1,17,44238.333333333336,1,0,1,0,1,8.6,398145.0,87.4,1
58,2,142687.0,2,12.3,2.0,2,10,11,0,5.0,0,1,21,47562.333333333336,0,1,1,0,0,10.4,856122.0,24.6,1
61,0,91184.0,2,46.8,2.0,1,3,3,0,3.0,0,1,6,30394.666666666668,1,1,1,0,0,3.0,364736.0,93.6,0
59,1,104473.0,0,5.0,2.0,0,2,2,1,2.0,1,1,4,34824.333333333336,0,0,1,1,1,2.0,313419.0,10.0,0
55,1,89657.0,1,5.0,3.5,3,7,3,1,3.0,1,1,10,19923.777777777777,0,1,1,1,1,5.4,358628.0,10.0,0
25,0,30000.0,0,5.0,1.0,2,2,3,1,4.0,1,1,5,15000.0,0,1,1,1,1,2.4000000000000004,150000.0,10.0,1
46,0,72604.0,2,28.4,1.0,2,14,15,1,2.0,1,1,29,36302.0,0,0,1,1,1,14.4,217812.0,56.8,0
45,1,39370.0,2,43.4,2.0,1,14,6,1,5.0,1,1,20,13123.333333333334,1,1,1,1,1,10.8,236220.0,86.8,0
51,0,119154.0,0,41.8,1.0,1,1,2,1,4.0,1,1,3,59577.0,1,1,1,1,1,1.4,595770.0,83.6,1
25,2,92387.0,1,48.4,3.0,1,2,1,1,5.0,0,1,3,23096.75,1,1,1,1,0,1.6,554322.0,96.8,0
29,0,46590.0,1,47.9,3.0,2,0,8,1,2.0,1,1,8,11647.5,1,0,1,1,1,3.2,139770.0,95.8,0
58,1,30000.0,1,18.3,1.0,2,2,9,1,3.0,0,1,11,15000.0,0,1,1,1,0,4.8,120000.0,36.6,0
52,1,59242.0,1,46.8,2.0,2,7,2,1,3.0,1,1,9,19747.333333333332,1,1,1,1,1,5.0,236968.0,93.6,0
29,1,30000.0,2,68.2,1.0,0,8,16,0,5.0,1,1,24,15000.0,1,1,1,0,1,11.2,180000.0,136.4,0
57,0,107919.0,2,5.0,1.0,3,10,13,0,3.0,0,1,23,53959.5,0,1,1,0,0,11.2,431676.0,10.0,0
35,1,113501.0,1,34.8,1.0,1,0,7,1,4.0,1,1,7,56750.5,0,1,1,1,1,2.8000000000000003,567505.0,69.6,0
68,1,88069.0,2,12.6,2.0,1,5,9,1,5.0,0,1,14,29356.333333333332,0,1,1,1,0,6.6,528414.0,25.2,1
39,0,38577.0,2,65.1,1.0,0,3,12,0,4.0,0,1,15,19288.5,1,1,1,0,0,6.6000000000000005,192885.0,130.2,0
31,1,120429.0,2,43.8,1.0,2,10,10,0,2.0,0,1,20,60214.5,1,0,1,0,0,10.0,361287.0,87.6,0
29,1,78174.0,2,24.1,1.0,3,4,4,1,5.0,0,1,8,39087.0,0,1,1,1,0,4.0,469044.0,48.2,0
32,1,119183.0,2,103.7,3.0,2,5,10,0,2.0,0,1,15,29795.75,1,0,1,0,0,7.0,357549.0,207.4,0
34,0,70221.0,2,66.6,2.0,3,4,16,0,1.0,0,1,20,23407.0,1,0,1,0,0,8.8,140442.0,133.2,0
49,0,41430.0,2,34.5,1.0,0,11,10,0,4.0,0,1,21,20715.0,0,1,1,0,0,10.6,207150.0,69.0,0
51,0,88890.0,2,87.6,1.0,3,8,9,1,4.0,1,1,17,44445.0,1,1,1,1,1,8.4,444450.0,175.2,1
61,1,107565.0,2,71.6,1.0,2,3,16,1,3.0,1,1,19,53782.5,1,1,1,1,1,8.2,430260.0,143.2,1
38,1,38657.0,2,106.35000000000001,1.0,2,6,15,1,5.0,1,1,21,19328.5,1,1,1,1,1,9.6,231942.0,212.70000000000002,1
55,1,99357.0,2,30.2,3.0,2,6,15,0,1.0,1,1,21,24839.25,0,0,1,0,1,9.6,198714.0,60.4,0
48,0,84070.0,1,67.0,1.0,1,0,9,1,5.0,1,1,9,42035.0,1,1,1,1,1,3.6,504420.0,134.0,1
69,1,84207.0,2,33.7,1.0,2,6,15,0,5.0,0,1,21,42103.5,0,1,1,0,0,9.6,505242.0,67.4,0
43,0,156163.0,0,30.1,1.0,2,2,2,1,4.0,1,1,4,78081.5,0,1,1,1,1,2.0,780815.0,60.2,1
57,1,58922.0,2,5.0,2.0,1,10,17,1,3.0,1,1,27,19640.666666666668,0,1,1,1,1,12.8,235688.0,10.0,0
39,1,44563.0,0,57.2,1.0,1,2,2,1,2.0,0,1,4,22281.5,1,0,1,1,0,2.0,133689.0,114.4,0
54,1,30000.0,0,8.7,2.0,0,2,0,1,1.0,0,1,2,10000.0,0,0,1,1,0,1.2,60000.0,17.4,0
52,1,140211.0,1,41.6,1.0,2,5,8,1,1.0,1,1,13,70105.5,1,0,1,1,1,6.2,280422.0,83.2,0
57,1,76033.0,2,37.7,3.0,2,6,8,1,4.0,1,1,14,19008.25,0,1,1,1,1,6.8,380165.0,75.4,0
68,0,110621.0,0,5.0,1.0,0,0,0,1,2.0,0,1,0,55310.5,0,0,1,1,0,0.0,331863.0,10.0,0
62,1,58748.0,2,22.9,3.0,1,14,3,0,4.0,0,1,17,14687.0,0,1,1,0,0,9.600000000000001,293740.0,45.8,0
69,0,114161.0,2,92.7,1.0,2,9,11,0,3.0,1,1,20,57080.5,1,1,1,0,1,9.8,456644.0,185.4,0
53,1,45093.0,1,60.1,2.0,3,0,7,1,4.0,1,1,7,15031.0,1,1,1,1,1,2.8000000000000003,225465.0,120.2,1
45,1,81701.0,2,35.8,2.0,2,14,17,0,2.0,0,1,31,27233.666666666668,0,0,1,0,0,15.200000000000001,245103.0,71.6,0
50,2,48561.0,2,36.1,1.0,0,6,17,1,4.0,0,1,23,24280.5,0,1,1,1,0,10.4,242805.0,72.2,0
44,0,55977.0,2,47.3,1.0,1,10,18,0,2.0,0,1,28,27988.5,1,0,1,0,0,13.2,167931.0,94.6,0
49,1,46213.0,2,49.1,2.0,1,12,3,1,3.0,1,1,15,15404.333333333334,1,1,1,1,1,8.399999999999999,184852.0,98.2,0
28,1,85022.0,2,75.1,2.0,0,13,10,1,4.0,1,1,23,28340.666666666668,1,1,1,1,1,11.8,425110.0,150.2,1
49,1,96658.0,2,40.5,2.0,1,11,9,0,3.0,1,1,20,32219.333333333332,1,1,1,0,1,10.2,386632.0,81.0,0
69,1,83686.0,2,16.1,2.0,2,3,9,1,5.0,1,1,12,27895.333333333332,0,1,1,1,1,5.4,502116.0,32.2,0
31,0,30000.0,1,66.3,2.0,2,3,8,1,4.0,1,1,11,10000.0,1,1,1,1,1,5.0,150000.0,132.6,0
25,1,51651.0,2,69.1,2.0,1,13,15,0,1.0,1,1,28,17217.0,1,0,1,0,1,13.8,103302.0,138.2,0
61,0,83171.0,2,5.0,1.0,1,14,7,1,5.0,1,1,21,41585.5,0,1,1,1,1,11.200000000000001,499026.0,10.0,0
55,0,85465.0,1,38.8,2.0,1,0,7,1,3.0,1,1,7,28488.333333333332,0,1,1,1,1,2.8000000000000003,341860.0,77.6,0
34,0,96007.0,2,29.8,3.0,0,7,5,0,5.0,0,1,12,24001.75,0,1,1,0,0,6.2,576042.0,59.6,0
49,1,84708.0,0,51.7,1.0,1,0,2,1,3.0,1,1,2,42354.0,1,1,1,1,1,0.8,338832.0,103.4,0
32,2,157107.0,2,7.6,3.0,1,9,19,0,5.0,1,1,28,39276.75,0,1,1,0,1,13.0,942642.0,15.2,1
48,1,56830.0,2,5.0,3.5,2,7,15,0,4.0,1,1,22,12628.888888888889,0,1,1,0,1,10.2,284150.0,10.0,1
41,0,33108.0,2,35.0,1.0,1,11,3,0,1.0,0,1,14,16554.0,0,0,1,0,0,7.8,66216.0,70.0,0
37,1,120741.0,2,8.5,3.0,3,2,13,0,1.0,1,1,15,30185.25,0,0,1,0,1,6.4,241482.0,17.0,0
30,0,101897.0,0,29.6,3.5,2,2,3,1,1.0,0,1,5,22643.777777777777,0,0,1,1,0,2.4000000000000004,203794.0,59.2,0
50,0,123609.0,1,22.7,2.0,1,1,7,1,4.0,1,1,8,41203.0,0,1,1,1,1,3.4000000000000004,618045.0,45.4,1
56,1,47348.0,0,27.5,1.0,2,0,3,1,4.0,1,1,3,23674.0,0,1,1,1,1,1.2000000000000002,236740.0,55.0,1
34,0,31915.0,2,36.4,3.0,1,7,15,0,5.0,0,1,22,7978.75,0,1,1,0,0,10.2,191490.0,72.8,0
39,0,74657.0,1,99.7,1.0,2,3,9,1,3.0,1,1,12,37328.5,1,1,1,1,1,5.4,298628.0,199.4,0
52,1,68933.0,2,47.6,3.0,1,5,7,0,5.0,0,1,12,17233.25,1,1,1,0,0,5.800000000000001,413598.0,95.2,0
34,0,105286.0,1,5.0,2.0,2,7,9,1,3.0,0,1,16,35095.333333333336,0,1,1,1,0,7.800000000000001,421144.0,10.0,0
48,0,45616.0,1,51.9,1.0,1,4,1,1,3.0,0,1,5,22808.0,1,1,1,1,0,2.8,182464.0,103.8,0
47,1,50650.0,1,74.0,2.0,2,2,4,1,4.0,1,1,6,16883.333333333332,1,1,1,1,1,2.8,253250.0,148.0,1
60,0,57328.0,2,25.8,2.0,2,8,17,1,5.0,1,1,25,19109.333333333332,0,1,1,1,1,11.600000000000001,343968.0,51.6,1
45,0,62838.0,2,76.1,2.0,2,9,6,0,1.0,1,1,15,20946.0,1,0,1,0,1,7.8,125676.0,152.2,0
36,0,139003.0,2,40.5,1.0,3,8,7,1,3.0,1,1,15,69501.5,1,1,1,1,1,7.6,556012.0,81.0,0
35,1,41468.0,0,48.2,2.0,2,0,2,1,4.0,0,1,2,13822.666666666666,1,1,1,1,0,0.8,207340.0,96.4,0
40,0,79594.0,2,51.6,1.0,1,14,8,0,5.0,1,1,22,39797.0,1,1,1,0,1,11.600000000000001,477564.0,103.2,0
33,1,126365.0,2,69.5,2.0,1,7,15,0,1.0,0,1,22,42121.666666666664,1,0,1,0,0,10.2,252730.0,139.0,0
68,1,108643.0,0,54.9,1.0,0,0,1,1,2.0,1,1,1,54321.5,1,0,1,1,1,0.4,325929.0,109.8,0
54,1,64507.0,2,56.3,1.0,1,9,8,0,5.0,1,1,17,32253.5,1,1,1,0,1,8.6,387042.0,112.6,0
57,1,90090.0,2,80.6,2.0,1,5,5,0,3.0,0,1,10,30030.0,1,1,1,0,0,5.0,360360.0,161.2,0
29,0,74709.0,2,37.1,1.0,2,11,19,1,4.0,0,1,30,37354.5,0,1,1,1,0,14.2,373545.0,74.2,0
28,0,134223.0,1,31.4,1.0,1,1,2,0,1.0,1,1,3,67111.5,0,0,1,0,1,1.4,268446.0,62.8,0
50,1,72892.0,0,45.5,1.0,2,2,0,1,4.0,0,1,2,36446.0,1,1,1,1,0,1.2,364460.0,91.0,0
30,2,91108.0,1,30.7,1.0,0,1,1,1,2.0,1,1,2,45554.0,0,0,1,1,1,1.0,273324.0,61.4,0
58,0,57473.0,2,33.0,1.0,3,10,6,0,2.0,0,1,16,28736.5,0,0,1,0,0,8.4,172419.0,66.0,0
46,1,130651.0,2,62.1,1.0,2,14,8,1,2.0,0,1,22,65325.5,1,0,1,1,0,11.600000000000001,391953.0,124.2,0
33,0,67409.0,2,54.9,2.0,0,10,6,1,4.0,1,1,16,22469.666666666668,1,1,1,1,1,8.4,337045.0,109.8,0
59,0,116461.0,2,19.3,1.0,2,2,19,0,4.0,1,1,21,58230.5,0,1,1,0,1,8.8,582305.0,38.6,1
50,0,30000.0,2,11.7,3.0,1,8,4,0,1.0,0,1,12,7500.0,0,0,1,0,0,6.4,60000.0,23.4,0
50,1,117106.0,2,16.0,2.0,0,2,8,0,4.0,1,1,10,39035.333333333336,0,1,1,0,1,4.4,585530.0,32.0,1
51,1,77368.0,2,32.0,2.0,1,6,10,0,3.0,0,1,16,25789.333333333332,0,1,1,0,0,7.6,309472.0,64.0,0
53,0,168349.0,2,22.7,3.0,1,3,6,1,3.0,0,1,9,42087.25,0,1,1,1,0,4.2,673396.0,45.4,1
62,1,136752.0,1,37.9,2.0,2,6,7,0,1.0,1,1,13,45584.0,0,0,1,0,1,6.4,273504.0,75.8,0
60,1,80192.0,1,43.7,2.0,2,0,3,1,1.0,0,1,3,26730.666666666668,1,0,1,1,0,1.2000000000000002,160384.0,87.4,0
39,0,133070.0,2,31.0,1.0,0,13,7,1,5.0,1,1,20,66535.0,0,1,1,1,1,10.6,798420.0,62.0,1
34,1,73727.0,2,50.4,1.0,2,11,19,0,2.0,1,1,30,36863.5,1,0,1,0,1,14.2,221181.0,100.8,0
36,1,69083.0,1,22.6,2.0,1,5,2,0,1.0,0,1,7,23027.666666666668,0,0,1,0,0,3.8,138166.0,45.2,0
43,1,102542.0,1,73.8,1.0,1,7,4,1,1.0,0,1,11,51271.0,1,0,1,1,0,5.800000000000001,205084.0,147.6,0
28,0,97667.0,1,40.2,1.0,0,4,7,1,2.0,1,1,11,48833.5,1,0,1,1,1,5.2,293001.0,80.4,0
58,0,78757.0,1,25.1,2.0,2,3,7,0,5.0,0,1,10,26252.333333333332,0,1,1,0,0,4.6,472542.0,50.2,0
38,0,44910.0,2,71.9,1.0,0,10,17,1,2.0,1,1,27,22455.0,1,0,1,1,1,12.8,134730.0,143.8,0
65,0,52624.0,1,82.9,2.0,2,7,8,0,4.0,1,1,15,17541.333333333332,1,1,1,0,1,7.4,263120.0,165.8,0
31,1,30000.0,2,65.8,2.0,3,14,18,1,1.0,0,1,32,10000.0,1,0,1,1,0,15.600000000000001,60000.0,131.6,0
66,0,98846.0,1,27.1,2.0,2,7,9,0,3.0,1,1,16,32948.666666666664,0,1,1,0,1,7.800000000000001,395384.0,54.2,1
33,1,92649.0,1,17.6,2.0,2,7,8,0,1.0,1,1,15,30883.0,0,0,1,0,1,7.4,185298.0,35.2,0
48,0,58928.0,2,46.8,3.5,2,6,6,1,4.0,1,1,12,13095.111111111111,1,1,1,1,1,6.0,294640.0,93.6,0
66,0,97238.0,2,31.4,1.0,2,11,7,1,4.0,0,1,18,48619.0,0,1,1,1,0,9.4,486190.0,62.8,0
52,0,78424.0,0,31.5,2.0,2,2,0,1,3.0,1,1,2,26141.333333333332,0,1,1,1,1,1.2,313696.0,63.0,0
48,0,66428.0,1,52.4,3.0,0,5,4,1,3.0,1,1,9,16607.0,1,1,1,1,1,4.6,265712.0,104.8,0
53,1,104551.0,2,69.1,3.0,2,3,7,1,5.0,0,1,10,26137.75,1,1,1,1,0,4.6,627306.0,138.2,0
33,0,118544.0,0,73.1,2.0,1,1,3,1,3.0,1,1,4,39514.666666666664,1,1,1,1,1,1.8000000000000003,474176.0,146.2,0
54,1,93899.0,2,37.7,1.0,2,8,14,1,5.0,1,1,22,46949.5,0,1,1,1,1,10.4,563394.0,75.4,1
67,0,121286.0,1,31.5,2.0,3,2,5,0,1.0,1,1,7,40428.666666666664,0,0,1,0,1,3.2,242572.0,63.0,0
27,1,50513.0,2,48.6,1.0,1,2,7,0,2.0,1,1,9,25256.5,1,0,1,0,1,4.0,151539.0,97.2,0
50,0,91282.0,1,5.0,2.0,3,0,2,1,5.0,1,1,2,30427.333333333332,0,1,1,1,1,0.8,547692.0,10.0,1
32,0,162631.0,1,52.3,2.0,2,3,1,1,4.0,1,1,4,54210.333333333336,1,1,1,1,1,2.1999999999999997,813155.0,104.6,1
54,0,104276.0,1,47.9,1.0,2,4,3,1,1.0,1,1,7,52138.0,1,0,1,1,1,3.6,208552.0,95.8,0
61,0,94957.0,0,30.7,2.0,3,0,1,0,2.0,0,1,1,31652.333333333332,0,0,1,0,0,0.4,284871.0,61.4,0
61,0,134348.0,2,51.1,1.0,2,8,8,1,5.0,1,1,16,67174.0,1,1,1,1,1,8.0,806088.0,102.2,1
29,0,47339.0,1,70.6,3.0,2,3,2,0,3.0,1,1,5,11834.75,1,1,1,0,1,2.5999999999999996,189356.0,141.2,0
51,0,129257.0,1,59.2,3.0,2,4,8,0,4.0,0,1,12,32314.25,1,1,1,0,0,5.6,646285.0,118.4,0
43,1,74499.0,2,60.7,2.0,2,11,14,1,4.0,0,1,25,24833.0,1,1,1,1,0,12.2,372495.0,121.4,0
31,1,78595.0,2,40.2,2.0,2,10,18,1,3.0,1,1,28,26198.333333333332,1,1,1,1,1,13.2,314380.0,80.4,0
27,1,99073.0,1,16.8,3.5,2,4,1,1,4.0,1,1,5,22016.222222222223,0,1,1,1,1,2.8,495365.0,33.6,1
67,0,115841.0,1,87.8,2.0,1,4,6,1,5.0,1,1,10,38613.666666666664,1,1,1,1,1,4.800000000000001,695046.0,175.6,1
30,0,109048.0,1,5.0,3.0,1,0,7,1,2.0,1,1,7,27262.0,0,0,1,1,1,2.8000000000000003,327144.0,10.0,0
36,0,107333.0,0,52.0,3.0,2,0,3,1,3.0,1,1,3,26833.25,1,1,1,1,1,1.2000000000000002,429332.0,104.0,0
28,1,68629.0,1,55.8,2.0,2,3,8,1,4.0,1,1,11,22876.333333333332,1,1,1,1,1,5.0,343145.0,111.6,1
62,0,106588.0,2,40.7,1.0,1,11,6,0,5.0,1,1,17,53294.0,1,1,1,0,1,9.0,639528.0,81.4,1
37,0,47631.0,2,8.4,1.0,1,4,8,1,5.0,1,1,12,23815.5,0,1,1,1,1,5.6,285786.0,16.8,0
26,1,48910.0,1,37.8,2.0,3,6,8,0,1.0,0,1,14,16303.333333333334,0,0,1,0,0,6.8,97820.0,75.6,0
56,0,78659.0,1,66.6,1.0,2,2,4,1,4.0,1,1,6,39329.5,1,1,1,1,1,2.8,393295.0,133.2,0
62,1,36404.0,0,62.1,2.0,1,1,2,1,2.0,1,1,3,12134.666666666666,1,0,1,1,1,1.4,109212.0,124.2,0
50,2,54887.0,2,79.2,3.5,0,5,18,1,3.0,0,1,23,12197.111111111111,1,1,1,1,0,10.2,219548.0,158.4,0
44,0,46959.0,0,58.5,1.0,1,2,3,1,5.0,1,1,5,23479.5,1,1,1,1,1,2.4000000000000004,281754.0,117.0,0
50,0,123304.0,2,40.2,1.0,1,2,3,1,3.0,1,1,5,61652.0,1,1,1,1,1,2.4000000000000004,493216.0,80.4,1
37,1,49042.0,2,69.1,2.0,1,13,3,1,4.0,0,1,16,16347.333333333334,1,1,1,1,0,9.0,245210.0,138.2,0
36,0,87128.0,0,38.5,2.0,0,1,0,1,1.0,1,1,1,29042.666666666668,0,0,1,1,1,0.6,174256.0,77.0,0
55,1,36972.0,1,46.5,1.0,1,0,3,1,1.0,1,1,3,18486.0,1,0,1,1,1,1.2000000000000002,73944.0,93.0,0
34,1,67712.0,0,60.7,1.0,3,1,1,1,5.0,1,1,2,33856.0,1,1,1,1,1,1.0,406272.0,121.4,1
56,0,100732.0,2,49.0,1.0,1,2,12,0,3.0,1,1,14,50366.0,1,1,1,0,1,6.000000000000001,402928.0,98.0,0
46,1,106432.0,2,5.0,2.0,1,2,18,0,4.0,1,1,20,35477.333333333336,0,1,1,0,1,8.4,532160.0,10.0,1
56,1,81825.0,1,37.4,2.0,3,6,6,1,5.0,1,1,12,27275.0,0,1,1,1,1,6.0,490950.0,74.8,0
43,0,114407.0,1,6.1,2.0,2,6,9,1,3.0,1,1,15,38135.666666666664,0,1,1,1,1,7.199999999999999,457628.0,12.2,1
50,0,90508.0,0,61.7,1.0,2,0,0,1,2.0,1,1,0,45254.0,1,0,1,1,1,0.0,271524.0,123.4,1
60,1,65726.0,1,19.8,1.0,1,3,5,1,2.0,0,1,8,32863.0,0,0,1,1,0,3.8,197178.0,39.6,0
41,1,31124.0,1,64.1,2.0,1,3,7,1,2.0,0,1,10,10374.666666666666,1,0,1,1,0,4.6,93372.0,128.2,0
42,1,73377.0,2,5.9,3.0,2,3,3,0,2.0,1,1,6,18344.25,0,0,1,0,1,3.0,220131.0,11.8,0
48,1,105020.0,2,43.3,3.0,1,4,9,1,4.0,1,1,13,26255.0,1,1,1,1,1,6.0,525100.0,86.6,1
64,0,75739.0,1,28.5,2.0,2,2,5,1,2.0,1,1,7,25246.333333333332,0,0,1,1,1,3.2,227217.0,57.0,0
41,1,102406.0,1,78.9,2.0,3,0,5,1,5.0,1,1,5,34135.333333333336,1,1,1,1,1,2.0,614436.0,157.8,1
64,0,49618.0,1,5.0,2.0,2,5,4,1,1.0,0,1,9,16539.333333333332,0,0,1,1,0,4.6,99236.0,10.0,0
30,1,45391.0,2,58.4,3.5,3,8,5,0,1.0,1,1,13,10086.888888888889,1,0,1,0,1,6.8,90782.0,116.8,0
33,1,53598.0,2,94.0,3.5,2,13,6,1,5.0,0,1,19,11910.666666666666,1,1,1,1,0,10.2,321588.0,188.0,0
55,0,123899.0,2,78.1,1.0,3,11,11,0,4.0,1,1,22,61949.5,1,1,1,0,1,11.0,619495.0,156.2,0
64,1,77060.0,2,40.0,1.0,2,10,9,0,3.0,1,1,19,38530.0,0,1,1,0,1,9.6,308240.0,80.0,0
25,1,66474.0,1,62.6,3.0,1,4,5,1,5.0,1,1,9,16618.5,1,1,1,1,1,4.4,398844.0,125.2,0
36,1,73881.0,2,23.6,1.0,1,3,9,1,5.0,1,1,12,36940.5,0,1,1,1,1,5.4,443286.0,47.2,1
32,1,87466.0,2,52.4,3.0,2,14,19,0,2.0,1,1,33,21866.5,1,0,1,0,1,16.0,262398.0,104.8,0
56,1,109025.0,1,37.4,2.0,2,2,8,1,5.0,1,1,10,36341.666666666664,0,1,1,1,1,4.4,654150.0,74.8,1
29,1,121827.0,2,37.3,1.0,3,6,8,1,4.0,0,1,14,60913.5,0,1,1,1,0,6.8,609135.0,74.6,0
63,1,45896.0,1,10.8,1.0,1,1,8,0,3.0,1,1,9,22948.0,0,1,1,0,1,3.8000000000000003,183584.0,21.6,0
55,1,112363.0,2,56.9,1.0,1,3,12,0,3.0,0,1,15,56181.5,1,1,1,0,0,6.6000000000000005,449452.0,113.8,0
68,0,105309.0,2,44.5,2.0,2,14,14,0,4.0,1,1,28,35103.0,1,1,1,0,1,14.0,526545.0,89.0,1
42,0,71149.0,2,25.9,2.0,1,9,10,0,2.0,1,1,19,23716.333333333332,0,0,1,0,1,9.399999999999999,213447.0,51.8,0
33,0,75081.0,2,35.9,1.0,2,5,3,1,4.0,1,1,8,37540.5,0,1,1,1,1,4.2,375405.0,71.8,1
56,1,106837.0,2,46.4,1.0,1,5,15,0,4.0,0,1,20,53418.5,1,1,1,0,0,9.0,534185.0,92.8,0
61,0,85277.0,1,21.1,2.0,1,4,8,1,3.0,1,1,12,28425.666666666668,0,1,1,1,1,5.6,341108.0,42.2,0
28,1,84708.0,1,5.0,1.0,2,5,4,1,4.0,0,1,9,42354.0,0,1,1,1,0,4.6,423540.0,10.0,0
56,1,128316.0,1,52.1,2.0,3,5,2,1,4.0,1,1,7,42772.0,1,1,1,1,1,3.8,641580.0,104.2,0
63,1,79965.0,1,54.8,2.0,1,6,9,1,2.0,0,1,15,26655.0,1,0,1,1,0,7.199999999999999,239895.0,109.6,0
38,0,130569.0,2,20.7,2.0,0,7,5,1,1.0,0,1,12,43523.0,0,0,1,1,0,6.2,261138.0,41.4,0
54,0,85224.0,0,9.5,2.0,0,1,0,1,3.0,0,1,1,28408.0,0,1,1,1,0,0.6,340896.0,19.0,0
62,1,51483.0,2,68.4,2.0,0,11,19,1,1.0,1,1,30,17161.0,1,0,1,1,1,14.2,102966.0,136.8,0
42,1,57076.0,2,58.8,1.0,1,14,6,0,3.0,0,1,20,28538.0,1,1,1,0,0,10.8,228304.0,117.6,0
25,1,54322.0,2,10.3,2.0,2,6,9,0,4.0,0,1,15,18107.333333333332,0,1,1,0,0,7.199999999999999,271610.0,20.6,0
30,1,60401.0,2,60.8,1.0,2,14,12,1,1.0,0,1,26,30200.5,1,0,1,1,0,13.200000000000001,120802.0,121.6,0
44,0,84889.0,1,25.9,3.0,1,7,4,1,2.0,0,1,11,21222.25,0,0,1,1,0,5.800000000000001,254667.0,51.8,0
42,0,75943.0,1,18.8,2.0,1,2,1,1,4.0,1,1,3,25314.333333333332,0,1,1,1,1,1.6,379715.0,37.6,1
53,1,109841.0,1,37.0,1.0,1,5,6,1,1.0,1,1,11,54920.5,0,0,1,1,1,5.4,219682.0,74.0,0
36,1,88125.0,2,41.7,2.0,1,7,9,0,2.0,1,1,16,29375.0,1,0,1,0,1,7.800000000000001,264375.0,83.4,0
42,0,88041.0,1,27.2,2.0,1,1,7,0,5.0,0,1,8,29347.0,0,1,1,0,0,3.4000000000000004,528246.0,54.4,0
66,1,47905.0,2,38.2,2.0,2,8,9,1,2.0,0,1,17,15968.333333333334,0,0,1,1,0,8.4,143715.0,76.4,0
26,0,95772.0,0,31.9,3.0,2,2,0,1,4.0,1,1,2,23943.0,0,1,1,1,1,1.2,478860.0,63.8,0
39,1,101193.0,0,86.8,3.0,3,1,1,0,1.0,1,1,2,25298.25,1,0,1,0,1,1.0,202386.0,173.6,0
54,1,66341.0,2,79.6,3.5,0,12,15,0,5.0,1,1,27,14742.444444444445,1,1,1,0,1,13.2,398046.0,159.2,0
58,1,113010.0,2,54.3,3.0,0,11,17,0,3.0,1,1,28,28252.5,1,1,1,0,1,13.4,452040.0,108.6,0
67,1,40316.0,2,22.3,3.5,3,5,18,0,4.0,0,1,23,8959.111111111111,0,1,1,0,0,10.2,201580.0,44.6,0
48,1,68356.0,1,20.1,2.0,2,6,9,0,2.0,1,1,15,22785.333333333332,0,0,1,0,1,7.199999999999999,205068.0,40.2,0
41,0,52451.0,2,26.4,3.0,2,6,17,0,5.0,1,1,23,13112.75,0,1,1,0,1,10.4,314706.0,52.8,0
29,1,134433.0,1,52.4,2.0,2,0,3,0,2.0,0,1,3,44811.0,1,0,1,0,0,1.2000000000000002,403299.0,104.8,0
29,1,49857.0,1,35.8,2.0,1,7,2,1,2.0,1,1,9,16619.0,0,0,1,1,1,5.0,149571.0,71.6,0
33,0,81751.0,1,41.9,2.0,1,5,3,1,3.0,1,1,8,27250.333333333332,1,1,1,1,1,4.2,327004.0,83.8,0
27,0,56520.0,2,25.8,2.0,0,10,14,0,2.0,0,1,24,18840.0,0,0,1,0,0,11.600000000000001,169560.0,51.6,0
65,0,66889.0,1,32.6,1.0,3,2,7,1,4.0,0,1,9,33444.5,0,1,1,1,0,4.0,334445.0,65.2,0
28,1,53730.0,1,46.5,2.0,3,4,6,1,4.0,0,1,10,17910.0,1,1,1,1,0,4.800000000000001,268650.0,93.0,0
45,1,94445.0,1,100.3,1.0,1,0,6,1,3.0,0,1,6,47222.5,1,1,1,1,0,2.4000000000000004,377780.0,200.6,0
45,0,78320.0,2,53.7,1.0,2,10,10,0,1.0,0,1,20,39160.0,1,0,1,0,0,10.0,156640.0,107.4,0
52,0,102123.0,2,21.7,2.0,1,7,17,0,2.0,0,1,24,34041.0,0,0,1,0,0,11.0,306369.0,43.4,0
51,1,53746.0,2,39.7,3.0,0,5,4,1,4.0,1,1,9,13436.5,0,1,1,1,1,4.6,268730.0,79.4,0
29,1,115744.0,2,8.3,1.0,0,2,15,0,2.0,0,1,17,57872.0,0,0,1,0,0,7.2,347232.0,16.6,0
55,0,155959.0,0,25.8,1.0,2,2,3,1,2.0,1,1,5,77979.5,0,0,1,1,1,2.4000000000000004,467877.0,51.6,1
62,0,41450.0,1,5.0,2.0,0,4,5,1,4.0,1,1,9,13816.666666666666,0,1,1,1,1,4.4,207250.0,10.0,0
49,0,70309.0,1,5.0,2.0,2,1,4,1,5.0,1,1,5,23436.333333333332,0,1,1,1,1,2.2,421854.0,10.0,1
28,1,90396.0,1,58.9,1.0,0,2,1,0,1.0,0,1,3,45198.0,1,0,1,0,0,1.6,180792.0,117.8,0
40,1,30888.0,1,45.1,2.0,1,1,8,1,3.0,0,1,9,10296.0,1,1,1,1,0,3.8000000000000003,123552.0,90.2,0
65,1,86033.0,2,44.1,1.0,3,3,12,0,2.0,0,1,15,43016.5,1,0,1,0,0,6.6000000000000005,258099.0,88.2,0
53,1,106769.0,0,40.0,1.0,1,1,3,1,4.0,0,1,4,53384.5,0,1,1,1,0,1.8000000000000003,533845.0,80.0,0
48,0,68445.0,0,36.5,1.0,1,1,1,1,5.0,0,1,2,34222.5,0,1,1,1,0,1.0,410670.0,73.0,0
62,1,84708.0,0,87.9,2.0,3,1,1,1,3.0,0,1,2,28236.0,1,1,1,1,0,1.0,338832.0,175.8,0
64,1,152758.0,0,31.4,1.0,1,0,3,1,2.0,1,1,3,76379.0,0,0,1,1,1,1.2000000000000002,458274.0,62.8,0
32,1,119835.0,2,52.0,1.0,2,5,13,0,3.0,0,1,18,59917.5,1,1,1,0,0,8.2,479340.0,104.0,0
27,1,76793.0,1,38.8,3.0,2,0,3,1,2.0,1,1,3,19198.25,0,0,1,1,1,1.2000000000000002,230379.0,77.6,0
67,1,39812.0,2,27.8,2.0,2,3,15,0,5.0,0,1,18,13270.666666666666,0,1,1,0,0,7.8,238872.0,55.6,0
55,1,69687.0,1,78.5,1.0,1,5,6,1,5.0,1,1,11,34843.5,1,1,1,1,1,5.4,418122.0,157.0,1
29,0,88556.0,1,22.4,1.0,0,7,6,1,4.0,1,1,13,44278.0,0,1,1,1,1,6.6000000000000005,442780.0,44.8,0
46,1,108860.0,2,43.3,2.0,1,11,5,0,1.0,1,1,16,36286.666666666664,1,0,1,0,1,8.6,217720.0,86.6,0
32,0,142042.0,1,23.7,3.0,1,5,6,1,3.0,1,1,11,35510.5,0,1,1,1,1,5.4,568168.0,47.4,1
31,1,80647.0,2,32.9,1.0,2,10,11,1,3.0,1,1,21,40323.5,0,1,1,1,1,10.4,322588.0,65.8,0
54,1,30000.0,1,41.2,2.0,1,3,7,1,4.0,1,1,10,10000.0,1,1,1,1,1,4.6,150000.0,82.4,0
38,1,49277.0,2,28.3,3.0,1,7,8,0,5.0,1,1,15,12319.25,0,1,1,0,1,7.4,295662.0,56.6,0
47,1,86126.0,2,34.8,3.0,2,4,11,1,2.0,0,1,15,21531.5,0,0,1,1,0,6.800000000000001,258378.0,69.6,0
69,1,46845.0,1,15.4,1.0,1,1,9,0,4.0,1,1,10,23422.5,0,1,1,0,1,4.2,234225.0,30.8,0
31,1,97646.0,2,36.6,3.0,2,3,9,0,1.0,0,1,12,24411.5,0,0,1,0,0,5.4,195292.0,73.2,0
40,1,82499.0,1,52.4,1.0,2,6,6,1,2.0,0,1,12,41249.5,1,0,1,1,0,6.0,247497.0,104.8,0
57,0,68192.0,1,48.5,2.0,0,5,6,1,3.0,0,1,11,22730.666666666668,1,1,1,1,0,5.4,272768.0,97.0,0
43,0,66085.0,2,52.2,2.0,2,14,7,1,3.0,1,1,21,22028.333333333332,1,1,1,1,1,11.200000000000001,264340.0,104.4,1
60,0,95277.0,2,5.0,1.0,0,13,11,0,4.0,0,1,24,47638.5,0,1,1,0,0,12.2,476385.0,10.0,0
60,0,121433.0,1,40.9,1.0,0,0,5,0,5.0,1,1,5,60716.5,1,1,1,0,1,2.0,728598.0,81.8,0
34,1,132884.0,2,40.2,3.0,0,9,11,0,3.0,1,1,20,33221.0,1,1,1,0,1,9.8,531536.0,80.4,0
45,0,87572.0,2,16.3,2.0,1,6,3,1,3.0,0,1,9,29190.666666666668,0,1,1,1,0,4.8,350288.0,32.6,0
38,0,125011.0,2,52.9,2.0,2,14,11,1,5.0,1,1,25,41670.333333333336,1,1,1,1,1,12.8,750066.0,105.8,1
27,1,111935.0,2,89.7,3.0,2,5,7,0,1.0,0,1,12,27983.75,1,0,1,0,0,5.800000000000001,223870.0,179.4,0
38,0,115922.0,2,55.4,2.0,2,2,7,0,2.0,1,1,9,38640.666666666664,1,0,1,0,1,4.0,347766.0,110.8,0
68,1,85372.0,2,28.1,3.5,0,11,3,0,2.0,1,1,14,18971.555555555555,0,0,1,0,1,7.8,256116.0,56.2,0
25,0,70358.0,2,5.6,1.0,2,9,14,0,2.0,1,1,23,35179.0,0,0,1,0,1,11.0,211074.0,11.2,0
63,0,108681.0,2,19.5,2.0,1,6,7,0,5.0,1,1,13,36227.0,0,1,1,0,1,6.4,652086.0,39.0,0
26,1,55413.0,2,69.0,2.0,1,6,5,1,4.0,1,1,11,18471.0,1,1,1,1,1,5.6,277065.0,138.0,0
46,1,85015.0,1,77.3,2.0,1,1,8,1,1.0,1,1,9,28338.333333333332,1,0,1,1,1,3.8000000000000003,170030.0,154.6,0
25,0,84708.0,2,5.0,3.0,2,2,14,1,1.0,0,1,16,21177.0,0,0,1,1,0,6.800000000000001,169416.0,10.0,0
53,0,103451.0,1,49.0,3.0,1,6,5,1,2.0,1,1,11,25862.75,1,0,1,1,1,5.6,310353.0,98.0,0
51,1,172047.0,0,23.0,1.0,1,1,3,1,4.0,0,1,4,86023.5,0,1,1,1,0,1.8000000000000003,860235.0,46.0,0
26,1,88903.0,1,59.5,3.5,2,7,5,1,3.0,0,1,12,19756.222222222223,1,1,1,1,0,6.2,355612.0,119.0,0
66,0,112038.0,0,23.0,2.0,3,2,0,1,5.0,1,1,2,37346.0,0,1,1,1,1,1.2,672228.0,46.0,1
31,0,92880.0,1,45.1,3.0,2,7,8,1,3.0,0,1,15,23220.0,1,1,1,1,0,7.4,371520.0,90.2,0
58,0,114404.0,0,39.4,2.0,2,2,0,1,5.0,1,1,2,38134.666666666664,0,1,1,1,1,1.2,686424.0,78.8,1
31,1,75073.0,2,51.4,3.0,3,7,16,1,1.0,1,1,23,18768.25,1,0,1,1,1,10.600000000000001,150146.0,102.8,0
56,1,102031.0,1,57.5,1.0,2,6,3,1,1.0,0,1,9,51015.5,1,0,1,1,0,4.8,204062.0,115.0,0
39,1,32860.0,1,7.9,2.0,0,2,1,1,3.0,1,1,3,10953.333333333334,0,1,1,1,1,1.6,131440.0,15.8,0
36,1,88614.0,1,28.6,2.0,2,7,6,1,4.0,1,1,13,29538.0,0,1,1,1,1,6.6000000000000005,443070.0,57.2,0
49,0,108193.0,2,60.0,1.0,0,3,17,1,2.0,1,1,20,54096.5,1,0,1,1,1,8.600000000000001,324579.0,120.0,0
52,1,67376.0,0,55.6,1.0,1,1,1,1,2.0,1,1,2,33688.0,1,0,1,1,1,1.0,202128.0,111.2,0
65,0,66159.0,1,54.2,1.0,1,6,3,1,3.0,0,1,9,33079.5,1,1,1,1,0,4.8,264636.0,108.4,0
35,1,60627.0,2,52.5,2.0,2,4,19,1,1.0,0,1,23,20209.0,1,0,1,1,0,10.0,121254.0,105.0,0
34,0,30000.0,2,55.4,1.0,3,2,10,0,4.0,1,1,12,15000.0,1,1,1,0,1,5.2,150000.0,110.8,0
61,1,78415.0,0,35.2,2.0,2,2,1,1,3.0,1,1,3,26138.333333333332,0,1,1,1,1,1.6,313660.0,70.4,0
42,1,100262.0,2,49.9,1.0,2,2,11,1,2.0,1,1,13,50131.0,1,0,1,1,1,5.6000000000000005,300786.0,99.8,0
38,1,97515.0,1,44.2,2.0,0,1,7,0,4.0,0,1,8,32505.0,1,1,1,0,0,3.4000000000000004,487575.0,88.4,0
36,1,75142.0,1,40.2,3.5,3,7,5,0,4.0,1,1,12,16698.222222222223,1,1,1,0,1,6.2,375710.0,80.4,0
66,1,38962.0,2,41.8,1.0,0,3,16,0,1.0,1,1,19,19481.0,1,0,1,0,1,8.2,77924.0,83.6,0
52,1,78737.0,2,20.1,2.0,1,6,3,0,5.0,0,1,9,26245.666666666668,0,1,1,0,0,4.8,472422.0,40.2,0
48,0,84451.0,1,55.0,1.0,1,1,3,1,3.0,0,1,4,42225.5,1,1,1,1,0,1.8000000000000003,337804.0,110.0,0
40,2,98616.0,2,5.5,1.0,3,10,13,0,1.0,0,1,23,49308.0,0,0,1,0,0,11.2,197232.0,11.0,0
66,1,85906.0,2,40.2,2.0,1,10,10,0,3.0,1,1,20,28635.333333333332,1,1,1,0,1,10.0,343624.0,80.4,0
39,0,105886.0,2,82.6,1.0,1,2,8,1,5.0,0,1,10,52943.0,1,1,1,1,0,4.4,635316.0,165.2,1
45,0,89091.0,2,29.3,2.0,1,7,8,1,4.0,1,1,15,29697.0,0,1,1,1,1,7.4,445455.0,58.6,0
45,0,88252.0,1,34.3,2.0,1,5,9,1,3.0,1,1,14,29417.333333333332,0,1,1,1,1,6.6,353008.0,68.6,1
47,1,111768.0,1,27.8,2.0,3,2,7,1,2.0,0,1,9,37256.0,0,0,1,1,0,4.0,335304.0,55.6,0
40,0,84708.0,0,34.0,3.0,0,0,0,1,2.0,1,1,0,21177.0,0,0,1,1,1,0.0,254124.0,68.0,1
50,2,104614.0,2,91.5,2.0,1,7,9,1,2.0,1,1,16,34871.333333333336,1,0,1,1,1,7.800000000000001,313842.0,183.0,0
29,0,101730.0,1,62.7,3.0,1,2,7,1,1.0,0,1,9,25432.5,1,0,1,1,0,4.0,203460.0,125.4,0
45,1,106036.0,2,26.3,1.0,1,5,11,0,5.0,1,1,16,53018.0,0,1,1,0,1,7.4,636216.0,52.6,1
63,1,104912.0,2,87.6,1.0,2,13,13,1,4.0,1,1,26,52456.0,1,1,1,1,1,13.0,524560.0,175.2,1
27,1,55757.0,2,68.1,2.0,3,9,9,1,2.0,1,1,18,18585.666666666668,1,0,1,1,1,9.0,167271.0,136.2,0
56,0,95484.0,2,5.0,2.0,2,8,14,0,1.0,1,1,22,31828.0,0,0,1,0,1,10.4,190968.0,10.0,0
34,1,149469.0,2,39.5,2.0,0,11,10,0,1.0,1,1,21,49823.0,0,0,1,0,1,10.6,298938.0,79.0,0
60,0,126575.0,1,5.0,1.0,2,7,7,1,2.0,1,1,14,63287.5,0,0,1,1,1,7.0,379725.0,10.0,0
29,0,94103.0,1,66.7,1.0,3,5,8,1,4.0,1,1,13,47051.5,1,1,1,1,1,6.2,470515.0,133.4,0
57,1,102260.0,0,68.6,1.0,2,1,0,1,2.0,1,1,1,51130.0,1,0,1,1,1,0.6,306780.0,137.2,0
54,0,83113.0,0,30.3,2.0,1,1,2,0,1.0,1,1,3,27704.333333333332,0,0,1,0,1,1.4,166226.0,60.6,0
36,1,62721.0,1,8.9,3.0,1,6,5,0,2.0,1,1,11,15680.25,0,0,1,0,1,5.6,188163.0,17.8,0
56,0,30000.0,0,25.3,1.0,2,1,0,1,4.0,0,1,1,15000.0,0,1,1,1,0,0.6,150000.0,50.6,0
33,0,83912.0,1,31.7,2.0,1,6,6,1,4.0,0,1,12,27970.666666666668,0,1,1,1,0,6.0,419560.0,63.4,0
28,1,57366.0,1,70.1,3.0,1,5,3,0,2.0,1,1,8,14341.5,1,0,1,0,1,4.2,172098.0,140.2,0
50,1,69483.0,1,25.8,1.0,1,6,3,1,4.0,1,1,9,34741.5,0,1,1,1,1,4.8,347415.0,51.6,1
26,1,118953.0,2,87.5,3.0,2,9,19,0,3.0,1,1,28,29738.25,1,1,1,0,1,13.0,475812.0,175.0,1
69,0,34278.0,1,34.3,2.0,1,6,6,1,3.0,1,1,12,11426.0,0,1,1,1,1,6.0,137112.0,68.6,0
27,0,174521.0,1,25.4,1.0,2,3,9,1,5.0,1,1,12,87260.5,0,1,1,1,1,5.4,1047126.0,50.8,1
55,1,95493.0,0,28.0,2.0,1,0,2,1,2.0,1,1,2,31831.0,0,0,1,1,1,0.8,286479.0,56.0,0
68,0,118522.0,1,34.9,2.0,0,4,1,1,3.0,1,1,5,39507.333333333336,0,1,1,1,1,2.8,474088.0,69.8,1
69,1,41733.0,0,23.1,1.0,2,1,0,0,1.0,1,1,1,20866.5,0,0,1,0,1,0.6,83466.0,46.2,0
48,0,35874.0,2,40.2,2.0,2,10,7,1,5.0,1,1,17,11958.0,1,1,1,1,1,8.8,215244.0,80.4,1
68,1,132704.0,2,31.9,2.0,2,8,15,0,1.0,1,1,23,44234.666666666664,0,0,1,0,1,10.8,265408.0,63.8,0
46,1,66688.0,1,68.5,2.0,2,6,9,1,4.0,0,1,15,22229.333333333332,1,1,1,1,0,7.199999999999999,333440.0,137.0,0
30,1,98064.0,1,22.6,1.0,1,7,3,1,3.0,1,1,10,49032.0,0,1,1,1,1,5.4,392256.0,45.2,1
37,1,30000.0,1,5.9,1.0,1,5,6,1,5.0,0,1,11,15000.0,0,1,1,1,0,5.4,180000.0,11.8,0
65,0,126834.0,1,8.2,3.0,2,4,4,1,5.0,1,1,8,31708.5,0,1,1,1,1,4.0,761004.0,16.4,1
28,0,58940.0,2,99.9,2.0,2,12,5,0,2.0,1,1,17,19646.666666666668,1,0,1,0,1,9.2,176820.0,199.8,0
44,1,168609.0,2,27.7,1.0,2,9,15,0,1.0,1,1,24,84304.5,0,0,1,0,1,11.399999999999999,337218.0,55.4,0
49,0,82872.0,2,40.7,1.0,0,7,7,0,1.0,1,1,14,41436.0,1,0,1,0,1,7.0,165744.0,81.4,0
35,1,77428.0,2,16.0,2.0,2,14,4,0,1.0,1,1,18,25809.333333333332,0,0,1,0,1,10.0,154856.0,32.0,0
32,0,82150.0,1,14.6,2.0,2,5,8,1,5.0,0,1,13,27383.333333333332,0,1,1,1,0,6.2,492900.0,29.2,0
62,0,54006.0,2,55.1,2.0,1,12,14,0,4.0,1,1,26,18002.0,1,1,1,0,1,12.8,270030.0,110.2,0
68,1,30000.0,1,47.2,2.0,1,0,6,1,3.0,1,1,6,10000.0,1,1,1,1,1,2.4000000000000004,120000.0,94.4,0
25,0,101579.0,2,12.1,1.0,1,6,17,0,1.0,0,1,23,50789.5,0,0,1,0,0,10.4,203158.0,24.2,0
63,1,41088.0,1,38.8,3.0,1,5,6,1,3.0,1,1,11,10272.0,0,1,1,1,1,5.4,164352.0,77.6,0
68,1,85426.0,0,31.4,1.0,2,2,1,1,3.0,0,1,3,42713.0,0,1,1,1,0,1.6,341704.0,62.8,0
67,1,107090.0,1,20.9,2.0,2,0,1,1,1.0,1,1,1,35696.666666666664,0,0,1,1,1,0.4,214180.0,41.8,0
41,1,44912.0,1,16.6,3.0,2,3,3,0,3.0,1,1,6,11228.0,0,1,1,0,1,3.0,179648.0,33.2,0
35,1,84901.0,1,55.7,2.0,1,6,4,1,5.0,1,1,10,28300.333333333332,1,1,1,1,1,5.199999999999999,509406.0,111.4,0
37,1,114304.0,2,59.0,3.0,1,11,12,0,2.0,1,1,23,28576.0,1,0,1,0,1,11.4,342912.0,118.0,0
67,1,70258.0,2,52.5,2.0,1,9,6,1,1.0,1,1,15,23419.333333333332,1,0,1,1,1,7.8,140516.0,105.0,0
49,2,38372.0,0,24.0,1.0,3,1,1,1,1.0,0,1,2,19186.0,0,0,1,1,0,1.0,76744.0,48.0,0
69,1,107652.0,2,57.2,2.0,3,10,5,1,4.0,1,1,15,35884.0,1,1,1,1,1,8.0,538260.0,114.4,0
67,0,127183.0,1,38.6,2.0,0,3,8,1,4.0,1,1,11,42394.333333333336,0,1,1,1,1,5.0,635915.0,77.2,1
37,1,30000.0,0,40.2,3.0,2,1,2,1,2.0,1,1,3,7500.0,1,0,1,1,1,1.4,90000.0,80.4,0
27,0,94752.0,1,5.0,3.0,2,0,9,1,5.0,1,1,9,23688.0,0,1,1,1,1,3.6,568512.0,10.0,1
59,1,108929.0,2,47.0,2.0,1,8,8,0,5.0,0,1,16,36309.666666666664,1,1,1,0,0,8.0,653574.0,94.0,0
67,1,121433.0,2,48.7,1.0,2,8,4,0,4.0,0,1,12,60716.5,1,1,1,0,0,6.4,607165.0,97.4,0
41,0,53279.0,2,19.3,2.0,2,2,14,0,1.0,0,1,16,17759.666666666668,0,0,1,0,0,6.800000000000001,106558.0,38.6,0
47,1,97267.0,0,88.7,3.5,0,0,1,1,2.0,0,1,1,21614.88888888889,1,0,1,1,0,0.4,291801.0,177.4,0
47,1,85224.0,1,72.1,3.0,2,2,7,1,5.0,0,1,9,21306.0,1,1,1,1,0,4.0,511344.0,144.2,1
56,1,76795.0,2,78.2,2.0,1,9,17,1,5.0,0,1,26,25598.333333333332,1,1,1,1,0,12.2,460770.0,156.4,0
68,0,74846.0,1,55.3,2.0,0,4,5,0,5.0,1,1,9,24948.666666666668,1,1,1,0,1,4.4,449076.0,110.6,0
54,0,99297.0,2,88.2,1.0,1,13,12,1,2.0,1,1,25,49648.5,1,0,1,1,1,12.600000000000001,297891.0,176.4,1
44,0,140091.0,2,73.9,2.0,0,11,10,0,2.0,0,1,21,46697.0,1,0,1,0,0,10.6,420273.0,147.8,0
54,0,87830.0,2,65.0,3.0,0,4,18,0,1.0,1,1,22,21957.5,1,0,1,0,1,9.6,175660.0,130.0,0
28,0,70932.0,1,48.1,1.0,1,0,9,1,5.0,1,1,9,35466.0,1,1,1,1,1,3.6,425592.0,96.2,1
57,0,66792.0,0,34.6,3.0,2,0,3,1,1.0,0,1,3,16698.0,0,0,1,1,0,1.2000000000000002,133584.0,69.2,0
51,1,67669.0,2,55.4,2.0,1,5,5,0,1.0,0,1,10,22556.333333333332,1,0,1,0,0,5.0,135338.0,110.8,0
36,1,103053.0,1,61.7,1.0,2,0,7,1,3.0,1,1,7,51526.5,1,1,1,1,1,2.8000000000000003,412212.0,123.4,0
69,1,47899.0,0,19.0,1.0,3,2,3,1,5.0,1,1,5,23949.5,0,1,1,1,1,2.4000000000000004,287394.0,38.0,1
62,1,84531.0,2,23.9,3.0,2,7,17,1,5.0,1,1,24,21132.75,0,1,1,1,1,11.0,507186.0,47.8,1
45,0,107233.0,1,45.9,1.0,2,2,6,1,3.0,1,1,8,53616.5,1,1,1,1,1,3.6000000000000005,428932.0,91.8,0
49,1,82345.0,0,15.6,1.0,0,2,3,1,4.0,1,1,5,41172.5,0,1,1,1,1,2.4000000000000004,411725.0,31.2,0
40,0,78731.0,2,57.0,1.0,3,11,6,1,1.0,0,1,17,39365.5,1,0,1,1,0,9.0,157462.0,114.0,0
26,0,88902.0,2,28.7,1.0,1,11,13,1,3.0,1,1,24,44451.0,0,1,1,1,1,11.8,355608.0,57.4,0
65,1,131649.0,2,40.7,2.0,0,9,19,0,2.0,1,1,28,43883.0,1,0,1,0,1,13.0,394947.0,81.4,0
38,0,35531.0,2,8.6,2.0,1,5,17,1,5.0,1,1,22,11843.666666666666,0,1,1,1,1,9.8,213186.0,17.2,0
66,1,86571.0,2,46.0,2.0,2,9,16,0,3.0,1,1,25,28857.0,1,1,1,0,1,11.8,346284.0,92.0,0
42,0,30000.0,0,59.2,1.0,3,0,2,1,3.0,0,1,2,15000.0,1,1,1,1,0,0.8,120000.0,118.4,0
68,1,117448.0,1,57.0,1.0,2,3,5,1,3.0,0,1,8,58724.0,1,1,1,1,0,3.8,469792.0,114.0,0
56,1,123144.0,0,45.5,3.0,2,2,0,1,3.0,1,1,2,30786.0,1,1,1,1,1,1.2,492576.0,91.0,1
31,1,105642.0,1,35.2,1.0,0,5,4,0,5.0,0,1,9,52821.0,0,1,1,0,0,4.6,633852.0,70.4,0
47,1,58657.0,2,51.0,2.0,1,9,14,1,3.0,0,1,23,19552.333333333332,1,1,1,1,0,11.0,234628.0,102.0,0
25,1,89162.0,2,72.8,3.5,2,11,11,0,1.0,1,1,22,19813.777777777777,1,0,1,0,1,11.0,178324.0,145.6,0
64,1,69282.0,2,50.3,2.0,1,10,15,1,2.0,0,1,25,23094.0,1,0,1,1,0,12.0,207846.0,100.6,0
37,1,44745.0,2,40.3,3.5,0,7,4,1,1.0,1,1,11,9943.333333333334,1,0,1,1,1,5.800000000000001,89490.0,80.6,0
59,1,87487.0,1,51.5,1.0,2,7,8,1,2.0,1,1,15,43743.5,1,0,1,1,1,7.4,262461.0,103.0,0
55,0,108065.0,1,12.4,1.0,1,1,2,1,1.0,1,1,3,54032.5,0,0,1,1,1,1.4,216130.0,24.8,1
56,0,98629.0,2,29.3,2.0,2,11,3,0,2.0,0,1,14,32876.333333333336,0,0,1,0,0,7.8,295887.0,58.6,0
67,1,150673.0,2,85.8,1.0,2,8,5,0,1.0,0,1,13,75336.5,1,0,1,0,0,6.8,301346.0,171.6,0
57,1,33592.0,1,47.5,2.0,0,7,5,1,5.0,0,1,12,11197.333333333334,1,1,1,1,0,6.2,201552.0,95.0,0
60,1,56855.0,1,46.1,2.0,0,1,5,1,4.0,1,1,6,18951.666666666668,1,1,1,1,1,2.6,284275.0,92.2,1
63,0,51353.0,2,18.1,3.0,1,5,17,1,4.0,1,1,22,12838.25,0,1,1,1,1,9.8,256765.0,36.2,0
63,1,63600.0,1,20.4,2.0,2,3,7,1,5.0,0,1,10,21200.0,0,1,1,1,0,4.6,381600.0,40.8,0
32,1,30000.0,2,58.7,2.0,3,10,11,0,3.0,0,1,21,10000.0,1,1,1,0,0,10.4,120000.0,117.4,0
68,0,92836.0,1,95.2,2.0,0,0,6,1,4.0,1,1,6,30945.333333333332,1,1,1,1,1,2.4000000000000004,464180.0,190.4,0
61,1,100920.0,2,30.8,1.0,0,3,13,0,1.0,0,1,16,50460.0,0,0,1,0,0,7.0,201840.0,61.6,0
63,0,69817.0,2,14.9,3.0,1,7,15,0,1.0,0,1,22,17454.25,0,0,1,0,0,10.2,139634.0,29.8,0
59,1,55538.0,2,86.4,2.0,1,14,12,0,2.0,0,1,26,18512.666666666668,1,0,1,0,0,13.200000000000001,166614.0,172.8,0
69,0,35937.0,2,82.7,1.0,2,4,16,1,3.0,1,1,20,17968.5,1,1,1,1,1,8.8,143748.0,165.4,0
65,1,80051.0,1,66.7,3.0,0,5,3,1,4.0,1,1,8,20012.75,1,1,1,1,1,4.2,400255.0,133.4,1
54,0,90191.0,1,65.6,2.0,1,1,2,1,4.0,0,1,3,30063.666666666668,1,1,1,1,0,1.4,450955.0,131.2,0
39,0,79563.0,2,5.3,2.0,1,4,6,1,4.0,0,1,10,26521.0,0,1,1,1,0,4.800000000000001,397815.0,10.6,0
50,1,163504.0,1,49.5,3.5,3,2,6,0,3.0,1,1,8,36334.22222222222,1,1,1,0,1,3.6000000000000005,654016.0,99.0,0
28,0,90981.0,2,59.4,2.0,2,4,13,1,1.0,1,1,17,30327.0,1,0,1,1,1,7.6,181962.0,118.8,0
56,0,93479.0,2,66.8,1.0,1,8,9,1,1.0,1,1,17,46739.5,1,0,1,1,1,8.4,186958.0,133.6,0
56,1,119602.0,1,56.8,1.0,1,6,6,1,1.0,0,1,12,59801.0,1,0,1,1,0,6.0,239204.0,113.6,0
42,0,69434.0,2,5.0,2.0,3,11,10,0,2.0,1,1,21,23144.666666666668,0,0,1,0,1,10.6,208302.0,10.0,0
48,1,60403.0,1,5.0,2.0,1,1,6,1,3.0,1,1,7,20134.333333333332,0,1,1,1,1,3.0000000000000004,241612.0,10.0,0
62,1,41946.0,0,58.6,2.0,2,1,2,1,5.0,0,1,3,13982.0,1,1,1,1,0,1.4,251676.0,117.2,0
36,1,72660.0,1,26.8,1.0,1,4,9,1,1.0,0,1,13,36330.0,0,0,1,1,0,6.0,145320.0,53.6,0
60,1,83017.0,1,37.2,1.0,2,2,5,0,5.0,0,1,7,41508.5,0,1,1,0,0,3.2,498102.0,74.4,0
61,0,101620.0,2,5.0,2.0,1,12,4,0,3.0,0,1,16,33873.333333333336,0,1,1,0,0,8.799999999999999,406480.0,10.0,0
30,1,107129.0,2,24.7,2.0,2,9,4,1,3.0,1,1,13,35709.666666666664,0,1,1,1,1,7.0,428516.0,49.4,0
27,0,90422.0,2,26.7,1.0,1,8,12,0,1.0,0,1,20,45211.0,0,0,1,0,0,9.600000000000001,180844.0,53.4,0
54,0,151328.0,0,5.0,1.0,0,1,2,1,2.0,0,1,3,75664.0,0,0,1,1,0,1.4,453984.0,10.0,0
51,1,87611.0,2,5.0,1.0,0,9,15,0,3.0,1,1,24,43805.5,0,1,1,0,1,11.399999999999999,350444.0,10.0,1
65,0,155870.0,0,55.3,1.0,2,2,2,1,1.0,1,1,4,77935.0,1,0,1,1,1,2.0,311740.0,110.6,0
38,1,101583.0,2,13.3,2.0,0,12,3,0,1.0,1,1,15,33861.0,0,0,1,0,1,8.399999999999999,203166.0,26.6,0
64,1,79678.0,1,40.2,3.0,1,1,6,1,3.0,0,1,7,19919.5,1,1,1,1,0,3.0000000000000004,318712.0,80.4,0
41,0,40883.0,0,5.0,3.5,0,2,0,1,4.0,1,1,2,9085.111111111111,0,1,1,1,1,1.2,204415.0,10.0,0
58,2,72815.0,2,30.1,2.0,1,3,5,0,3.0,1,1,8,24271.666666666668,0,1,1,0,1,3.8,291260.0,60.2,0
39,0,33819.0,2,62.7,2.0,2,7,18,0,2.0,1,1,25,11273.0,1,0,1,0,1,11.4,101457.0,125.4,0
30,1,104376.0,2,71.9,1.0,0,12,4,0,2.0,0,1,16,52188.0,1,0,1,0,0,8.799999999999999,313128.0,143.8,0
45,1,52808.0,1,27.5,2.0,2,4,1,1,1.0,1,1,5,17602.666666666668,0,0,1,1,1,2.8,105616.0,55.0,0
28,1,112925.0,1,40.3,2.0,2,0,9,0,1.0,0,1,9,37641.666666666664,1,0,1,0,0,3.6,225850.0,80.6,0
39,0,115516.0,1,99.4,2.0,1,4,5,1,3.0,1,1,9,38505.333333333336,1,1,1,1,1,4.4,462064.0,198.8,1
61,0,69320.0,2,37.7,2.0,1,14,16,0,1.0,0,1,30,23106.666666666668,0,0,1,0,0,14.8,138640.0,75.4,0
27,0,85416.0,1,66.9,2.0,2,4,1,1,5.0,0,1,5,28472.0,1,1,1,1,0,2.8,512496.0,133.8,0
38,1,110851.0,2,25.0,2.0,1,2,13,1,3.0,1,1,15,36950.333333333336,0,1,1,1,1,6.4,443404.0,50.0,0
63,1,67451.0,0,26.8,3.0,2,0,2,1,5.0,0,1,2,16862.75,0,1,1,1,0,0.8,404706.0,53.6,0
42,1,49256.0,2,18.0,1.0,2,9,8,0,1.0,1,1,17,24628.0,0,0,1,0,1,8.6,98512.0,36.0,0
59,0,46755.0,1,35.5,1.0,1,4,9,1,3.0,1,1,13,23377.5,0,1,1,1,1,6.0,187020.0,71.0,1
26,0,70613.0,2,12.3,3.5,2,4,11,1,4.0,1,1,15,15691.777777777777,0,1,1,1,1,6.800000000000001,353065.0,24.6,1
28,1,33528.0,2,9.4,2.0,2,5,17,0,4.0,1,1,22,11176.0,0,1,1,0,1,9.8,167640.0,18.8,0
35,1,78599.0,0,54.6,2.0,0,0,2,1,1.0,0,1,2,26199.666666666668,1,0,1,1,0,0.8,157198.0,109.2,0
27,1,83782.0,1,81.4,2.0,0,0,5,1,4.0,1,1,5,27927.333333333332,1,1,1,1,1,2.0,418910.0,162.8,0
30,2,90372.0,2,18.1,2.0,2,4,7,1,3.0,0,1,11,30124.0,0,1,1,1,0,5.2,361488.0,36.2,0
27,0,104886.0,2,40.1,2.0,1,2,9,0,1.0,1,1,11,34962.0,0,0,1,0,1,4.8,209772.0,80.2,0
69,1,87216.0,1,5.0,2.0,2,6,4,1,1.0,1,1,10,29072.0,0,0,1,1,1,5.199999999999999,174432.0,10.0,0
31,0,44954.0,1,5.0,1.0,1,7,9,1,4.0,1,1,16,22477.0,0,1,1,1,1,7.800000000000001,224770.0,10.0,0
40,1,40750.0,1,61.2,3.5,2,6,7,1,5.0,0,1,13,9055.555555555555,1,1,1,1,0,6.4,244500.0,122.4,0
28,0,138530.0,1,57.6,2.0,1,7,8,1,1.0,1,1,15,46176.666666666664,1,0,1,1,1,7.4,277060.0,115.2,0
38,1,46471.0,2,37.1,3.0,1,10,12,0,3.0,0,1,22,11617.75,0,1,1,0,0,10.8,185884.0,74.2,0
34,1,74089.0,2,64.4,2.0,1,7,4,1,3.0,1,1,11,24696.333333333332,1,1,1,1,1,5.800000000000001,296356.0,128.8,0
43,0,142525.0,2,21.4,1.0,2,4,7,0,2.0,0,1,11,71262.5,0,0,1,0,0,5.2,427575.0,42.8,0
41,0,97597.0,2,5.0,2.0,1,10,14,1,1.0,1,1,24,32532.333333333332,0,0,1,1,1,11.600000000000001,195194.0,10.0,0
50,0,46679.0,2,21.4,1.0,2,2,9,1,1.0,1,1,11,23339.5,0,0,1,1,1,4.8,93358.0,42.8,0
48,0,46407.0,2,5.0,3.0,2,2,10,0,2.0,0,1,12,11601.75,0,0,1,0,0,5.2,139221.0,10.0,0
64,1,90742.0,2,79.1,1.0,2,8,14,0,3.0,1,1,22,45371.0,1,1,1,0,1,10.4,362968.0,158.2,1
38,0,116799.0,2,34.0,2.0,2,6,17,1,4.0,0,1,23,38933.0,0,1,1,1,0,10.4,583995.0,68.0,0
30,0,63433.0,2,39.7,3.0,3,7,15,1,1.0,0,1,22,15858.25,0,0,1,1,0,10.2,126866.0,79.4,0
67,1,91148.0,2,74.1,1.0,2,9,16,1,4.0,1,1,25,45574.0,1,1,1,1,1,11.8,455740.0,148.2,1
64,2,99312.0,2,34.8,1.0,2,11,9,1,4.0,1,1,20,49656.0,0,1,1,1,1,10.2,496560.0,69.6,0
39,1,117280.0,2,75.4,1.0,3,9,3,0,5.0,0,1,12,58640.0,1,1,1,0,0,6.6,703680.0,150.8,0
30,0,36742.0,2,73.4,3.0,2,7,11,1,1.0,0,1,18,9185.5,1,0,1,1,0,8.600000000000001,73484.0,146.8,0
52,0,32779.0,1,50.4,1.0,1,4,4,1,3.0,1,1,8,16389.5,1,1,1,1,1,4.0,131116.0,100.8,0
42,1,74183.0,0,42.8,1.0,3,1,1,1,4.0,1,1,2,37091.5,1,1,1,1,1,1.0,370915.0,85.6,1
35,0,44561.0,1,57.9,1.0,2,0,2,1,5.0,0,1,2,22280.5,1,1,1,1,0,0.8,267366.0,115.8,0
49,2,81590.0,2,40.3,2.0,1,6,16,0,2.0,0,1,22,27196.666666666668,1,0,1,0,0,10.0,244770.0,80.6,0
53,1,99721.0,1,32.1,1.0,1,0,8,1,5.0,1,1,8,49860.5,0,1,1,1,1,3.2,598326.0,64.2,1
56,1,89464.0,1,26.1,2.0,1,5,7,1,2.0,1,1,12,29821.333333333332,0,0,1,1,1,5.800000000000001,268392.0,52.2,0
44,1,30000.0,1,81.7,1.0,2,7,2,1,3.0,1,1,9,15000.0,1,1,1,1,1,5.0,120000.0,163.4,0
51,2,119858.0,2,59.3,3.5,0,2,4,1,3.0,1,1,6,26635.11111111111,1,1,1,1,1,2.8,479432.0,118.6,0
56,1,113258.0,2,20.3,2.0,2,4,7,1,4.0,0,1,11,37752.666666666664,0,1,1,1,0,5.2,566290.0,40.6,1
69,1,30000.0,0,26.3,2.0,1,0,1,1,5.0,0,1,1,10000.0,0,1,1,1,0,0.4,180000.0,52.6,0
33,1,54438.0,1,23.3,1.0,2,0,2,1,4.0,1,1,2,27219.0,0,1,1,1,1,0.8,272190.0,46.6,0
33,0,80476.0,2,46.1,1.0,2,6,12,0,4.0,0,1,18,40238.0,1,1,1,0,0,8.4,402380.0,92.2,0
37,1,52147.0,2,21.6,3.5,2,2,3,1,3.0,0,1,5,11588.222222222223,0,1,1,1,0,2.4000000000000004,208588.0,43.2,0
60,1,144313.0,2,33.0,1.0,2,9,4,0,1.0,1,1,13,72156.5,0,0,1,0,1,7.0,288626.0,66.0,0
35,1,101041.0,2,5.0,2.0,1,4,9,0,3.0,1,1,13,33680.333333333336,0,1,1,0,1,6.0,404164.0,10.0,0
46,0,34740.0,1,5.0,1.0,1,1,4,0,4.0,0,1,5,17370.0,0,1,1,0,0,2.2,173700.0,10.0,0
27,1,59053.0,0,34.1,2.0,2,1,3,1,5.0,1,1,4,19684.333333333332,0,1,1,1,1,1.8000000000000003,354318.0,68.2,0
25,1,44981.0,2,25.9,2.0,1,13,5,0,2.0,1,1,18,14993.666666666666,0,0,1,0,1,9.8,134943.0,51.8,0
66,0,107289.0,2,53.5,2.0,2,2,4,0,3.0,0,1,6,35763.0,1,1,1,0,0,2.8,429156.0,107.0,0
68,0,119742.0,2,69.7,3.0,2,6,14,0,5.0,0,1,20,29935.5,1,1,1,0,0,9.2,718452.0,139.4,0
59,0,84708.0,2,39.0,1.0,2,11,14,0,2.0,0,1,25,42354.0,0,0,1,0,0,12.2,254124.0,78.0,0
34,1,79497.0,2,77.2,3.0,0,8,3,0,1.0,1,1,11,19874.25,1,0,1,0,1,6.0,158994.0,154.4,0
33,1,80044.0,1,18.0,1.0,3,0,7,1,4.0,0,1,7,40022.0,0,1,1,1,0,2.8000000000000003,400220.0,36.0,0
59,1,46629.0,2,37.4,2.0,1,14,5,0,4.0,1,1,19,15543.0,0,1,1,0,1,10.4,233145.0,74.8,0
33,2,166549.0,1,20.0,2.0,3,5,7,1,3.0,1,1,12,55516.333333333336,0,1,1,1,1,5.800000000000001,666196.0,40.0,1
30,0,116959.0,2,27.9,1.0,0,13,18,1,1.0,0,1,31,58479.5,0,0,1,1,0,15.0,233918.0,55.8,0
26,0,31527.0,2,65.4,3.5,0,4,6,0,1.0,0,1,10,7006.0,1,0,1,0,0,4.800000000000001,63054.0,130.8,0
48,0,30000.0,2,36.1,1.0,0,3,11,1,4.0,1,1,14,15000.0,0,1,1,1,1,6.2,150000.0,72.2,0
34,1,145388.0,2,54.9,2.0,2,6,6,0,2.0,1,1,12,48462.666666666664,1,0,1,0,1,6.0,436164.0,109.8,0
58,1,130953.0,1,70.4,1.0,2,6,4,1,2.0,0,1,10,65476.5,1,0,1,1,0,5.199999999999999,392859.0,140.8,0
44,0,80545.0,2,22.0,1.0,1,11,14,0,2.0,1,1,25,40272.5,0,0,1,0,1,12.2,241635.0,44.0,0
29,1,84708.0,1,56.5,2.0,1,5,7,1,3.0,0,1,12,28236.0,1,1,1,1,0,5.800000000000001,338832.0,113.0,0
35,0,108459.0,1,28.1,3.0,1,6,5,1,4.0,1,1,11,27114.75,0,1,1,1,1,5.6,542295.0,56.2,0
55,0,84708.0,1,58.0,3.5,2,4,7,1,4.0,1,1,11,18824.0,1,1,1,1,1,5.2,423540.0,116.0,1
63,2,147727.0,1,45.8,1.0,0,3,1,1,2.0,0,1,4,73863.5,1,0,1,1,0,2.1999999999999997,443181.0,91.6,0
42,1,106101.0,0,59.1,3.5,1,1,3,1,3.0,1,1,4,23578.0,1,1,1,1,1,1.8000000000000003,424404.0,118.2,1
46,1,70905.0,1,41.4,2.0,2,3,9,1,3.0,0,1,12,23635.0,1,1,1,1,0,5.4,283620.0,82.8,0
59,1,134429.0,1,36.1,2.0,3,6,1,1,4.0,1,1,7,44809.666666666664,0,1,1,1,1,3.9999999999999996,672145.0,72.2,0
60,0,106718.0,2,82.6,3.0,1,13,11,0,3.0,0,1,24,26679.5,1,1,1,0,0,12.2,426872.0,165.2,0
62,0,156522.0,2,68.7,3.0,2,11,13,0,3.0,0,1,24,39130.5,1,1,1,0,0,11.8,626088.0,137.4,0
35,0,121391.0,2,33.1,1.0,2,3,14,1,1.0,1,1,17,60695.5,0,0,1,1,1,7.4,242782.0,66.2,0
40,0,108214.0,0,42.7,2.0,0,2,1,1,4.0,1,1,3,36071.333333333336,1,1,1,1,1,1.6,541070.0,85.4,1
31,1,106844.0,2,40.2,3.0,2,9,6,0,5.0,1,1,15,26711.0,1,1,1,0,1,7.8,641064.0,80.4,1
32,1,41363.0,1,54.8,1.0,1,7,4,0,5.0,1,1,11,20681.5,1,1,1,0,1,5.800000000000001,248178.0,109.6,0
59,1,108909.0,0,74.6,1.0,2,2,1,1,3.0,0,1,3,54454.5,1,1,1,1,0,1.6,435636.0,149.2,0
43,1,130864.0,1,31.6,3.5,0,7,8,1,2.0,1,1,15,29080.88888888889,0,0,1,1,1,7.4,392592.0,63.2,0
48,0,66259.0,0,100.7,3.0,3,0,1,1,4.0,0,1,1,16564.75,1,1,1,1,0,0.4,331295.0,201.4,0
27,1,88899.0,0,55.6,1.0,3,0,1,1,4.0,1,1,1,44449.5,1,1,1,1,1,0.4,444495.0,111.2,0
41,1,71199.0,2,48.2,1.0,2,6,17,0,2.0,0,1,23,35599.5,1,0,1,0,0,10.4,213597.0,96.4,0
27,1,148459.0,1,55.9,1.0,2,6,9,1,5.0,1,1,15,74229.5,1,1,1,1,1,7.199999999999999,890754.0,111.8,1
48,1,145041.0,2,47.7,2.0,2,2,11,0,5.0,1,1,13,48347.0,1,1,1,0,1,5.6000000000000005,870246.0,95.4,0
51,0,84708.0,2,42.1,1.0,1,8,18,0,1.0,1,1,26,42354.0,1,0,1,0,1,12.0,169416.0,84.2,0
55,0,48280.0,0,14.5,1.0,0,2,3,1,5.0,1,1,5,24140.0,0,1,1,1,1,2.4000000000000004,289680.0,29.0,1
30,1,78527.0,2,17.2,2.0,2,3,14,1,4.0,0,1,17,26175.666666666668,0,1,1,1,0,7.4,392635.0,34.4,0
62,1,30000.0,1,44.5,1.0,2,6,3,0,1.0,1,1,9,15000.0,1,0,1,0,1,4.8,60000.0,89.0,0
37,1,70377.0,1,83.4,2.0,2,4,2,1,4.0,0,1,6,23459.0,1,1,1,1,0,3.2,351885.0,166.8,0
40,0,107198.0,2,13.7,1.0,2,11,3,0,5.0,1,1,14,53599.0,0,1,1,0,1,7.8,643188.0,27.4,1
56,1,108194.0,2,39.7,2.0,1,6,17,0,3.0,1,1,23,36064.666666666664,0,1,1,0,1,10.4,432776.0,79.4,0
26,0,65414.0,2,49.0,1.0,1,3,14,0,2.0,1,1,17,32707.0,1,0,1,0,1,7.4,196242.0,98.0,0
30,2,106330.0,2,65.1,1.0,2,8,13,0,5.0,1,1,21,53165.0,1,1,1,0,1,10.0,637980.0,130.2,1
38,1,82325.0,2,32.5,1.0,2,13,6,1,5.0,1,1,19,41162.5,0,1,1,1,1,10.2,493950.0,65.0,1
64,1,90285.0,2,47.1,1.0,1,7,5,0,3.0,1,1,12,45142.5,1,1,1,0,1,6.2,361140.0,94.2,0
51,0,35292.0,2,38.2,3.0,2,3,17,1,2.0,1,1,20,8823.0,0,0,1,1,1,8.600000000000001,105876.0,76.4,0
34,1,94936.0,1,15.5,2.0,1,4,6,0,1.0,1,1,10,31645.333333333332,0,0,1,0,1,4.800000000000001,189872.0,31.0,0
69,0,111797.0,0,76.7,3.0,0,2,3,1,3.0,1,1,5,27949.25,1,1,1,1,1,2.4000000000000004,447188.0,153.4,0
68,0,131054.0,2,71.5,2.0,2,13,18,1,4.0,1,1,31,43684.666666666664,1,1,1,1,1,15.0,655270.0,143.0,0
62,1,148144.0,2,7.1,1.0,0,12,9,0,2.0,0,1,21,74072.0,0,0,1,0,0,10.799999999999999,444432.0,14.2,0
51,1,104253.0,1,59.3,2.0,3,7,3,1,4.0,0,1,10,34751.0,1,1,1,1,0,5.4,521265.0,118.6,0
52,1,46092.0,1,24.2,2.0,2,4,8,1,2.0,1,1,12,15364.0,0,0,1,1,1,5.6,138276.0,48.4,0
31,2,104975.0,0,47.5,2.0,1,2,0,1,5.0,1,1,2,34991.666666666664,1,1,1,1,1,1.2,629850.0,95.0,0
35,1,95906.0,2,30.8,1.0,3,4,6,1,1.0,1,1,10,47953.0,0,0,1,1,1,4.800000000000001,191812.0,61.6,0
36,1,74155.0,0,5.0,1.0,2,1,2,1,5.0,1,1,3,37077.5,0,1,1,1,1,1.4,444930.0,10.0,1
43,0,98465.0,2,60.9,2.0,1,7,13,1,2.0,1,1,20,32821.666666666664,1,0,1,1,1,9.4,295395.0,121.8,0
44,0,74183.0,0,48.1,2.0,1,0,3,1,5.0,0,1,3,24727.666666666668,1,1,1,1,0,1.2000000000000002,445098.0,96.2,0
26,2,86146.0,0,89.0,1.0,1,0,0,1,3.0,1,1,0,43073.0,1,1,1,1,1,0.0,344584.0,178.0,1
60,1,129625.0,0,52.0,1.0,0,0,0,1,1.0,1,1,0,64812.5,1,0,1,1,1,0.0,259250.0,104.0,0
57,1,92660.0,2,58.2,3.0,0,12,12,1,5.0,0,1,24,23165.0,1,1,1,1,0,12.0,555960.0,116.4,0
25,0,81051.0,2,77.7,2.0,2,4,16,0,4.0,1,1,20,27017.0,1,1,1,0,1,8.8,405255.0,155.4,1
33,0,69955.0,1,36.9,1.0,2,4,5,1,5.0,1,1,9,34977.5,0,1,1,1,1,4.4,419730.0,73.8,1
43,0,61559.0,1,44.9,2.0,0,6,8,1,1.0,0,1,14,20519.666666666668,1,0,1,1,0,6.8,123118.0,89.8,0
63,1,65546.0,2,49.6,2.0,1,14,6,0,4.0,1,1,20,21848.666666666668,1,1,1,0,1,10.8,327730.0,99.2,0
64,0,93987.0,1,10.8,3.0,2,6,5,1,3.0,1,1,11,23496.75,0,1,1,1,1,5.6,375948.0,21.6,0
36,0,58919.0,2,58.8,1.0,2,4,7,0,1.0,0,1,11,29459.5,1,0,1,0,0,5.2,117838.0,117.6,0
45,1,95543.0,2,59.1,2.0,1,7,15,0,3.0,1,1,22,31847.666666666668,1,1,1,0,1,10.2,382172.0,118.2,0
48,1,98740.0,1,64.7,3.0,0,5,1,1,3.0,1,1,6,24685.0,1,1,1,1,1,3.4,394960.0,129.4,0
60,1,91766.0,0,30.5,1.0,1,1,1,1,2.0,1,1,2,45883.0,0,0,1,1,1,1.0,275298.0,61.0,0
48,0,134466.0,2,15.1,3.0,1,9,14,1,4.0,0,1,23,33616.5,0,1,1,1,0,11.0,672330.0,30.2,0
64,0,66928.0,0,32.7,1.0,2,1,1,1,4.0,1,1,2,33464.0,0,1,1,1,1,1.0,334640.0,65.4,0
65,1,84708.0,1,54.9,2.0,2,5,9,1,1.0,1,1,14,28236.0,1,0,1,1,1,6.6,169416.0,109.8,0
61,1,72029.0,0,10.6,2.0,2,0,3,0,2.0,0,1,3,24009.666666666668,0,0,1,0,0,1.2000000000000002,216087.0,21.2,0
68,0,90367.0,1,7.2,2.0,2,3,1,1,4.0,1,1,4,30122.333333333332,0,1,1,1,1,2.1999999999999997,451835.0,14.4,1
54,1,131123.0,2,31.0,2.0,2,9,18,0,5.0,1,1,27,43707.666666666664,0,1,1,0,1,12.6,786738.0,62.0,1
40,0,84103.0,2,32.4,3.0,3,11,17,1,4.0,0,1,28,21025.75,0,1,1,1,0,13.4,420515.0,64.8,0
63,1,108419.0,1,70.5,1.0,2,6,1,1,3.0,1,1,7,54209.5,1,1,1,1,1,3.9999999999999996,433676.0,141.0,0
69,1,173199.0,1,40.3,2.0,1,1,2,0,5.0,0,1,3,57733.0,1,1,1,0,0,1.4,1039194.0,80.6,1
61,1,99999.0,2,6.1,3.0,2,11,16,0,2.0,0,1,27,24999.75,0,0,1,0,0,13.0,299997.0,12.2,0
68,0,54394.0,1,43.4,1.0,1,6,9,0,3.0,1,1,15,27197.0,1,1,1,0,1,7.199999999999999,217576.0,86.8,0
55,0,87468.0,2,35.3,3.0,1,3,13,1,3.0,1,1,16,21867.0,0,1,1,1,1,7.0,349872.0,70.6,0
34,1,94878.0,2,42.1,2.0,1,2,9,0,3.0,1,1,11,31626.0,1,1,1,0,1,4.8,379512.0,84.2,0
60,0,84150.0,2,91.5,3.5,2,12,3,0,3.0,1,1,15,18700.0,1,1,1,0,1,8.399999999999999,336600.0,183.0,0
67,1,99648.0,0,5.0,1.0,1,0,3,0,5.0,0,1,3,49824.0,0,1,1,0,0,1.2000000000000002,597888.0,10.0,0
53,1,84575.0,1,49.0,1.0,1,2,2,0,5.0,1,1,4,42287.5,1,1,1,0,1,2.0,507450.0,98.0,1
38,0,118260.0,2,10.9,2.0,1,13,12,1,2.0,0,1,25,39420.0,0,0,1,1,0,12.600000000000001,354780.0,21.8,0
43,1,54325.0,2,58.1,1.0,2,2,17,1,1.0,1,1,19,27162.5,1,0,1,1,1,8.0,108650.0,116.2,0
45,1,92121.0,0,5.0,2.0,1,0,1,1,2.0,1,1,1,30707.0,0,0,1,1,1,0.4,276363.0,10.0,1
56,0,45487.0,0,22.2,2.0,0,2,2,1,1.0,1,1,4,15162.333333333334,0,0,1,1,1,2.0,90974.0,44.4,0
28,1,110624.0,1,62.3,1.0,2,0,8,1,5.0,1,1,8,55312.0,1,1,1,1,1,3.2,663744.0,124.6,1
27,0,51344.0,2,5.0,1.0,3,10,10,1,5.0,1,1,20,25672.0,0,1,1,1,1,10.0,308064.0,10.0,0
68,1,89501.0,2,5.0,3.0,1,6,8,1,2.0,0,1,14,22375.25,0,0,1,1,0,6.8,268503.0,10.0,0
56,1,90598.0,2,68.3,2.0,0,10,7,0,3.0,1,1,17,30199.333333333332,1,1,1,0,1,8.8,362392.0,136.6,1
68,0,147642.0,1,46.4,1.0,2,6,6,1,5.0,0,1,12,73821.0,1,1,1,1,0,6.0,885852.0,92.8,0
52,1,115676.0,2,53.2,3.0,2,4,8,0,3.0,1,1,12,28919.0,1,1,1,0,1,5.6,462704.0,106.4,0
66,0,30000.0,2,30.1,3.0,3,13,18,1,4.0,1,1,31,7500.0,0,1,1,1,1,15.0,150000.0,60.2,0
31,0,48657.0,0,78.9,2.0,2,1,2,1,4.0,0,1,3,16219.0,1,1,1,1,0,1.4,243285.0,157.8,0
37,0,141599.0,2,33.8,2.0,0,2,17,1,5.0,1,1,19,47199.666666666664,0,1,1,1,1,8.0,849594.0,67.6,1
40,0,50298.0,0,51.0,3.5,1,2,2,1,1.0,1,1,4,11177.333333333334,1,0,1,1,1,2.0,100596.0,102.0,0
60,0,56564.0,0,33.5,2.0,0,0,1,1,1.0,1,1,1,18854.666666666668,0,0,1,1,1,0.4,113128.0,67.0,0
46,0,76430.0,2,44.7,1.0,1,4,13,0,1.0,1,1,17,38215.0,1,0,1,0,1,7.6,152860.0,89.4,0
51,2,120355.0,2,72.8,3.0,1,6,3,0,1.0,0,1,9,30088.75,1,0,1,0,0,4.8,240710.0,145.6,0
57,0,43166.0,1,12.5,1.0,2,0,9,1,2.0,0,1,9,21583.0,0,0,1,1,0,3.6,129498.0,25.0,0
44,0,101737.0,1,16.9,3.0,1,7,4,1,3.0,0,1,11,25434.25,0,1,1,1,0,5.800000000000001,406948.0,33.8,0
50,0,62318.0,2,45.2,1.0,1,5,15,0,1.0,1,1,20,31159.0,1,0,1,0,1,9.0,124636.0,90.4,0
45,1,57174.0,1,5.4,1.0,2,5,1,1,5.0,1,1,6,28587.0,0,1,1,1,1,3.4,343044.0,10.8,0
53,1,53265.0,2,52.7,2.0,1,14,9,1,2.0,1,1,23,17755.0,1,0,1,1,1,12.0,159795.0,105.4,0
64,1,90034.0,2,68.6,2.0,1,2,14,0,5.0,1,1,16,30011.333333333332,1,1,1,0,1,6.800000000000001,540204.0,137.2,0
42,1,66638.0,2,5.0,1.0,2,5,13,1,3.0,1,1,18,33319.0,0,1,1,1,1,8.2,266552.0,10.0,0
27,1,114050.0,0,64.1,1.0,1,0,3,1,2.0,1,1,3,57025.0,1,0,1,1,1,1.2000000000000002,342150.0,128.2,0
31,0,50013.0,2,42.4,1.0,2,4,10,0,3.0,0,1,14,25006.5,1,1,1,0,0,6.4,200052.0,84.8,0
31,0,56342.0,0,47.9,3.5,3,1,1,1,2.0,0,1,2,12520.444444444445,1,0,1,1,0,1.0,169026.0,95.8,0
35,1,56060.0,1,14.4,1.0,3,7,1,0,1.0,1,1,8,28030.0,0,0,1,0,1,4.6000000000000005,112120.0,28.8,0
37,1,73346.0,2,48.0,2.0,2,3,11,0,2.0,1,1,14,24448.666666666668,1,0,1,0,1,6.2,220038.0,96.0,0
64,1,94707.0,2,27.9,1.0,2,8,19,1,1.0,1,1,27,47353.5,0,0,1,1,1,12.4,189414.0,55.8,0
45,0,47163.0,2,57.7,1.0,2,11,6,0,4.0,0,1,17,23581.5,1,1,1,0,0,9.0,235815.0,115.4,0
63,1,174521.0,1,36.7,1.0,1,7,3,1,5.0,1,1,10,87260.5,0,1,1,1,1,5.4,1047126.0,73.4,1
47,1,111891.0,2,22.0,2.0,2,13,18,1,2.0,1,1,31,37297.0,0,0,1,1,1,15.0,335673.0,44.0,0
29,0,30000.0,1,17.0,1.0,2,2,5,1,2.0,1,1,7,15000.0,0,0,1,1,1,3.2,90000.0,34.0,0
63,0,108464.0,2,23.3,2.0,3,12,10,0,4.0,1,1,22,36154.666666666664,0,1,1,0,1,11.2,542320.0,46.6,0
35,0,110235.0,2,5.4,1.0,3,3,8,0,5.0,1,1,11,55117.5,0,1,1,0,1,5.0,661410.0,10.8,1
51,1,83557.0,2,18.2,2.0,2,4,10,0,3.0,1,1,14,27852.333333333332,0,1,1,0,1,6.4,334228.0,36.4,0
38,0,131332.0,0,39.4,2.0,2,1,0,1,2.0,0,1,1,43777.333333333336,0,0,1,1,0,0.6,393996.0,78.8,0
62,0,86415.0,2,19.4,2.0,1,3,10,0,3.0,1,1,13,28805.0,0,1,1,0,1,5.8,345660.0,38.8,1
54,0,51442.0,1,25.0,1.0,0,3,9,1,1.0,0,1,12,25721.0,0,0,1,1,0,5.4,102884.0,50.0,0
49,0,77166.0,1,22.2,2.0,2,7,5,0,1.0,1,1,12,25722.0,0,0,1,0,1,6.2,154332.0,44.4,0
30,0,161743.0,2,11.5,2.0,1,9,18,1,4.0,0,1,27,53914.333333333336,0,1,1,1,0,12.6,808715.0,23.0,0
35,0,85794.0,2,25.0,1.0,0,9,17,0,5.0,0,1,26,42897.0,0,1,1,0,0,12.2,514764.0,50.0,0
35,0,129918.0,0,83.1,2.0,2,0,1,1,2.0,1,1,1,43306.0,1,0,1,1,1,0.4,389754.0,166.2,1
33,1,78066.0,1,72.5,1.0,3,4,5,1,2.0,1,1,9,39033.0,1,0,1,1,1,4.4,234198.0,145.0,0
52,0,116862.0,1,38.5,1.0,0,6,7,1,1.0,1,1,13,58431.0,0,0,1,1,1,6.4,233724.0,77.0,0
28,1,134064.0,2,57.3,2.0,0,12,4,1,5.0,1,1,16,44688.0,1,1,1,1,1,8.799999999999999,804384.0,114.6,1
25,1,56396.0,2,58.4,2.0,0,4,14,0,2.0,1,1,18,18798.666666666668,1,0,1,0,1,8.0,169188.0,116.8,0
28,1,83745.0,2,34.0,2.0,1,14,8,0,3.0,1,1,22,27915.0,0,1,1,0,1,11.600000000000001,334980.0,68.0,0
65,1,45590.0,2,21.2,3.5,3,3,4,0,3.0,1,1,7,10131.111111111111,0,1,1,0,1,3.4,182360.0,42.4,0
37,0,32357.0,1,26.4,2.0,2,6,1,0,3.0,0,1,7,10785.666666666666,0,1,1,0,0,3.9999999999999996,129428.0,52.8,0
66,1,99498.0,1,49.3,1.0,3,5,5,1,1.0,0,1,10,49749.0,1,0,1,1,0,5.0,198996.0,98.6,0
55,0,106765.0,1,5.0,2.0,2,5,3,1,1.0,0,1,8,35588.333333333336,0,0,1,1,0,4.2,213530.0,10.0,0
26,0,84209.0,1,5.0,2.0,2,4,9,1,2.0,1,1,13,28069.666666666668,0,0,1,1,1,6.0,252627.0,10.0,0
44,1,76848.0,2,52.2,1.0,2,9,16,0,3.0,1,1,25,38424.0,1,1,1,0,1,11.8,307392.0,104.4,0
60,1,36044.0,2,41.0,1.0,3,2,11,0,3.0,1,1,13,18022.0,1,1,1,0,1,5.6000000000000005,144176.0,82.0,0
64,0,86042.0,2,5.0,3.0,2,12,16,0,1.0,1,1,28,21510.5,0,0,1,0,1,13.6,172084.0,10.0,0
42,1,83386.0,1,58.3,2.0,3,5,5,1,3.0,0,1,10,27795.333333333332,1,1,1,1,0,5.0,333544.0,116.6,0
26,1,119214.0,0,52.1,3.5,1,1,1,1,3.0,1,1,2,26492.0,1,1,1,1,1,1.0,476856.0,104.2,0
49,0,61026.0,2,17.7,1.0,3,4,4,0,2.0,0,1,8,30513.0,0,0,1,0,0,4.0,183078.0,35.4,0
62,1,65228.0,0,47.7,1.0,0,2,1,1,2.0,0,1,3,32614.0,1,0,1,1,0,1.6,195684.0,95.4,0
30,1,103070.0,1,7.0,1.0,2,7,3,0,1.0,1,1,10,51535.0,0,0,1,0,1,5.4,206140.0,14.0,0
67,0,35289.0,2,57.1,3.0,1,10,14,0,1.0,1,1,24,8822.25,1,0,1,0,1,11.600000000000001,70578.0,114.2,0
49,0,86986.0,1,8.9,1.0,2,4,7,1,5.0,0,1,11,43493.0,0,1,1,1,0,5.2,521916.0,17.8,0
68,0,64197.0,1,10.8,2.0,1,0,3,1,4.0,0,1,3,21399.0,0,1,1,1,0,1.2000000000000002,320985.0,21.6,0
31,0,103256.0,2,72.2,3.5,2,14,18,0,2.0,0,1,32,22945.777777777777,1,0,1,0,0,15.600000000000001,309768.0,144.4,0
45,1,76954.0,2,55.3,1.0,2,6,7,1,3.0,1,1,13,38477.0,1,1,1,1,1,6.4,307816.0,110.6,0
52,1,48565.0,1,56.7,2.0,1,5,2,1,1.0,1,1,7,16188.333333333334,1,0,1,1,1,3.8,97130.0,113.4,0
55,1,67401.0,1,82.5,2.0,0,2,2,1,3.0,1,1,4,22467.0,1,1,1,1,1,2.0,269604.0,165.0,1
46,1,30000.0,2,33.8,2.0,3,6,18,1,5.0,0,1,24,10000.0,0,1,1,1,0,10.8,180000.0,67.6,0
35,0,66987.0,2,28.9,2.0,1,12,13,1,1.0,0,1,25,22329.0,0,0,1,1,0,12.399999999999999,133974.0,57.8,0
69,0,30000.0,2,27.7,1.0,0,11,9,0,5.0,1,1,20,15000.0,0,1,1,0,1,10.2,180000.0,55.4,1
58,0,124823.0,2,70.8,2.0,3,12,8,1,4.0,1,1,20,41607.666666666664,1,1,1,1,1,10.399999999999999,624115.0,141.6,0
42,1,91899.0,2,33.4,1.0,1,7,9,0,1.0,1,1,16,45949.5,0,0,1,0,1,7.800000000000001,183798.0,66.8,0
59,1,33091.0,2,27.9,2.0,2,9,13,0,3.0,0,1,22,11030.333333333334,0,1,1,0,0,10.6,132364.0,55.8,0
49,1,101286.0,1,58.3,2.0,1,0,5,1,1.0,0,1,5,33762.0,1,0,1,1,0,2.0,202572.0,116.6,0
56,0,82195.0,2,15.8,2.0,1,4,3,0,2.0,1,1,7,27398.333333333332,0,0,1,0,1,3.6,246585.0,31.6,0
68,0,62482.0,1,28.5,3.0,2,0,3,0,4.0,1,1,3,15620.5,0,1,1,0,1,1.2000000000000002,312410.0,57.0,0
50,0,52573.0,0,40.7,1.0,1,2,2,0,5.0,1,1,4,26286.5,1,1,1,0,1,2.0,315438.0,81.4,0
43,0,93420.0,1,101.1,2.0,1,6,1,1,4.0,1,1,7,31140.0,1,1,1,1,1,3.9999999999999996,467100.0,202.2,0
45,1,101498.0,2,23.5,1.0,2,11,6,1,3.0,1,1,17,50749.0,0,1,1,1,1,9.0,405992.0,47.0,1
47,1,69551.0,1,8.7,2.0,1,6,2,1,2.0,0,1,8,23183.666666666668,0,0,1,1,0,4.3999999999999995,208653.0,17.4,0
61,0,80595.0,1,55.0,1.0,1,3,6,0,4.0,1,1,9,40297.5,1,1,1,0,1,4.2,402975.0,110.0,0
57,0,94598.0,1,27.0,1.0,2,5,4,1,2.0,1,1,9,47299.0,0,0,1,1,1,4.6,283794.0,54.0,0
64,0,43427.0,1,49.3,2.0,1,2,4,1,5.0,1,1,6,14475.666666666666,1,1,1,1,1,2.8,260562.0,98.6,0
46,1,69622.0,0,37.9,1.0,3,1,0,1,2.0,1,1,1,34811.0,0,0,1,1,1,0.6,208866.0,75.8,0
68,0,42077.0,2,49.8,2.0,1,7,9,0,2.0,0,1,16,14025.666666666666,1,0,1,0,0,7.800000000000001,126231.0,99.6,0
58,0,122455.0,1,11.6,2.0,0,0,7,1,4.0,1,1,7,40818.333333333336,0,1,1,1,1,2.8000000000000003,612275.0,23.2,1
64,1,88813.0,2,40.2,2.0,2,14,7,1,1.0,1,1,21,29604.333333333332,1,0,1,1,1,11.200000000000001,177626.0,80.4,0
33,0,95846.0,2,42.7,1.0,1,2,11,1,1.0,1,1,13,47923.0,1,0,1,1,1,5.6000000000000005,191692.0,85.4,0
58,1,87341.0,2,78.3,1.0,0,13,10,0,2.0,0,1,23,43670.5,1,0,1,0,0,11.8,262023.0,156.6,0
31,1,30000.0,1,79.3,1.0,1,0,7,1,5.0,1,1,7,15000.0,1,1,1,1,1,2.8000000000000003,180000.0,158.6,0
48,1,97627.0,2,38.4,2.0,0,4,7,0,3.0,0,1,11,32542.333333333332,0,1,1,0,0,5.2,390508.0,76.8,0
25,0,30000.0,1,43.6,1.0,0,4,3,0,5.0,1,1,7,15000.0,1,1,1,0,1,3.6,180000.0,87.2,0
33,0,30000.0,1,46.7,3.0,1,5,5,1,1.0,1,1,10,7500.0,1,0,1,1,1,5.0,60000.0,93.4,0
32,0,88179.0,1,13.0,3.5,2,6,8,0,1.0,0,1,14,19595.333333333332,0,0,1,0,0,6.8,176358.0,26.0,0
29,0,121387.0,2,52.5,2.0,1,5,19,1,5.0,0,1,24,40462.333333333336,1,1,1,1,0,10.600000000000001,728322.0,105.0,0
33,0,145079.0,2,82.7,3.0,3,12,9,1,4.0,1,1,21,36269.75,1,1,1,1,1,10.799999999999999,725395.0,165.4,1
48,0,116743.0,1,79.7,3.0,1,5,2,1,3.0,1,1,7,29185.75,1,1,1,1,1,3.8,466972.0,159.4,1
47,1,75470.0,0,46.8,3.0,2,0,0,1,1.0,0,1,0,18867.5,1,0,1,1,0,0.0,150940.0,93.6,0
65,0,120191.0,1,70.1,2.0,1,5,6,1,5.0,1,1,11,40063.666666666664,1,1,1,1,1,5.4,721146.0,140.2,1
26,1,132360.0,0,36.4,1.0,2,2,1,1,1.0,1,1,3,66180.0,0,0,1,1,1,1.6,264720.0,72.8,0
30,0,108724.0,1,5.0,3.0,2,5,3,1,4.0,0,1,8,27181.0,0,1,1,1,0,4.2,543620.0,10.0,0
35,1,30000.0,2,90.8,1.0,3,6,9,0,2.0,0,1,15,15000.0,1,0,1,0,0,7.199999999999999,90000.0,181.6,0
43,1,129781.0,2,28.1,1.0,2,7,9,0,1.0,1,1,16,64890.5,0,0,1,0,1,7.800000000000001,259562.0,56.2,0
56,1,30000.0,1,35.6,3.0,2,1,9,1,3.0,1,1,10,7500.0,0,1,1,1,1,4.2,120000.0,71.2,1
62,0,74231.0,1,55.6,1.0,1,6,1,1,2.0,1,1,7,37115.5,1,0,1,1,1,3.9999999999999996,222693.0,111.2,0
27,1,161662.0,0,11.2,1.0,1,0,0,1,4.0,1,1,0,80831.0,0,1,1,1,1,0.0,808310.0,22.4,0
54,1,100740.0,2,69.8,3.0,0,12,5,1,1.0,0,1,17,25185.0,1,0,1,1,0,9.2,201480.0,139.6,0
37,0,77364.0,2,11.1,1.0,1,14,8,1,3.0,0,1,22,38682.0,0,1,1,1,0,11.600000000000001,309456.0,22.2,0
61,1,137570.0,0,43.6,1.0,2,0,2,1,4.0,1,1,2,68785.0,1,1,1,1,1,0.8,687850.0,87.2,1
46,1,98064.0,1,5.0,2.0,1,2,4,1,3.0,0,1,6,32688.0,0,1,1,1,0,2.8,392256.0,10.0,0
35,1,101152.0,1,44.4,3.5,0,1,9,0,5.0,0,1,10,22478.222222222223,1,1,1,0,0,4.2,606912.0,88.8,0
54,0,102762.0,1,5.9,1.0,2,0,8,1,3.0,0,1,8,51381.0,0,1,1,1,0,3.2,411048.0,11.8,0
31,0,91412.0,1,46.6,2.0,2,6,8,0,2.0,0,1,14,30470.666666666668,1,0,1,0,0,6.8,274236.0,93.2,0
46,1,138714.0,1,33.6,3.5,2,7,5,1,1.0,1,1,12,30825.333333333332,0,0,1,1,1,6.2,277428.0,67.2,1
67,1,93105.0,2,40.3,2.0,3,7,5,0,1.0,0,1,12,31035.0,1,0,1,0,0,6.2,186210.0,80.6,0
67,1,46799.0,2,46.6,3.0,3,2,9,0,4.0,1,1,11,11699.75,1,1,1,0,1,4.8,233995.0,93.2,0
46,1,46094.0,2,47.4,3.0,1,10,3,0,2.0,1,1,13,11523.5,1,0,1,0,1,7.2,138282.0,94.8,0
45,1,52127.0,1,12.4,3.0,3,3,9,0,1.0,1,1,12,13031.75,0,0,1,0,1,5.4,104254.0,24.8,0
58,1,84708.0,2,29.0,3.0,1,8,5,1,1.0,0,1,13,21177.0,0,0,1,1,0,6.8,169416.0,58.0,0
34,0,96419.0,1,82.5,1.0,2,4,9,1,1.0,0,1,13,48209.5,1,0,1,1,0,6.0,192838.0,165.0,0
44,0,65003.0,1,30.4,2.0,2,5,3,1,5.0,0,1,8,21667.666666666668,0,1,1,1,0,4.2,390018.0,60.8,0
46,1,93234.0,2,25.6,2.0,2,4,12,0,5.0,0,1,16,31078.0,0,1,1,0,0,7.200000000000001,559404.0,51.2,0
27,0,114491.0,2,16.6,1.0,1,6,16,1,1.0,0,1,22,57245.5,0,0,1,1,0,10.0,228982.0,33.2,0
48,1,90493.0,2,5.0,2.0,1,2,5,1,1.0,1,1,7,30164.333333333332,0,0,1,1,1,3.2,180986.0,10.0,0
61,0,51280.0,1,6.6,1.0,2,6,4,1,5.0,1,1,10,25640.0,0,1,1,1,1,5.199999999999999,307680.0,13.2,0
48,1,84868.0,0,44.7,1.0,2,2,2,1,5.0,1,1,4,42434.0,1,1,1,1,1,2.0,509208.0,89.4,1
43,1,157270.0,2,32.2,1.0,3,7,17,0,3.0,1,1,24,78635.0,0,1,1,0,1,11.0,629080.0,64.4,1
28,1,91374.0,2,43.5,1.0,0,5,5,1,3.0,0,1,10,45687.0,1,1,1,1,0,5.0,365496.0,87.0,0
37,1,73742.0,2,40.8,2.0,3,5,12,1,1.0,1,1,17,24580.666666666668,1,0,1,1,1,7.800000000000001,147484.0,81.6,0
30,0,76920.0,2,18.2,2.0,2,5,18,1,3.0,0,1,23,25640.0,0,1,1,1,0,10.2,307680.0,36.4,0
38,0,46018.0,2,80.3,2.0,2,4,8,1,2.0,1,1,12,15339.333333333334,1,0,1,1,1,5.6,138054.0,160.6,0
62,1,31972.0,2,106.35000000000001,2.0,2,11,11,1,1.0,1,1,22,10657.333333333334,1,0,1,1,1,11.0,63944.0,212.70000000000002,0
49,1,85627.0,2,20.3,2.0,1,3,13,1,5.0,1,1,16,28542.333333333332,0,1,1,1,1,7.0,513762.0,40.6,1
58,1,137940.0,1,60.6,2.0,2,4,3,0,1.0,1,1,7,45980.0,1,0,1,0,1,3.6,275880.0,121.2,0
27,1,39254.0,2,28.4,3.0,0,7,11,0,1.0,0,1,18,9813.5,0,0,1,0,0,8.600000000000001,78508.0,56.8,0
39,1,158013.0,2,56.0,1.0,1,12,7,1,2.0,0,1,19,79006.5,1,0,1,1,0,10.0,474039.0,112.0,0
50,1,119480.0,2,47.6,2.0,2,7,14,0,1.0,1,1,21,39826.666666666664,1,0,1,0,1,9.8,238960.0,95.2,0
37,0,50361.0,2,66.2,3.0,1,4,12,0,1.0,0,1,16,12590.25,1,0,1,0,0,7.200000000000001,100722.0,132.4,0
66,1,84532.0,0,32.4,2.0,1,0,3,1,1.0,0,1,3,28177.333333333332,0,0,1,1,0,1.2000000000000002,169064.0,64.8,0
55,0,52072.0,1,38.2,1.0,2,0,9,1,3.0,1,1,9,26036.0,0,1,1,1,1,3.6,208288.0,76.4,0
45,0,116397.0,1,83.9,2.0,2,3,4,1,1.0,0,1,7,38799.0,1,0,1,1,0,3.4,232794.0,167.8,0
43,2,95471.0,1,26.1,3.5,3,0,3,1,3.0,0,1,3,21215.777777777777,0,1,1,1,0,1.2000000000000002,381884.0,52.2,0
27,0,62597.0,1,73.3,1.0,0,3,6,1,5.0,1,1,9,31298.5,1,1,1,1,1,4.2,375582.0,146.6,1
38,1,87352.0,2,5.0,3.0,1,3,7,0,3.0,0,1,10,21838.0,0,1,1,0,0,4.6,349408.0,10.0,0
49,1,113601.0,0,77.5,1.0,1,0,0,1,3.0,1,1,0,56800.5,1,1,1,1,1,0.0,454404.0,155.0,0
26,1,107709.0,2,34.5,3.5,2,2,16,1,5.0,1,1,18,23935.333333333332,0,1,1,1,1,7.6000000000000005,646254.0,69.0,1
39,0,130914.0,1,68.4,1.0,0,4,4,1,1.0,1,1,8,65457.0,1,0,1,1,1,4.0,261828.0,136.8,0
58,1,62674.0,2,35.2,1.0,1,4,8,1,5.0,0,1,12,31337.0,0,1,1,1,0,5.6,376044.0,70.4,0
56,1,48991.0,1,68.6,2.0,2,4,5,1,5.0,1,1,9,16330.333333333334,1,1,1,1,1,4.4,293946.0,137.2,1
69,1,73467.0,0,25.4,2.0,2,2,0,1,4.0,1,1,2,24489.0,0,1,1,1,1,1.2,367335.0,50.8,1
57,1,121363.0,1,19.5,1.0,2,7,2,0,2.0,1,1,9,60681.5,0,0,1,0,1,5.0,364089.0,39.0,0
49,1,92254.0,0,21.1,2.0,2,0,1,0,3.0,1,1,1,30751.333333333332,0,1,1,0,1,0.4,369016.0,42.2,0
30,0,45980.0,2,5.0,3.0,0,4,18,1,1.0,1,1,22,11495.0,0,0,1,1,1,9.6,91960.0,10.0,0
37,0,50167.0,2,66.3,2.0,3,5,8,0,3.0,1,1,13,16722.333333333332,1,1,1,0,1,6.2,200668.0,132.6,0
42,1,71865.0,1,5.0,1.0,2,6,5,0,1.0,1,1,11,35932.5,0,0,1,0,1,5.6,143730.0,10.0,0
65,1,81557.0,2,26.3,3.0,2,8,19,1,2.0,0,1,27,20389.25,0,0,1,1,0,12.4,244671.0,52.6,0
50,1,31911.0,2,10.8,3.5,1,3,14,1,2.0,1,1,17,7091.333333333333,0,0,1,1,1,7.4,95733.0,21.6,0
27,0,119040.0,1,48.1,1.0,1,1,8,0,1.0,0,1,9,59520.0,1,0,1,0,0,3.8000000000000003,238080.0,96.2,0
26,0,78973.0,1,48.0,1.0,2,3,3,1,5.0,0,1,6,39486.5,1,1,1,1,0,3.0,473838.0,96.0,0
44,1,122876.0,2,52.8,3.0,2,7,19,1,4.0,0,1,26,30719.0,1,1,1,1,0,11.8,614380.0,105.6,0
32,0,30000.0,1,16.6,1.0,2,6,7,1,4.0,0,1,13,15000.0,0,1,1,1,0,6.4,150000.0,33.2,0
67,1,122975.0,2,36.7,2.0,2,5,8,0,4.0,1,1,13,40991.666666666664,0,1,1,0,1,6.2,614875.0,73.4,0
34,2,86407.0,1,70.7,2.0,1,5,6,1,2.0,1,1,11,28802.333333333332,1,0,1,1,1,5.4,259221.0,141.4,0
36,1,90662.0,2,34.4,2.0,1,10,6,0,2.0,1,1,16,30220.666666666668,0,0,1,0,1,8.4,271986.0,68.8,1
51,0,117402.0,2,31.7,2.0,2,3,7,0,4.0,0,1,10,39134.0,0,1,1,0,0,4.6,587010.0,63.4,0
56,0,97571.0,2,38.6,1.0,2,7,6,0,2.0,0,1,13,48785.5,0,0,1,0,0,6.6000000000000005,292713.0,77.2,0
32,0,142955.0,2,50.3,1.0,0,5,7,0,3.0,1,1,12,71477.5,1,1,1,0,1,5.800000000000001,571820.0,100.6,0
67,0,97425.0,1,27.8,2.0,1,2,5,1,3.0,1,1,7,32475.0,0,1,1,1,1,3.2,389700.0,55.6,0
30,0,34531.0,2,70.9,2.0,0,9,12,0,4.0,1,1,21,11510.333333333334,1,1,1,0,1,10.2,172655.0,141.8,1
29,0,134665.0,1,24.2,3.0,1,4,7,0,3.0,0,1,11,33666.25,0,1,1,0,0,5.2,538660.0,48.4,0
62,1,165687.0,2,26.6,2.0,2,3,3,1,2.0,1,1,6,55229.0,0,0,1,1,1,3.0,497061.0,53.2,0
42,0,133662.0,1,64.3,3.0,0,1,1,1,2.0,0,1,2,33415.5,1,0,1,1,0,1.0,400986.0,128.6,0
47,1,50967.0,2,14.3,1.0,0,5,13,0,5.0,1,1,18,25483.5,0,1,1,0,1,8.2,305802.0,28.6,1
26,1,30000.0,1,21.9,1.0,1,0,4,0,4.0,1,1,4,15000.0,0,1,1,0,1,1.6,150000.0,43.8,0
67,0,76030.0,2,40.1,1.0,2,12,11,0,3.0,0,1,23,38015.0,0,1,1,0,0,11.6,304120.0,80.2,0
55,0,123595.0,2,34.8,3.0,1,14,3,1,1.0,0,1,17,30898.75,0,0,1,1,0,9.600000000000001,247190.0,69.6,0
54,1,84708.0,2,62.9,2.0,2,8,13,0,4.0,0,1,21,28236.0,1,1,1,0,0,10.0,423540.0,125.8,0
35,1,79298.0,1,6.8,2.0,2,7,4,0,5.0,1,1,11,26432.666666666668,0,1,1,0,1,5.800000000000001,475788.0,13.6,1
46,1,67840.0,0,8.5,2.0,0,1,0,1,4.0,1,1,1,22613.333333333332,0,1,1,1,1,0.6,339200.0,17.0,1
26,1,100402.0,0,29.3,2.0,0,2,0,1,5.0,1,1,2,33467.333333333336,0,1,1,1,1,1.2,602412.0,58.6,1
57,0,109146.0,2,69.4,1.0,2,12,8,0,4.0,1,1,20,54573.0,1,1,1,0,1,10.399999999999999,545730.0,138.8,0
28,1,99308.0,2,47.9,1.0,2,13,12,0,3.0,0,1,25,49654.0,1,1,1,0,0,12.600000000000001,397232.0,95.8,0
37,0,91330.0,2,22.6,3.5,0,4,5,0,4.0,0,1,9,20295.555555555555,0,1,1,0,0,4.4,456650.0,45.2,0
51,1,148464.0,2,19.8,2.0,2,14,14,0,5.0,0,1,28,49488.0,0,1,1,0,0,14.0,890784.0,39.6,1
65,1,86532.0,1,40.2,2.0,2,3,1,1,4.0,0,1,4,28844.0,1,1,1,1,0,2.1999999999999997,432660.0,80.4,0
63,0,82437.0,1,36.3,1.0,1,3,1,1,2.0,1,1,4,41218.5,0,0,1,1,1,2.1999999999999997,247311.0,72.6,0
49,0,35012.0,1,83.7,1.0,2,5,2,0,2.0,0,1,7,17506.0,1,0,1,0,0,3.8,105036.0,167.4,0
58,1,65800.0,1,5.0,2.0,2,1,3,1,1.0,0,1,4,21933.333333333332,0,0,1,1,0,1.8000000000000003,131600.0,10.0,0
31,1,91159.0,2,7.9,3.0,1,11,13,1,5.0,1,1,24,22789.75,0,1,1,1,1,11.8,546954.0,15.8,1
38,1,66606.0,0,44.9,1.0,1,0,2,1,3.0,0,1,2,33303.0,1,1,1,1,0,0.8,266424.0,89.8,0
33,1,51437.0,2,62.4,2.0,2,6,8,0,2.0,0,1,14,17145.666666666668,1,0,1,0,0,6.8,154311.0,124.8,0
60,1,59522.0,2,76.1,3.0,3,11,11,0,3.0,1,1,22,14880.5,1,1,1,0,1,11.0,238088.0,152.2,0
66,1,109479.0,0,52.7,2.0,2,1,3,1,3.0,1,1,4,36493.0,1,1,1,1,1,1.8000000000000003,437916.0,105.4,0
29,1,77550.0,2,50.6,3.0,1,8,6,0,1.0,0,1,14,19387.5,1,0,1,0,0,7.2,155100.0,101.2,0
33,0,58561.0,2,68.9,2.0,2,13,3,0,4.0,1,1,16,19520.333333333332,1,1,1,0,1,9.0,292805.0,137.8,1
63,1,80590.0,1,46.4,2.0,1,0,2,1,4.0,0,1,2,26863.333333333332,1,1,1,1,0,0.8,402950.0,92.8,0
39,0,130470.0,2,34.6,3.0,2,3,6,1,4.0,1,1,9,32617.5,0,1,1,1,1,4.2,652350.0,69.2,1
25,0,53762.0,2,38.0,1.0,2,4,11,0,5.0,1,1,15,26881.0,0,1,1,0,1,6.800000000000001,322572.0,76.0,0
30,1,30000.0,1,82.3,2.0,3,6,9,1,4.0,1,1,15,10000.0,1,1,1,1,1,7.199999999999999,150000.0,164.6,0
41,1,104635.0,2,28.9,1.0,2,8,11,0,3.0,1,1,19,52317.5,0,1,1,0,1,9.2,418540.0,57.8,0
26,0,102280.0,2,5.0,2.0,1,8,12,0,3.0,1,1,20,34093.333333333336,0,1,1,0,1,9.600000000000001,409120.0,10.0,0
42,1,131214.0,1,10.8,2.0,1,4,9,0,4.0,0,1,13,43738.0,0,1,1,0,0,6.0,656070.0,21.6,0
53,1,77515.0,2,35.4,2.0,0,9,12,1,2.0,1,1,21,25838.333333333332,0,0,1,1,1,10.2,232545.0,70.8,0
27,1,129551.0,2,30.9,1.0,2,9,11,0,2.0,1,1,20,64775.5,0,0,1,0,1,9.8,388653.0,61.8,1
46,0,104916.0,1,78.2,1.0,2,0,7,1,2.0,0,1,7,52458.0,1,0,1,1,0,2.8000000000000003,314748.0,156.4,0
32,1,126645.0,1,67.5,1.0,3,0,4,1,3.0,0,1,4,63322.5,1,1,1,1,0,1.6,506580.0,135.0,0
52,0,69693.0,2,27.6,2.0,1,11,16,1,1.0,1,1,27,23231.0,0,0,1,1,1,13.0,139386.0,55.2,0
44,0,30000.0,1,18.7,3.5,1,5,7,1,4.0,0,1,12,6666.666666666667,0,1,1,1,0,5.800000000000001,150000.0,37.4,0
34,0,78051.0,2,42.3,1.0,2,9,3,0,3.0,1,1,12,39025.5,1,1,1,0,1,6.6,312204.0,84.6,0
55,1,144679.0,0,5.2,1.0,1,2,1,1,5.0,0,1,3,72339.5,0,1,1,1,0,1.6,868074.0,10.4,1
28,1,126955.0,0,53.9,3.0,2,0,3,1,3.0,1,1,3,31738.75,1,1,1,1,1,1.2000000000000002,507820.0,107.8,0
33,0,75402.0,2,96.7,1.0,3,14,8,0,4.0,0,1,22,37701.0,1,1,1,0,0,11.600000000000001,377010.0,193.4,0
49,0,65359.0,2,60.0,2.0,2,6,4,0,4.0,1,1,10,21786.333333333332,1,1,1,0,1,5.199999999999999,326795.0,120.0,0
29,0,125124.0,2,64.2,2.0,2,6,13,1,1.0,1,1,19,41708.0,1,0,1,1,1,8.8,250248.0,128.4,0
47,0,82844.0,2,76.7,2.0,3,5,6,0,5.0,1,1,11,27614.666666666668,1,1,1,0,1,5.4,497064.0,153.4,1
50,1,37020.0,2,88.4,3.0,3,5,8,0,3.0,1,1,13,9255.0,1,1,1,0,1,6.2,148080.0,176.8,0
62,0,122680.0,1,39.3,2.0,2,7,8,1,2.0,1,1,15,40893.333333333336,0,0,1,1,1,7.4,368040.0,78.6,0
56,1,114733.0,2,59.2,2.0,1,8,10,0,4.0,1,1,18,38244.333333333336,1,1,1,0,1,8.8,573665.0,118.4,1
58,1,84708.0,1,60.1,1.0,1,3,3,0,2.0,1,1,6,42354.0,1,0,1,0,1,3.0,254124.0,120.2,0
44,0,83682.0,1,31.6,3.0,3,2,3,1,3.0,1,1,5,20920.5,0,1,1,1,1,2.4000000000000004,334728.0,63.2,0
52,0,90030.0,2,15.7,2.0,2,7,3,0,5.0,1,1,10,30010.0,0,1,1,0,1,5.4,540180.0,31.4,1
31,1,68806.0,2,82.5,2.0,1,7,17,0,5.0,1,1,24,22935.333333333332,1,1,1,0,1,11.0,412836.0,165.0,1
57,1,171467.0,2,5.0,2.0,1,10,13,1,2.0,1,1,23,57155.666666666664,0,0,1,1,1,11.2,514401.0,10.0,1
47,2,97982.0,1,98.2,3.0,2,3,6,1,5.0,0,1,9,24495.5,1,1,1,1,0,4.2,587892.0,196.4,0
25,1,133279.0,2,61.7,1.0,3,7,11,1,4.0,1,1,18,66639.5,1,1,1,1,1,8.600000000000001,666395.0,123.4,0
65,1,91435.0,2,47.4,2.0,2,12,9,0,3.0,0,1,21,30478.333333333332,1,1,1,0,0,10.799999999999999,365740.0,94.8,0
34,0,42659.0,2,33.1,1.0,3,10,13,0,1.0,1,1,23,21329.5,0,0,1,0,1,11.2,85318.0,66.2,0
60,0,65579.0,1,48.7,1.0,2,7,1,1,3.0,0,1,8,32789.5,1,1,1,1,0,4.6000000000000005,262316.0,97.4,0
54,1,46833.0,2,5.6,2.0,1,2,8,0,2.0,0,1,10,15611.0,0,0,1,0,0,4.4,140499.0,11.2,0
36,0,58877.0,2,5.0,2.0,1,5,3,0,2.0,1,1,8,19625.666666666668,0,0,1,0,1,4.2,176631.0,10.0,0
52,0,85889.0,1,36.6,2.0,2,6,3,0,5.0,1,1,9,28629.666666666668,0,1,1,0,1,4.8,515334.0,73.2,1
64,0,84708.0,1,58.5,2.0,2,6,5,0,4.0,1,1,11,28236.0,1,1,1,0,1,5.6,423540.0,117.0,0
65,1,45419.0,2,36.7,2.0,2,7,4,0,5.0,1,1,11,15139.666666666666,0,1,1,0,1,5.800000000000001,272514.0,73.4,1
45,1,30000.0,1,45.2,3.0,3,4,4,1,5.0,1,1,8,7500.0,1,1,1,1,1,4.0,180000.0,90.4,0
66,0,34091.0,1,29.6,2.0,0,2,8,1,4.0,1,1,10,11363.666666666666,0,1,1,1,1,4.4,170455.0,59.2,1
53,1,68372.0,2,5.0,3.0,2,10,18,0,2.0,1,1,28,17093.0,0,0,1,0,1,13.2,205116.0,10.0,0
65,1,83658.0,2,67.4,1.0,2,5,14,1,4.0,0,1,19,41829.0,1,1,1,1,0,8.600000000000001,418290.0,134.8,0
63,0,96508.0,2,5.0,1.0,2,11,11,0,4.0,0,1,22,48254.0,0,1,1,0,0,11.0,482540.0,10.0,0
42,1,169534.0,0,58.2,1.0,2,2,0,1,3.0,1,1,2,84767.0,1,1,1,1,1,1.2,678136.0,116.4,0
27,0,137450.0,2,56.9,3.5,2,11,15,1,5.0,0,1,26,30544.444444444445,1,1,1,1,0,12.6,824700.0,113.8,1
35,0,95119.0,2,31.6,3.0,0,7,6,0,1.0,1,1,13,23779.75,0,0,1,0,1,6.6000000000000005,190238.0,63.2,0
37,0,30000.0,2,49.9,2.0,0,14,17,1,3.0,1,1,31,10000.0,1,1,1,1,1,15.200000000000001,120000.0,99.8,0
28,1,132101.0,1,33.3,1.0,1,7,9,1,4.0,0,1,16,66050.5,0,1,1,1,0,7.800000000000001,660505.0,66.6,0
33,0,67836.0,1,43.5,2.0,1,2,1,1,4.0,0,1,3,22612.0,1,1,1,1,0,1.6,339180.0,87.0,0
65,2,83796.0,1,40.2,1.0,3,5,1,1,2.0,1,1,6,41898.0,1,0,1,1,1,3.4,251388.0,80.4,0
34,1,75850.0,2,38.7,3.0,1,6,6,0,1.0,1,1,12,18962.5,0,0,1,0,1,6.0,151700.0,77.4,0
35,1,108330.0,0,69.3,1.0,1,1,1,1,5.0,0,1,2,54165.0,1,1,1,1,0,1.0,649980.0,138.6,0
54,0,83766.0,1,5.0,1.0,0,7,8,0,2.0,0,1,15,41883.0,0,0,1,0,0,7.4,251298.0,10.0,0
59,1,31505.0,2,28.8,1.0,1,9,12,0,1.0,1,1,21,15752.5,0,0,1,0,1,10.2,63010.0,57.6,0
52,1,123536.0,2,52.9,2.0,3,12,8,0,5.0,0,1,20,41178.666666666664,1,1,1,0,0,10.399999999999999,741216.0,105.8,0
54,0,118810.0,2,5.0,2.0,0,5,16,1,1.0,1,1,21,39603.333333333336,0,0,1,1,1,9.4,237620.0,10.0,0
38,1,122042.0,2,34.1,2.0,1,11,18,0,2.0,1,1,29,40680.666666666664,0,0,1,0,1,13.8,366126.0,68.2,0
56,1,114943.0,1,5.0,2.0,1,0,1,1,5.0,1,1,1,38314.333333333336,0,1,1,1,1,0.4,689658.0,10.0,1
28,1,34520.0,2,68.5,2.0,2,4,7,1,3.0,0,1,11,11506.666666666666,1,1,1,1,0,5.2,138080.0,137.0,0
45,1,42465.0,1,62.0,1.0,2,5,2,1,4.0,1,1,7,21232.5,1,1,1,1,1,3.8,212325.0,124.0,0
52,1,30000.0,2,55.6,3.0,1,8,13,0,2.0,0,1,21,7500.0,1,0,1,0,0,10.0,90000.0,111.2,0
30,2,38857.0,2,44.0,2.0,2,3,17,1,2.0,1,1,20,12952.333333333334,1,0,1,1,1,8.600000000000001,116571.0,88.0,0
64,1,73344.0,0,43.0,3.5,0,1,3,1,2.0,1,1,4,16298.666666666666,1,0,1,1,1,1.8000000000000003,220032.0,86.0,0
45,1,43018.0,2,8.5,2.0,1,12,8,1,2.0,1,1,20,14339.333333333334,0,0,1,1,1,10.399999999999999,129054.0,17.0,0
63,0,78129.0,0,85.3,2.0,1,1,1,1,3.0,1,1,2,26043.0,1,1,1,1,1,1.0,312516.0,170.6,0
53,1,41344.0,0,51.3,1.0,0,2,3,1,4.0,0,1,5,20672.0,1,1,1,1,0,2.4000000000000004,206720.0,102.6,0
55,0,101437.0,1,24.4,1.0,1,7,7,0,4.0,0,1,14,50718.5,0,1,1,0,0,7.0,507185.0,48.8,0
56,1,30000.0,2,5.0,2.0,1,5,8,0,1.0,0,1,13,10000.0,0,0,1,0,0,6.2,60000.0,10.0,0
27,0,92266.0,2,43.5,1.0,2,9,11,0,1.0,1,1,20,46133.0,1,0,1,0,1,9.8,184532.0,87.0,0
26,1,76650.0,2,14.2,2.0,0,13,11,0,2.0,1,1,24,25550.0,0,0,1,0,1,12.2,229950.0,28.4,0
31,1,53089.0,2,75.6,1.0,3,2,8,0,4.0,1,1,10,26544.5,1,1,1,0,1,4.4,265445.0,151.2,1
55,0,126966.0,1,36.8,1.0,2,6,1,1,3.0,1,1,7,63483.0,0,1,1,1,1,3.9999999999999996,507864.0,73.6,1
66,0,113067.0,1,40.4,2.0,1,2,5,1,5.0,1,1,7,37689.0,1,1,1,1,1,3.2,678402.0,80.8,1
59,0,49766.0,1,30.3,1.0,3,4,5,0,2.0,1,1,9,24883.0,0,0,1,0,1,4.4,149298.0,60.6,0
38,0,121445.0,0,70.9,3.0,1,0,2,1,4.0,1,1,2,30361.25,1,1,1,1,1,0.8,607225.0,141.8,0
55,1,92901.0,0,69.4,2.0,1,2,0,1,2.0,0,1,2,30967.0,1,0,1,1,0,1.2,278703.0,138.8,0
34,1,72043.0,0,19.6,2.0,2,1,1,1,2.0,1,1,2,24014.333333333332,0,0,1,1,1,1.0,216129.0,39.2,0
52,1,87026.0,0,38.6,2.0,2,0,0,0,1.0,0,1,0,29008.666666666668,0,0,1,0,0,0.0,174052.0,77.2,0
66,1,69920.0,1,5.0,2.0,1,6,4,0,4.0,1,1,10,23306.666666666668,0,1,1,0,1,5.199999999999999,349600.0,10.0,0
60,1,30000.0,0,5.0,2.0,1,0,2,1,2.0,0,1,2,10000.0,0,0,1,1,0,0.8,90000.0,10.0,0
44,1,32644.0,1,38.2,1.0,1,1,8,1,4.0,0,1,9,16322.0,0,1,1,1,0,3.8000000000000003,163220.0,76.4,0
46,0,110550.0,2,9.8,2.0,1,5,16,0,2.0,1,1,21,36850.0,0,0,1,0,1,9.4,331650.0,19.6,1
64,1,93655.0,1,51.8,1.0,1,2,5,1,4.0,0,1,7,46827.5,1,1,1,1,0,3.2,468275.0,103.6,0
59,1,111031.0,1,28.0,1.0,1,1,2,0,5.0,1,1,3,55515.5,0,1,1,0,1,1.4,666186.0,56.0,1
35,1,98078.0,2,48.5,1.0,2,4,15,1,1.0,1,1,19,49039.0,1,0,1,1,1,8.4,196156.0,97.0,0
56,0,86255.0,0,12.4,1.0,0,1,1,1,4.0,1,1,2,43127.5,0,1,1,1,1,1.0,431275.0,24.8,1
38,1,87809.0,0,65.9,3.0,1,1,2,1,3.0,1,1,3,21952.25,1,1,1,1,1,1.4,351236.0,131.8,0
67,1,62154.0,1,52.3,3.0,3,3,4,1,2.0,1,1,7,15538.5,1,0,1,1,1,3.4,186462.0,104.6,0
59,1,130734.0,0,33.9,1.0,2,1,1,0,4.0,1,1,2,65367.0,0,1,1,0,1,1.0,653670.0,67.8,0
44,1,46477.0,0,5.0,3.0,3,0,3,1,2.0,1,1,3,11619.25,0,0,1,1,1,1.2000000000000002,139431.0,10.0,0
25,0,100440.0,2,46.0,1.0,3,12,10,1,2.0,1,1,22,50220.0,1,0,1,1,1,11.2,301320.0,92.0,0
52,0,80006.0,2,6.2,1.0,2,13,7,0,5.0,0,1,20,40003.0,0,1,1,0,0,10.6,480036.0,12.4,0
51,0,92614.0,1,50.3,2.0,2,0,6,0,3.0,0,1,6,30871.333333333332,1,1,1,0,0,2.4000000000000004,370456.0,100.6,0
52,0,78278.0,1,26.5,1.0,2,4,5,1,5.0,0,1,9,39139.0,0,1,1,1,0,4.4,469668.0,53.0,0
26,1,58804.0,2,59.0,2.0,2,13,13,1,3.0,1,1,26,19601.333333333332,1,1,1,1,1,13.0,235216.0,118.0,1
46,0,115154.0,0,11.9,2.0,0,1,0,1,1.0,1,1,1,38384.666666666664,0,0,1,1,1,0.6,230308.0,23.8,0
31,1,51921.0,1,63.2,2.0,1,2,4,1,4.0,1,1,6,17307.0,1,1,1,1,1,2.8,259605.0,126.4,1
69,1,30000.0,0,40.1,1.0,1,0,0,1,2.0,0,1,0,15000.0,0,0,1,1,0,0.0,90000.0,80.2,0
38,1,63655.0,1,24.3,1.0,1,7,1,1,5.0,1,1,8,31827.5,0,1,1,1,1,4.6000000000000005,381930.0,48.6,0
66,0,84708.0,2,5.0,3.5,2,6,8,1,2.0,1,1,14,18824.0,0,0,1,1,1,6.8,254124.0,10.0,0
62,1,107519.0,2,29.3,1.0,2,5,15,0,1.0,0,1,20,53759.5,0,0,1,0,0,9.0,215038.0,58.6,0
61,1,89740.0,1,57.1,3.0,1,6,3,1,4.0,1,1,9,22435.0,1,1,1,1,1,4.8,448700.0,114.2,0
58,1,94493.0,0,5.0,1.0,2,0,1,1,2.0,0,1,1,47246.5,0,0,1,1,0,0.4,283479.0,10.0,0
34,1,108875.0,2,57.5,1.0,2,11,19,1,1.0,1,1,30,54437.5,1,0,1,1,1,14.2,217750.0,115.0,0
64,1,74568.0,1,62.0,1.0,1,4,5,1,3.0,1,1,9,37284.0,1,1,1,1,1,4.4,298272.0,124.0,0
52,1,104297.0,1,73.5,2.0,3,7,8,1,5.0,1,1,15,34765.666666666664,1,1,1,1,1,7.4,625782.0,147.0,0
44,0,59429.0,1,42.2,1.0,0,2,7,1,1.0,0,1,9,29714.5,1,0,1,1,0,4.0,118858.0,84.4,0
62,1,39370.0,1,28.8,2.0,2,3,6,0,4.0,0,1,9,13123.333333333334,0,1,1,0,0,4.2,196850.0,57.6,0
28,0,30000.0,2,75.0,2.0,0,13,16,1,1.0,1,1,29,10000.0,1,0,1,1,1,14.2,60000.0,150.0,0
37,0,30000.0,0,5.0,3.0,1,1,2,1,4.0,1,1,3,7500.0,0,1,1,1,1,1.4,150000.0,10.0,1
29,0,77530.0,1,81.3,3.0,2,5,7,0,3.0,1,1,12,19382.5,1,1,1,0,1,5.800000000000001,310120.0,162.6,0
45,1,94303.0,2,64.2,1.0,0,13,17,0,4.0,1,1,30,47151.5,1,1,1,0,1,14.600000000000001,471515.0,128.4,0
69,1,100336.0,2,56.7,1.0,2,7,11,0,4.0,1,1,18,50168.0,1,1,1,0,1,8.600000000000001,501680.0,113.4,1
33,0,68679.0,1,49.0,1.0,2,0,6,0,3.0,0,1,6,34339.5,1,1,1,0,0,2.4000000000000004,274716.0,98.0,0
61,1,104378.0,1,48.5,1.0,1,0,3,1,2.0,1,1,3,52189.0,1,0,1,1,1,1.2000000000000002,313134.0,97.0,0
53,1,128558.0,1,90.6,1.0,1,6,2,1,5.0,1,1,8,64279.0,1,1,1,1,1,4.3999999999999995,771348.0,181.2,1
35,1,78834.0,2,18.3,1.0,2,10,5,0,1.0,1,1,15,39417.0,0,0,1,0,1,8.0,157668.0,36.6,0
38,1,124531.0,2,30.7,1.0,2,6,17,1,2.0,1,1,23,62265.5,0,0,1,1,1,10.4,373593.0,61.4,0
27,1,84708.0,2,78.1,1.0,2,11,11,0,5.0,0,1,22,42354.0,1,1,1,0,0,11.0,508248.0,156.2,0
66,0,84734.0,2,63.2,1.0,1,9,5,1,3.0,0,1,14,42367.0,1,1,1,1,0,7.3999999999999995,338936.0,126.4,0
47,1,117506.0,1,40.2,1.0,2,5,1,1,3.0,1,1,6,58753.0,1,1,1,1,1,3.4,470024.0,80.4,0
62,0,74797.0,2,36.4,2.0,2,10,11,0,2.0,0,1,21,24932.333333333332,0,0,1,0,0,10.4,224391.0,72.8,0
39,0,52373.0,2,57.2,1.0,1,12,11,0,3.0,1,1,23,26186.5,1,1,1,0,1,11.6,209492.0,114.4,0
52,1,112176.0,1,5.0,1.0,2,2,1,1,1.0,0,1,3,56088.0,0,0,1,1,0,1.6,224352.0,10.0,0
34,1,61360.0,1,19.0,1.0,1,4,1,0,4.0,0,1,5,30680.0,0,1,1,0,0,2.8,306800.0,38.0,0
30,0,65757.0,2,63.0,1.0,2,12,8,0,2.0,1,1,20,32878.5,1,0,1,0,1,10.399999999999999,197271.0,126.0,0
39,1,131725.0,1,29.4,3.0,1,2,8,0,3.0,1,1,10,32931.25,0,1,1,0,1,4.4,526900.0,58.8,1
37,0,106618.0,2,38.5,2.0,0,6,15,1,3.0,1,1,21,35539.333333333336,0,1,1,1,1,9.6,426472.0,77.0,0
52,0,41811.0,2,5.0,1.0,2,8,4,0,1.0,1,1,12,20905.5,0,0,1,0,1,6.4,83622.0,10.0,0
47,0,81353.0,1,46.9,3.0,1,2,5,1,2.0,0,1,7,20338.25,1,0,1,1,0,3.2,244059.0,93.8,0
36,1,96021.0,1,50.7,3.0,1,2,1,0,5.0,0,1,3,24005.25,1,1,1,0,0,1.6,576126.0,101.4,0
41,0,49646.0,2,69.2,2.0,0,2,11,0,1.0,1,1,13,16548.666666666668,1,0,1,0,1,5.6000000000000005,99292.0,138.4,0
44,0,158214.0,1,27.4,2.0,3,2,6,1,4.0,0,1,8,52738.0,0,1,1,1,0,3.6000000000000005,791070.0,54.8,0
42,0,82313.0,2,40.1,1.0,1,10,8,0,2.0,0,1,18,41156.5,0,0,1,0,0,9.2,246939.0,80.2,0
58,0,89281.0,1,57.6,1.0,2,3,8,0,2.0,1,1,11,44640.5,1,0,1,0,1,5.0,267843.0,115.2,1
42,1,114059.0,1,29.2,1.0,2,0,7,0,3.0,0,1,7,57029.5,0,1,1,0,0,2.8000000000000003,456236.0,58.4,0
46,1,48527.0,2,58.7,2.0,0,2,6,1,3.0,1,1,8,16175.666666666666,1,1,1,1,1,3.6000000000000005,194108.0,117.4,0
42,0,72886.0,2,35.0,2.0,2,8,8,0,2.0,0,1,16,24295.333333333332,0,0,1,0,0,8.0,218658.0,70.0,0
61,0,121896.0,2,29.9,3.5,1,2,10,0,3.0,1,1,12,27088.0,0,1,1,0,1,5.2,487584.0,59.8,0
47,0,160711.0,1,25.9,3.5,2,1,7,1,3.0,0,1,8,35713.555555555555,0,1,1,1,0,3.4000000000000004,642844.0,51.8,0
39,1,116931.0,1,61.4,2.0,2,5,4,1,5.0,0,1,9,38977.0,1,1,1,1,0,4.6,701586.0,122.8,0
44,2,35457.0,0,48.4,1.0,0,1,1,1,5.0,0,1,2,17728.5,1,1,1,1,0,1.0,212742.0,96.8,0
47,1,71627.0,2,57.1,2.0,1,4,16,0,2.0,1,1,20,23875.666666666668,1,0,1,0,1,8.8,214881.0,114.2,0
66,1,36388.0,0,5.0,1.0,1,1,2,1,2.0,1,1,3,18194.0,0,0,1,1,1,1.4,109164.0,10.0,0
68,1,99661.0,1,47.8,1.0,1,1,5,1,5.0,1,1,6,49830.5,1,1,1,1,1,2.6,597966.0,95.6,1
66,0,115813.0,0,39.0,2.0,0,1,1,0,4.0,0,1,2,38604.333333333336,0,1,1,0,0,1.0,579065.0,78.0,0
56,0,96954.0,2,32.5,2.0,1,11,11,1,1.0,1,1,22,32318.0,0,0,1,1,1,11.0,193908.0,65.0,0
47,1,130024.0,1,39.5,2.0,1,6,7,1,4.0,1,1,13,43341.333333333336,0,1,1,1,1,6.4,650120.0,79.0,0
45,1,151724.0,2,23.0,3.0,2,9,19,0,3.0,1,1,28,37931.0,0,1,1,0,1,13.0,606896.0,46.0,1
27,0,92451.0,2,101.6,1.0,2,10,10,0,1.0,0,1,20,46225.5,1,0,1,0,0,10.0,184902.0,203.2,0
29,0,122568.0,1,24.2,2.0,2,0,4,1,4.0,0,1,4,40856.0,0,1,1,1,0,1.6,612840.0,48.4,0
44,1,30000.0,2,21.5,3.0,1,12,6,1,1.0,1,1,18,7500.0,0,0,1,1,1,9.6,60000.0,43.0,0
28,2,82942.0,1,19.2,2.0,2,5,3,1,4.0,0,1,8,27647.333333333332,0,1,1,1,0,4.2,414710.0,38.4,0
47,1,61127.0,1,19.5,3.0,0,1,8,1,2.0,1,1,9,15281.75,0,0,1,1,1,3.8000000000000003,183381.0,39.0,0
43,1,78815.0,0,5.0,2.0,1,0,3,1,3.0,1,1,3,26271.666666666668,0,1,1,1,1,1.2000000000000002,315260.0,10.0,0
35,1,105706.0,1,31.7,2.0,1,7,3,1,3.0,1,1,10,35235.333333333336,0,1,1,1,1,5.4,422824.0,63.4,0
49,1,103167.0,0,40.2,2.0,1,0,2,1,1.0,0,1,2,34389.0,1,0,1,1,0,0.8,206334.0,80.4,0
58,1,38921.0,0,5.0,3.0,1,0,0,1,4.0,1,1,0,9730.25,0,1,1,1,1,0.0,194605.0,10.0,0
51,1,103616.0,2,40.6,2.0,1,13,5,0,5.0,1,1,18,34538.666666666664,1,1,1,0,1,9.8,621696.0,81.2,1
66,1,125685.0,2,41.5,3.0,1,8,10,1,1.0,1,1,18,31421.25,1,0,1,1,1,8.8,251370.0,83.0,0
66,1,86448.0,0,6.2,1.0,2,1,0,1,2.0,1,1,1,43224.0,0,0,1,1,1,0.6,259344.0,12.4,0
27,1,84708.0,2,45.2,3.0,2,14,8,1,4.0,0,1,22,21177.0,1,1,1,1,0,11.600000000000001,423540.0,90.4,0
33,0,132695.0,0,7.2,3.0,1,2,0,1,1.0,1,1,2,33173.75,0,0,1,1,1,1.2,265390.0,14.4,0
39,0,34335.0,2,50.9,3.0,2,12,3,1,3.0,1,1,15,8583.75,1,1,1,1,1,8.399999999999999,137340.0,101.8,1
35,1,61328.0,2,30.5,2.0,2,10,16,0,5.0,0,1,26,20442.666666666668,0,1,1,0,0,12.4,367968.0,61.0,0
38,0,103058.0,2,50.7,1.0,1,14,16,0,5.0,1,1,30,51529.0,1,1,1,0,1,14.8,618348.0,101.4,1
49,1,82805.0,2,27.8,1.0,1,12,14,0,5.0,1,1,26,41402.5,0,1,1,0,1,12.8,496830.0,55.6,1
61,0,73436.0,1,65.4,1.0,3,6,6,1,4.0,0,1,12,36718.0,1,1,1,1,0,6.0,367180.0,130.8,0
68,1,62869.0,2,87.7,2.0,2,4,4,1,3.0,0,1,8,20956.333333333332,1,1,1,1,0,4.0,251476.0,175.4,0
30,1,96811.0,1,24.3,1.0,2,0,3,1,1.0,1,1,3,48405.5,0,0,1,1,1,1.2000000000000002,193622.0,48.6,0
34,0,61669.0,1,35.4,3.5,1,7,1,1,3.0,0,1,8,13704.222222222223,0,1,1,1,0,4.6000000000000005,246676.0,70.8,0
29,1,104125.0,1,82.7,2.0,1,4,8,1,2.0,1,1,12,34708.333333333336,1,0,1,1,1,5.6,312375.0,165.4,0
66,0,66492.0,0,84.9,2.0,2,0,3,1,5.0,1,1,3,22164.0,1,1,1,1,1,1.2000000000000002,398952.0,169.8,0
25,0,96458.0,2,31.0,2.0,2,7,19,1,2.0,1,1,26,32152.666666666668,0,0,1,1,1,11.8,289374.0,62.0,0
30,0,52416.0,1,50.3,2.0,0,4,5,1,5.0,0,1,9,17472.0,1,1,1,1,0,4.4,314496.0,100.6,0
47,0,117793.0,2,32.9,2.0,2,10,5,0,5.0,1,1,15,39264.333333333336,0,1,1,0,1,8.0,706758.0,65.8,0
54,0,91566.0,1,9.9,1.0,3,7,8,0,3.0,0,1,15,45783.0,0,1,1,0,0,7.4,366264.0,19.8,0
48,0,73882.0,1,20.1,1.0,2,6,4,1,5.0,0,1,10,36941.0,0,1,1,1,0,5.199999999999999,443292.0,40.2,0
34,0,30000.0,2,8.7,3.0,1,7,5,1,3.0,0,1,12,7500.0,0,1,1,1,0,6.2,120000.0,17.4,0
29,1,96347.0,2,93.6,2.0,1,6,17,1,4.0,1,1,23,32115.666666666668,1,1,1,1,1,10.4,481735.0,187.2,1
28,0,30000.0,1,20.4,1.0,1,7,5,1,5.0,0,1,12,15000.0,0,1,1,1,0,6.2,180000.0,40.8,0
48,1,77202.0,2,48.3,2.0,1,4,4,1,1.0,0,1,8,25734.0,1,0,1,1,0,4.0,154404.0,96.6,0
68,0,86068.0,2,45.5,3.0,1,9,16,0,5.0,1,1,25,21517.0,1,1,1,0,1,11.8,516408.0,91.0,1
40,0,82640.0,2,45.8,2.0,2,7,5,1,1.0,0,1,12,27546.666666666668,1,0,1,1,0,6.2,165280.0,91.6,0
25,2,88725.0,2,18.8,3.5,2,4,16,1,2.0,0,1,20,19716.666666666668,0,0,1,1,0,8.8,266175.0,37.6,0
42,1,116243.0,0,89.0,2.0,1,1,3,0,4.0,1,1,4,38747.666666666664,1,1,1,0,1,1.8000000000000003,581215.0,178.0,0
37,0,57076.0,2,70.6,2.0,2,9,6,0,5.0,1,1,15,19025.333333333332,1,1,1,0,1,7.8,342456.0,141.2,0
65,0,90257.0,1,31.0,2.0,1,0,5,1,1.0,1,1,5,30085.666666666668,0,0,1,1,1,2.0,180514.0,62.0,0
60,0,41269.0,0,5.0,1.0,2,1,3,1,2.0,1,1,4,20634.5,0,0,1,1,1,1.8000000000000003,123807.0,10.0,0
32,0,30000.0,2,5.0,3.0,2,7,17,0,2.0,1,1,24,7500.0,0,0,1,0,1,11.0,90000.0,10.0,0
34,0,165571.0,2,39.7,1.0,0,3,14,0,2.0,0,1,17,82785.5,0,0,1,0,0,7.4,496713.0,79.4,0
48,1,87109.0,1,15.0,1.0,1,7,7,1,4.0,1,1,14,43554.5,0,1,1,1,1,7.0,435545.0,30.0,1
30,0,125599.0,1,49.5,2.0,1,6,9,1,3.0,1,1,15,41866.333333333336,1,1,1,1,1,7.199999999999999,502396.0,99.0,1
36,0,49077.0,2,40.2,1.0,2,4,16,1,3.0,1,1,20,24538.5,1,1,1,1,1,8.8,196308.0,80.4,0
55,0,107430.0,0,53.2,1.0,2,2,2,1,1.0,1,1,4,53715.0,1,0,1,1,1,2.0,214860.0,106.4,0
48,1,46678.0,0,81.3,1.0,0,1,1,0,5.0,1,1,2,23339.0,1,1,1,0,1,1.0,280068.0,162.6,0
25,1,93957.0,2,66.0,2.0,3,11,16,1,5.0,0,1,27,31319.0,1,1,1,1,0,13.0,563742.0,132.0,0
35,1,30000.0,0,5.0,1.0,3,2,3,1,2.0,1,1,5,15000.0,0,0,1,1,1,2.4000000000000004,90000.0,10.0,0
63,0,104567.0,2,80.3,2.0,1,11,14,1,2.0,0,1,25,34855.666666666664,1,0,1,1,0,12.2,313701.0,160.6,0
44,0,48469.0,2,42.2,3.5,2,13,10,0,1.0,1,1,23,10770.888888888889,1,0,1,0,1,11.8,96938.0,84.4,0
58,0,121098.0,2,12.6,2.0,2,14,19,0,4.0,0,1,33,40366.0,0,1,1,0,0,16.0,605490.0,25.2,0
43,1,70809.0,1,67.5,3.0,0,4,8,1,1.0,1,1,12,17702.25,1,0,1,1,1,5.6,141618.0,135.0,0
59,0,36126.0,2,23.1,1.0,1,4,17,0,5.0,1,1,21,18063.0,0,1,1,0,1,9.200000000000001,216756.0,46.2,1
25,1,135047.0,1,30.1,2.0,2,1,3,0,4.0,1,1,4,45015.666666666664,0,1,1,0,1,1.8000000000000003,675235.0,60.2,0
31,0,63682.0,2,67.7,1.0,0,5,5,0,5.0,1,1,10,31841.0,1,1,1,0,1,5.0,382092.0,135.4,0
46,1,119848.0,1,77.6,1.0,1,4,6,1,3.0,0,1,10,59924.0,1,1,1,1,0,4.800000000000001,479392.0,155.2,0
33,1,107087.0,0,49.0,2.0,1,0,0,1,4.0,1,1,0,35695.666666666664,1,1,1,1,1,0.0,535435.0,98.0,0
65,0,33767.0,1,73.2,3.0,2,6,1,1,2.0,1,1,7,8441.75,1,0,1,1,1,3.9999999999999996,101301.0,146.4,0
28,1,57150.0,0,76.3,2.0,0,0,0,1,2.0,0,1,0,19050.0,1,0,1,1,0,0.0,171450.0,152.6,0
58,1,98559.0,2,15.5,1.0,1,3,13,1,2.0,1,1,16,49279.5,0,0,1,1,1,7.0,295677.0,31.0,0
48,0,112294.0,1,72.7,1.0,3,0,2,1,5.0,1,1,2,56147.0,1,1,1,1,1,0.8,673764.0,145.4,1
38,1,97107.0,2,38.7,3.0,1,5,11,0,5.0,1,1,16,24276.75,0,1,1,0,1,7.4,582642.0,77.4,1
26,0,147723.0,0,55.7,3.5,1,0,1,1,2.0,1,1,1,32827.333333333336,1,0,1,1,1,0.4,443169.0,111.4,0
54,1,39917.0,2,60.4,3.5,2,10,7,0,1.0,1,1,17,8870.444444444445,1,0,1,0,1,8.8,79834.0,120.8,0
65,0,77795.0,2,9.2,2.0,2,11,18,1,5.0,0,1,29,25931.666666666668,0,1,1,1,0,13.8,466770.0,18.4,0
25,1,51918.0,2,5.0,2.0,1,9,19,0,4.0,0,1,28,17306.0,0,1,1,0,0,13.0,259590.0,10.0,0
69,0,55780.0,2,10.3,2.0,1,6,11,0,1.0,0,1,17,18593.333333333332,0,0,1,0,0,8.0,111560.0,20.6,0
51,1,123800.0,2,55.3,2.0,1,6,8,0,1.0,1,1,14,41266.666666666664,1,0,1,0,1,6.8,247600.0,110.6,0
25,0,104649.0,1,32.7,2.0,3,3,3,1,1.0,0,1,6,34883.0,0,0,1,1,0,3.0,209298.0,65.4,0
54,1,65864.0,0,44.7,1.0,2,1,0,1,1.0,1,1,1,32932.0,1,0,1,1,1,0.6,131728.0,89.4,0
58,0,97639.0,2,43.2,1.0,2,5,12,0,1.0,0,1,17,48819.5,1,0,1,0,0,7.800000000000001,195278.0,86.4,0
44,0,73356.0,1,35.0,1.0,2,5,9,0,3.0,1,1,14,36678.0,0,1,1,0,1,6.6,293424.0,70.0,0
42,1,87755.0,0,21.2,3.0,2,2,3,1,1.0,1,1,5,21938.75,0,0,1,1,1,2.4000000000000004,175510.0,42.4,0
48,1,30000.0,1,5.0,2.0,2,2,9,1,5.0,1,1,11,10000.0,0,1,1,1,1,4.8,180000.0,10.0,0
30,1,92288.0,1,38.9,1.0,1,4,7,1,1.0,0,1,11,46144.0,0,0,1,1,0,5.2,184576.0,77.8,0
58,1,84173.0,2,39.3,1.0,1,7,5,1,4.0,1,1,12,42086.5,0,1,1,1,1,6.2,420865.0,78.6,0
46,1,79548.0,2,5.4,2.0,0,11,13,1,3.0,1,1,24,26516.0,0,1,1,1,1,11.8,318192.0,10.8,1
41,0,75771.0,1,7.0,1.0,2,4,6,1,5.0,0,1,10,37885.5,0,1,1,1,0,4.800000000000001,454626.0,14.0,0
50,1,51978.0,2,5.0,3.0,3,10,6,1,2.0,1,1,16,12994.5,0,0,1,1,1,8.4,155934.0,10.0,1
44,0,139077.0,2,72.8,2.0,1,10,3,0,3.0,1,1,13,46359.0,1,1,1,0,1,7.2,556308.0,145.6,1
66,0,124119.0,2,49.4,3.0,2,2,17,1,1.0,1,1,19,31029.75,1,0,1,1,1,8.0,248238.0,98.8,0
39,1,37132.0,1,20.1,1.0,0,5,2,1,2.0,1,1,7,18566.0,0,0,1,1,1,3.8,111396.0,40.2,0
51,2,134900.0,1,58.1,1.0,0,3,8,1,4.0,0,1,11,67450.0,1,1,1,1,0,5.0,674500.0,116.2,0
30,1,83827.0,1,48.0,1.0,2,0,4,1,4.0,1,1,4,41913.5,1,1,1,1,1,1.6,419135.0,96.0,0
48,1,132305.0,1,64.7,1.0,0,0,9,0,5.0,1,1,9,66152.5,1,1,1,0,1,3.6,793830.0,129.4,1
69,1,102300.0,1,75.9,2.0,2,4,4,1,4.0,1,1,8,34100.0,1,1,1,1,1,4.0,511500.0,151.8,1
58,1,92265.0,2,33.0,3.5,1,6,15,0,2.0,1,1,21,20503.333333333332,0,0,1,0,1,9.6,276795.0,66.0,0
53,2,131789.0,2,34.7,3.0,0,10,5,0,5.0,1,1,15,32947.25,0,1,1,0,1,8.0,790734.0,69.4,1
33,1,91569.0,2,18.6,2.0,1,6,10,1,4.0,0,1,16,30523.0,0,1,1,1,0,7.6,457845.0,37.2,0
34,0,104447.0,1,77.4,2.0,2,5,4,1,2.0,1,1,9,34815.666666666664,1,0,1,1,1,4.6,313341.0,154.8,0
44,1,63516.0,2,55.1,1.0,1,8,13,1,1.0,0,1,21,31758.0,1,0,1,1,0,10.0,127032.0,110.2,0
40,0,51776.0,2,59.3,1.0,1,10,16,0,4.0,1,1,26,25888.0,1,1,1,0,1,12.4,258880.0,118.6,0
28,0,71025.0,2,52.5,3.0,1,2,14,0,5.0,1,1,16,17756.25,1,1,1,0,1,6.800000000000001,426150.0,105.0,0
49,0,74034.0,1,31.5,2.0,2,4,5,1,4.0,0,1,9,24678.0,0,1,1,1,0,4.4,370170.0,63.0,0
60,0,82934.0,2,27.1,2.0,3,4,16,0,5.0,1,1,20,27644.666666666668,0,1,1,0,1,8.8,497604.0,54.2,0
32,0,79204.0,2,47.1,2.0,0,3,8,0,3.0,1,1,11,26401.333333333332,1,1,1,0,1,5.0,316816.0,94.2,0
26,1,67411.0,2,32.9,2.0,3,13,6,0,1.0,0,1,19,22470.333333333332,0,0,1,0,0,10.2,134822.0,65.8,0
57,1,30000.0,2,10.0,3.0,2,8,3,0,5.0,1,1,11,7500.0,0,1,1,0,1,6.0,180000.0,20.0,0
57,0,63291.0,2,61.9,3.0,2,2,18,1,1.0,1,1,20,15822.75,1,0,1,1,1,8.4,126582.0,123.8,0
54,0,30000.0,2,14.2,1.0,2,9,11,0,2.0,0,1,20,15000.0,0,0,1,0,0,9.8,90000.0,28.4,0
33,1,110314.0,1,76.0,2.0,2,0,4,1,4.0,1,1,4,36771.333333333336,1,1,1,1,1,1.6,551570.0,152.0,0
43,1,103578.0,0,76.9,2.0,3,1,0,1,3.0,1,1,1,34526.0,1,1,1,1,1,0.6,414312.0,153.8,0
35,0,74450.0,2,18.0,1.0,1,10,7,0,2.0,0,1,17,37225.0,0,0,1,0,0,8.8,223350.0,36.0,0
27,0,117771.0,0,30.2,1.0,2,2,2,1,1.0,1,1,4,58885.5,0,0,1,1,1,2.0,235542.0,60.4,0
44,0,131085.0,1,10.2,3.5,1,0,2,1,5.0,0,1,2,29130.0,0,1,1,1,0,0.8,786510.0,20.4,0
40,1,125937.0,1,70.5,3.0,2,4,9,0,3.0,1,1,13,31484.25,1,1,1,0,1,6.0,503748.0,141.0,0
51,0,74686.0,2,65.5,1.0,3,12,17,0,1.0,0,1,29,37343.0,1,0,1,0,0,14.0,149372.0,131.0,0
42,1,69116.0,2,73.2,2.0,0,6,10,0,1.0,0,1,16,23038.666666666668,1,0,1,0,0,7.6,138232.0,146.4,0
48,0,147691.0,2,59.9,2.0,3,12,16,0,5.0,0,1,28,49230.333333333336,1,1,1,0,0,13.6,886146.0,119.8,0
63,0,107497.0,2,35.1,1.0,2,13,6,1,3.0,0,1,19,53748.5,0,1,1,1,0,10.2,429988.0,70.2,0
30,0,63072.0,1,82.6,3.0,2,7,6,1,4.0,1,1,13,15768.0,1,1,1,1,1,6.6000000000000005,315360.0,165.2,0
67,1,61160.0,0,41.0,1.0,1,0,1,1,3.0,0,1,1,30580.0,1,1,1,1,0,0.4,244640.0,82.0,0
55,0,42727.0,1,61.5,1.0,2,1,6,1,4.0,1,1,7,21363.5,1,1,1,1,1,3.0000000000000004,213635.0,123.0,0
55,1,36612.0,1,46.5,2.0,2,4,4,1,1.0,1,1,8,12204.0,1,0,1,1,1,4.0,73224.0,93.0,0
48,0,53673.0,1,33.7,1.0,1,3,2,1,4.0,0,1,5,26836.5,0,1,1,1,0,2.5999999999999996,268365.0,67.4,0
45,0,87447.0,2,33.8,1.0,1,4,18,0,5.0,1,1,22,43723.5,0,1,1,0,1,9.6,524682.0,67.6,0
66,1,95408.0,1,29.2,3.0,3,2,9,1,3.0,1,1,11,23852.0,0,1,1,1,1,4.8,381632.0,58.4,0
52,0,87835.0,1,40.5,2.0,2,1,9,1,1.0,1,1,10,29278.333333333332,1,0,1,1,1,4.2,175670.0,81.0,0
69,1,30000.0,1,50.0,1.0,2,3,2,1,1.0,1,1,5,15000.0,1,0,1,1,1,2.5999999999999996,60000.0,100.0,0
49,1,30000.0,1,70.1,3.0,2,4,2,0,3.0,0,1,6,7500.0,1,1,1,0,0,3.2,120000.0,140.2,0
61,0,77770.0,0,66.3,1.0,1,0,2,1,3.0,1,1,2,38885.0,1,1,1,1,1,0.8,311080.0,132.6,0
67,1,75626.0,0,49.3,2.0,1,2,0,1,2.0,1,1,2,25208.666666666668,1,0,1,1,1,1.2,226878.0,98.6,0
41,0,62659.0,2,11.1,1.0,0,2,10,1,1.0,0,1,12,31329.5,0,0,1,1,0,5.2,125318.0,22.2,0
69,0,88251.0,2,36.4,1.0,2,11,19,1,5.0,1,1,30,44125.5,0,1,1,1,1,14.2,529506.0,72.8,1
41,0,75864.0,2,27.8,2.0,1,3,5,0,4.0,1,1,8,25288.0,0,1,1,0,1,3.8,379320.0,55.6,0
60,1,98736.0,2,8.8,3.0,0,5,18,1,5.0,0,1,23,24684.0,0,1,1,1,0,10.2,592416.0,17.6,0
43,1,57010.0,2,51.5,2.0,0,14,17,0,1.0,0,1,31,19003.333333333332,1,0,1,0,0,15.200000000000001,114020.0,103.0,0
30,1,141884.0,2,86.2,3.5,2,14,18,1,5.0,0,1,32,31529.777777777777,1,1,1,1,0,15.600000000000001,851304.0,172.4,0
32,0,78890.0,2,27.4,1.0,0,5,13,0,1.0,0,1,18,39445.0,0,0,1,0,0,8.2,157780.0,54.8,0
47,1,83016.0,2,45.1,1.0,1,4,9,0,1.0,0,1,13,41508.0,1,0,1,0,0,6.0,166032.0,90.2,0
51,1,30000.0,2,29.0,1.0,3,13,18,1,3.0,0,1,31,15000.0,0,1,1,1,0,15.0,120000.0,58.0,0
59,0,60796.0,0,69.8,2.0,3,0,2,1,4.0,1,1,2,20265.333333333332,1,1,1,1,1,0.8,303980.0,139.6,1
59,1,53422.0,1,51.7,1.0,3,2,7,1,2.0,0,1,9,26711.0,1,0,1,1,0,4.0,160266.0,103.4,0
38,0,61677.0,2,38.7,3.0,1,11,4,0,2.0,1,1,15,15419.25,0,0,1,0,1,8.2,185031.0,77.4,0
41,1,96877.0,1,38.8,3.5,2,4,9,1,3.0,1,1,13,21528.222222222223,0,1,1,1,1,6.0,387508.0,77.6,0
28,1,104899.0,2,15.7,1.0,3,7,11,0,2.0,1,1,18,52449.5,0,0,1,0,1,8.600000000000001,314697.0,31.4,0
41,0,107944.0,1,13.4,1.0,3,4,3,0,1.0,1,1,7,53972.0,0,0,1,0,1,3.6,215888.0,26.8,0
33,1,44738.0,1,13.4,2.0,2,6,1,0,4.0,0,1,7,14912.666666666666,0,1,1,0,0,3.9999999999999996,223690.0,26.8,0
63,0,66100.0,1,5.0,3.5,3,1,9,1,3.0,0,1,10,14688.888888888889,0,1,1,1,0,4.2,264400.0,10.0,0
48,1,123460.0,2,40.2,2.0,0,3,7,1,5.0,1,1,10,41153.333333333336,1,1,1,1,1,4.6,740760.0,80.4,1
45,0,64404.0,1,28.4,3.5,0,0,5,1,3.0,1,1,5,14312.0,0,1,1,1,1,2.0,257616.0,56.8,0
43,1,102753.0,2,42.9,2.0,1,11,10,1,2.0,1,1,21,34251.0,1,0,1,1,1,10.6,308259.0,85.8,1
54,0,102189.0,2,12.8,3.0,2,9,10,1,4.0,1,1,19,25547.25,0,1,1,1,1,9.399999999999999,510945.0,25.6,1
45,1,30000.0,1,29.2,3.0,2,6,4,1,2.0,1,1,10,7500.0,0,0,1,1,1,5.199999999999999,90000.0,58.4,0
62,1,123797.0,2,15.0,2.0,2,12,19,1,4.0,1,1,31,41265.666666666664,0,1,1,1,1,14.8,618985.0,30.0,0
58,1,69060.0,2,53.4,2.0,2,8,18,0,2.0,1,1,26,23020.0,1,0,1,0,1,12.0,207180.0,106.8,0
61,0,79777.0,2,66.6,2.0,1,5,6,0,5.0,1,1,11,26592.333333333332,1,1,1,0,1,5.4,478662.0,133.2,0
66,0,41676.0,2,65.4,2.0,1,11,11,1,1.0,1,1,22,13892.0,1,0,1,1,1,11.0,83352.0,130.8,0
43,0,84426.0,2,35.6,1.0,2,12,7,0,1.0,1,1,19,42213.0,0,0,1,0,1,10.0,168852.0,71.2,0
67,0,74769.0,2,5.0,1.0,3,9,9,1,2.0,1,1,18,37384.5,0,0,1,1,1,9.0,224307.0,10.0,0
44,0,30222.0,1,5.0,3.0,2,4,3,1,1.0,1,1,7,7555.5,0,0,1,1,1,3.6,60444.0,10.0,0
44,1,92244.0,2,40.2,2.0,2,2,7,0,1.0,0,1,9,30748.0,1,0,1,0,0,4.0,184488.0,80.4,0
45,1,33977.0,1,68.4,3.0,1,6,1,1,1.0,1,1,7,8494.25,1,0,1,1,1,3.9999999999999996,67954.0,136.8,0
31,0,112232.0,2,24.7,2.0,3,14,9,1,1.0,1,1,23,37410.666666666664,0,0,1,1,1,12.0,224464.0,49.4,0
34,0,102923.0,2,25.3,2.0,1,13,7,0,4.0,1,1,20,34307.666666666664,0,1,1,0,1,10.6,514615.0,50.6,0
39,1,87431.0,1,22.8,2.0,2,4,7,1,5.0,0,1,11,29143.666666666668,0,1,1,1,0,5.2,524586.0,45.6,0
50,1,95640.0,2,76.2,1.0,2,12,9,1,4.0,0,1,21,47820.0,1,1,1,1,0,10.799999999999999,478200.0,152.4,0
53,1,65589.0,2,11.4,3.0,2,13,5,1,3.0,1,1,18,16397.25,0,1,1,1,1,9.8,262356.0,22.8,0
63,0,110367.0,0,5.0,2.0,2,2,3,1,4.0,1,1,5,36789.0,0,1,1,1,1,2.4000000000000004,551835.0,10.0,1
29,1,65730.0,1,95.8,3.0,2,6,6,1,4.0,1,1,12,16432.5,1,1,1,1,1,6.0,328650.0,191.6,1
54,0,69061.0,2,55.9,1.0,2,6,17,1,3.0,0,1,23,34530.5,1,1,1,1,0,10.4,276244.0,111.8,0
56,1,84708.0,1,48.5,1.0,1,5,3,1,4.0,0,1,8,42354.0,1,1,1,1,0,4.2,423540.0,97.0,0
44,1,43898.0,2,67.9,1.0,0,7,17,1,4.0,1,1,24,21949.0,1,1,1,1,1,11.0,219490.0,135.8,0
65,1,46799.0,1,33.5,2.0,2,4,9,1,1.0,1,1,13,15599.666666666666,0,0,1,1,1,6.0,93598.0,67.0,0
57,0,100703.0,1,5.0,1.0,2,0,8,1,4.0,1,1,8,50351.5,0,1,1,1,1,3.2,503515.0,10.0,1
34,1,59076.0,1,55.4,2.0,0,1,3,0,5.0,1,1,4,19692.0,1,1,1,0,1,1.8000000000000003,354456.0,110.8,0
64,1,76657.0,2,41.3,3.0,1,5,10,0,4.0,1,1,15,19164.25,1,1,1,0,1,7.0,383285.0,82.6,0
28,1,64290.0,1,70.9,2.0,3,5,7,1,3.0,0,1,12,21430.0,1,1,1,1,0,5.800000000000001,257160.0,141.8,0
26,0,53414.0,0,17.2,1.0,2,0,3,1,4.0,1,1,3,26707.0,0,1,1,1,1,1.2000000000000002,267070.0,34.4,0
36,1,81785.0,2,23.9,1.0,2,7,3,0,2.0,1,1,10,40892.5,0,0,1,0,1,5.4,245355.0,47.8,0
50,0,74407.0,0,9.8,3.0,2,2,0,1,2.0,1,1,2,18601.75,0,0,1,1,1,1.2,223221.0,19.6,0
69,1,65444.0,2,26.2,1.0,1,4,6,0,3.0,0,1,10,32722.0,0,1,1,0,0,4.800000000000001,261776.0,52.4,0
55,1,88182.0,1,49.1,2.0,3,4,3,1,4.0,1,1,7,29394.0,1,1,1,1,1,3.6,440910.0,98.2,1
49,0,84708.0,1,68.5,2.0,1,1,2,1,2.0,1,1,3,28236.0,1,0,1,1,1,1.4,254124.0,137.0,0
65,0,90544.0,1,14.3,1.0,0,0,5,1,4.0,0,1,5,45272.0,0,1,1,1,0,2.0,452720.0,28.6,0
59,1,72424.0,0,12.7,2.0,2,1,0,1,5.0,1,1,1,24141.333333333332,0,1,1,1,1,0.6,434544.0,25.4,0
51,1,70230.0,1,37.4,2.0,2,4,7,0,5.0,1,1,11,23410.0,0,1,1,0,1,5.2,421380.0,74.8,0
56,1,97563.0,2,5.0,2.0,0,6,9,0,4.0,0,1,15,32521.0,0,1,1,0,0,7.199999999999999,487815.0,10.0,0
64,1,91756.0,2,17.7,1.0,1,3,18,0,4.0,0,1,21,45878.0,0,1,1,0,0,9.0,458780.0,35.4,0
40,0,97769.0,2,60.7,1.0,1,7,12,0,5.0,1,1,19,48884.5,1,1,1,0,1,9.0,586614.0,121.4,1
52,1,131018.0,2,25.3,3.0,1,4,12,1,5.0,0,1,16,32754.5,0,1,1,1,0,7.200000000000001,786108.0,50.6,1
32,1,94118.0,2,53.4,2.0,1,5,15,0,1.0,1,1,20,31372.666666666668,1,0,1,0,1,9.0,188236.0,106.8,0
53,1,86048.0,1,54.2,1.0,0,2,6,1,5.0,1,1,8,43024.0,1,1,1,1,1,3.6000000000000005,516288.0,108.4,1
26,1,47752.0,2,65.6,3.0,0,3,13,0,4.0,1,1,16,11938.0,1,1,1,0,1,7.0,238760.0,131.2,0
59,0,174521.0,0,75.8,2.0,1,0,3,1,2.0,0,1,3,58173.666666666664,1,0,1,1,0,1.2000000000000002,523563.0,151.6,0
37,0,84708.0,1,46.5,2.0,2,1,9,1,1.0,1,1,10,28236.0,1,0,1,1,1,4.2,169416.0,93.0,0
26,1,122318.0,2,65.3,2.0,1,11,8,0,4.0,1,1,19,40772.666666666664,1,1,1,0,1,9.8,611590.0,130.6,0
57,1,80632.0,1,39.7,2.0,2,7,3,1,5.0,1,1,10,26877.333333333332,0,1,1,1,1,5.4,483792.0,79.4,0
26,1,112134.0,0,46.4,1.0,3,2,1,1,2.0,0,1,3,56067.0,1,0,1,1,0,1.6,336402.0,92.8,0
33,0,85804.0,1,90.7,1.0,1,4,4,0,2.0,0,1,8,42902.0,1,0,1,0,0,4.0,257412.0,181.4,0
55,0,55530.0,2,34.3,3.0,2,13,7,0,5.0,0,1,20,13882.5,0,1,1,0,0,10.6,333180.0,68.6,0
43,1,104851.0,0,5.0,2.0,1,0,0,0,2.0,1,1,0,34950.333333333336,0,0,1,0,1,0.0,314553.0,10.0,0
32,0,71387.0,1,37.2,1.0,2,3,3,1,3.0,0,1,6,35693.5,0,1,1,1,0,3.0,285548.0,74.4,0
39,1,73254.0,2,32.0,3.0,1,5,11,1,2.0,1,1,16,18313.5,0,0,1,1,1,7.4,219762.0,64.0,0
65,1,105952.0,2,61.8,1.0,1,13,12,1,4.0,0,1,25,52976.0,1,1,1,1,0,12.600000000000001,529760.0,123.6,0
69,1,111311.0,2,72.5,1.0,2,2,4,1,2.0,0,1,6,55655.5,1,0,1,1,0,2.8,333933.0,145.0,0
68,1,151713.0,1,73.2,2.0,2,0,3,1,1.0,1,1,3,50571.0,1,0,1,1,1,1.2000000000000002,303426.0,146.4,0
53,1,56826.0,2,27.6,1.0,1,3,17,0,5.0,1,1,20,28413.0,0,1,1,0,1,8.600000000000001,340956.0,55.2,0
46,0,41209.0,1,5.0,2.0,1,5,1,1,1.0,1,1,6,13736.333333333334,0,0,1,1,1,3.4,82418.0,10.0,0
43,1,108125.0,2,26.3,2.0,3,13,18,1,1.0,1,1,31,36041.666666666664,0,0,1,1,1,15.0,216250.0,52.6,0
41,1,84683.0,0,77.6,2.0,1,0,1,1,2.0,1,1,1,28227.666666666668,1,0,1,1,1,0.4,254049.0,155.2,0
27,1,56589.0,2,33.6,2.0,3,7,7,0,3.0,1,1,14,18863.0,0,1,1,0,1,7.0,226356.0,67.2,0
36,2,114624.0,2,55.8,1.0,0,4,13,1,5.0,0,1,17,57312.0,1,1,1,1,0,7.6,687744.0,111.6,1
32,2,94720.0,2,59.0,2.0,2,7,3,0,4.0,1,1,10,31573.333333333332,1,1,1,0,1,5.4,473600.0,118.0,1
42,1,117719.0,2,30.6,2.0,2,13,17,0,1.0,1,1,30,39239.666666666664,0,0,1,0,1,14.600000000000001,235438.0,61.2,0
63,1,121067.0,2,36.1,1.0,3,12,3,1,2.0,0,1,15,60533.5,0,0,1,1,0,8.399999999999999,363201.0,72.2,0
40,1,30000.0,1,11.7,1.0,1,2,9,1,2.0,1,1,11,15000.0,0,0,1,1,1,4.8,90000.0,23.4,0
36,0,105103.0,1,30.8,1.0,2,0,7,1,5.0,0,1,7,52551.5,0,1,1,1,0,2.8000000000000003,630618.0,61.6,0
69,1,92431.0,1,68.4,1.0,1,2,4,0,4.0,1,1,6,46215.5,1,1,1,0,1,2.8,462155.0,136.8,0
55,1,77366.0,0,7.3,3.0,2,0,2,1,5.0,1,1,2,19341.5,0,1,1,1,1,0.8,464196.0,14.6,1
29,0,32410.0,2,81.1,2.0,1,10,18,1,2.0,0,1,28,10803.333333333334,1,0,1,1,0,13.2,97230.0,162.2,0
61,1,111380.0,0,41.4,2.0,3,0,0,1,4.0,1,1,0,37126.666666666664,1,1,1,1,1,0.0,556900.0,82.8,0
65,1,56441.0,2,6.9,2.0,1,9,6,1,5.0,1,1,15,18813.666666666668,0,1,1,1,1,7.8,338646.0,13.8,0
32,1,84708.0,0,15.4,2.0,2,0,0,1,5.0,1,1,0,28236.0,0,1,1,1,1,0.0,508248.0,30.8,1
47,0,102390.0,1,57.2,3.0,2,2,8,1,4.0,1,1,10,25597.5,1,1,1,1,1,4.4,511950.0,114.4,0
37,1,138717.0,2,62.6,1.0,2,12,5,0,4.0,0,1,17,69358.5,1,1,1,0,0,9.2,693585.0,125.2,0
32,1,132902.0,1,31.7,2.0,2,3,3,1,3.0,1,1,6,44300.666666666664,0,1,1,1,1,3.0,531608.0,63.4,0
34,0,77462.0,2,47.0,1.0,0,12,12,0,3.0,0,1,24,38731.0,1,1,1,0,0,12.0,309848.0,94.0,0
29,0,117723.0,2,28.0,1.0,1,13,7,0,2.0,0,1,20,58861.5,0,0,1,0,0,10.6,353169.0,56.0,0
45,0,64530.0,2,6.5,1.0,2,3,14,1,3.0,1,1,17,32265.0,0,1,1,1,1,7.4,258120.0,13.0,1
65,0,35506.0,1,45.9,3.0,2,7,9,1,5.0,1,1,16,8876.5,1,1,1,1,1,7.800000000000001,213036.0,91.8,0
51,1,53845.0,2,69.5,1.0,2,2,6,0,2.0,0,1,8,26922.5,1,0,1,0,0,3.6000000000000005,161535.0,139.0,0
60,1,52876.0,2,5.0,1.0,2,9,14,1,5.0,1,1,23,26438.0,0,1,1,1,1,11.0,317256.0,10.0,1
41,1,46399.0,0,32.9,3.0,0,1,2,1,4.0,0,1,3,11599.75,0,1,1,1,0,1.4,231995.0,65.8,0
45,1,103642.0,1,21.1,2.0,2,3,8,1,5.0,1,1,11,34547.333333333336,0,1,1,1,1,5.0,621852.0,42.2,0
25,1,106569.0,2,59.0,3.0,2,4,15,1,5.0,0,1,19,26642.25,1,1,1,1,0,8.4,639414.0,118.0,0
48,0,30000.0,2,48.0,2.0,1,5,13,0,5.0,0,1,18,10000.0,1,1,1,0,0,8.2,180000.0,96.0,0
38,1,52590.0,0,28.9,1.0,1,1,1,1,3.0,1,1,2,26295.0,0,1,1,1,1,1.0,210360.0,57.8,0
31,2,83396.0,2,5.0,3.0,1,11,15,0,2.0,1,1,26,20849.0,0,0,1,0,1,12.6,250188.0,10.0,0
30,0,76796.0,2,52.4,3.5,3,6,11,0,4.0,1,1,17,17065.777777777777,1,1,1,0,1,8.0,383980.0,104.8,1
43,0,85724.0,1,68.6,1.0,2,7,1,1,2.0,1,1,8,42862.0,1,0,1,1,1,4.6000000000000005,257172.0,137.2,0
35,2,86938.0,2,13.0,2.0,1,11,13,0,4.0,0,1,24,28979.333333333332,0,1,1,0,0,11.8,434690.0,26.0,1
52,1,125048.0,2,18.7,1.0,1,6,3,1,4.0,0,1,9,62524.0,0,1,1,1,0,4.8,625240.0,37.4,0
34,1,98425.0,2,5.0,1.0,1,14,9,0,4.0,0,1,23,49212.5,0,1,1,0,0,12.0,492125.0,10.0,0
47,1,132267.0,1,47.9,3.0,1,5,6,1,1.0,1,1,11,33066.75,1,0,1,1,1,5.4,264534.0,95.8,0
62,1,75436.0,0,53.3,3.0,3,2,2,1,5.0,0,1,4,18859.0,1,1,1,1,0,2.0,452616.0,106.6,0
60,0,144932.0,0,23.3,2.0,2,0,2,1,3.0,0,1,2,48310.666666666664,0,1,1,1,0,0.8,579728.0,46.6,0
54,0,117550.0,1,14.6,2.0,1,5,6,1,3.0,0,1,11,39183.333333333336,0,1,1,1,0,5.4,470200.0,29.2,0
38,1,50103.0,1,23.9,2.0,3,0,9,1,3.0,1,1,9,16701.0,0,1,1,1,1,3.6,200412.0,47.8,0
65,1,42298.0,2,10.7,2.0,2,2,16,1,5.0,0,1,18,14099.333333333334,0,1,1,1,0,7.6000000000000005,253788.0,21.4,1
69,1,83489.0,1,44.5,1.0,2,1,6,1,3.0,0,1,7,41744.5,1,1,1,1,0,3.0000000000000004,333956.0,89.0,0
33,1,102503.0,1,29.0,2.0,2,1,9,1,3.0,1,1,10,34167.666666666664,0,1,1,1,1,4.2,410012.0,58.0,0
68,1,38726.0,2,11.6,1.0,1,7,13,1,3.0,1,1,20,19363.0,0,1,1,1,1,9.4,154904.0,23.2,0
50,0,95579.0,2,32.9,2.0,0,14,19,0,1.0,0,1,33,31859.666666666668,0,0,1,0,0,16.0,191158.0,65.8,0
42,0,50529.0,2,5.0,1.0,1,6,8,0,4.0,0,1,14,25264.5,0,1,1,0,0,6.8,252645.0,10.0,0
55,0,98444.0,1,33.0,1.0,1,0,9,0,1.0,0,1,9,49222.0,0,0,1,0,0,3.6,196888.0,66.0,0
56,1,92047.0,2,26.3,2.0,0,2,15,1,1.0,1,1,17,30682.333333333332,0,0,1,1,1,7.2,184094.0,52.6,0
56,0,74481.0,1,54.0,1.0,0,5,1,1,1.0,1,1,6,37240.5,1,0,1,1,1,3.4,148962.0,108.0,0
35,0,36947.0,1,89.3,2.0,2,2,9,1,4.0,1,1,11,12315.666666666666,1,1,1,1,1,4.8,184735.0,178.6,0
53,0,113390.0,2,34.0,2.0,2,4,3,1,1.0,0,1,7,37796.666666666664,0,0,1,1,0,3.6,226780.0,68.0,0
60,1,33888.0,2,21.1,1.0,1,9,6,1,5.0,1,1,15,16944.0,0,1,1,1,1,7.8,203328.0,42.2,0
59,0,60438.0,1,7.0,2.0,1,7,3,1,3.0,0,1,10,20146.0,0,1,1,1,0,5.4,241752.0,14.0,0
40,2,106031.0,2,63.5,2.0,3,11,3,0,3.0,1,1,14,35343.666666666664,1,1,1,0,1,7.8,424124.0,127.0,0
28,1,113372.0,0,52.2,2.0,1,2,2,1,3.0,0,1,4,37790.666666666664,1,1,1,1,0,2.0,453488.0,104.4,0
25,1,118610.0,0,35.4,2.0,2,0,0,1,2.0,1,1,0,39536.666666666664,0,0,1,1,1,0.0,355830.0,70.8,0
50,1,59262.0,0,87.6,2.0,0,1,1,1,4.0,0,1,2,19754.0,1,1,1,1,0,1.0,296310.0,175.2,0
37,1,55952.0,1,12.0,2.0,3,7,3,1,2.0,1,1,10,18650.666666666668,0,0,1,1,1,5.4,167856.0,24.0,0
65,1,73261.0,2,42.1,1.0,2,6,10,0,5.0,0,1,16,36630.5,1,1,1,0,0,7.6,439566.0,84.2,0
47,1,119457.0,1,19.7,1.0,0,5,6,0,2.0,1,1,11,59728.5,0,0,1,0,1,5.4,358371.0,39.4,0
36,0,69082.0,2,71.7,2.0,1,6,10,0,2.0,1,1,16,23027.333333333332,1,0,1,0,1,7.6,207246.0,143.4,0
31,1,111035.0,1,54.3,3.0,2,1,7,1,5.0,0,1,8,27758.75,1,1,1,1,0,3.4000000000000004,666210.0,108.6,0
61,0,30000.0,1,45.3,3.0,1,1,5,0,3.0,1,1,6,7500.0,1,1,1,0,1,2.6,120000.0,90.6,0
26,0,138706.0,1,67.7,2.0,1,0,8,1,4.0,1,1,8,46235.333333333336,1,1,1,1,1,3.2,693530.0,135.4,1
49,0,97640.0,1,26.2,2.0,2,7,8,1,5.0,1,1,15,32546.666666666668,0,1,1,1,1,7.4,585840.0,52.4,0
65,1,45078.0,0,67.8,1.0,1,0,2,1,2.0,1,1,2,22539.0,1,0,1,1,1,0.8,135234.0,135.6,0
44,0,68480.0,1,67.4,3.0,1,2,3,1,2.0,1,1,5,17120.0,1,0,1,1,1,2.4000000000000004,205440.0,134.8,0
32,1,62056.0,2,106.2,3.0,1,4,5,0,2.0,1,1,9,15514.0,1,0,1,0,1,4.4,186168.0,212.4,0
61,0,75989.0,1,33.1,1.0,2,2,4,1,5.0,1,1,6,37994.5,0,1,1,1,1,2.8,455934.0,66.2,1
60,0,71997.0,2,47.2,3.5,2,14,13,1,4.0,1,1,27,15999.333333333334,1,1,1,1,1,13.600000000000001,359985.0,94.4,0
59,0,71198.0,1,5.0,1.0,2,5,4,1,2.0,1,1,9,35599.0,0,0,1,1,1,4.6,213594.0,10.0,0
62,1,63576.0,2,5.0,3.0,1,6,5,1,1.0,1,1,11,15894.0,0,0,1,1,1,5.6,127152.0,10.0,0
34,1,107854.0,2,65.7,1.0,2,9,9,0,5.0,0,1,18,53927.0,1,1,1,0,0,9.0,647124.0,131.4,0
47,0,51258.0,2,5.0,2.0,3,12,17,1,4.0,0,1,29,17086.0,0,1,1,1,0,14.0,256290.0,10.0,0
61,1,134948.0,2,22.8,3.5,2,4,12,1,5.0,1,1,16,29988.444444444445,0,1,1,1,1,7.200000000000001,809688.0,45.6,1
66,1,126168.0,2,57.5,2.0,2,8,7,0,5.0,1,1,15,42056.0,1,1,1,0,1,7.6,757008.0,115.0,1
36,0,101407.0,0,5.0,1.0,1,2,1,0,1.0,1,1,3,50703.5,0,0,1,0,1,1.6,202814.0,10.0,0
65,0,83573.0,2,5.0,3.5,3,8,18,1,3.0,0,1,26,18571.777777777777,0,1,1,1,0,12.0,334292.0,10.0,0
30,1,90724.0,1,41.2,3.0,2,5,1,1,2.0,0,1,6,22681.0,1,0,1,1,0,3.4,272172.0,82.4,0
34,1,46684.0,2,66.0,2.0,2,4,17,0,1.0,1,1,21,15561.333333333334,1,0,1,0,1,9.200000000000001,93368.0,132.0,0
49,1,30521.0,1,53.5,1.0,1,3,6,0,1.0,1,1,9,15260.5,1,0,1,0,1,4.2,61042.0,107.0,0
65,0,94384.0,2,59.3,2.0,1,3,13,0,4.0,1,1,16,31461.333333333332,1,1,1,0,1,7.0,471920.0,118.6,1
55,0,111861.0,2,57.0,1.0,0,5,6,1,3.0,1,1,11,55930.5,1,1,1,1,1,5.4,447444.0,114.0,0
35,0,111873.0,0,74.0,2.0,1,0,0,1,5.0,1,1,0,37291.0,1,1,1,1,1,0.0,671238.0,148.0,0
47,1,91758.0,2,70.9,1.0,0,13,16,0,3.0,0,1,29,45879.0,1,1,1,0,0,14.2,367032.0,141.8,0
48,1,96767.0,1,71.0,1.0,0,1,2,1,1.0,1,1,3,48383.5,1,0,1,1,1,1.4,193534.0,142.0,0
41,1,78957.0,0,73.1,3.0,1,0,3,1,3.0,0,1,3,19739.25,1,1,1,1,0,1.2000000000000002,315828.0,146.2,0
51,1,109214.0,1,19.6,2.0,1,0,9,0,2.0,1,1,9,36404.666666666664,0,0,1,0,1,3.6,327642.0,39.2,0
37,1,68336.0,2,41.7,2.0,0,10,12,1,5.0,1,1,22,22778.666666666668,1,1,1,1,1,10.8,410016.0,83.4,1
27,1,63771.0,1,56.0,3.0,3,5,1,1,2.0,1,1,6,15942.75,1,0,1,1,1,3.4,191313.0,112.0,0
46,1,101877.0,2,8.9,2.0,2,7,6,1,3.0,1,1,13,33959.0,0,1,1,1,1,6.6000000000000005,407508.0,17.8,0
65,0,30000.0,1,85.0,2.0,1,2,7,1,3.0,1,1,9,10000.0,1,1,1,1,1,4.0,120000.0,170.0,0
25,1,63503.0,1,44.7,1.0,2,6,2,1,2.0,0,1,8,31751.5,1,0,1,1,0,4.3999999999999995,190509.0,89.4,0
28,1,53784.0,1,9.9,1.0,2,2,2,1,4.0,1,1,4,26892.0,0,1,1,1,1,2.0,268920.0,19.8,1
28,1,84469.0,2,12.6,2.0,1,12,9,1,1.0,0,1,21,28156.333333333332,0,0,1,1,0,10.799999999999999,168938.0,25.2,0
46,0,44355.0,0,28.6,1.0,1,1,3,0,3.0,1,1,4,22177.5,0,1,1,0,1,1.8000000000000003,177420.0,57.2,0
65,1,121947.0,0,10.6,2.0,2,1,3,1,2.0,1,1,4,40649.0,0,0,1,1,1,1.8000000000000003,365841.0,21.2,0
30,1,118346.0,1,32.5,2.0,1,0,8,0,2.0,1,1,8,39448.666666666664,0,0,1,0,1,3.2,355038.0,65.0,0
44,2,68037.0,2,76.9,1.0,3,3,4,1,4.0,1,1,7,34018.5,1,1,1,1,1,3.4,340185.0,153.8,1
62,1,57063.0,0,11.0,2.0,1,1,3,0,5.0,0,1,4,19021.0,0,1,1,0,0,1.8000000000000003,342378.0,22.0,0
47,1,88714.0,1,5.0,1.0,1,2,5,1,1.0,0,1,7,44357.0,0,0,1,1,0,3.2,177428.0,10.0,0
28,0,106071.0,2,43.9,2.0,1,2,12,1,4.0,1,1,14,35357.0,1,1,1,1,1,6.000000000000001,530355.0,87.8,0
55,2,119512.0,1,22.4,2.0,1,1,2,1,4.0,0,1,3,39837.333333333336,0,1,1,1,0,1.4,597560.0,44.8,0
43,1,100872.0,1,54.0,3.5,1,1,7,1,1.0,1,1,8,22416.0,1,0,1,1,1,3.4000000000000004,201744.0,108.0,0
48,1,56682.0,2,50.1,1.0,0,8,4,1,3.0,1,1,12,28341.0,1,1,1,1,1,6.4,226728.0,100.2,0
59,0,64869.0,1,49.1,1.0,2,0,9,1,5.0,0,1,9,32434.5,1,1,1,1,0,3.6,389214.0,98.2,0
57,1,30000.0,2,12.9,2.0,2,10,17,1,4.0,1,1,27,10000.0,0,1,1,1,1,12.8,150000.0,25.8,0
47,1,94686.0,2,70.8,1.0,2,2,18,0,4.0,0,1,20,47343.0,1,1,1,0,0,8.4,473430.0,141.6,0
36,0,77425.0,1,6.2,3.0,2,0,6,1,1.0,1,1,6,19356.25,0,0,1,1,1,2.4000000000000004,154850.0,12.4,0
49,1,82469.0,2,9.6,1.0,0,4,8,0,2.0,0,1,12,41234.5,0,0,1,0,0,5.6,247407.0,19.2,0
48,1,129828.0,0,50.2,2.0,1,1,2,1,1.0,0,1,3,43276.0,1,0,1,1,0,1.4,259656.0,100.4,0
39,1,95850.0,2,24.8,2.0,1,2,14,0,4.0,0,1,16,31950.0,0,1,1,0,0,6.800000000000001,479250.0,49.6,0
25,1,94049.0,1,40.2,1.0,1,2,1,1,2.0,0,1,3,47024.5,1,0,1,1,0,1.6,282147.0,80.4,0
27,1,66034.0,0,86.6,3.0,2,1,0,1,4.0,1,1,1,16508.5,1,1,1,1,1,0.6,330170.0,173.2,0
52,1,78911.0,1,31.1,3.0,1,2,5,1,1.0,0,1,7,19727.75,0,0,1,1,0,3.2,157822.0,62.2,0
63,1,98784.0,1,17.9,3.0,2,0,6,1,1.0,0,1,6,24696.0,0,0,1,1,0,2.4000000000000004,197568.0,35.8,0
43,1,70348.0,2,5.0,1.0,3,13,4,0,4.0,0,1,17,35174.0,0,1,1,0,0,9.4,351740.0,10.0,0
46,0,74597.0,1,25.4,3.0,3,5,8,1,4.0,1,1,13,18649.25,0,1,1,1,1,6.2,372985.0,50.8,1
34,1,123098.0,2,36.2,2.0,3,12,10,0,1.0,1,1,22,41032.666666666664,0,0,1,0,1,11.2,246196.0,72.4,0
42,1,117790.0,1,54.4,3.0,2,1,1,1,5.0,1,1,2,29447.5,1,1,1,1,1,1.0,706740.0,108.8,1
58,1,84708.0,2,39.1,3.5,1,9,17,0,2.0,0,1,26,18824.0,0,0,1,0,0,12.2,254124.0,78.2,0
43,0,101911.0,2,13.5,1.0,0,3,12,0,3.0,0,1,15,50955.5,0,1,1,0,0,6.6000000000000005,407644.0,27.0,0
60,0,112761.0,2,22.3,3.0,2,8,14,1,4.0,1,1,22,28190.25,0,1,1,1,1,10.4,563805.0,44.6,1
63,0,77607.0,2,74.2,2.0,2,13,4,0,1.0,1,1,17,25869.0,1,0,1,0,1,9.4,155214.0,148.4,0
37,0,116041.0,0,26.8,2.0,1,1,1,1,4.0,0,1,2,38680.333333333336,0,1,1,1,0,1.0,580205.0,53.6,0
40,1,94443.0,1,55.7,2.0,2,7,9,1,4.0,0,1,16,31481.0,1,1,1,1,0,7.800000000000001,472215.0,111.4,0
35,0,69477.0,2,34.3,1.0,1,13,19,0,2.0,0,1,32,34738.5,0,0,1,0,0,15.4,208431.0,68.6,0
34,1,30000.0,1,54.6,3.0,2,5,2,1,3.0,0,1,7,7500.0,1,1,1,1,0,3.8,120000.0,109.2,0
46,0,57669.0,1,43.1,1.0,1,5,7,1,3.0,1,1,12,28834.5,1,1,1,1,1,5.800000000000001,230676.0,86.2,0
54,1,122922.0,2,33.3,1.0,2,7,7,0,4.0,0,1,14,61461.0,0,1,1,0,0,7.0,614610.0,66.6,0
62,0,123832.0,1,31.1,2.0,2,5,3,0,4.0,0,1,8,41277.333333333336,0,1,1,0,0,4.2,619160.0,62.2,0
48,2,52736.0,1,5.0,2.0,0,0,8,1,3.0,1,1,8,17578.666666666668,0,1,1,1,1,3.2,210944.0,10.0,0
56,1,31595.0,1,38.0,3.5,1,6,8,1,4.0,1,1,14,7021.111111111111,0,1,1,1,1,6.8,157975.0,76.0,0
55,0,91619.0,2,33.2,3.5,3,6,7,0,3.0,1,1,13,20359.777777777777,0,1,1,0,1,6.4,366476.0,66.4,0
29,0,88465.0,2,41.8,1.0,2,12,9,0,2.0,1,1,21,44232.5,1,0,1,0,1,10.799999999999999,265395.0,83.6,0
33,0,92325.0,1,70.8,1.0,2,3,3,1,2.0,1,1,6,46162.5,1,0,1,1,1,3.0,276975.0,141.6,0
44,0,77902.0,2,38.0,1.0,2,3,17,1,2.0,1,1,20,38951.0,0,0,1,1,1,8.600000000000001,233706.0,76.0,0
46,0,39384.0,2,62.7,2.0,1,9,15,1,3.0,1,1,24,13128.0,1,1,1,1,1,11.399999999999999,157536.0,125.4,1
52,1,96984.0,0,35.3,2.0,2,2,0,1,2.0,1,1,2,32328.0,0,0,1,1,1,1.2,290952.0,70.6,0
30,0,30000.0,2,36.9,2.0,2,13,4,0,4.0,1,1,17,10000.0,0,1,1,0,1,9.4,150000.0,73.8,0
39,0,76280.0,2,34.3,1.0,0,3,8,1,3.0,1,1,11,38140.0,0,1,1,1,1,5.0,305120.0,68.6,0
44,0,64223.0,2,78.8,1.0,3,3,4,1,5.0,1,1,7,32111.5,1,1,1,1,1,3.4,385338.0,157.6,1
31,1,81573.0,1,57.3,1.0,2,3,6,0,2.0,0,1,9,40786.5,1,0,1,0,0,4.2,244719.0,114.6,0
54,1,42038.0,2,53.1,2.0,1,6,7,0,5.0,1,1,13,14012.666666666666,1,1,1,0,1,6.4,252228.0,106.2,0
32,0,50108.0,2,37.1,2.0,2,9,4,0,5.0,0,1,13,16702.666666666668,0,1,1,0,0,7.0,300648.0,74.2,0
67,1,77673.0,1,16.0,1.0,0,0,9,0,3.0,0,1,9,38836.5,0,1,1,0,0,3.6,310692.0,32.0,0
55,1,81093.0,2,51.1,3.0,0,3,10,0,4.0,1,1,13,20273.25,1,1,1,0,1,5.8,405465.0,102.2,0
33,1,126753.0,2,88.6,1.0,1,14,13,1,1.0,1,1,27,63376.5,1,0,1,1,1,13.600000000000001,253506.0,177.2,0
59,1,100704.0,2,75.3,2.0,2,14,7,0,1.0,1,1,21,33568.0,1,0,1,0,1,11.200000000000001,201408.0,150.6,0
57,2,84708.0,1,40.2,1.0,1,0,2,1,5.0,1,1,2,42354.0,1,1,1,1,1,0.8,508248.0,80.4,0
49,0,130744.0,2,15.1,1.0,3,11,14,1,4.0,0,1,25,65372.0,0,1,1,1,0,12.2,653720.0,30.2,0
44,1,88005.0,1,40.2,2.0,0,2,3,1,4.0,1,1,5,29335.0,1,1,1,1,1,2.4000000000000004,440025.0,80.4,1
32,0,88889.0,2,64.0,2.0,3,3,12,1,5.0,1,1,15,29629.666666666668,1,1,1,1,1,6.6000000000000005,533334.0,128.0,0
31,1,115823.0,2,5.6,1.0,1,7,13,0,2.0,0,1,20,57911.5,0,0,1,0,0,9.4,347469.0,11.2,0
48,1,85746.0,0,32.0,1.0,2,0,3,1,1.0,1,1,3,42873.0,0,0,1,1,1,1.2000000000000002,171492.0,64.0,0
65,0,136533.0,1,33.5,1.0,2,5,4,1,2.0,1,1,9,68266.5,0,0,1,1,1,4.6,409599.0,67.0,0
47,1,80266.0,2,42.2,1.0,0,12,7,0,4.0,1,1,19,40133.0,1,1,1,0,1,10.0,401330.0,84.4,0
37,0,126784.0,2,23.9,2.0,1,10,18,0,3.0,1,1,28,42261.333333333336,0,1,1,0,1,13.2,507136.0,47.8,0
61,1,103850.0,2,5.0,1.0,2,3,4,0,3.0,1,1,7,51925.0,0,1,1,0,1,3.4,415400.0,10.0,0
55,1,110258.0,0,22.1,2.0,0,0,0,1,2.0,0,1,0,36752.666666666664,0,0,1,1,0,0.0,330774.0,44.2,0
64,0,57073.0,0,57.7,1.0,1,0,1,1,5.0,1,1,1,28536.5,1,1,1,1,1,0.4,342438.0,115.4,0
56,0,64324.0,2,80.3,1.0,1,13,7,1,5.0,1,1,20,32162.0,1,1,1,1,1,10.6,385944.0,160.6,1
56,1,70572.0,2,74.6,3.5,3,5,14,0,1.0,0,1,19,15682.666666666666,1,0,1,0,0,8.600000000000001,141144.0,149.2,0
41,1,61588.0,2,92.4,2.0,2,8,9,1,3.0,1,1,17,20529.333333333332,1,1,1,1,1,8.4,246352.0,184.8,0
66,1,137031.0,2,40.8,2.0,2,13,15,1,3.0,1,1,28,45677.0,1,1,1,1,1,13.8,548124.0,81.6,1
29,0,30000.0,2,5.0,2.0,2,14,16,0,3.0,1,1,30,10000.0,0,1,1,0,1,14.8,120000.0,10.0,1
57,0,73725.0,1,42.9,2.0,0,3,7,1,3.0,0,1,10,24575.0,1,1,1,1,0,4.6,294900.0,85.8,0
68,1,121879.0,1,45.2,2.0,1,6,6,1,5.0,1,1,12,40626.333333333336,1,1,1,1,1,6.0,731274.0,90.4,1
67,0,50427.0,1,5.7,2.0,1,3,5,1,2.0,0,1,8,16809.0,0,0,1,1,0,3.8,151281.0,11.4,0
61,0,85607.0,1,74.7,1.0,1,7,5,1,3.0,1,1,12,42803.5,1,1,1,1,1,6.2,342428.0,149.4,0
61,1,30000.0,1,23.9,1.0,1,7,3,0,3.0,1,1,10,15000.0,0,1,1,0,1,5.4,120000.0,47.8,0
53,1,57931.0,1,106.35000000000001,1.0,0,4,6,1,1.0,0,1,10,28965.5,1,0,1,1,0,4.800000000000001,115862.0,212.70000000000002,0
67,1,92250.0,2,39.0,3.0,1,3,8,1,5.0,0,1,11,23062.5,0,1,1,1,0,5.0,553500.0,78.0,1
67,0,60520.0,2,25.8,2.0,0,4,18,0,5.0,1,1,22,20173.333333333332,0,1,1,0,1,9.6,363120.0,51.6,0
61,1,102244.0,1,5.0,1.0,2,4,6,1,1.0,0,1,10,51122.0,0,0,1,1,0,4.800000000000001,204488.0,10.0,0
53,0,41387.0,1,47.6,1.0,2,4,1,1,3.0,1,1,5,20693.5,1,1,1,1,1,2.8,165548.0,95.2,0
40,0,136457.0,1,49.2,2.0,1,4,9,1,2.0,0,1,13,45485.666666666664,1,0,1,1,0,6.0,409371.0,98.4,0
61,1,125157.0,0,49.5,1.0,1,0,2,1,1.0,0,1,2,62578.5,1,0,1,1,0,0.8,250314.0,99.0,0
59,0,60973.0,2,18.8,1.0,2,4,19,1,3.0,1,1,23,30486.5,0,1,1,1,1,10.0,243892.0,37.6,0
31,1,74585.0,2,41.6,2.0,1,7,14,1,4.0,1,1,21,24861.666666666668,1,1,1,1,1,9.8,372925.0,83.2,1
59,1,54371.0,2,64.1,1.0,2,10,14,1,2.0,0,1,24,27185.5,1,0,1,1,0,11.600000000000001,163113.0,128.2,0
26,0,104303.0,2,76.8,2.0,0,7,8,0,5.0,1,1,15,34767.666666666664,1,1,1,0,1,7.4,625818.0,153.6,0
25,1,45772.0,2,39.5,2.0,2,2,5,1,3.0,0,1,7,15257.333333333334,0,1,1,1,0,3.2,183088.0,79.0,0
63,1,76869.0,1,59.0,3.0,2,4,7,1,4.0,0,1,11,19217.25,1,1,1,1,0,5.2,384345.0,118.0,0
28,0,106795.0,2,31.2,3.0,2,9,15,1,5.0,1,1,24,26698.75,0,1,1,1,1,11.399999999999999,640770.0,62.4,1
54,2,83620.0,1,47.2,3.5,0,4,6,1,1.0,0,1,10,18582.222222222223,1,0,1,1,0,4.800000000000001,167240.0,94.4,0
46,1,38338.0,1,13.1,3.0,1,7,3,0,1.0,0,1,10,9584.5,0,0,1,0,0,5.4,76676.0,26.2,0
31,0,50525.0,2,24.6,3.0,2,11,4,0,1.0,1,1,15,12631.25,0,0,1,0,1,8.2,101050.0,49.2,0
46,0,41438.0,1,58.0,2.0,1,3,1,1,4.0,1,1,4,13812.666666666666,1,1,1,1,1,2.1999999999999997,207190.0,116.0,1
62,0,78434.0,2,57.8,2.0,2,8,11,0,3.0,1,1,19,26144.666666666668,1,1,1,0,1,9.2,313736.0,115.6,0
44,0,137855.0,1,36.4,3.5,0,5,6,1,3.0,1,1,11,30634.444444444445,0,1,1,1,1,5.4,551420.0,72.8,1
43,1,90425.0,1,67.8,3.0,0,1,2,1,3.0,0,1,3,22606.25,1,1,1,1,0,1.4,361700.0,135.6,0
67,2,107060.0,2,22.8,2.0,2,8,9,0,3.0,0,1,17,35686.666666666664,0,1,1,0,0,8.4,428240.0,45.6,0
30,0,123066.0,2,60.1,1.0,3,8,7,1,2.0,0,1,15,61533.0,1,0,1,1,0,7.6,369198.0,120.2,0
32,0,54727.0,0,22.0,1.0,1,2,1,1,2.0,0,1,3,27363.5,0,0,1,1,0,1.6,164181.0,44.0,0
39,1,48002.0,1,73.2,1.0,1,4,8,0,3.0,1,1,12,24001.0,1,1,1,0,1,5.6,192008.0,146.4,0
53,0,77584.0,1,69.0,2.0,2,0,9,1,3.0,0,1,9,25861.333333333332,1,1,1,1,0,3.6,310336.0,138.0,0
31,1,49877.0,1,40.3,2.0,1,4,7,1,5.0,1,1,11,16625.666666666668,1,1,1,1,1,5.2,299262.0,80.6,0
41,0,57266.0,2,31.2,2.0,1,14,5,1,1.0,1,1,19,19088.666666666668,0,0,1,1,1,10.4,114532.0,62.4,0
43,1,84589.0,1,75.8,3.5,3,3,3,0,1.0,0,1,6,18797.555555555555,1,0,1,0,0,3.0,169178.0,151.6,0
35,1,65971.0,2,69.7,1.0,2,6,3,0,1.0,1,1,9,32985.5,1,0,1,0,1,4.8,131942.0,139.4,0
44,1,86136.0,0,59.1,1.0,1,0,1,1,3.0,1,1,1,43068.0,1,1,1,1,1,0.4,344544.0,118.2,0
53,1,84575.0,2,59.6,1.0,1,3,19,0,5.0,1,1,22,42287.5,1,1,1,0,1,9.4,507450.0,119.2,1
31,1,113526.0,2,27.6,2.0,2,7,10,1,1.0,0,1,17,37842.0,0,0,1,1,0,8.2,227052.0,55.2,0
58,1,52776.0,1,50.6,1.0,1,0,3,1,3.0,1,1,3,26388.0,1,1,1,1,1,1.2000000000000002,211104.0,101.2,0
52,0,121182.0,1,43.2,3.0,2,0,9,1,4.0,1,1,9,30295.5,1,1,1,1,1,3.6,605910.0,86.4,0
68,0,59724.0,2,31.5,1.0,1,7,19,1,2.0,1,1,26,29862.0,0,0,1,1,1,11.8,179172.0,63.0,0
43,2,92207.0,2,17.7,2.0,1,3,14,1,1.0,1,1,17,30735.666666666668,0,0,1,1,1,7.4,184414.0,35.4,0
67,0,104618.0,1,47.0,3.0,1,3,4,1,1.0,0,1,7,26154.5,1,0,1,1,0,3.4,209236.0,94.0,0
43,0,46239.0,2,78.6,1.0,2,7,13,1,5.0,1,1,20,23119.5,1,1,1,1,1,9.4,277434.0,157.2,1
26,1,148581.0,1,13.9,1.0,1,3,8,1,3.0,0,1,11,74290.5,0,1,1,1,0,5.0,594324.0,27.8,0
52,0,103464.0,1,49.5,2.0,0,5,7,1,2.0,1,1,12,34488.0,1,0,1,1,1,5.800000000000001,310392.0,99.0,0
41,0,106164.0,2,43.0,1.0,1,5,14,1,4.0,0,1,19,53082.0,1,1,1,1,0,8.600000000000001,530820.0,86.0,0
50,0,109002.0,1,21.4,1.0,0,7,7,1,4.0,0,1,14,54501.0,0,1,1,1,0,7.0,545010.0,42.8,0
35,1,60881.0,1,29.4,3.0,0,7,2,1,3.0,1,1,9,15220.25,0,1,1,1,1,5.0,243524.0,58.8,1
60,0,60127.0,1,69.3,1.0,2,2,3,0,1.0,1,1,5,30063.5,1,0,1,0,1,2.4000000000000004,120254.0,138.6,0
38,0,75908.0,1,61.9,2.0,2,3,6,1,1.0,1,1,9,25302.666666666668,1,0,1,1,1,4.2,151816.0,123.8,0
61,0,30000.0,1,61.0,2.0,2,3,8,1,1.0,1,1,11,10000.0,1,0,1,1,1,5.0,60000.0,122.0,0
43,0,37525.0,1,73.2,3.5,1,6,2,1,4.0,1,1,8,8338.888888888889,1,1,1,1,1,4.3999999999999995,187625.0,146.4,0
38,0,60287.0,1,53.2,3.0,2,7,1,1,2.0,0,1,8,15071.75,1,0,1,1,0,4.6000000000000005,180861.0,106.4,0
62,0,76342.0,1,65.8,3.0,1,5,4,1,1.0,0,1,9,19085.5,1,0,1,1,0,4.6,152684.0,131.6,0
69,0,46111.0,1,23.6,2.0,2,6,1,0,4.0,0,1,7,15370.333333333334,0,1,1,0,0,3.9999999999999996,230555.0,47.2,0
30,0,110636.0,1,43.9,2.0,3,2,5,1,4.0,0,1,7,36878.666666666664,1,1,1,1,0,3.2,553180.0,87.8,0
44,1,69144.0,1,73.7,3.5,2,5,6,1,3.0,0,1,11,15365.333333333334,1,1,1,1,0,5.4,276576.0,147.4,0
51,1,153682.0,2,5.0,2.0,2,4,12,0,5.0,1,1,16,51227.333333333336,0,1,1,0,1,7.200000000000001,922092.0,10.0,1
39,0,101047.0,0,53.5,1.0,1,1,3,1,3.0,1,1,4,50523.5,1,1,1,1,1,1.8000000000000003,404188.0,107.0,0
56,1,52502.0,2,67.4,3.0,1,9,11,1,1.0,1,1,20,13125.5,1,0,1,1,1,9.8,105004.0,134.8,0
39,0,74109.0,2,5.0,1.0,1,5,9,0,3.0,1,1,14,37054.5,0,1,1,0,1,6.6,296436.0,10.0,1
50,0,30000.0,2,26.7,2.0,1,8,8,0,5.0,1,1,16,10000.0,0,1,1,0,1,8.0,180000.0,53.4,0
61,0,117702.0,1,11.9,1.0,1,3,5,1,2.0,1,1,8,58851.0,0,0,1,1,1,3.8,353106.0,23.8,0
41,1,83601.0,2,21.4,2.0,1,6,8,1,5.0,1,1,14,27867.0,0,1,1,1,1,6.8,501606.0,42.8,0
42,0,129767.0,1,75.8,2.0,1,3,2,1,5.0,1,1,5,43255.666666666664,1,1,1,1,1,2.5999999999999996,778602.0,151.6,1
64,0,143145.0,2,44.0,2.0,1,7,13,1,3.0,1,1,20,47715.0,1,1,1,1,1,9.4,572580.0,88.0,0
52,1,78722.0,1,54.4,1.0,2,7,3,1,3.0,0,1,10,39361.0,1,1,1,1,0,5.4,314888.0,108.8,0
63,0,65108.0,1,38.7,1.0,1,1,2,1,2.0,1,1,3,32554.0,0,0,1,1,1,1.4,195324.0,77.4,0
50,1,101361.0,2,57.5,2.0,2,5,11,1,2.0,1,1,16,33787.0,1,0,1,1,1,7.4,304083.0,115.0,0
65,1,114827.0,1,37.7,3.5,1,3,9,1,2.0,0,1,12,25517.11111111111,0,0,1,1,0,5.4,344481.0,75.4,0
66,1,87249.0,2,52.2,3.0,1,10,18,0,5.0,0,1,28,21812.25,1,1,1,0,0,13.2,523494.0,104.4,1
65,0,114079.0,1,14.9,2.0,2,5,1,1,4.0,0,1,6,38026.333333333336,0,1,1,1,0,3.4,570395.0,29.8,0
52,0,53181.0,2,39.5,1.0,2,12,6,0,3.0,1,1,18,26590.5,0,1,1,0,1,9.6,212724.0,79.0,0
27,1,105052.0,1,5.0,1.0,0,0,4,1,5.0,1,1,4,52526.0,0,1,1,1,1,1.6,630312.0,10.0,1
40,0,121697.0,1,59.0,2.0,3,3,7,1,3.0,0,1,10,40565.666666666664,1,1,1,1,0,4.6,486788.0,118.0,0
31,1,30000.0,1,10.3,1.0,1,5,3,1,4.0,1,1,8,15000.0,0,1,1,1,1,4.2,150000.0,20.6,0
29,0,34217.0,1,55.6,2.0,3,7,5,0,2.0,1,1,12,11405.666666666666,1,0,1,0,1,6.2,102651.0,111.2,0
69,1,40474.0,1,38.3,1.0,3,4,1,1,1.0,1,1,5,20237.0,0,0,1,1,1,2.8,80948.0,76.6,0
29,1,127732.0,1,51.0,1.0,0,0,3,1,3.0,1,1,3,63866.0,1,1,1,1,1,1.2000000000000002,510928.0,102.0,0
68,0,97172.0,1,20.9,2.0,1,4,7,1,4.0,1,1,11,32390.666666666668,0,1,1,1,1,5.2,485860.0,41.8,0
55,0,67229.0,1,53.8,2.0,3,4,7,1,4.0,0,1,11,22409.666666666668,1,1,1,1,0,5.2,336145.0,107.6,0
40,1,57236.0,1,83.4,2.0,2,1,3,1,5.0,1,1,4,19078.666666666668,1,1,1,1,1,1.8000000000000003,343416.0,166.8,1
25,0,139937.0,0,19.8,3.0,2,0,2,1,2.0,1,1,2,34984.25,0,0,1,1,1,0.8,419811.0,39.6,1
56,1,64008.0,1,36.6,2.0,2,4,5,1,4.0,0,1,9,21336.0,0,1,1,1,0,4.4,320040.0,73.2,0
56,0,78102.0,0,44.8,1.0,3,0,2,1,3.0,1,1,2,39051.0,1,1,1,1,1,0.8,312408.0,89.6,0
51,1,94473.0,2,98.3,1.0,1,10,10,0,4.0,1,1,20,47236.5,1,1,1,0,1,10.0,472365.0,196.6,0
43,0,104988.0,1,33.4,3.0,2,3,3,0,4.0,1,1,6,26247.0,0,1,1,0,1,3.0,524940.0,66.8,0
31,0,127291.0,2,82.4,1.0,1,10,10,1,1.0,0,1,20,63645.5,1,0,1,1,0,10.0,254582.0,164.8,0
35,1,103847.0,1,18.8,2.0,2,3,7,1,1.0,1,1,10,34615.666666666664,0,0,1,1,1,4.6,207694.0,37.6,0
43,0,90756.0,2,50.6,3.0,1,12,14,1,5.0,0,1,26,22689.0,1,1,1,1,0,12.8,544536.0,101.2,0
49,0,45068.0,0,44.4,3.0,1,0,3,1,3.0,0,1,3,11267.0,1,1,1,1,0,1.2000000000000002,180272.0,88.8,0
64,0,106563.0,2,21.1,1.0,0,14,12,0,3.0,1,1,26,53281.5,0,1,1,0,1,13.200000000000001,426252.0,42.2,1
38,0,81143.0,2,35.3,2.0,3,6,15,1,2.0,0,1,21,27047.666666666668,0,0,1,1,0,9.6,243429.0,70.6,0
63,0,90750.0,2,21.8,3.0,2,2,13,0,1.0,0,1,15,22687.5,0,0,1,0,0,6.4,181500.0,43.6,0
33,1,52391.0,2,44.6,2.0,1,5,15,0,3.0,0,1,20,17463.666666666668,1,1,1,0,0,9.0,209564.0,89.2,0
63,1,84701.0,2,5.0,3.0,2,10,19,1,3.0,1,1,29,21175.25,0,1,1,1,1,13.600000000000001,338804.0,10.0,0
69,1,30000.0,1,49.5,2.0,2,0,1,1,5.0,0,1,1,10000.0,1,1,1,1,0,0.4,180000.0,99.0,0
41,0,68784.0,2,36.7,1.0,2,2,10,1,4.0,0,1,12,34392.0,0,1,1,1,0,5.2,343920.0,73.4,0
25,2,111698.0,2,69.1,2.0,1,10,7,1,5.0,1,1,17,37232.666666666664,1,1,1,1,1,8.8,670188.0,138.2,1
50,0,125641.0,2,73.2,3.0,3,12,10,0,2.0,1,1,22,31410.25,1,0,1,0,1,11.2,376923.0,146.4,0
38,1,54150.0,1,43.1,2.0,2,3,7,1,1.0,1,1,10,18050.0,1,0,1,1,1,4.6,108300.0,86.2,0
65,0,64077.0,2,17.0,2.0,2,13,8,1,1.0,1,1,21,21359.0,0,0,1,1,1,11.0,128154.0,34.0,0
69,1,121363.0,1,75.9,1.0,2,4,9,1,2.0,0,1,13,60681.5,1,0,1,1,0,6.0,364089.0,151.8,0
42,0,94976.0,2,5.0,2.0,2,14,9,0,1.0,0,1,23,31658.666666666668,0,0,1,0,0,12.0,189952.0,10.0,0
37,1,44697.0,1,69.9,3.0,0,2,5,1,1.0,1,1,7,11174.25,1,0,1,1,1,3.2,89394.0,139.8,0
47,1,112624.0,2,63.8,2.0,0,9,16,0,1.0,1,1,25,37541.333333333336,1,0,1,0,1,11.8,225248.0,127.6,0
37,0,96570.0,0,40.6,1.0,1,2,3,1,4.0,1,1,5,48285.0,1,1,1,1,1,2.4000000000000004,482850.0,81.2,1
47,1,122699.0,0,35.3,2.0,0,2,1,1,4.0,1,1,3,40899.666666666664,0,1,1,1,1,1.6,613495.0,70.6,0
36,0,116621.0,2,5.0,2.0,2,11,13,0,4.0,1,1,24,38873.666666666664,0,1,1,0,1,11.8,583105.0,10.0,1
65,0,111397.0,1,61.4,1.0,2,1,8,1,1.0,0,1,9,55698.5,1,0,1,1,0,3.8000000000000003,222794.0,122.8,0
64,0,84768.0,1,5.0,2.0,0,3,8,1,1.0,1,1,11,28256.0,0,0,1,1,1,5.0,169536.0,10.0,0
53,0,174521.0,1,42.5,1.0,0,6,1,1,3.0,0,1,7,87260.5,1,1,1,1,0,3.9999999999999996,698084.0,85.0,0
28,1,112185.0,1,5.0,2.0,0,0,2,1,5.0,1,1,2,37395.0,0,1,1,1,1,0.8,673110.0,10.0,0
46,1,76623.0,2,5.0,1.0,3,7,10,0,3.0,1,1,17,38311.5,0,1,1,0,1,8.2,306492.0,10.0,0
29,1,96256.0,2,22.9,3.0,0,14,18,1,2.0,0,1,32,24064.0,0,0,1,1,0,15.600000000000001,288768.0,45.8,0
57,0,75828.0,0,42.5,1.0,0,1,1,1,1.0,1,1,2,37914.0,1,0,1,1,1,1.0,151656.0,85.0,1
32,1,54587.0,2,75.7,2.0,1,7,3,0,5.0,1,1,10,18195.666666666668,1,1,1,0,1,5.4,327522.0,151.4,0
45,1,92645.0,1,43.7,1.0,1,5,1,1,5.0,1,1,6,46322.5,1,1,1,1,1,3.4,555870.0,87.4,1
61,1,128414.0,2,20.4,2.0,1,10,15,0,2.0,1,1,25,42804.666666666664,0,0,1,0,1,12.0,385242.0,40.8,1
47,1,69923.0,2,50.7,1.0,2,7,5,0,1.0,0,1,12,34961.5,1,0,1,0,0,6.2,139846.0,101.4,0
69,0,76082.0,0,50.5,2.0,2,2,0,0,3.0,1,1,2,25360.666666666668,1,1,1,0,1,1.2,304328.0,101.0,0
65,0,84708.0,1,60.7,3.0,2,5,4,1,1.0,0,1,9,21177.0,1,0,1,1,0,4.6,169416.0,121.4,0
57,1,98421.0,0,31.2,2.0,1,1,0,1,3.0,1,1,1,32807.0,0,1,1,1,1,0.6,393684.0,62.4,0
47,0,62342.0,1,48.4,2.0,2,6,8,0,1.0,1,1,14,20780.666666666668,1,0,1,0,1,6.8,124684.0,96.8,0
46,1,108480.0,2,45.6,3.0,1,4,15,0,4.0,0,1,19,27120.0,1,1,1,0,0,8.4,542400.0,91.2,0
49,1,51836.0,2,34.4,1.0,1,9,9,1,3.0,0,1,18,25918.0,0,1,1,1,0,9.0,207344.0,68.8,0
42,0,127366.0,2,40.2,2.0,2,9,6,0,3.0,0,1,15,42455.333333333336,1,1,1,0,0,7.8,509464.0,80.4,0
48,0,125341.0,2,17.6,1.0,2,5,13,0,5.0,0,1,18,62670.5,0,1,1,0,0,8.2,752046.0,35.2,0
29,1,99234.0,1,70.6,1.0,1,1,8,1,5.0,1,1,9,49617.0,1,1,1,1,1,3.8000000000000003,595404.0,141.2,1
48,0,76014.0,2,24.8,2.0,0,14,17,0,1.0,0,1,31,25338.0,0,0,1,0,0,15.200000000000001,152028.0,49.6,0
51,0,129919.0,1,5.0,2.0,3,6,2,0,3.0,0,1,8,43306.333333333336,0,1,1,0,0,4.3999999999999995,519676.0,10.0,0
66,0,93425.0,1,5.0,2.0,2,2,8,1,1.0,1,1,10,31141.666666666668,0,0,1,1,1,4.4,186850.0,10.0,0
67,0,93427.0,0,75.7,3.0,2,2,2,1,5.0,0,1,4,23356.75,1,1,1,1,0,2.0,560562.0,151.4,0
66,1,125358.0,2,31.3,3.0,1,12,6,0,4.0,1,1,18,31339.5,0,1,1,0,1,9.6,626790.0,62.6,1
47,0,52078.0,1,11.6,2.0,2,5,6,1,4.0,1,1,11,17359.333333333332,0,1,1,1,1,5.4,260390.0,23.2,0
33,0,154871.0,2,5.0,1.0,1,12,17,1,1.0,1,1,29,77435.5,0,0,1,1,1,14.0,309742.0,10.0,0
63,0,97779.0,1,17.8,1.0,1,3,7,0,2.0,1,1,10,48889.5,0,0,1,0,1,4.6,293337.0,35.6,0
39,1,110540.0,1,5.0,1.0,1,2,9,1,1.0,1,1,11,55270.0,0,0,1,1,1,4.8,221080.0,10.0,0
45,1,50332.0,2,46.3,1.0,0,10,3,0,2.0,1,1,13,25166.0,1,0,1,0,1,7.2,150996.0,92.6,0
51,0,77941.0,1,49.3,3.0,2,1,6,0,1.0,1,1,7,19485.25,1,0,1,0,1,3.0000000000000004,155882.0,98.6,0
29,1,117276.0,2,24.0,2.0,2,5,10,1,3.0,1,1,15,39092.0,0,1,1,1,1,7.0,469104.0,48.0,0
65,1,59414.0,0,25.7,2.0,2,2,2,0,4.0,0,1,4,19804.666666666668,0,1,1,0,0,2.0,297070.0,51.4,0
34,0,119449.0,2,91.7,1.0,3,8,15,0,4.0,1,1,23,59724.5,1,1,1,0,1,10.8,597245.0,183.4,0
60,1,160836.0,2,5.0,2.0,0,7,18,1,5.0,0,1,25,53612.0,0,1,1,1,0,11.4,965016.0,10.0,0
51,0,76678.0,2,43.2,2.0,3,5,8,1,1.0,1,1,13,25559.333333333332,1,0,1,1,1,6.2,153356.0,86.4,0
38,0,174503.0,1,54.0,1.0,2,4,8,0,2.0,1,1,12,87251.5,1,0,1,0,1,5.6,523509.0,108.0,0
48,1,30000.0,2,69.6,1.0,1,9,13,0,5.0,1,1,22,15000.0,1,1,1,0,1,10.6,180000.0,139.2,1
53,1,33779.0,2,37.4,2.0,1,2,18,0,2.0,1,1,20,11259.666666666666,0,0,1,0,1,8.4,101337.0,74.8,0
30,0,93957.0,2,84.0,2.0,1,11,12,1,1.0,1,1,23,31319.0,1,0,1,1,1,11.4,187914.0,168.0,0
63,1,73619.0,1,52.2,3.0,2,6,3,1,4.0,1,1,9,18404.75,1,1,1,1,1,4.8,368095.0,104.4,1
36,0,81478.0,1,27.9,1.0,2,6,7,1,2.0,0,1,13,40739.0,0,0,1,1,0,6.4,244434.0,55.8,0
52,1,78845.0,2,24.0,3.0,1,12,17,0,4.0,1,1,29,19711.25,0,1,1,0,1,14.0,394225.0,48.0,0
59,1,120306.0,0,50.5,1.0,2,2,1,1,2.0,1,1,3,60153.0,1,0,1,1,1,1.6,360918.0,101.0,0
59,0,98861.0,1,73.9,2.0,0,6,9,0,4.0,1,1,15,32953.666666666664,1,1,1,0,1,7.199999999999999,494305.0,147.8,0
30,1,159843.0,1,66.6,2.0,2,4,4,0,4.0,1,1,8,53281.0,1,1,1,0,1,4.0,799215.0,133.2,1
68,1,99546.0,2,65.7,2.0,2,8,11,0,5.0,0,1,19,33182.0,1,1,1,0,0,9.2,597276.0,131.4,0
36,1,94781.0,1,50.5,1.0,1,1,7,0,3.0,1,1,8,47390.5,1,1,1,0,1,3.4000000000000004,379124.0,101.0,0
25,0,90047.0,1,33.7,2.0,2,4,2,1,4.0,0,1,6,30015.666666666668,0,1,1,1,0,3.2,450235.0,67.4,0
63,0,137153.0,2,32.7,1.0,2,6,9,0,3.0,1,1,15,68576.5,0,1,1,0,1,7.199999999999999,548612.0,65.4,0
37,0,72715.0,2,5.0,1.0,1,9,11,1,3.0,1,1,20,36357.5,0,1,1,1,1,9.8,290860.0,10.0,1
47,1,95593.0,2,33.9,3.0,0,7,4,0,4.0,1,1,11,23898.25,0,1,1,0,1,5.800000000000001,477965.0,67.8,1
34,1,94951.0,1,39.9,3.0,2,5,4,1,5.0,0,1,9,23737.75,0,1,1,1,0,4.6,569706.0,79.8,0
57,1,95000.0,1,67.9,1.0,2,2,9,1,4.0,0,1,11,47500.0,1,1,1,1,0,4.8,475000.0,135.8,0
35,1,30000.0,0,95.1,1.0,2,0,3,1,3.0,0,1,3,15000.0,1,1,1,1,0,1.2000000000000002,120000.0,190.2,0
32,1,108501.0,0,12.3,2.0,0,2,0,1,1.0,1,1,2,36167.0,0,0,1,1,1,1.2,217002.0,24.6,0
52,0,81041.0,2,19.8,1.0,2,3,4,0,2.0,1,1,7,40520.5,0,0,1,0,1,3.4,243123.0,39.6,0
64,0,87916.0,2,75.5,3.5,1,7,10,1,2.0,1,1,17,19536.88888888889,1,0,1,1,1,8.2,263748.0,151.0,0
49,1,134628.0,2,28.0,2.0,3,8,15,0,2.0,1,1,23,44876.0,0,0,1,0,1,10.8,403884.0,56.0,0
32,1,115396.0,1,81.1,2.0,0,1,7,1,5.0,0,1,8,38465.333333333336,1,1,1,1,0,3.4000000000000004,692376.0,162.2,0
46,0,92046.0,1,15.9,2.0,2,7,7,0,4.0,0,1,14,30682.0,0,1,1,0,0,7.0,460230.0,31.8,0
68,0,66929.0,0,5.0,2.0,1,2,2,1,4.0,0,1,4,22309.666666666668,0,1,1,1,0,2.0,334645.0,10.0,1
49,2,78015.0,2,31.3,2.0,2,9,9,0,4.0,0,1,18,26005.0,0,1,1,0,0,9.0,390075.0,62.6,0
39,0,83229.0,2,44.4,2.0,2,9,17,0,3.0,1,1,26,27743.0,1,1,1,0,1,12.2,332916.0,88.8,1
30,1,60562.0,0,43.8,1.0,0,1,1,1,4.0,1,1,2,30281.0,1,1,1,1,1,1.0,302810.0,87.6,1
63,1,108245.0,1,5.0,1.0,0,0,9,1,1.0,0,1,9,54122.5,0,0,1,1,0,3.6,216490.0,10.0,0
64,0,43266.0,2,48.9,2.0,2,7,6,1,5.0,1,1,13,14422.0,1,1,1,1,1,6.6000000000000005,259596.0,97.8,0
35,0,123950.0,2,50.2,2.0,1,4,11,0,5.0,1,1,15,41316.666666666664,1,1,1,0,1,6.800000000000001,743700.0,100.4,1
37,0,72676.0,0,55.7,3.0,1,1,2,1,5.0,0,1,3,18169.0,1,1,1,1,0,1.4,436056.0,111.4,0
64,0,42223.0,0,39.1,1.0,1,1,0,1,1.0,0,1,1,21111.5,0,0,1,1,0,0.6,84446.0,78.2,0
41,1,109097.0,0,58.9,2.0,2,0,1,1,3.0,1,1,1,36365.666666666664,1,1,1,1,1,0.4,436388.0,117.8,0
46,1,75534.0,1,64.8,2.0,2,4,1,1,5.0,0,1,5,25178.0,1,1,1,1,0,2.8,453204.0,129.6,0
48,1,130875.0,1,74.8,1.0,0,7,4,1,3.0,0,1,11,65437.5,1,1,1,1,0,5.800000000000001,523500.0,149.6,0
55,2,48671.0,2,29.8,3.0,1,14,18,1,1.0,1,1,32,12167.75,0,0,1,1,1,15.600000000000001,97342.0,59.6,0
29,0,146301.0,1,51.4,3.0,1,7,2,1,2.0,0,1,9,36575.25,1,0,1,1,0,5.0,438903.0,102.8,0
59,1,145682.0,0,14.0,3.0,0,1,2,1,4.0,0,1,3,36420.5,0,1,1,1,0,1.4,728410.0,28.0,0
25,0,64637.0,2,32.5,2.0,1,10,10,1,1.0,1,1,20,21545.666666666668,0,0,1,1,1,10.0,129274.0,65.0,0
61,0,84049.0,2,61.9,1.0,2,13,17,1,1.0,1,1,30,42024.5,1,0,1,1,1,14.600000000000001,168098.0,123.8,0
28,1,90920.0,2,68.4,2.0,3,8,13,0,3.0,1,1,21,30306.666666666668,1,1,1,0,1,10.0,363680.0,136.8,0
32,1,55465.0,1,62.3,3.0,2,3,2,1,1.0,1,1,5,13866.25,1,0,1,1,1,2.5999999999999996,110930.0,124.6,0
40,1,87910.0,2,24.0,3.0,0,6,14,0,5.0,0,1,20,21977.5,0,1,1,0,0,9.2,527460.0,48.0,0
65,0,50834.0,1,83.8,2.0,2,7,6,1,4.0,1,1,13,16944.666666666668,1,1,1,1,1,6.6000000000000005,254170.0,167.6,0
43,1,59895.0,1,73.4,2.0,2,5,9,1,5.0,1,1,14,19965.0,1,1,1,1,1,6.6,359370.0,146.8,1
39,0,59059.0,2,5.8,1.0,1,10,12,0,4.0,0,1,22,29529.5,0,1,1,0,0,10.8,295295.0,11.6,0
41,1,69073.0,2,40.2,3.0,1,4,3,1,2.0,0,1,7,17268.25,1,0,1,1,0,3.6,207219.0,80.4,0
30,0,95470.0,2,32.6,2.0,1,4,11,0,1.0,0,1,15,31823.333333333332,0,0,1,0,0,6.800000000000001,190940.0,65.2,0
44,2,91053.0,2,28.3,2.0,1,7,5,1,1.0,0,1,12,30351.0,0,0,1,1,0,6.2,182106.0,56.6,0
55,1,61133.0,2,70.5,2.0,2,9,4,1,4.0,1,1,13,20377.666666666668,1,1,1,1,1,7.0,305665.0,141.0,0
37,1,59495.0,2,5.5,1.0,0,14,7,1,4.0,0,1,21,29747.5,0,1,1,1,0,11.200000000000001,297475.0,11.0,0
59,1,93383.0,1,85.5,2.0,2,2,7,1,1.0,0,1,9,31127.666666666668,1,0,1,1,0,4.0,186766.0,171.0,0
51,1,67794.0,0,66.8,2.0,2,1,2,1,3.0,0,1,3,22598.0,1,1,1,1,0,1.4,271176.0,133.6,0
44,0,114645.0,1,38.6,1.0,2,1,9,1,2.0,0,1,10,57322.5,0,0,1,1,0,4.2,343935.0,77.2,0
32,0,41139.0,2,76.2,1.0,2,5,14,1,1.0,1,1,19,20569.5,1,0,1,1,1,8.600000000000001,82278.0,152.4,0
30,0,34876.0,1,50.2,2.0,2,5,2,1,4.0,1,1,7,11625.333333333334,1,1,1,1,1,3.8,174380.0,100.4,0
41,1,98614.0,1,52.3,2.0,1,7,4,0,1.0,1,1,11,32871.333333333336,1,0,1,0,1,5.800000000000001,197228.0,104.6,0
57,0,78516.0,1,69.8,1.0,2,1,7,1,4.0,0,1,8,39258.0,1,1,1,1,0,3.4000000000000004,392580.0,139.6,0
56,1,70523.0,1,52.6,3.5,1,4,7,1,4.0,1,1,11,15671.777777777777,1,1,1,1,1,5.2,352615.0,105.2,0
55,1,85330.0,1,67.3,1.0,1,6,6,0,3.0,0,1,12,42665.0,1,1,1,0,0,6.0,341320.0,134.6,0
48,1,42147.0,1,29.7,2.0,0,3,6,1,3.0,1,1,9,14049.0,0,1,1,1,1,4.2,168588.0,59.4,0
38,1,80658.0,2,38.8,1.0,2,7,5,1,5.0,1,1,12,40329.0,0,1,1,1,1,6.2,483948.0,77.6,1
66,0,61010.0,0,5.0,2.0,2,2,1,1,4.0,1,1,3,20336.666666666668,0,1,1,1,1,1.6,305050.0,10.0,1
67,1,64638.0,1,5.0,2.0,0,6,2,1,3.0,1,1,8,21546.0,0,1,1,1,1,4.3999999999999995,258552.0,10.0,0
37,0,121836.0,0,66.4,1.0,0,2,1,1,3.0,1,1,3,60918.0,1,1,1,1,1,1.6,487344.0,132.8,0
57,0,104150.0,2,50.2,3.0,2,6,11,1,2.0,0,1,17,26037.5,1,0,1,1,0,8.0,312450.0,100.4,0
55,0,83735.0,2,13.4,1.0,2,3,4,1,4.0,1,1,7,41867.5,0,1,1,1,1,3.4,418675.0,26.8,0
51,0,115811.0,1,40.2,1.0,2,2,9,0,2.0,0,1,11,57905.5,1,0,1,0,0,4.8,347433.0,80.4,0
36,1,95766.0,1,13.8,1.0,2,7,2,1,1.0,1,1,9,47883.0,0,0,1,1,1,5.0,191532.0,27.6,0
48,2,30000.0,2,52.6,1.0,2,11,14,1,1.0,1,1,25,15000.0,1,0,1,1,1,12.2,60000.0,105.2,0
31,1,77190.0,2,44.8,2.0,2,10,8,0,5.0,1,1,18,25730.0,1,1,1,0,1,9.2,463140.0,89.6,0
60,2,30000.0,2,21.0,1.0,1,4,8,0,4.0,1,1,12,15000.0,0,1,1,0,1,5.6,150000.0,42.0,0
64,1,125664.0,1,58.5,3.0,0,5,1,0,1.0,0,1,6,31416.0,1,0,1,0,0,3.4,251328.0,117.0,0
35,1,73154.0,0,45.2,2.0,1,1,1,1,1.0,1,1,2,24384.666666666668,1,0,1,1,1,1.0,146308.0,90.4,0
59,0,61828.0,2,70.3,1.0,2,11,18,1,5.0,1,1,29,30914.0,1,1,1,1,1,13.8,370968.0,140.6,1
65,0,105117.0,1,32.3,1.0,2,7,5,1,1.0,0,1,12,52558.5,0,0,1,1,0,6.2,210234.0,64.6,0
30,1,79803.0,0,47.4,1.0,0,2,1,1,4.0,1,1,3,39901.5,1,1,1,1,1,1.6,399015.0,94.8,0
41,0,100756.0,2,64.8,2.0,2,14,17,0,3.0,1,1,31,33585.333333333336,1,1,1,0,1,15.200000000000001,403024.0,129.6,0
54,1,31545.0,1,30.6,2.0,0,3,4,1,2.0,1,1,7,10515.0,0,0,1,1,1,3.4,94635.0,61.2,0
54,0,84708.0,2,22.7,2.0,2,2,14,0,5.0,1,1,16,28236.0,0,1,1,0,1,6.800000000000001,508248.0,45.4,0
25,1,79943.0,2,9.4,2.0,0,5,16,1,1.0,0,1,21,26647.666666666668,0,0,1,1,0,9.4,159886.0,18.8,0
54,1,109570.0,2,21.8,2.0,1,13,16,0,2.0,0,1,29,36523.333333333336,0,0,1,0,0,14.2,328710.0,43.6,0
47,1,41558.0,2,26.3,2.0,1,12,11,1,4.0,1,1,23,13852.666666666666,0,1,1,1,1,11.6,207790.0,52.6,1
52,1,68323.0,1,31.2,1.0,1,5,4,0,3.0,0,1,9,34161.5,0,1,1,0,0,4.6,273292.0,62.4,0
63,1,131397.0,2,52.7,1.0,1,12,12,0,2.0,1,1,24,65698.5,1,0,1,0,1,12.0,394191.0,105.4,0
67,0,45572.0,0,62.4,2.0,3,1,1,1,3.0,1,1,2,15190.666666666666,1,1,1,1,1,1.0,182288.0,124.8,1
59,1,41293.0,1,11.1,3.5,2,4,1,1,1.0,1,1,5,9176.222222222223,0,0,1,1,1,2.8,82586.0,22.2,0
25,0,111904.0,1,89.1,2.0,1,1,1,1,4.0,1,1,2,37301.333333333336,1,1,1,1,1,1.0,559520.0,178.2,0
36,1,146688.0,1,42.4,1.0,1,2,4,1,5.0,1,1,6,73344.0,1,1,1,1,1,2.8,880128.0,84.8,1
43,1,53181.0,1,7.0,2.0,3,7,6,0,3.0,1,1,13,17727.0,0,1,1,0,1,6.6000000000000005,212724.0,14.0,0
28,1,80560.0,1,60.9,2.0,1,7,9,1,3.0,0,1,16,26853.333333333332,1,1,1,1,0,7.800000000000001,322240.0,121.8,0
48,0,70729.0,2,38.1,1.0,2,13,5,0,5.0,1,1,18,35364.5,0,1,1,0,1,9.8,424374.0,76.2,0
32,0,84708.0,1,40.2,2.0,1,0,9,1,5.0,0,1,9,28236.0,1,1,1,1,0,3.6,508248.0,80.4,0
62,1,91295.0,2,32.2,3.0,1,5,16,1,5.0,1,1,21,22823.75,0,1,1,1,1,9.4,547770.0,64.4,0
54,1,99930.0,0,43.1,1.0,0,1,3,1,3.0,1,1,4,49965.0,1,1,1,1,1,1.8000000000000003,399720.0,86.2,1
58,0,74634.0,2,51.4,3.5,3,10,5,0,2.0,0,1,15,16585.333333333332,1,0,1,0,0,8.0,223902.0,102.8,0
44,0,48584.0,2,25.4,1.0,1,7,4,1,3.0,1,1,11,24292.0,0,1,1,1,1,5.800000000000001,194336.0,50.8,0
55,1,32427.0,2,55.2,2.0,0,8,11,0,2.0,0,1,19,10809.0,1,0,1,0,0,9.2,97281.0,110.4,0
67,1,53521.0,2,14.0,3.0,1,14,8,0,5.0,1,1,22,13380.25,0,1,1,0,1,11.600000000000001,321126.0,28.0,0
33,1,116054.0,1,39.0,2.0,3,2,5,1,3.0,1,1,7,38684.666666666664,0,1,1,1,1,3.2,464216.0,78.0,0
55,1,30000.0,2,48.7,2.0,1,6,13,0,2.0,0,1,19,10000.0,1,0,1,0,0,8.8,90000.0,97.4,0
28,0,148167.0,2,67.8,1.0,1,14,15,1,2.0,0,1,29,74083.5,1,0,1,1,0,14.4,444501.0,135.6,0
45,1,90520.0,2,36.4,2.0,1,2,12,1,4.0,1,1,14,30173.333333333332,0,1,1,1,1,6.000000000000001,452600.0,72.8,0
65,1,149854.0,1,73.5,1.0,1,7,2,1,5.0,1,1,9,74927.0,1,1,1,1,1,5.0,899124.0,147.0,1
26,0,81929.0,1,54.0,1.0,1,1,2,1,3.0,0,1,3,40964.5,1,1,1,1,0,1.4,327716.0,108.0,0
34,1,40203.0,0,106.35000000000001,1.0,2,2,3,1,3.0,0,1,5,20101.5,1,1,1,1,0,2.4000000000000004,160812.0,212.70000000000002,0
25,0,113026.0,2,18.3,1.0,1,12,15,0,3.0,1,1,27,56513.0,0,1,1,0,1,13.2,452104.0,36.6,0
28,0,70404.0,2,89.7,2.0,1,6,7,0,3.0,1,1,13,23468.0,1,1,1,0,1,6.4,281616.0,179.4,0
33,0,62546.0,0,40.6,1.0,0,1,3,1,4.0,1,1,4,31273.0,1,1,1,1,1,1.8000000000000003,312730.0,81.2,0
41,1,35007.0,1,34.1,3.0,0,0,9,1,1.0,0,1,9,8751.75,0,0,1,1,0,3.6,70014.0,68.2,0
50,0,95898.0,1,18.6,3.0,3,0,5,1,4.0,0,1,5,23974.5,0,1,1,1,0,2.0,479490.0,37.2,0
50,1,104379.0,0,12.9,1.0,1,2,3,1,2.0,0,1,5,52189.5,0,0,1,1,0,2.4000000000000004,313137.0,25.8,0
59,1,92797.0,2,22.3,2.0,3,12,10,1,5.0,1,1,22,30932.333333333332,0,1,1,1,1,11.2,556782.0,44.6,1
26,1,93430.0,2,84.4,1.0,3,5,13,0,2.0,0,1,18,46715.0,1,0,1,0,0,8.2,280290.0,168.8,0
48,0,147870.0,1,47.6,1.0,1,2,8,1,3.0,0,1,10,73935.0,1,1,1,1,0,4.4,591480.0,95.2,0
66,0,98683.0,1,14.5,1.0,1,1,3,1,4.0,1,1,4,49341.5,0,1,1,1,1,1.8000000000000003,493415.0,29.0,1
67,1,75528.0,1,71.5,1.0,2,3,3,1,3.0,1,1,6,37764.0,1,1,1,1,1,3.0,302112.0,143.0,0
33,1,47645.0,0,59.3,1.0,3,2,3,0,3.0,1,1,5,23822.5,1,1,1,0,1,2.4000000000000004,190580.0,118.6,0
55,1,78822.0,0,87.9,2.0,1,2,3,0,2.0,1,1,5,26274.0,1,0,1,0,1,2.4000000000000004,236466.0,175.8,0
35,0,73130.0,2,81.2,3.0,0,3,6,1,3.0,0,1,9,18282.5,1,1,1,1,0,4.2,292520.0,162.4,0
54,1,137845.0,1,74.9,2.0,1,0,6,1,1.0,1,1,6,45948.333333333336,1,0,1,1,1,2.4000000000000004,275690.0,149.8,0
56,0,132490.0,0,30.3,2.0,1,0,0,1,1.0,1,1,0,44163.333333333336,0,0,1,1,1,0.0,264980.0,60.6,1
39,0,66635.0,1,46.0,1.0,1,1,4,1,3.0,1,1,5,33317.5,1,1,1,1,1,2.2,266540.0,92.0,0
69,0,79668.0,0,43.0,1.0,1,0,1,1,2.0,1,1,1,39834.0,1,0,1,1,1,0.4,239004.0,86.0,0
54,1,89502.0,2,57.4,2.0,1,5,18,1,4.0,0,1,23,29834.0,1,1,1,1,0,10.2,447510.0,114.8,0
40,1,132255.0,2,23.1,2.0,1,9,14,0,2.0,0,1,23,44085.0,0,0,1,0,0,11.0,396765.0,46.2,0
25,1,87739.0,2,5.0,1.0,0,14,9,1,5.0,1,1,23,43869.5,0,1,1,1,1,12.0,526434.0,10.0,1
27,1,35903.0,2,68.7,3.5,3,7,11,1,3.0,0,1,18,7978.444444444444,1,1,1,1,0,8.600000000000001,143612.0,137.4,0
53,0,148252.0,2,62.5,1.0,3,11,6,0,3.0,1,1,17,74126.0,1,1,1,0,1,9.0,593008.0,125.0,0
45,0,131280.0,2,60.4,2.0,2,11,17,0,4.0,0,1,28,43760.0,1,1,1,0,0,13.4,656400.0,120.8,0
46,0,91542.0,2,67.5,3.0,1,14,8,0,2.0,1,1,22,22885.5,1,0,1,0,1,11.600000000000001,274626.0,135.0,0
48,1,118225.0,2,47.6,1.0,2,5,12,0,2.0,1,1,17,59112.5,1,0,1,0,1,7.800000000000001,354675.0,95.2,0
69,0,59110.0,2,40.1,2.0,2,9,3,0,2.0,0,1,12,19703.333333333332,0,0,1,0,0,6.6,177330.0,80.2,0
30,1,156000.0,2,14.6,1.0,2,9,4,0,4.0,1,1,13,78000.0,0,1,1,0,1,7.0,780000.0,29.2,1
39,0,107845.0,2,20.2,2.0,1,10,19,0,5.0,0,1,29,35948.333333333336,0,1,1,0,0,13.600000000000001,647070.0,40.4,0
28,0,33413.0,2,36.4,3.0,2,5,10,0,3.0,0,1,15,8353.25,0,1,1,0,0,7.0,133652.0,72.8,0
43,1,168270.0,2,37.3,1.0,1,11,9,1,5.0,1,1,20,84135.0,0,1,1,1,1,10.2,1009620.0,74.6,1
50,0,106653.0,2,17.7,1.0,1,6,18,0,3.0,0,1,24,53326.5,0,1,1,0,0,10.8,426612.0,35.4,0
48,1,35785.0,2,48.5,1.0,0,14,14,1,1.0,0,1,28,17892.5,1,0,1,1,0,14.0,71570.0,97.0,0
26,1,84708.0,1,17.6,1.0,1,4,9,1,5.0,1,1,13,42354.0,0,1,1,1,1,6.0,508248.0,35.2,0
31,0,72963.0,0,46.7,1.0,2,2,0,1,2.0,0,1,2,36481.5,1,0,1,1,0,1.2,218889.0,93.4,0
30,1,66694.0,0,50.0,2.0,1,2,2,0,2.0,0,1,4,22231.333333333332,1,0,1,0,0,2.0,200082.0,100.0,0
38,1,136259.0,2,21.3,1.0,2,13,17,0,4.0,0,1,30,68129.5,0,1,1,0,0,14.600000000000001,681295.0,42.6,0
27,1,94091.0,2,60.8,1.0,3,2,4,0,1.0,1,1,6,47045.5,1,0,1,0,1,2.8,188182.0,121.6,0
50,0,102935.0,1,55.6,1.0,0,5,8,1,5.0,0,1,13,51467.5,1,1,1,1,0,6.2,617610.0,111.2,0
50,1,80465.0,1,31.4,1.0,2,2,1,0,1.0,1,1,3,40232.5,0,0,1,0,1,1.6,160930.0,62.8,0
65,0,57912.0,2,46.4,2.0,1,3,13,0,2.0,0,1,16,19304.0,1,0,1,0,0,7.0,173736.0,92.8,0
25,1,94258.0,2,22.1,1.0,2,7,19,0,3.0,1,1,26,47129.0,0,1,1,0,1,11.8,377032.0,44.2,1
52,1,89125.0,1,11.2,1.0,2,2,6,1,4.0,1,1,8,44562.5,0,1,1,1,1,3.6000000000000005,445625.0,22.4,1
43,0,46726.0,0,5.0,3.5,3,0,2,1,4.0,1,1,2,10383.555555555555,0,1,1,1,1,0.8,233630.0,10.0,0
39,0,85760.0,2,35.5,1.0,1,7,8,0,5.0,0,1,15,42880.0,0,1,1,0,0,7.4,514560.0,71.0,0
37,0,77473.0,2,43.8,2.0,2,10,15,0,4.0,0,1,25,25824.333333333332,1,1,1,0,0,12.0,387365.0,87.6,0
68,0,84832.0,2,37.9,3.0,0,9,11,1,1.0,0,1,20,21208.0,0,0,1,1,0,9.8,169664.0,75.8,0
60,1,90481.0,1,61.9,3.0,1,3,6,1,5.0,0,1,9,22620.25,1,1,1,1,0,4.2,542886.0,123.8,0
36,0,174521.0,1,36.1,3.0,2,6,9,0,2.0,1,1,15,43630.25,0,0,1,0,1,7.199999999999999,523563.0,72.2,1
36,0,98174.0,1,32.0,2.0,2,3,1,0,3.0,1,1,4,32724.666666666668,0,1,1,0,1,2.1999999999999997,392696.0,64.0,0
68,0,52077.0,2,56.9,1.0,1,3,18,0,1.0,1,1,21,26038.5,1,0,1,0,1,9.0,104154.0,113.8,0
48,0,84708.0,1,50.9,2.0,1,0,2,1,3.0,1,1,2,28236.0,1,1,1,1,1,0.8,338832.0,101.8,0
28,1,94814.0,1,28.5,1.0,0,4,7,1,3.0,1,1,11,47407.0,0,1,1,1,1,5.2,379256.0,57.0,0
69,0,95987.0,1,5.0,1.0,1,3,7,1,2.0,0,1,10,47993.5,0,0,1,1,0,4.6,287961.0,10.0,0
36,1,62786.0,2,69.3,1.0,2,10,9,0,3.0,0,1,19,31393.0,1,1,1,0,0,9.6,251144.0,138.6,0
28,0,30000.0,1,82.0,3.0,3,0,5,1,5.0,1,1,5,7500.0,1,1,1,1,1,2.0,180000.0,164.0,0
62,1,30000.0,2,24.7,3.0,1,13,19,0,2.0,1,1,32,7500.0,0,0,1,0,1,15.4,90000.0,49.4,0
45,0,40123.0,2,87.1,2.0,2,9,11,1,2.0,0,1,20,13374.333333333334,1,0,1,1,0,9.8,120369.0,174.2,0
42,1,59741.0,0,66.1,1.0,2,1,0,1,5.0,1,1,1,29870.5,1,1,1,1,1,0.6,358446.0,132.2,0
58,1,106424.0,2,5.0,2.0,1,5,5,0,2.0,0,1,10,35474.666666666664,0,0,1,0,0,5.0,319272.0,10.0,0
45,0,87936.0,2,7.1,3.0,1,8,16,1,4.0,1,1,24,21984.0,0,1,1,1,1,11.2,439680.0,14.2,0
42,0,93038.0,1,23.6,2.0,2,0,5,1,5.0,1,1,5,31012.666666666668,0,1,1,1,1,2.0,558228.0,47.2,1
51,1,94414.0,2,52.2,1.0,1,9,8,0,4.0,1,1,17,47207.0,1,1,1,0,1,8.6,472070.0,104.4,0
47,0,98561.0,2,88.0,1.0,1,14,18,1,3.0,0,1,32,49280.5,1,1,1,1,0,15.600000000000001,394244.0,176.0,0
64,0,42937.0,2,34.8,1.0,3,3,11,0,3.0,1,1,14,21468.5,0,1,1,0,1,6.2,171748.0,69.6,0
65,1,84708.0,0,66.2,1.0,0,0,1,1,4.0,1,1,1,42354.0,1,1,1,1,1,0.4,423540.0,132.4,0
55,0,84708.0,1,14.9,1.0,0,6,8,0,3.0,1,1,14,42354.0,0,1,1,0,1,6.8,338832.0,29.8,0
30,1,54060.0,1,35.2,3.0,1,2,1,1,1.0,0,1,3,13515.0,0,0,1,1,0,1.6,108120.0,70.4,0
51,0,84708.0,1,24.1,2.0,1,0,3,1,3.0,0,1,3,28236.0,0,1,1,1,0,1.2000000000000002,338832.0,48.2,0
69,1,30000.0,1,53.5,2.0,1,2,4,1,2.0,0,1,6,10000.0,1,0,1,1,0,2.8,90000.0,107.0,0
60,0,76638.0,2,39.2,3.5,0,4,15,0,4.0,0,1,19,17030.666666666668,0,1,1,0,0,8.4,383190.0,78.4,0
69,0,131789.0,2,31.0,3.0,2,11,17,0,3.0,0,1,28,32947.25,0,1,1,0,0,13.4,527156.0,62.0,0
30,1,30000.0,2,47.2,3.0,0,8,8,0,2.0,0,1,16,7500.0,1,0,1,0,0,8.0,90000.0,94.4,0
53,1,147602.0,2,57.3,1.0,1,13,17,1,4.0,1,1,30,73801.0,1,1,1,1,1,14.600000000000001,738010.0,114.6,1
55,0,65135.0,2,38.2,2.0,1,9,17,0,1.0,1,1,26,21711.666666666668,0,0,1,0,1,12.2,130270.0,76.4,0
66,1,123749.0,0,56.3,1.0,0,2,3,1,2.0,1,1,5,61874.5,1,0,1,1,1,2.4000000000000004,371247.0,112.6,0
61,2,71241.0,2,18.8,1.0,0,5,12,0,2.0,1,1,17,35620.5,0,0,1,0,1,7.800000000000001,213723.0,37.6,0
43,0,30000.0,2,75.3,1.0,2,6,12,1,5.0,1,1,18,15000.0,1,1,1,1,1,8.4,180000.0,150.6,0
60,1,109218.0,0,38.7,3.5,1,2,1,1,2.0,1,1,3,24270.666666666668,0,0,1,1,1,1.6,327654.0,77.4,0
29,0,164922.0,1,63.6,3.5,1,3,7,1,3.0,1,1,10,36649.333333333336,1,1,1,1,1,4.6,659688.0,127.2,0
45,1,124186.0,1,15.2,2.0,2,0,8,1,2.0,0,1,8,41395.333333333336,0,0,1,1,0,3.2,372558.0,30.4,0
36,1,108302.0,2,77.0,1.0,2,2,18,0,3.0,1,1,20,54151.0,1,1,1,0,1,8.4,433208.0,154.0,1
59,1,89216.0,1,25.5,2.0,0,2,6,1,3.0,1,1,8,29738.666666666668,0,1,1,1,1,3.6000000000000005,356864.0,51.0,0
67,1,166819.0,1,40.2,1.0,2,7,5,1,4.0,0,1,12,83409.5,1,1,1,1,0,6.2,834095.0,80.4,0
40,1,115403.0,1,40.7,1.0,1,5,2,1,4.0,0,1,7,57701.5,1,1,1,1,0,3.8,577015.0,81.4,0
40,1,82180.0,2,40.0,1.0,3,6,17,0,5.0,1,1,23,41090.0,0,1,1,0,1,10.4,493080.0,80.0,0
45,1,74968.0,0,40.3,2.0,1,0,1,1,4.0,0,1,1,24989.333333333332,1,1,1,1,0,0.4,374840.0,80.6,0
28,1,57585.0,2,50.3,2.0,2,9,18,0,4.0,1,1,27,19195.0,1,1,1,0,1,12.6,287925.0,100.6,0
58,0,138328.0,2,70.6,2.0,2,4,9,1,3.0,1,1,13,46109.333333333336,1,1,1,1,1,6.0,553312.0,141.2,1
67,0,43618.0,1,37.0,1.0,1,1,3,0,5.0,1,1,4,21809.0,0,1,1,0,1,1.8000000000000003,261708.0,74.0,1
43,1,131374.0,2,14.4,1.0,2,14,8,1,2.0,1,1,22,65687.0,0,0,1,1,1,11.600000000000001,394122.0,28.8,0
28,1,87326.0,1,51.8,2.0,0,2,6,1,3.0,1,1,8,29108.666666666668,1,1,1,1,1,3.6000000000000005,349304.0,103.6,1
40,1,56810.0,2,20.1,1.0,0,13,11,1,3.0,1,1,24,28405.0,0,1,1,1,1,12.2,227240.0,40.2,0
27,0,120261.0,2,5.0,1.0,0,14,4,0,4.0,1,1,18,60130.5,0,1,1,0,1,10.0,601305.0,10.0,1
47,1,30000.0,1,38.6,3.0,2,4,3,1,3.0,0,1,7,7500.0,0,1,1,1,0,3.6,120000.0,77.2,0
57,2,102477.0,1,43.7,3.0,3,1,6,1,4.0,1,1,7,25619.25,1,1,1,1,1,3.0000000000000004,512385.0,87.4,1
54,0,65210.0,0,46.9,1.0,3,1,0,1,5.0,1,1,1,32605.0,1,1,1,1,1,0.6,391260.0,93.8,1
46,1,98135.0,0,53.0,1.0,3,0,3,1,4.0,1,1,3,49067.5,1,1,1,1,1,1.2000000000000002,490675.0,106.0,1
48,1,95035.0,2,5.0,1.0,1,3,8,1,3.0,0,1,11,47517.5,0,1,1,1,0,5.0,380140.0,10.0,0
32,1,95707.0,2,5.0,1.0,3,5,8,0,4.0,1,1,13,47853.5,0,1,1,0,1,6.2,478535.0,10.0,0
26,1,140397.0,1,78.8,3.5,1,0,1,1,2.0,1,1,1,31199.333333333332,1,0,1,1,1,0.4,421191.0,157.6,1
39,0,39148.0,1,55.9,3.0,0,5,2,0,4.0,0,1,7,9787.0,1,1,1,0,0,3.8,195740.0,111.8,0
29,1,95603.0,2,63.1,1.0,2,6,9,0,2.0,1,1,15,47801.5,1,0,1,0,1,7.199999999999999,286809.0,126.2,0
67,1,96286.0,1,64.4,1.0,2,1,3,1,2.0,1,1,4,48143.0,1,0,1,1,1,1.8000000000000003,288858.0,128.8,0
67,1,89418.0,1,41.3,2.0,2,4,3,1,5.0,0,1,7,29806.0,1,1,1,1,0,3.6,536508.0,82.6,0
26,1,46517.0,1,30.1,2.0,0,2,6,0,4.0,1,1,8,15505.666666666666,0,1,1,0,1,3.6000000000000005,232585.0,60.2,0
66,0,82383.0,1,54.0,2.0,1,2,7,1,5.0,1,1,9,27461.0,1,1,1,1,1,4.0,494298.0,108.0,1
42,2,79795.0,1,85.2,2.0,1,6,5,1,2.0,1,1,11,26598.333333333332,1,0,1,1,1,5.6,239385.0,170.4,0
35,0,114353.0,2,25.5,2.0,2,11,16,1,5.0,0,1,27,38117.666666666664,0,1,1,1,0,13.0,686118.0,51.0,0
49,1,93930.0,2,73.7,1.0,0,12,18,1,1.0,1,1,30,46965.0,1,0,1,1,1,14.399999999999999,187860.0,147.4,0
38,0,64225.0,1,34.1,3.0,0,0,2,1,1.0,1,1,2,16056.25,0,0,1,1,1,0.8,128450.0,68.2,0
34,1,52505.0,1,39.7,3.0,1,4,2,1,3.0,0,1,6,13126.25,0,1,1,1,0,3.2,210020.0,79.4,0
50,1,68640.0,1,11.6,3.5,2,7,3,1,5.0,1,1,10,15253.333333333334,0,1,1,1,1,5.4,411840.0,23.2,1
47,0,64666.0,2,16.8,3.0,1,7,7,0,2.0,0,1,14,16166.5,0,0,1,0,0,7.0,193998.0,33.6,0
50,2,65461.0,2,40.0,1.0,1,12,9,0,5.0,0,1,21,32730.5,0,1,1,0,0,10.799999999999999,392766.0,80.0,0
57,0,30000.0,2,61.6,2.0,0,2,13,0,5.0,1,1,15,10000.0,1,1,1,0,1,6.4,180000.0,123.2,0
45,0,73275.0,1,46.0,3.5,1,7,7,1,5.0,1,1,14,16283.333333333334,1,1,1,1,1,7.0,439650.0,92.0,1
57,0,93820.0,2,18.3,2.0,1,3,11,1,5.0,1,1,14,31273.333333333332,0,1,1,1,1,6.2,562920.0,36.6,1
49,0,65351.0,2,37.0,3.0,3,7,6,1,2.0,0,1,13,16337.75,0,0,1,1,0,6.6000000000000005,196053.0,74.0,0
55,1,30000.0,2,9.7,3.0,2,14,18,0,5.0,1,1,32,7500.0,0,1,1,0,1,15.600000000000001,180000.0,19.4,0
59,1,56355.0,1,38.2,1.0,2,7,1,1,5.0,1,1,8,28177.5,0,1,1,1,1,4.6000000000000005,338130.0,76.4,1
67,0,74914.0,2,69.3,1.0,2,3,12,0,2.0,1,1,15,37457.0,1,0,1,0,1,6.6000000000000005,224742.0,138.6,0
40,0,79956.0,1,45.6,1.0,1,7,1,1,5.0,0,1,8,39978.0,1,1,1,1,0,4.6000000000000005,479736.0,91.2,0
30,1,84917.0,2,38.9,2.0,1,10,9,1,4.0,0,1,19,28305.666666666668,0,1,1,1,0,9.6,424585.0,77.8,1
26,0,89980.0,2,44.1,2.0,3,3,6,0,3.0,1,1,9,29993.333333333332,1,1,1,0,1,4.2,359920.0,88.2,1
56,0,120720.0,1,16.6,1.0,1,7,6,1,4.0,1,1,13,60360.0,0,1,1,1,1,6.6000000000000005,603600.0,33.2,1
26,0,94289.0,0,77.2,2.0,3,0,3,1,4.0,1,1,3,31429.666666666668,1,1,1,1,1,1.2000000000000002,471445.0,154.4,0
65,1,80401.0,0,57.2,2.0,1,2,2,1,4.0,0,1,4,26800.333333333332,1,1,1,1,0,2.0,402005.0,114.4,0
63,0,30000.0,2,50.0,1.0,1,12,13,1,4.0,0,1,25,15000.0,1,1,1,1,0,12.399999999999999,150000.0,100.0,0
31,0,84708.0,1,33.0,2.0,3,1,6,1,4.0,1,1,7,28236.0,0,1,1,1,1,3.0000000000000004,423540.0,66.0,0
68,0,89753.0,1,20.4,2.0,2,2,3,1,5.0,1,1,5,29917.666666666668,0,1,1,1,1,2.4000000000000004,538518.0,40.8,1
26,0,89269.0,1,42.6,2.0,3,1,2,1,2.0,0,1,3,29756.333333333332,1,0,1,1,0,1.4,267807.0,85.2,0
36,0,114048.0,2,46.4,2.0,1,4,7,1,4.0,0,1,11,38016.0,1,1,1,1,0,5.2,570240.0,92.8,0
67,0,86187.0,2,7.7,2.0,1,6,16,1,2.0,1,1,22,28729.0,0,0,1,1,1,10.0,258561.0,15.4,0
61,1,64673.0,1,17.2,3.5,3,6,6,1,1.0,0,1,12,14371.777777777777,0,0,1,1,0,6.0,129346.0,34.4,0
46,0,44357.0,1,37.3,2.0,0,3,8,1,3.0,1,1,11,14785.666666666666,0,1,1,1,1,5.0,177428.0,74.6,0
47,0,118939.0,2,21.3,1.0,1,11,19,1,4.0,0,1,30,59469.5,0,1,1,1,0,14.2,594695.0,42.6,0
59,1,122280.0,1,50.3,3.5,1,2,8,0,4.0,0,1,10,27173.333333333332,1,1,1,0,0,4.4,611400.0,100.6,0
56,1,115473.0,0,34.4,2.0,2,0,0,1,1.0,1,1,0,38491.0,0,0,1,1,1,0.0,230946.0,68.8,0
30,1,140343.0,2,8.5,1.0,0,2,18,1,5.0,0,1,20,70171.5,0,1,1,1,0,8.4,842058.0,17.0,1
51,1,76089.0,2,38.4,2.0,1,3,5,0,5.0,1,1,8,25363.0,0,1,1,0,1,3.8,456534.0,76.8,1
49,1,75196.0,2,69.5,3.0,2,14,8,0,1.0,0,1,22,18799.0,1,0,1,0,0,11.600000000000001,150392.0,139.0,0
25,0,136508.0,0,15.5,2.0,2,1,3,1,2.0,0,1,4,45502.666666666664,0,0,1,1,0,1.8000000000000003,409524.0,31.0,0
31,0,31003.0,1,5.0,2.0,2,1,9,0,1.0,0,1,10,10334.333333333334,0,0,1,0,0,4.2,62006.0,10.0,0
34,1,123274.0,1,64.4,3.0,2,6,3,0,2.0,1,1,9,30818.5,1,0,1,0,1,4.8,369822.0,128.8,0
28,0,46468.0,2,38.8,3.0,3,3,4,1,1.0,1,1,7,11617.0,0,0,1,1,1,3.4,92936.0,77.6,0
42,1,30000.0,2,7.8,2.0,3,9,19,1,4.0,1,1,28,10000.0,0,1,1,1,1,13.0,150000.0,15.6,0
32,0,43018.0,2,5.0,3.5,1,7,18,1,4.0,0,1,25,9559.555555555555,0,1,1,1,0,11.4,215090.0,10.0,0
38,0,52223.0,2,60.5,1.0,3,11,13,0,2.0,1,1,24,26111.5,1,0,1,0,1,11.8,156669.0,121.0,0
36,0,94582.0,2,28.0,2.0,1,14,5,0,4.0,1,1,19,31527.333333333332,0,1,1,0,1,10.4,472910.0,56.0,0
39,1,151186.0,2,27.8,1.0,2,3,3,1,2.0,1,1,6,75593.0,0,0,1,1,1,3.0,453558.0,55.6,0
68,0,79744.0,2,62.5,1.0,1,8,4,1,1.0,0,1,12,39872.0,1,0,1,1,0,6.4,159488.0,125.0,0
43,2,88402.0,1,30.7,2.0,2,7,6,1,1.0,1,1,13,29467.333333333332,0,0,1,1,1,6.6000000000000005,176804.0,61.4,0
39,1,130289.0,0,9.3,2.0,1,1,2,1,2.0,0,1,3,43429.666666666664,0,0,1,1,0,1.4,390867.0,18.6,0
56,0,67665.0,2,30.7,3.0,3,9,18,0,5.0,1,1,27,16916.25,0,1,1,0,1,12.6,405990.0,61.4,1
37,1,30000.0,2,35.3,3.5,1,9,11,0,2.0,1,1,20,6666.666666666667,0,0,1,0,1,9.8,90000.0,70.6,0
36,1,58629.0,2,38.0,2.0,1,12,12,0,2.0,1,1,24,19543.0,0,0,1,0,1,12.0,175887.0,76.0,0
66,1,77589.0,2,13.7,3.0,1,4,5,0,5.0,1,1,9,19397.25,0,1,1,0,1,4.4,465534.0,27.4,0
69,1,37486.0,2,27.4,1.0,2,9,13,0,2.0,0,1,22,18743.0,0,0,1,0,0,10.6,112458.0,54.8,0
40,0,53806.0,1,81.5,3.0,2,1,6,1,1.0,1,1,7,13451.5,1,0,1,1,1,3.0000000000000004,107612.0,163.0,0
62,0,76549.0,1,31.2,2.0,0,2,6,1,1.0,1,1,8,25516.333333333332,0,0,1,1,1,3.6000000000000005,153098.0,62.4,0
67,0,101016.0,2,51.3,2.0,1,11,10,0,3.0,0,1,21,33672.0,1,1,1,0,0,10.6,404064.0,102.6,0
31,0,90621.0,2,57.0,2.0,0,3,3,1,1.0,1,1,6,30207.0,1,0,1,1,1,3.0,181242.0,114.0,0
64,0,40225.0,2,36.2,2.0,1,11,18,0,5.0,0,1,29,13408.333333333334,0,1,1,0,0,13.8,241350.0,72.4,1
42,0,71608.0,1,34.1,3.0,2,3,3,1,3.0,0,1,6,17902.0,0,1,1,1,0,3.0,286432.0,68.2,0
35,0,78447.0,1,27.4,1.0,2,0,1,1,2.0,0,1,1,39223.5,0,0,1,1,0,0.4,235341.0,54.8,0
29,0,65753.0,1,57.7,2.0,2,1,8,1,4.0,0,1,9,21917.666666666668,1,1,1,1,0,3.8000000000000003,328765.0,115.4,0
28,1,154110.0,0,32.1,1.0,1,1,0,1,3.0,0,1,1,77055.0,0,1,1,1,0,0.6,616440.0,64.2,0
65,1,65275.0,2,91.2,2.0,3,3,6,0,2.0,1,1,9,21758.333333333332,1,0,1,0,1,4.2,195825.0,182.4,0
40,1,89221.0,2,72.6,1.0,2,8,3,0,3.0,1,1,11,44610.5,1,1,1,0,1,6.0,356884.0,145.2,0
53,1,123987.0,2,12.6,3.5,0,9,13,0,3.0,1,1,22,27552.666666666668,0,1,1,0,1,10.6,495948.0,25.2,0
43,1,76411.0,1,85.1,1.0,2,7,7,1,2.0,1,1,14,38205.5,1,0,1,1,1,7.0,229233.0,170.2,0
32,0,129056.0,0,50.6,3.5,1,2,0,1,3.0,1,1,2,28679.11111111111,1,1,1,1,1,1.2,516224.0,101.2,1
52,0,100720.0,2,15.7,2.0,2,11,8,1,5.0,0,1,19,33573.333333333336,0,1,1,1,0,9.8,604320.0,31.4,1
31,1,85244.0,1,40.2,3.0,1,7,6,1,1.0,0,1,13,21311.0,1,0,1,1,0,6.6000000000000005,170488.0,80.4,0
60,1,91628.0,0,47.4,2.0,2,0,0,1,5.0,1,1,0,30542.666666666668,1,1,1,1,1,0.0,549768.0,94.8,1
29,1,30000.0,1,52.6,1.0,1,1,3,1,4.0,1,1,4,15000.0,1,1,1,1,1,1.8000000000000003,150000.0,105.2,0
48,1,103925.0,1,34.0,1.0,3,5,7,1,3.0,1,1,12,51962.5,0,1,1,1,1,5.800000000000001,415700.0,68.0,0
61,1,132032.0,2,11.1,1.0,2,9,14,0,1.0,1,1,23,66016.0,0,0,1,0,1,11.0,264064.0,22.2,0
60,0,111951.0,1,19.8,2.0,3,2,3,1,1.0,1,1,5,37317.0,0,0,1,1,1,2.4000000000000004,223902.0,39.6,0
26,1,30018.0,1,47.2,1.0,2,1,6,1,2.0,0,1,7,15009.0,1,0,1,1,0,3.0000000000000004,90054.0,94.4,0
39,0,90354.0,1,49.2,3.0,2,5,5,1,4.0,0,1,10,22588.5,1,1,1,1,0,5.0,451770.0,98.4,0
67,0,89059.0,2,8.3,2.0,2,3,13,0,2.0,1,1,16,29686.333333333332,0,0,1,0,1,7.0,267177.0,16.6,0
36,0,115798.0,1,66.5,1.0,1,4,8,1,3.0,1,1,12,57899.0,1,1,1,1,1,5.6,463192.0,133.0,0
43,1,76566.0,1,29.7,3.0,1,0,5,1,3.0,1,1,5,19141.5,0,1,1,1,1,2.0,306264.0,59.4,0
60,0,75358.0,1,27.3,1.0,0,4,7,1,4.0,1,1,11,37679.0,0,1,1,1,1,5.2,376790.0,54.6,1
61,0,46623.0,2,62.4,1.0,1,3,14,1,2.0,1,1,17,23311.5,1,0,1,1,1,7.4,139869.0,124.8,1
43,1,41391.0,1,56.1,2.0,2,1,8,1,2.0,0,1,9,13797.0,1,0,1,1,0,3.8000000000000003,124173.0,112.2,0
39,0,107146.0,2,55.9,2.0,0,12,13,0,4.0,1,1,25,35715.333333333336,1,1,1,0,1,12.399999999999999,535730.0,111.8,0
36,1,105235.0,2,61.8,1.0,0,9,16,0,3.0,1,1,25,52617.5,1,1,1,0,1,11.8,420940.0,123.6,0
52,0,146903.0,2,47.8,3.5,1,3,8,0,5.0,0,1,11,32645.11111111111,1,1,1,0,0,5.0,881418.0,95.6,0
47,1,78652.0,2,25.6,1.0,2,4,16,0,4.0,0,1,20,39326.0,0,1,1,0,0,8.8,393260.0,51.2,0
60,2,74474.0,2,43.9,3.0,2,7,7,0,5.0,0,1,14,18618.5,1,1,1,0,0,7.0,446844.0,87.8,0
67,0,70041.0,0,31.3,3.0,2,0,0,1,3.0,1,1,0,17510.25,0,1,1,1,1,0.0,280164.0,62.6,0
52,1,32892.0,0,40.2,1.0,1,1,0,1,3.0,1,1,1,16446.0,1,1,1,1,1,0.6,131568.0,80.4,0
29,0,67715.0,0,78.2,2.0,2,1,3,1,1.0,1,1,4,22571.666666666668,1,0,1,1,1,1.8000000000000003,135430.0,156.4,0
49,1,75450.0,2,44.1,2.0,1,10,8,0,2.0,1,1,18,25150.0,1,0,1,0,1,9.2,226350.0,88.2,0
69,1,39764.0,2,28.4,3.0,1,3,6,0,5.0,1,1,9,9941.0,0,1,1,0,1,4.2,238584.0,56.8,1
52,0,68799.0,2,90.0,2.0,1,11,6,1,2.0,1,1,17,22933.0,1,0,1,1,1,9.0,206397.0,180.0,0
44,0,142081.0,2,47.7,1.0,0,13,5,0,1.0,0,1,18,71040.5,1,0,1,0,0,9.8,284162.0,95.4,0
49,0,30000.0,2,33.1,1.0,1,8,16,1,1.0,1,1,24,15000.0,0,0,1,1,1,11.2,60000.0,66.2,0
36,0,127391.0,2,96.3,2.0,2,3,13,0,5.0,0,1,16,42463.666666666664,1,1,1,0,0,7.0,764346.0,192.6,0
45,1,113927.0,2,24.8,1.0,2,5,12,0,5.0,0,1,17,56963.5,0,1,1,0,0,7.800000000000001,683562.0,49.6,0
36,0,61087.0,2,10.0,1.0,0,4,12,1,1.0,0,1,16,30543.5,0,0,1,1,0,7.200000000000001,122174.0,20.0,0
37,0,109200.0,1,52.4,2.0,2,6,2,1,3.0,1,1,8,36400.0,1,1,1,1,1,4.3999999999999995,436800.0,104.8,0
62,0,88869.0,2,15.5,2.0,2,5,14,0,4.0,0,1,19,29623.0,0,1,1,0,0,8.600000000000001,444345.0,31.0,0
51,0,53818.0,2,37.1,3.0,2,7,13,1,1.0,1,1,20,13454.5,0,0,1,1,1,9.4,107636.0,74.2,0
48,1,74356.0,2,45.0,1.0,0,14,18,0,3.0,1,1,32,37178.0,1,1,1,0,1,15.600000000000001,297424.0,90.0,0
42,0,134386.0,2,50.9,1.0,3,12,12,1,2.0,0,1,24,67193.0,1,0,1,1,0,12.0,403158.0,101.8,0
67,0,80713.0,2,16.1,3.0,1,9,11,0,3.0,1,1,20,20178.25,0,1,1,0,1,9.8,322852.0,32.2,0
55,0,104188.0,2,5.0,1.0,3,3,15,1,1.0,1,1,18,52094.0,0,0,1,1,1,7.8,208376.0,10.0,0
41,0,59428.0,1,15.6,2.0,1,4,2,1,5.0,1,1,6,19809.333333333332,0,1,1,1,1,3.2,356568.0,31.2,0
44,1,87895.0,2,75.2,2.0,3,13,18,0,4.0,1,1,31,29298.333333333332,1,1,1,0,1,15.0,439475.0,150.4,1
37,0,133096.0,2,47.8,3.0,1,7,9,0,4.0,1,1,16,33274.0,1,1,1,0,1,7.800000000000001,665480.0,95.6,0
37,0,84708.0,2,91.8,1.0,2,9,5,0,1.0,1,1,14,42354.0,1,0,1,0,1,7.3999999999999995,169416.0,183.6,0
63,0,80246.0,1,67.0,2.0,0,7,7,0,1.0,1,1,14,26748.666666666668,1,0,1,0,1,7.0,160492.0,134.0,0
25,0,80827.0,2,53.0,1.0,1,4,10,0,2.0,1,1,14,40413.5,1,0,1,0,1,6.4,242481.0,106.0,0
27,1,92873.0,2,35.6,1.0,1,10,5,0,3.0,0,1,15,46436.5,0,1,1,0,0,8.0,371492.0,71.2,0
46,0,30000.0,1,14.4,3.5,1,1,8,1,1.0,1,1,9,6666.666666666667,0,0,1,1,1,3.8000000000000003,60000.0,28.8,0
68,1,114182.0,1,17.3,1.0,2,3,9,1,4.0,1,1,12,57091.0,0,1,1,1,1,5.4,570910.0,34.6,1
62,1,64632.0,1,61.3,2.0,1,3,3,1,1.0,0,1,6,21544.0,1,0,1,1,0,3.0,129264.0,122.6,0
28,1,93102.0,2,5.0,1.0,2,5,9,0,5.0,0,1,14,46551.0,0,1,1,0,0,6.6,558612.0,10.0,0
50,0,81880.0,2,5.0,1.0,1,12,15,1,3.0,0,1,27,40940.0,0,1,1,1,0,13.2,327520.0,10.0,0
56,0,117434.0,2,40.2,1.0,1,4,5,0,2.0,1,1,9,58717.0,1,0,1,0,1,4.4,352302.0,80.4,0
34,0,82394.0,2,58.3,2.0,1,4,14,1,2.0,1,1,18,27464.666666666668,1,0,1,1,1,8.0,247182.0,116.6,0
36,1,65398.0,0,30.1,1.0,2,0,3,1,2.0,0,1,3,32699.0,0,0,1,1,0,1.2000000000000002,196194.0,60.2,0
44,0,125813.0,0,18.4,1.0,2,2,3,1,4.0,0,1,5,62906.5,0,1,1,1,0,2.4000000000000004,629065.0,36.8,0
56,1,65085.0,0,35.9,1.0,0,0,1,1,2.0,1,1,1,32542.5,0,0,1,1,1,0.4,195255.0,71.8,0
41,0,67847.0,1,21.7,2.0,2,5,5,1,3.0,1,1,10,22615.666666666668,0,1,1,1,1,5.0,271388.0,43.4,0
40,0,88380.0,0,54.9,1.0,2,0,3,1,2.0,0,1,3,44190.0,1,0,1,1,0,1.2000000000000002,265140.0,109.8,0
69,0,30000.0,1,42.6,3.0,1,3,7,1,3.0,1,1,10,7500.0,1,1,1,1,1,4.6,120000.0,85.2,0
46,0,49248.0,0,22.7,3.0,0,1,2,1,5.0,1,1,3,12312.0,0,1,1,1,1,1.4,295488.0,45.4,0
64,0,90430.0,2,53.0,2.0,2,7,16,1,5.0,0,1,23,30143.333333333332,1,1,1,1,0,10.600000000000001,542580.0,106.0,0
25,1,87158.0,0,19.1,1.0,0,1,1,1,2.0,0,1,2,43579.0,0,0,1,1,0,1.0,261474.0,38.2,0
30,1,94274.0,2,39.0,3.5,1,4,13,1,5.0,1,1,17,20949.777777777777,0,1,1,1,1,7.6,565644.0,78.0,1
43,0,119090.0,2,68.8,1.0,2,3,9,0,3.0,1,1,12,59545.0,1,1,1,0,1,5.4,476360.0,137.6,0
55,0,41300.0,2,32.3,1.0,1,9,10,0,5.0,0,1,19,20650.0,0,1,1,0,0,9.399999999999999,247800.0,64.6,0
54,0,104248.0,2,35.7,1.0,2,7,18,1,2.0,0,1,25,52124.0,0,0,1,1,0,11.4,312744.0,71.4,0
50,0,33920.0,0,71.0,2.0,2,1,0,1,4.0,1,1,1,11306.666666666666,1,1,1,1,1,0.6,169600.0,142.0,1
44,1,33807.0,1,25.8,3.0,0,4,3,1,1.0,1,1,7,8451.75,0,0,1,1,1,3.6,67614.0,51.6,0
60,1,51569.0,2,5.0,2.0,1,12,18,0,5.0,0,1,30,17189.666666666668,0,1,1,0,0,14.399999999999999,309414.0,10.0,0
27,1,70702.0,2,34.9,2.0,2,13,15,0,1.0,1,1,28,23567.333333333332,0,0,1,0,1,13.8,141404.0,69.8,0
33,1,98001.0,2,34.9,3.5,0,4,8,0,2.0,0,1,12,21778.0,0,0,1,0,0,5.6,294003.0,69.8,0
43,1,87606.0,2,32.0,1.0,2,5,16,0,1.0,1,1,21,43803.0,0,0,1,0,1,9.4,175212.0,64.0,0
43,2,99265.0,2,21.2,3.0,1,11,12,1,4.0,1,1,23,24816.25,0,1,1,1,1,11.4,496325.0,42.4,1
51,0,72887.0,0,36.6,2.0,0,1,0,1,5.0,1,1,1,24295.666666666668,0,1,1,1,1,0.6,437322.0,73.2,1
61,0,77466.0,1,21.7,3.5,2,5,5,1,4.0,1,1,10,17214.666666666668,0,1,1,1,1,5.0,387330.0,43.4,0
46,0,107845.0,2,52.5,1.0,2,6,5,0,1.0,0,1,11,53922.5,1,0,1,0,0,5.6,215690.0,105.0,0
57,0,52439.0,0,7.3,1.0,1,1,1,1,3.0,1,1,2,26219.5,0,1,1,1,1,1.0,209756.0,14.6,0
35,0,67889.0,1,36.0,1.0,2,6,4,1,1.0,0,1,10,33944.5,0,0,1,1,0,5.199999999999999,135778.0,72.0,0
69,0,88966.0,2,71.8,2.0,1,9,4,0,5.0,1,1,13,29655.333333333332,1,1,1,0,1,7.0,533796.0,143.6,1
52,1,36850.0,2,49.4,3.5,3,13,6,0,1.0,0,1,19,8188.888888888889,1,0,1,0,0,10.2,73700.0,98.8,0
34,0,70133.0,0,16.4,2.0,2,1,2,1,3.0,1,1,3,23377.666666666668,0,1,1,1,1,1.4,280532.0,32.8,1
64,1,113073.0,0,54.6,2.0,1,0,2,1,3.0,1,1,2,37691.0,1,1,1,1,1,0.8,452292.0,109.2,0
40,1,49751.0,1,39.7,3.0,2,4,9,1,2.0,1,1,13,12437.75,0,0,1,1,1,6.0,149253.0,79.4,0
50,1,169533.0,1,51.5,3.0,3,2,1,1,3.0,1,1,3,42383.25,1,1,1,1,1,1.6,678132.0,103.0,1
31,1,64373.0,1,26.5,2.0,1,1,6,0,5.0,0,1,7,21457.666666666668,0,1,1,0,0,3.0000000000000004,386238.0,53.0,0
38,1,83459.0,1,49.5,2.0,2,7,7,1,1.0,0,1,14,27819.666666666668,1,0,1,1,0,7.0,166918.0,99.0,0
29,1,70973.0,1,69.9,1.0,1,7,2,0,2.0,1,1,9,35486.5,1,0,1,0,1,5.0,212919.0,139.8,0
26,1,66391.0,2,46.5,2.0,2,2,10,0,5.0,0,1,12,22130.333333333332,1,1,1,0,0,5.2,398346.0,93.0,0
57,0,95660.0,0,68.1,2.0,1,2,2,1,4.0,1,1,4,31886.666666666668,1,1,1,1,1,2.0,478300.0,136.2,1
65,1,59962.0,1,51.0,1.0,2,0,2,0,5.0,0,1,2,29981.0,1,1,1,0,0,0.8,359772.0,102.0,0
47,1,128985.0,1,56.7,1.0,0,7,5,1,4.0,1,1,12,64492.5,1,1,1,1,1,6.2,644925.0,113.4,1
50,0,95583.0,1,93.4,1.0,1,7,6,1,1.0,0,1,13,47791.5,1,0,1,1,0,6.6000000000000005,191166.0,186.8,0
54,1,144174.0,2,23.8,3.5,2,14,5,1,4.0,1,1,19,32038.666666666668,0,1,1,1,1,10.4,720870.0,47.6,0
65,0,88778.0,2,34.7,2.0,0,9,9,0,3.0,0,1,18,29592.666666666668,0,1,1,0,0,9.0,355112.0,69.4,0
57,1,66359.0,2,94.4,3.5,3,13,6,0,5.0,1,1,19,14746.444444444445,1,1,1,0,1,10.2,398154.0,188.8,0
29,1,63209.0,1,15.9,1.0,2,5,4,1,5.0,0,1,9,31604.5,0,1,1,1,0,4.6,379254.0,31.8,0
27,1,59883.0,2,35.3,1.0,3,13,12,1,5.0,1,1,25,29941.5,0,1,1,1,1,12.600000000000001,359298.0,70.6,0
62,0,88989.0,0,70.9,1.0,0,1,3,0,5.0,0,1,4,44494.5,1,1,1,0,0,1.8000000000000003,533934.0,141.8,0
54,0,91365.0,1,5.0,2.0,1,2,7,1,4.0,1,1,9,30455.0,0,1,1,1,1,4.0,456825.0,10.0,1
28,1,91460.0,2,63.4,1.0,3,12,8,1,5.0,0,1,20,45730.0,1,1,1,1,0,10.399999999999999,548760.0,126.8,0
62,0,64999.0,1,50.5,2.0,1,4,5,0,1.0,0,1,9,21666.333333333332,1,0,1,0,0,4.4,129998.0,101.0,0
28,0,110632.0,0,5.0,1.0,3,1,0,1,3.0,0,1,1,55316.0,0,1,1,1,0,0.6,442528.0,10.0,0
33,1,99747.0,0,30.0,1.0,1,2,0,1,1.0,0,1,2,49873.5,0,0,1,1,0,1.2,199494.0,60.0,0
41,2,63561.0,0,57.7,2.0,2,2,0,1,4.0,0,1,2,21187.0,1,1,1,1,0,1.2,317805.0,115.4,0
42,1,30000.0,1,13.5,2.0,2,3,1,1,3.0,1,1,4,10000.0,0,1,1,1,1,2.1999999999999997,120000.0,27.0,0
44,1,64957.0,2,59.0,2.0,0,7,8,0,5.0,1,1,15,21652.333333333332,1,1,1,0,1,7.4,389742.0,118.0,0
64,1,43761.0,1,53.3,1.0,2,0,4,0,3.0,0,1,4,21880.5,1,1,1,0,0,1.6,175044.0,106.6,0
65,0,45988.0,2,71.2,1.0,3,11,8,0,5.0,0,1,19,22994.0,1,1,1,0,0,9.8,275928.0,142.4,0
62,0,88328.0,2,5.0,3.0,1,13,19,1,5.0,0,1,32,22082.0,0,1,1,1,0,15.4,529968.0,10.0,0
58,1,100974.0,2,54.1,2.0,2,11,10,0,5.0,0,1,21,33658.0,1,1,1,0,0,10.6,605844.0,108.2,0
28,1,84880.0,2,63.5,2.0,1,7,6,1,5.0,0,1,13,28293.333333333332,1,1,1,1,0,6.6000000000000005,509280.0,127.0,0
44,1,72769.0,2,28.0,1.0,1,3,10,1,3.0,1,1,13,36384.5,0,1,1,1,1,5.8,291076.0,56.0,0
37,0,150259.0,1,54.5,3.0,2,4,5,1,3.0,0,1,9,37564.75,1,1,1,1,0,4.4,601036.0,109.0,0
40,1,70471.0,0,24.5,2.0,3,2,2,1,4.0,0,1,4,23490.333333333332,0,1,1,1,0,2.0,352355.0,49.0,0
41,1,128560.0,2,33.5,2.0,2,8,8,0,3.0,1,1,16,42853.333333333336,0,1,1,0,1,8.0,514240.0,67.0,1
51,1,85342.0,2,17.8,1.0,0,12,18,1,5.0,0,1,30,42671.0,0,1,1,1,0,14.399999999999999,512052.0,35.6,0
33,1,72415.0,2,27.0,1.0,0,5,7,0,1.0,0,1,12,36207.5,0,0,1,0,0,5.800000000000001,144830.0,54.0,0
39,1,122116.0,2,82.1,2.0,2,11,10,0,2.0,1,1,21,40705.333333333336,1,0,1,0,1,10.6,366348.0,164.2,0
61,1,75621.0,1,106.35000000000001,1.0,0,1,3,1,4.0,1,1,4,37810.5,1,1,1,1,1,1.8000000000000003,378105.0,212.70000000000002,0
60,1,80011.0,2,30.3,3.5,1,6,6,0,2.0,1,1,12,17780.222222222223,0,0,1,0,1,6.0,240033.0,60.6,0
45,0,100461.0,0,55.5,1.0,1,2,2,1,5.0,1,1,4,50230.5,1,1,1,1,1,2.0,602766.0,111.0,1
34,1,103108.0,1,40.2,2.0,1,1,7,0,5.0,1,1,8,34369.333333333336,1,1,1,0,1,3.4000000000000004,618648.0,80.4,1
64,0,97000.0,2,5.0,2.0,2,7,18,0,1.0,0,1,25,32333.333333333332,0,0,1,0,0,11.4,194000.0,10.0,0
39,0,84708.0,0,47.1,2.0,0,1,2,1,5.0,1,1,3,28236.0,1,1,1,1,1,1.4,508248.0,94.2,1
43,1,44341.0,2,54.3,2.0,1,5,15,0,1.0,1,1,20,14780.333333333334,1,0,1,0,1,9.0,88682.0,108.6,0
60,1,68392.0,2,67.2,2.0,1,8,9,1,4.0,0,1,17,22797.333333333332,1,1,1,1,0,8.4,341960.0,134.4,0
59,1,30000.0,2,35.4,2.0,0,11,12,1,1.0,1,1,23,10000.0,0,0,1,1,1,11.4,60000.0,70.8,0
46,0,59424.0,0,25.4,1.0,2,2,0,0,3.0,0,1,2,29712.0,0,1,1,0,0,1.2,237696.0,50.8,0
43,1,39673.0,1,13.9,1.0,2,3,2,1,5.0,0,1,5,19836.5,0,1,1,1,0,2.5999999999999996,238038.0,27.8,0
58,2,69349.0,2,30.0,1.0,2,5,4,0,5.0,1,1,9,34674.5,0,1,1,0,1,4.6,416094.0,60.0,0
66,0,129148.0,2,36.9,1.0,1,4,6,0,4.0,0,1,10,64574.0,0,1,1,0,0,4.800000000000001,645740.0,73.8,0
27,0,53904.0,1,32.4,3.5,3,3,4,0,4.0,0,1,7,11978.666666666666,0,1,1,0,0,3.4,269520.0,64.8,0
50,0,31132.0,2,52.0,2.0,0,6,18,0,3.0,1,1,24,10377.333333333334,1,1,1,0,1,10.8,124528.0,104.0,0
57,0,102311.0,1,16.6,2.0,0,0,1,1,4.0,0,1,1,34103.666666666664,0,1,1,1,0,0.4,511555.0,33.2,0
50,1,153254.0,1,78.8,2.0,0,4,8,1,1.0,0,1,12,51084.666666666664,1,0,1,1,0,5.6,306508.0,157.6,0
59,0,123738.0,1,27.7,2.0,0,2,4,0,2.0,1,1,6,41246.0,0,0,1,0,1,2.8,371214.0,55.4,0
32,1,37218.0,1,94.8,1.0,0,6,6,0,1.0,1,1,12,18609.0,1,0,1,0,1,6.0,74436.0,189.6,0
25,1,81484.0,2,40.6,2.0,3,5,9,1,2.0,0,1,14,27161.333333333332,1,0,1,1,0,6.6,244452.0,81.2,0
31,1,103642.0,1,8.0,1.0,2,7,3,0,1.0,0,1,10,51821.0,0,0,1,0,0,5.4,207284.0,16.0,0
47,0,54923.0,2,37.1,1.0,2,5,16,0,2.0,1,1,21,27461.5,0,0,1,0,1,9.4,164769.0,74.2,0
50,1,89820.0,2,52.9,2.0,2,13,12,0,5.0,1,1,25,29940.0,1,1,1,0,1,12.600000000000001,538920.0,105.8,1
66,2,71478.0,2,50.3,2.0,1,11,19,1,3.0,1,1,30,23826.0,1,1,1,1,1,14.2,285912.0,100.6,0
30,0,44601.0,1,46.3,2.0,2,0,4,1,4.0,0,1,4,14867.0,1,1,1,1,0,1.6,223005.0,92.6,0
67,1,57482.0,2,45.8,3.0,2,6,3,0,2.0,1,1,9,14370.5,1,0,1,0,1,4.8,172446.0,91.6,0
39,1,69628.0,2,62.6,1.0,3,14,13,0,3.0,1,1,27,34814.0,1,1,1,0,1,13.600000000000001,278512.0,125.2,0
49,0,87877.0,2,49.0,1.0,1,5,5,1,4.0,1,1,10,43938.5,1,1,1,1,1,5.0,439385.0,98.0,1
59,1,84708.0,2,48.2,2.0,0,11,15,0,1.0,1,1,26,28236.0,1,0,1,0,1,12.6,169416.0,96.4,0
54,0,104014.0,2,33.1,2.0,1,5,6,0,5.0,1,1,11,34671.333333333336,0,1,1,0,1,5.4,624084.0,66.2,1
64,1,133381.0,2,43.4,1.0,2,8,19,1,1.0,0,1,27,66690.5,1,0,1,1,0,12.4,266762.0,86.8,0
30,0,46289.0,1,35.8,3.0,3,6,2,1,4.0,0,1,8,11572.25,0,1,1,1,0,4.3999999999999995,231445.0,71.6,0
61,0,134591.0,1,78.0,3.0,1,1,7,1,3.0,1,1,8,33647.75,1,1,1,1,1,3.4000000000000004,538364.0,156.0,0
65,0,87102.0,0,36.4,2.0,1,0,0,1,3.0,1,1,0,29034.0,0,1,1,1,1,0.0,348408.0,72.8,0
64,1,105587.0,1,5.0,3.0,2,3,1,0,2.0,1,1,4,26396.75,0,0,1,0,1,2.1999999999999997,316761.0,10.0,0
46,0,95872.0,2,36.5,2.0,2,11,5,1,4.0,1,1,16,31957.333333333332,0,1,1,1,1,8.6,479360.0,73.0,1
66,0,113111.0,2,28.0,1.0,2,4,19,0,4.0,1,1,23,56555.5,0,1,1,0,1,10.0,565555.0,56.0,1
34,0,100132.0,2,49.7,3.0,2,13,16,0,2.0,1,1,29,25033.0,1,0,1,0,1,14.2,300396.0,99.4,0
37,1,66657.0,2,56.6,1.0,2,8,7,0,1.0,1,1,15,33328.5,1,0,1,0,1,7.6,133314.0,113.2,0
38,1,71241.0,2,31.3,1.0,2,14,14,0,5.0,1,1,28,35620.5,0,1,1,0,1,14.0,427446.0,62.6,1
65,0,82786.0,1,44.5,2.0,2,0,6,0,3.0,1,1,6,27595.333333333332,1,1,1,0,1,2.4000000000000004,331144.0,89.0,0
48,0,95969.0,2,21.8,2.0,3,14,9,1,3.0,1,1,23,31989.666666666668,0,1,1,1,1,12.0,383876.0,43.6,0
66,1,42861.0,1,59.5,1.0,2,5,8,1,5.0,1,1,13,21430.5,1,1,1,1,1,6.2,257166.0,119.0,0
68,1,59160.0,2,69.4,1.0,1,3,3,1,1.0,1,1,6,29580.0,1,0,1,1,1,3.0,118320.0,138.8,0
60,1,144035.0,2,48.8,1.0,2,7,4,0,4.0,1,1,11,72017.5,1,1,1,0,1,5.800000000000001,720175.0,97.6,1
34,0,49422.0,2,11.4,2.0,1,4,11,0,4.0,0,1,15,16474.0,0,1,1,0,0,6.800000000000001,247110.0,22.8,0
54,0,69450.0,0,5.0,1.0,1,1,1,1,4.0,1,1,2,34725.0,0,1,1,1,1,1.0,347250.0,10.0,1
62,0,110460.0,1,39.4,1.0,1,6,8,1,5.0,1,1,14,55230.0,0,1,1,1,1,6.8,662760.0,78.8,1
50,0,51305.0,2,63.8,1.0,2,11,14,1,3.0,0,1,25,25652.5,1,1,1,1,0,12.2,205220.0,127.6,0
50,0,103122.0,2,5.0,2.0,3,9,17,0,4.0,0,1,26,34374.0,0,1,1,0,0,12.2,515610.0,10.0,0
33,0,79209.0,2,10.4,2.0,1,2,5,1,5.0,1,1,7,26403.0,0,1,1,1,1,3.2,475254.0,20.8,1
54,1,30000.0,1,64.9,1.0,2,3,5,1,3.0,0,1,8,15000.0,1,1,1,1,0,3.8,120000.0,129.8,0
57,1,93999.0,2,13.5,2.0,3,4,6,1,5.0,0,1,10,31333.0,0,1,1,1,0,4.800000000000001,563994.0,27.0,0
55,0,129746.0,2,49.9,3.0,1,6,4,1,5.0,1,1,10,32436.5,1,1,1,1,1,5.199999999999999,778476.0,99.8,0
38,0,30000.0,1,5.0,3.5,2,4,9,1,5.0,0,1,13,6666.666666666667,0,1,1,1,0,6.0,180000.0,10.0,0
47,1,104787.0,0,41.1,1.0,2,0,2,1,5.0,1,1,2,52393.5,1,1,1,1,1,0.8,628722.0,82.2,1
58,0,123763.0,2,29.8,3.0,1,13,12,0,5.0,0,1,25,30940.75,0,1,1,0,0,12.600000000000001,742578.0,59.6,0
27,1,115618.0,1,8.5,2.0,2,7,2,1,2.0,1,1,9,38539.333333333336,0,0,1,1,1,5.0,346854.0,17.0,0
62,1,51330.0,1,46.8,1.0,1,3,3,1,1.0,1,1,6,25665.0,1,0,1,1,1,3.0,102660.0,93.6,0
44,0,134543.0,1,67.7,3.0,1,4,4,0,4.0,1,1,8,33635.75,1,1,1,0,1,4.0,672715.0,135.4,0
30,0,81984.0,1,46.9,1.0,1,2,3,1,2.0,0,1,5,40992.0,1,0,1,1,0,2.4000000000000004,245952.0,93.8,0
36,0,112172.0,1,44.9,2.0,2,6,9,1,4.0,1,1,15,37390.666666666664,1,1,1,1,1,7.199999999999999,560860.0,89.8,1
30,1,80036.0,2,36.4,3.0,0,11,6,1,3.0,0,1,17,20009.0,0,1,1,1,0,9.0,320144.0,72.8,0
29,0,67626.0,1,72.2,1.0,1,5,8,1,5.0,0,1,13,33813.0,1,1,1,1,0,6.2,405756.0,144.4,0
28,0,45702.0,2,40.2,1.0,1,9,12,0,4.0,0,1,21,22851.0,1,1,1,0,0,10.2,228510.0,80.4,0
60,1,104230.0,2,64.3,3.0,2,3,11,0,1.0,0,1,14,26057.5,1,0,1,0,0,6.2,208460.0,128.6,0
28,1,77622.0,2,62.1,3.0,3,14,14,0,1.0,0,1,28,19405.5,1,0,1,0,0,14.0,155244.0,124.2,0
28,1,55918.0,2,49.8,2.0,2,8,18,0,3.0,1,1,26,18639.333333333332,1,1,1,0,1,12.0,223672.0,99.6,0
53,0,67360.0,2,39.2,2.0,2,14,19,1,1.0,1,1,33,22453.333333333332,0,0,1,1,1,16.0,134720.0,78.4,0
55,0,83452.0,1,44.9,1.0,1,6,3,1,4.0,1,1,9,41726.0,1,1,1,1,1,4.8,417260.0,89.8,1
33,0,61636.0,2,75.0,2.0,0,6,16,0,3.0,0,1,22,20545.333333333332,1,1,1,0,0,10.0,246544.0,150.0,0
25,0,83977.0,1,5.7,2.0,1,2,3,1,5.0,0,1,5,27992.333333333332,0,1,1,1,0,2.4000000000000004,503862.0,11.4,0
35,1,30000.0,2,45.1,2.0,2,13,10,0,3.0,1,1,23,10000.0,1,1,1,0,1,11.8,120000.0,90.2,0
67,1,81844.0,2,76.8,3.5,2,11,8,0,1.0,0,1,19,18187.555555555555,1,0,1,0,0,9.8,163688.0,153.6,0
50,1,55047.0,1,9.9,1.0,2,0,9,0,3.0,1,1,9,27523.5,0,1,1,0,1,3.6,220188.0,19.8,0
58,1,133013.0,1,31.1,2.0,1,3,3,1,4.0,0,1,6,44337.666666666664,0,1,1,1,0,3.0,665065.0,62.2,0
30,1,47800.0,0,12.0,2.0,1,0,1,1,1.0,0,1,1,15933.333333333334,0,0,1,1,0,0.4,95600.0,24.0,0
68,1,30000.0,1,5.0,3.0,2,1,3,1,3.0,1,1,4,7500.0,0,1,1,1,1,1.8000000000000003,120000.0,10.0,0
67,1,63435.0,2,14.3,1.0,2,4,11,0,2.0,1,1,15,31717.5,0,0,1,0,1,6.800000000000001,190305.0,28.6,0
25,0,114907.0,2,48.4,2.0,1,9,4,0,4.0,0,1,13,38302.333333333336,1,1,1,0,0,7.0,574535.0,96.8,0
49,1,92867.0,2,61.3,3.0,1,13,12,0,1.0,0,1,25,23216.75,1,0,1,0,0,12.600000000000001,185734.0,122.6,0
68,0,129350.0,2,48.2,2.0,1,3,6,1,1.0,0,1,9,43116.666666666664,1,0,1,1,0,4.2,258700.0,96.4,0
42,1,93486.0,2,16.0,1.0,2,14,3,0,2.0,0,1,17,46743.0,0,0,1,0,0,9.600000000000001,280458.0,32.0,0
68,0,96100.0,0,5.0,2.0,3,1,1,1,5.0,0,1,2,32033.333333333332,0,1,1,1,0,1.0,576600.0,10.0,1
54,1,122827.0,1,46.0,1.0,1,1,5,1,4.0,0,1,6,61413.5,1,1,1,1,0,2.6,614135.0,92.0,0
67,1,85309.0,1,5.0,1.0,1,7,9,1,1.0,1,1,16,42654.5,0,0,1,1,1,7.800000000000001,170618.0,10.0,0
59,1,100303.0,1,47.0,2.0,0,5,7,1,4.0,0,1,12,33434.333333333336,1,1,1,1,0,5.800000000000001,501515.0,94.0,0
45,1,94893.0,2,55.6,1.0,2,2,4,0,2.0,1,1,6,47446.5,1,0,1,0,1,2.8,284679.0,111.2,0
49,1,84708.0,2,66.9,2.0,1,10,7,1,3.0,0,1,17,28236.0,1,1,1,1,0,8.8,338832.0,133.8,0
69,0,150242.0,2,52.3,2.0,0,4,15,0,5.0,1,1,19,50080.666666666664,1,1,1,0,1,8.4,901452.0,104.6,1
47,0,69060.0,0,50.7,3.0,0,1,3,0,5.0,0,1,4,17265.0,1,1,1,0,0,1.8000000000000003,414360.0,101.4,0
61,1,106335.0,1,40.5,3.0,0,4,1,1,4.0,1,1,5,26583.75,1,1,1,1,1,2.8,531675.0,81.0,1
60,1,68769.0,1,45.9,2.0,1,1,6,0,1.0,0,1,7,22923.0,1,0,1,0,0,3.0000000000000004,137538.0,91.8,0
30,2,100959.0,1,38.3,2.0,3,4,7,1,4.0,1,1,11,33653.0,0,1,1,1,1,5.2,504795.0,76.6,0
66,0,84708.0,2,59.3,3.0,2,12,16,1,5.0,1,1,28,21177.0,1,1,1,1,1,13.6,508248.0,118.6,0
35,0,81000.0,1,32.0,2.0,3,4,6,1,1.0,1,1,10,27000.0,0,0,1,1,1,4.800000000000001,162000.0,64.0,0
43,0,51934.0,0,5.0,1.0,1,2,0,1,5.0,1,1,2,25967.0,0,1,1,1,1,1.2,311604.0,10.0,1
28,1,136169.0,2,44.1,1.0,2,9,15,0,2.0,1,1,24,68084.5,1,0,1,0,1,11.399999999999999,408507.0,88.2,0
58,1,41729.0,2,54.1,2.0,1,11,12,1,1.0,1,1,23,13909.666666666666,1,0,1,1,1,11.4,83458.0,108.2,0
61,0,103927.0,2,5.0,3.0,3,2,8,0,2.0,1,1,10,25981.75,0,0,1,0,1,4.4,311781.0,10.0,0
36,1,121916.0,2,67.4,2.0,2,14,18,1,5.0,0,1,32,40638.666666666664,1,1,1,1,0,15.600000000000001,731496.0,134.8,0
38,1,79157.0,2,52.3,1.0,0,4,18,0,1.0,1,1,22,39578.5,1,0,1,0,1,9.6,158314.0,104.6,0
50,0,91983.0,1,5.0,1.0,1,2,4,1,5.0,1,1,6,45991.5,0,1,1,1,1,2.8,551898.0,10.0,1
48,1,101116.0,2,7.9,2.0,1,8,3,0,2.0,1,1,11,33705.333333333336,0,0,1,0,1,6.0,303348.0,15.8,0
65,1,130329.0,2,27.2,3.0,2,6,16,0,4.0,1,1,22,32582.25,0,1,1,0,1,10.0,651645.0,54.4,0
66,1,63446.0,2,46.3,2.0,2,8,3,0,3.0,0,1,11,21148.666666666668,1,1,1,0,0,6.0,253784.0,92.6,0
41,1,74555.0,2,5.0,2.0,2,8,10,0,3.0,0,1,18,24851.666666666668,0,1,1,0,0,8.8,298220.0,10.0,0
64,1,137959.0,0,59.8,2.0,2,2,2,1,3.0,1,1,4,45986.333333333336,1,1,1,1,1,2.0,551836.0,119.6,1
54,0,82440.0,0,5.0,1.0,0,2,2,0,5.0,0,1,4,41220.0,0,1,1,0,0,2.0,494640.0,10.0,1
62,1,30000.0,2,31.0,1.0,2,6,16,0,1.0,1,1,22,15000.0,0,0,1,0,1,10.0,60000.0,62.0,0
48,1,78614.0,1,44.0,3.5,2,4,5,1,1.0,0,1,9,17469.777777777777,1,0,1,1,0,4.4,157228.0,88.0,0
65,1,84708.0,1,17.3,2.0,2,7,6,1,2.0,1,1,13,28236.0,0,0,1,1,1,6.6000000000000005,254124.0,34.6,0
63,0,123265.0,2,5.0,3.5,2,4,7,1,3.0,0,1,11,27392.222222222223,0,1,1,1,0,5.2,493060.0,10.0,0
46,1,30000.0,2,28.4,1.0,1,10,8,0,2.0,1,1,18,15000.0,0,0,1,0,1,9.2,90000.0,56.8,0
58,0,96474.0,1,52.0,2.0,2,3,8,0,4.0,1,1,11,32158.0,1,1,1,0,1,5.0,482370.0,104.0,0
33,0,84270.0,2,89.0,1.0,2,2,6,1,5.0,1,1,8,42135.0,1,1,1,1,1,3.6000000000000005,505620.0,178.0,1
29,1,120741.0,1,52.3,3.5,0,6,7,1,1.0,0,1,13,26831.333333333332,1,0,1,1,0,6.4,241482.0,104.6,0
43,0,95351.0,1,8.9,3.0,1,7,7,1,3.0,1,1,14,23837.75,0,1,1,1,1,7.0,381404.0,17.8,1
52,0,81513.0,1,44.2,3.0,0,7,5,1,1.0,1,1,12,20378.25,1,0,1,1,1,6.2,163026.0,88.4,0
56,1,77496.0,2,79.6,2.0,1,5,18,0,4.0,0,1,23,25832.0,1,1,1,0,0,10.2,387480.0,159.2,0
68,0,58660.0,1,67.2,1.0,2,3,9,0,4.0,0,1,12,29330.0,1,1,1,0,0,5.4,293300.0,134.4,0
55,1,56048.0,2,57.4,1.0,2,12,6,0,5.0,0,1,18,28024.0,1,1,1,0,0,9.6,336288.0,114.8,0
37,1,83903.0,1,58.5,2.0,1,0,4,0,5.0,1,1,4,27967.666666666668,1,1,1,0,1,1.6,503418.0,117.0,1
62,0,128894.0,2,37.8,2.0,1,3,6,0,2.0,1,1,9,42964.666666666664,0,0,1,0,1,4.2,386682.0,75.6,0
27,0,78531.0,2,40.7,1.0,1,2,16,1,2.0,1,1,18,39265.5,1,0,1,1,1,7.6000000000000005,235593.0,81.4,0
35,0,149103.0,1,67.3,1.0,1,7,1,1,3.0,0,1,8,74551.5,1,1,1,1,0,4.6000000000000005,596412.0,134.6,0
62,1,75018.0,1,5.8,1.0,2,3,8,0,1.0,0,1,11,37509.0,0,0,1,0,0,5.0,150036.0,11.6,0
48,1,54100.0,2,31.5,2.0,2,4,13,1,5.0,1,1,17,18033.333333333332,0,1,1,1,1,7.6,324600.0,63.0,0
31,0,58161.0,0,32.8,1.0,2,1,3,1,5.0,0,1,4,29080.5,0,1,1,1,0,1.8000000000000003,348966.0,65.6,0
53,1,169263.0,2,51.9,3.0,3,2,6,0,1.0,0,1,8,42315.75,1,0,1,0,0,3.6000000000000005,338526.0,103.8,0
48,0,75874.0,1,69.8,2.0,2,7,6,1,3.0,1,1,13,25291.333333333332,1,1,1,1,1,6.6000000000000005,303496.0,139.6,0
32,0,106741.0,2,21.4,1.0,2,6,14,0,3.0,0,1,20,53370.5,0,1,1,0,0,9.2,426964.0,42.8,0
29,0,56860.0,1,63.4,3.0,1,1,1,1,2.0,1,1,2,14215.0,1,0,1,1,1,1.0,170580.0,126.8,0
67,1,126424.0,1,68.0,1.0,1,5,9,0,4.0,0,1,14,63212.0,1,1,1,0,0,6.6,632120.0,136.0,0
28,1,87492.0,1,48.6,2.0,0,7,9,1,5.0,0,1,16,29164.0,1,1,1,1,0,7.800000000000001,524952.0,97.2,0
28,1,84708.0,1,32.5,1.0,3,3,6,1,3.0,1,1,9,42354.0,0,1,1,1,1,4.2,338832.0,65.0,0
52,1,113828.0,1,17.8,1.0,2,4,5,0,3.0,1,1,9,56914.0,0,1,1,0,1,4.4,455312.0,35.6,0
51,0,124369.0,2,48.7,1.0,2,4,18,1,3.0,1,1,22,62184.5,1,1,1,1,1,9.6,497476.0,97.4,0
64,1,140570.0,2,51.3,1.0,2,4,18,0,2.0,1,1,22,70285.0,1,0,1,0,1,9.6,421710.0,102.6,0
30,1,101036.0,2,72.3,1.0,0,14,8,0,3.0,1,1,22,50518.0,1,1,1,0,1,11.600000000000001,404144.0,144.6,0
45,1,62938.0,0,5.0,1.0,2,2,3,1,1.0,1,1,5,31469.0,0,0,1,1,1,2.4000000000000004,125876.0,10.0,0
25,1,38557.0,2,29.1,3.5,2,6,8,0,4.0,0,1,14,8568.222222222223,0,1,1,0,0,6.8,192785.0,58.2,0
55,1,89990.0,0,46.4,2.0,2,2,0,1,4.0,1,1,2,29996.666666666668,1,1,1,1,1,1.2,449950.0,92.8,1
49,1,143456.0,2,61.2,2.0,2,5,19,0,1.0,1,1,24,47818.666666666664,1,0,1,0,1,10.600000000000001,286912.0,122.4,0
66,0,109711.0,1,51.2,1.0,1,3,3,1,3.0,1,1,6,54855.5,1,1,1,1,1,3.0,438844.0,102.4,1
62,0,94469.0,2,54.8,3.0,1,12,7,0,5.0,0,1,19,23617.25,1,1,1,0,0,10.0,566814.0,109.6,1
51,0,82502.0,2,43.9,2.0,1,8,10,0,4.0,1,1,18,27500.666666666668,1,1,1,0,1,8.8,412510.0,87.8,0
63,0,81530.0,0,18.6,2.0,3,0,3,1,2.0,1,1,3,27176.666666666668,0,0,1,1,1,1.2000000000000002,244590.0,37.2,0
38,0,84758.0,1,47.2,1.0,0,5,9,0,3.0,0,1,14,42379.0,1,1,1,0,0,6.6,339032.0,94.4,0
57,0,99136.0,2,28.8,2.0,1,6,16,0,3.0,0,1,22,33045.333333333336,0,1,1,0,0,10.0,396544.0,57.6,0
38,0,84708.0,2,48.0,3.0,0,4,10,1,4.0,1,1,14,21177.0,1,1,1,1,1,6.4,423540.0,96.0,1
63,1,30000.0,2,38.7,2.0,2,2,13,0,3.0,0,1,15,10000.0,0,1,1,0,0,6.4,120000.0,77.4,0
28,0,68954.0,1,5.0,2.0,2,1,8,0,2.0,1,1,9,22984.666666666668,0,0,1,0,1,3.8000000000000003,206862.0,10.0,0
69,1,101655.0,2,37.6,1.0,1,4,5,0,5.0,1,1,9,50827.5,0,1,1,0,1,4.4,609930.0,75.2,0
34,0,108030.0,2,100.7,2.0,2,5,14,1,2.0,1,1,19,36010.0,1,0,1,1,1,8.600000000000001,324090.0,201.4,0
25,0,85272.0,1,17.2,2.0,2,0,1,0,4.0,1,1,1,28424.0,0,1,1,0,1,0.4,426360.0,34.4,0
63,0,93206.0,1,49.5,3.5,0,5,2,0,1.0,0,1,7,20712.444444444445,1,0,1,0,0,3.8,186412.0,99.0,0
62,0,65393.0,1,54.3,2.0,1,4,5,1,3.0,1,1,9,21797.666666666668,1,1,1,1,1,4.4,261572.0,108.6,0
47,0,78817.0,2,33.7,1.0,2,14,4,0,3.0,1,1,18,39408.5,0,1,1,0,1,10.0,315268.0,67.4,0
53,1,127678.0,1,43.2,2.0,2,5,7,1,3.0,0,1,12,42559.333333333336,1,1,1,1,0,5.800000000000001,510712.0,86.4,0
48,1,113547.0,0,40.2,3.0,3,1,2,0,4.0,0,1,3,28386.75,1,1,1,0,0,1.4,567735.0,80.4,0
40,1,91561.0,0,65.9,3.0,0,0,0,0,1.0,1,1,0,22890.25,1,0,1,0,1,0.0,183122.0,131.8,0
41,0,94919.0,1,8.0,1.0,1,0,8,1,1.0,1,1,8,47459.5,0,0,1,1,1,3.2,189838.0,16.0,0
69,0,84906.0,0,88.4,3.0,3,2,3,0,5.0,0,1,5,21226.5,1,1,1,0,0,2.4000000000000004,509436.0,176.8,0
59,1,65584.0,0,5.0,1.0,1,1,1,1,2.0,1,1,2,32792.0,0,0,1,1,1,1.0,196752.0,10.0,0
36,0,70980.0,2,5.0,2.0,1,8,13,1,5.0,1,1,21,23660.0,0,1,1,1,1,10.0,425880.0,10.0,1
40,1,84708.0,1,30.3,2.0,1,3,1,1,4.0,1,1,4,28236.0,0,1,1,1,1,2.1999999999999997,423540.0,60.6,1
57,1,86891.0,2,46.8,2.0,1,12,17,0,3.0,1,1,29,28963.666666666668,1,1,1,0,1,14.0,347564.0,93.6,0
32,0,57628.0,2,33.1,2.0,0,6,10,1,2.0,0,1,16,19209.333333333332,0,0,1,1,0,7.6,172884.0,66.2,0
64,1,145853.0,2,24.7,2.0,1,3,17,1,1.0,1,1,20,48617.666666666664,0,0,1,1,1,8.600000000000001,291706.0,49.4,0
29,0,88101.0,0,46.3,3.0,1,0,2,1,2.0,1,1,2,22025.25,1,0,1,1,1,0.8,264303.0,92.6,0
40,1,104860.0,2,22.8,1.0,2,2,19,1,2.0,1,1,21,52430.0,0,0,1,1,1,8.8,314580.0,45.6,1
39,0,126055.0,2,41.9,3.0,1,3,19,1,5.0,1,1,22,31513.75,1,1,1,1,1,9.4,756330.0,83.8,1
35,1,69095.0,0,55.3,1.0,1,0,2,1,5.0,1,1,2,34547.5,1,1,1,1,1,0.8,414570.0,110.6,0
25,0,30000.0,2,26.8,2.0,2,4,17,0,3.0,1,1,21,10000.0,0,1,1,0,1,9.200000000000001,120000.0,53.6,0
35,0,69538.0,2,24.2,1.0,2,3,10,0,4.0,1,1,13,34769.0,0,1,1,0,1,5.8,347690.0,48.4,1
46,1,91353.0,0,28.7,2.0,1,0,1,1,1.0,1,1,1,30451.0,0,0,1,1,1,0.4,182706.0,57.4,0
28,0,68420.0,2,43.4,2.0,2,11,16,1,3.0,0,1,27,22806.666666666668,1,1,1,1,0,13.0,273680.0,86.8,0
64,0,109999.0,2,56.2,3.0,3,7,3,0,3.0,1,1,10,27499.75,1,1,1,0,1,5.4,439996.0,112.4,0
62,1,111206.0,2,39.1,2.0,2,7,8,1,5.0,1,1,15,37068.666666666664,0,1,1,1,1,7.4,667236.0,78.2,0
58,1,104777.0,2,44.4,2.0,2,4,6,0,5.0,1,1,10,34925.666666666664,1,1,1,0,1,4.800000000000001,628662.0,88.8,1
66,1,94201.0,2,52.6,1.0,1,14,15,0,3.0,0,1,29,47100.5,1,1,1,0,0,14.4,376804.0,105.2,0
55,0,142496.0,1,19.9,3.0,3,6,4,1,5.0,0,1,10,35624.0,0,1,1,1,0,5.199999999999999,854976.0,39.8,0
62,0,80270.0,0,7.0,2.0,2,0,0,1,4.0,1,1,0,26756.666666666668,0,1,1,1,1,0.0,401350.0,14.0,0
67,0,58764.0,0,88.4,3.5,3,0,3,1,1.0,0,1,3,13058.666666666666,1,0,1,1,0,1.2000000000000002,117528.0,176.8,0
25,1,37780.0,1,28.7,1.0,1,2,3,1,5.0,0,1,5,18890.0,0,1,1,1,0,2.4000000000000004,226680.0,57.4,0
59,1,43046.0,1,5.0,1.0,1,0,2,1,3.0,1,1,2,21523.0,0,1,1,1,1,0.8,172184.0,10.0,0
38,1,101419.0,2,18.1,2.0,2,7,8,0,4.0,0,1,15,33806.333333333336,0,1,1,0,0,7.4,507095.0,36.2,0
67,1,64498.0,2,37.7,1.0,3,12,17,0,1.0,1,1,29,32249.0,0,0,1,0,1,14.0,128996.0,75.4,0
50,0,122474.0,1,34.7,2.0,1,2,1,1,5.0,0,1,3,40824.666666666664,0,1,1,1,0,1.6,734844.0,69.4,0
28,1,134640.0,2,33.9,2.0,2,2,10,0,1.0,1,1,12,44880.0,0,0,1,0,1,5.2,269280.0,67.8,0
51,1,174521.0,2,80.5,1.0,2,13,13,1,3.0,1,1,26,87260.5,1,1,1,1,1,13.0,698084.0,161.0,1
51,1,102055.0,2,63.0,3.0,3,8,3,0,3.0,1,1,11,25513.75,1,1,1,0,1,6.0,408220.0,126.0,1
55,1,100927.0,2,49.2,3.0,1,2,4,0,1.0,1,1,6,25231.75,1,0,1,0,1,2.8,201854.0,98.4,0
56,1,56522.0,1,12.0,1.0,1,4,1,0,2.0,1,1,5,28261.0,0,0,1,0,1,2.8,169566.0,24.0,0
55,1,68755.0,1,68.5,2.0,1,1,6,1,1.0,0,1,7,22918.333333333332,1,0,1,1,0,3.0000000000000004,137510.0,137.0,0
59,0,81029.0,1,22.2,3.0,2,2,3,1,5.0,0,1,5,20257.25,0,1,1,1,0,2.4000000000000004,486174.0,44.4,0
28,0,84144.0,2,26.1,2.0,1,8,7,0,3.0,1,1,15,28048.0,0,1,1,0,1,7.6,336576.0,52.2,0
39,0,54314.0,1,62.8,2.0,1,3,3,0,1.0,0,1,6,18104.666666666668,1,0,1,0,0,3.0,108628.0,125.6,0
32,0,52695.0,2,48.9,3.0,2,14,17,0,4.0,0,1,31,13173.75,1,1,1,0,0,15.200000000000001,263475.0,97.8,0
36,0,89302.0,2,23.4,3.0,2,5,14,0,2.0,1,1,19,22325.5,0,0,1,0,1,8.600000000000001,267906.0,46.8,0
33,0,137198.0,2,67.9,1.0,3,12,16,0,1.0,0,1,28,68599.0,1,0,1,0,0,13.6,274396.0,135.8,0
40,1,94770.0,2,6.3,1.0,2,4,18,0,2.0,0,1,22,47385.0,0,0,1,0,0,9.6,284310.0,12.6,0
64,0,85677.0,1,84.2,2.0,2,1,8,1,5.0,1,1,9,28559.0,1,1,1,1,1,3.8000000000000003,514062.0,168.4,1
56,1,47167.0,1,43.6,1.0,1,4,7,1,3.0,1,1,11,23583.5,1,1,1,1,1,5.2,188668.0,87.2,0
64,1,30487.0,2,40.9,3.0,1,2,13,1,4.0,0,1,15,7621.75,1,1,1,1,0,6.4,152435.0,81.8,0
27,1,119277.0,2,5.0,2.0,2,6,6,0,3.0,0,1,12,39759.0,0,1,1,0,0,6.0,477108.0,10.0,0
54,1,32996.0,2,45.3,2.0,3,3,14,1,5.0,0,1,17,10998.666666666666,1,1,1,1,0,7.4,197976.0,90.6,0
46,1,45918.0,2,5.0,1.0,0,3,6,0,4.0,0,1,9,22959.0,0,1,1,0,0,4.2,229590.0,10.0,0
25,0,99946.0,2,52.3,2.0,3,11,6,0,3.0,1,1,17,33315.333333333336,1,1,1,0,1,9.0,399784.0,104.6,0
38,1,117006.0,2,38.1,1.0,1,13,16,0,2.0,0,1,29,58503.0,0,0,1,0,0,14.2,351018.0,76.2,0
49,1,84708.0,2,43.7,1.0,2,11,17,0,1.0,1,1,28,42354.0,1,0,1,0,1,13.4,169416.0,87.4,0
53,0,58227.0,0,34.0,2.0,1,0,0,1,3.0,1,1,0,19409.0,0,1,1,1,1,0.0,232908.0,68.0,0
41,0,53244.0,0,90.9,2.0,1,1,3,1,4.0,0,1,4,17748.0,1,1,1,1,0,1.8000000000000003,266220.0,181.8,0
62,1,70143.0,2,22.5,1.0,2,10,19,0,2.0,1,1,29,35071.5,0,0,1,0,1,13.600000000000001,210429.0,45.0,0
52,0,92800.0,2,72.4,1.0,0,13,5,0,5.0,0,1,18,46400.0,1,1,1,0,0,9.8,556800.0,144.8,0
47,0,81240.0,2,46.6,2.0,1,11,14,0,3.0,1,1,25,27080.0,1,1,1,0,1,12.2,324960.0,93.2,0
32,0,150828.0,2,11.0,1.0,1,14,14,0,2.0,0,1,28,75414.0,0,0,1,0,0,14.0,452484.0,22.0,0
27,1,75053.0,0,32.7,1.0,2,2,3,1,1.0,0,1,5,37526.5,0,0,1,1,0,2.4000000000000004,150106.0,65.4,0
53,1,137165.0,2,31.2,2.0,2,2,9,1,2.0,1,1,11,45721.666666666664,0,0,1,1,1,4.8,411495.0,62.4,0
59,0,110158.0,0,11.7,1.0,1,1,2,1,2.0,0,1,3,55079.0,0,0,1,1,0,1.4,330474.0,23.4,0
44,0,103444.0,2,6.7,2.0,1,4,5,0,3.0,1,1,9,34481.333333333336,0,1,1,0,1,4.4,413776.0,13.4,0
31,0,134083.0,1,21.8,2.0,1,4,2,1,4.0,1,1,6,44694.333333333336,0,1,1,1,1,3.2,670415.0,43.6,1
28,1,80914.0,1,40.2,1.0,3,3,5,0,3.0,1,1,8,40457.0,1,1,1,0,1,3.8,323656.0,80.4,1
31,1,64468.0,2,38.2,3.0,2,3,13,1,1.0,0,1,16,16117.0,0,0,1,1,0,7.0,128936.0,76.4,0
68,0,64391.0,2,48.6,2.0,1,2,12,1,4.0,0,1,14,21463.666666666668,1,1,1,1,0,6.000000000000001,321955.0,97.2,0
39,0,69697.0,1,38.4,1.0,1,6,4,1,2.0,0,1,10,34848.5,0,0,1,1,0,5.199999999999999,209091.0,76.8,0
36,1,89622.0,2,69.7,2.0,1,4,9,0,2.0,1,1,13,29874.0,1,0,1,0,1,6.0,268866.0,139.4,0
58,1,109427.0,2,58.2,1.0,2,2,14,0,2.0,0,1,16,54713.5,1,0,1,0,0,6.800000000000001,328281.0,116.4,0
58,1,53047.0,0,44.4,2.0,2,1,1,1,3.0,1,1,2,17682.333333333332,1,1,1,1,1,1.0,212188.0,88.8,0
59,1,81003.0,2,69.0,1.0,1,4,5,0,4.0,0,1,9,40501.5,1,1,1,0,0,4.4,405015.0,138.0,0
44,1,138207.0,1,15.1,3.0,2,3,6,1,3.0,0,1,9,34551.75,0,1,1,1,0,4.2,552828.0,30.2,1
49,1,67393.0,2,50.6,1.0,0,12,14,1,3.0,0,1,26,33696.5,1,1,1,1,0,12.8,269572.0,101.2,0
26,1,88577.0,2,25.6,2.0,2,13,12,0,2.0,1,1,25,29525.666666666668,0,0,1,0,1,12.600000000000001,265731.0,51.2,0
35,1,41589.0,0,63.8,2.0,2,1,0,1,4.0,0,1,1,13863.0,1,1,1,1,0,0.6,207945.0,127.6,0
45,1,154527.0,2,54.5,3.0,1,11,5,0,4.0,0,1,16,38631.75,1,1,1,0,0,8.6,772635.0,109.0,0
64,1,41113.0,2,7.2,3.0,2,14,10,0,1.0,1,1,24,10278.25,0,0,1,0,1,12.4,82226.0,14.4,0
35,1,60336.0,2,5.0,3.0,2,12,6,0,3.0,1,1,18,15084.0,0,1,1,0,1,9.6,241344.0,10.0,0
69,1,120662.0,1,66.3,3.0,2,2,4,1,5.0,1,1,6,30165.5,1,1,1,1,1,2.8,723972.0,132.6,1
60,1,30000.0,2,48.5,3.0,0,2,15,0,5.0,1,1,17,7500.0,1,1,1,0,1,7.2,180000.0,97.0,1
48,1,43283.0,1,32.3,2.0,2,4,6,1,2.0,1,1,10,14427.666666666666,0,0,1,1,1,4.800000000000001,129849.0,64.6,0
33,0,127392.0,1,29.7,3.0,1,2,9,1,1.0,0,1,11,31848.0,0,0,1,1,0,4.8,254784.0,59.4,0
65,0,30000.0,0,40.2,1.0,2,1,0,1,3.0,1,1,1,15000.0,1,1,1,1,1,0.6,120000.0,80.4,0
64,0,114183.0,0,54.7,1.0,2,0,0,1,5.0,1,1,0,57091.5,1,1,1,1,1,0.0,685098.0,109.4,0
69,1,51243.0,0,10.0,3.0,1,1,0,0,5.0,0,1,1,12810.75,0,1,1,0,0,0.6,307458.0,20.0,0
68,1,31419.0,2,26.0,1.0,2,4,15,1,4.0,0,1,19,15709.5,0,1,1,1,0,8.4,157095.0,52.0,0
60,0,91494.0,2,85.9,3.0,0,3,4,0,5.0,0,1,7,22873.5,1,1,1,0,0,3.4,548964.0,171.8,0
69,1,30000.0,1,43.6,1.0,1,1,6,1,2.0,1,1,7,15000.0,1,0,1,1,1,3.0000000000000004,90000.0,87.2,0
25,0,68015.0,2,96.2,1.0,3,12,17,0,3.0,1,1,29,34007.5,1,1,1,0,1,14.0,272060.0,192.4,0
26,0,83544.0,0,43.6,1.0,1,1,3,1,3.0,1,1,4,41772.0,1,1,1,1,1,1.8000000000000003,334176.0,87.2,1
66,0,58410.0,2,106.35000000000001,1.0,0,5,19,0,2.0,1,1,24,29205.0,1,0,1,0,1,10.600000000000001,175230.0,212.70000000000002,0
67,1,111609.0,2,5.0,1.0,2,8,6,1,2.0,0,1,14,55804.5,0,0,1,1,0,7.2,334827.0,10.0,0
62,0,69546.0,1,47.4,1.0,2,7,4,0,2.0,0,1,11,34773.0,1,0,1,0,0,5.800000000000001,208638.0,94.8,0
54,1,150063.0,2,55.2,3.0,0,5,4,0,5.0,1,1,9,37515.75,1,1,1,0,1,4.6,900378.0,110.4,1
36,0,30000.0,2,27.9,2.0,1,10,13,1,2.0,1,1,23,10000.0,0,0,1,1,1,11.2,90000.0,55.8,0
32,1,30000.0,0,5.0,1.0,1,1,3,1,3.0,1,1,4,15000.0,0,1,1,1,1,1.8000000000000003,120000.0,10.0,0
44,1,30000.0,2,58.7,2.0,1,6,11,0,1.0,0,1,17,10000.0,1,0,1,0,0,8.0,60000.0,117.4,0
35,0,93791.0,1,60.5,1.0,2,6,8,1,1.0,1,1,14,46895.5,1,0,1,1,1,6.8,187582.0,121.0,0
26,1,97232.0,2,5.0,2.0,1,10,11,0,4.0,1,1,21,32410.666666666668,0,1,1,0,1,10.4,486160.0,10.0,1
44,1,93602.0,2,48.3,3.0,2,14,7,0,1.0,1,1,21,23400.5,1,0,1,0,1,11.200000000000001,187204.0,96.6,0
55,1,40652.0,2,38.8,2.0,1,9,9,0,4.0,1,1,18,13550.666666666666,0,1,1,0,1,9.0,203260.0,77.6,0
42,0,131534.0,1,31.6,2.0,2,2,4,0,3.0,0,1,6,43844.666666666664,0,1,1,0,0,2.8,526136.0,63.2,0
42,1,75807.0,1,58.3,3.0,3,1,2,0,1.0,0,1,3,18951.75,1,0,1,0,0,1.4,151614.0,116.6,0
36,0,147943.0,2,6.6,3.5,2,4,4,0,1.0,0,1,8,32876.22222222222,0,0,1,0,0,4.0,295886.0,13.2,0
38,1,47796.0,0,54.7,2.0,1,2,1,1,1.0,0,1,3,15932.0,1,0,1,1,0,1.6,95592.0,109.4,0
52,1,49426.0,2,40.2,3.0,1,2,7,1,2.0,0,1,9,12356.5,1,0,1,1,0,4.0,148278.0,80.4,0
36,1,127934.0,2,90.9,1.0,1,2,13,0,5.0,1,1,15,63967.0,1,1,1,0,1,6.4,767604.0,181.8,0
36,0,72828.0,1,15.2,1.0,3,2,7,1,1.0,0,1,9,36414.0,0,0,1,1,0,4.0,145656.0,30.4,0
48,0,90740.0,2,39.3,1.0,1,12,13,1,1.0,1,1,25,45370.0,0,0,1,1,1,12.399999999999999,181480.0,78.6,0
28,0,113761.0,2,39.9,3.0,2,7,11,0,5.0,1,1,18,28440.25,0,1,1,0,1,8.600000000000001,682566.0,79.8,1
51,0,124587.0,2,48.6,2.0,2,2,18,1,1.0,1,1,20,41529.0,1,0,1,1,1,8.4,249174.0,97.2,0
51,0,79342.0,2,21.7,2.0,1,14,11,0,4.0,1,1,25,26447.333333333332,0,1,1,0,1,12.8,396710.0,43.4,0
51,0,110404.0,1,40.2,1.0,1,6,1,0,5.0,1,1,7,55202.0,1,1,1,0,1,3.9999999999999996,662424.0,80.4,1
32,0,61092.0,2,21.2,2.0,2,14,4,1,2.0,0,1,18,20364.0,0,0,1,1,0,10.0,183276.0,42.4,0
36,2,30000.0,0,20.7,2.0,2,1,2,1,1.0,1,1,3,10000.0,0,0,1,1,1,1.4,60000.0,41.4,0
46,1,92758.0,2,61.6,1.0,1,12,15,1,4.0,0,1,27,46379.0,1,1,1,1,0,13.2,463790.0,123.2,0
59,0,59081.0,1,64.1,1.0,2,3,8,1,5.0,0,1,11,29540.5,1,1,1,1,0,5.0,354486.0,128.2,0
41,0,98309.0,1,5.0,2.0,0,7,4,1,4.0,0,1,11,32769.666666666664,0,1,1,1,0,5.800000000000001,491545.0,10.0,0
69,0,92796.0,2,30.6,3.0,2,12,5,0,1.0,0,1,17,23199.0,0,0,1,0,0,9.2,185592.0,61.2,0
67,0,44022.0,2,27.1,2.0,0,11,15,0,3.0,1,1,26,14674.0,0,1,1,0,1,12.6,176088.0,54.2,0
49,1,73497.0,2,58.3,3.0,3,14,14,0,4.0,1,1,28,18374.25,1,1,1,0,1,14.0,367485.0,116.6,0
54,1,110312.0,0,45.2,1.0,2,1,2,1,4.0,1,1,3,55156.0,1,1,1,1,1,1.4,551560.0,90.4,0
38,1,171986.0,1,40.2,3.0,2,1,3,1,3.0,1,1,4,42996.5,1,1,1,1,1,1.8000000000000003,687944.0,80.4,1
30,1,33211.0,0,27.7,2.0,3,2,2,1,4.0,1,1,4,11070.333333333334,0,1,1,1,1,2.0,166055.0,55.4,0
29,1,84708.0,0,5.0,3.5,2,2,0,1,3.0,1,1,2,18824.0,0,1,1,1,1,1.2,338832.0,10.0,0
36,1,65425.0,2,64.4,1.0,1,13,8,0,2.0,1,1,21,32712.5,1,0,1,0,1,11.0,196275.0,128.8,0
34,0,174521.0,1,51.0,2.0,2,0,7,1,2.0,0,1,7,58173.666666666664,1,0,1,1,0,2.8000000000000003,523563.0,102.0,0
50,0,98982.0,0,31.0,2.0,2,1,1,1,2.0,1,1,2,32994.0,0,0,1,1,1,1.0,296946.0,62.0,0
62,0,60697.0,0,66.6,1.0,2,1,2,1,3.0,1,1,3,30348.5,1,1,1,1,1,1.4,242788.0,133.2,0
61,1,71644.0,2,48.4,3.0,1,3,7,1,1.0,0,1,10,17911.0,1,0,1,1,0,4.6,143288.0,96.8,0
37,1,82990.0,2,29.8,1.0,1,3,17,1,2.0,0,1,20,41495.0,0,0,1,1,0,8.600000000000001,248970.0,59.6,0
27,1,160477.0,1,85.2,2.0,0,3,5,1,3.0,1,1,8,53492.333333333336,1,1,1,1,1,3.8,641908.0,170.4,1
65,1,100749.0,2,57.0,3.5,2,4,7,0,2.0,1,1,11,22388.666666666668,1,0,1,0,1,5.2,302247.0,114.0,0
57,1,75721.0,2,47.5,3.0,2,2,10,0,4.0,1,1,12,18930.25,1,1,1,0,1,5.2,378605.0,95.0,0
47,0,75263.0,0,77.3,2.0,2,1,0,1,3.0,1,1,1,25087.666666666668,1,1,1,1,1,0.6,301052.0,154.6,1
32,0,108869.0,2,73.4,2.0,2,11,15,1,3.0,0,1,26,36289.666666666664,1,1,1,1,0,12.6,435476.0,146.8,0
41,1,71258.0,2,5.0,2.0,1,3,4,0,1.0,1,1,7,23752.666666666668,0,0,1,0,1,3.4,142516.0,10.0,0
33,1,132292.0,2,5.0,2.0,2,4,13,0,4.0,0,1,17,44097.333333333336,0,1,1,0,0,7.6,661460.0,10.0,0
31,0,48735.0,0,16.4,3.0,1,2,0,1,1.0,1,1,2,12183.75,0,0,1,1,1,1.2,97470.0,32.8,0
55,1,30000.0,0,36.2,3.0,0,2,2,1,3.0,0,1,4,7500.0,0,1,1,1,0,2.0,120000.0,72.4,0
57,0,40157.0,1,32.2,1.0,1,5,7,1,2.0,1,1,12,20078.5,0,0,1,1,1,5.800000000000001,120471.0,64.4,0
25,2,72926.0,1,5.3,2.0,2,6,4,1,3.0,0,1,10,24308.666666666668,0,1,1,1,0,5.199999999999999,291704.0,10.6,0
26,1,113959.0,1,7.6,1.0,1,4,4,1,4.0,0,1,8,56979.5,0,1,1,1,0,4.0,569795.0,15.2,0
48,2,82201.0,1,53.4,2.0,0,5,1,1,1.0,0,1,6,27400.333333333332,1,0,1,1,0,3.4,164402.0,106.8,0
33,0,82633.0,0,5.0,1.0,1,1,2,1,2.0,0,1,3,41316.5,0,0,1,1,0,1.4,247899.0,10.0,0
39,1,91652.0,2,41.3,1.0,2,13,15,1,5.0,0,1,28,45826.0,1,1,1,1,0,13.8,549912.0,82.6,0
49,1,84708.0,1,30.7,2.0,0,3,5,0,3.0,1,1,8,28236.0,0,1,1,0,1,3.8,338832.0,61.4,0
49,1,111041.0,1,36.6,3.0,2,6,6,0,4.0,0,1,12,27760.25,0,1,1,0,0,6.0,555205.0,73.2,0
34,0,113631.0,0,105.9,2.0,0,1,3,1,3.0,1,1,4,37877.0,1,1,1,1,1,1.8000000000000003,454524.0,211.8,1
40,0,46209.0,1,58.9,2.0,1,2,1,1,5.0,1,1,3,15403.0,1,1,1,1,1,1.6,277254.0,117.8,0
53,1,113826.0,1,106.35000000000001,1.0,2,5,1,0,3.0,1,1,6,56913.0,1,1,1,0,1,3.4,455304.0,212.70000000000002,1
57,1,148415.0,1,61.8,3.0,0,1,6,1,3.0,1,1,7,37103.75,1,1,1,1,1,3.0000000000000004,593660.0,123.6,0
65,0,63383.0,2,51.8,2.0,1,8,16,1,4.0,1,1,24,21127.666666666668,1,1,1,1,1,11.2,316915.0,103.6,0
30,1,94516.0,2,64.9,2.0,1,9,19,0,1.0,1,1,28,31505.333333333332,1,0,1,0,1,13.0,189032.0,129.8,0
43,0,106014.0,1,48.2,2.0,1,7,9,1,5.0,1,1,16,35338.0,1,1,1,1,1,7.800000000000001,636084.0,96.4,1
68,0,102325.0,2,72.7,1.0,1,14,3,0,5.0,0,1,17,51162.5,1,1,1,0,0,9.600000000000001,613950.0,145.4,0
32,0,93265.0,2,27.6,3.5,0,2,11,0,2.0,0,1,13,20725.555555555555,0,0,1,0,0,5.6000000000000005,279795.0,55.2,0
69,0,94782.0,2,56.2,1.0,1,14,12,0,1.0,0,1,26,47391.0,1,0,1,0,0,13.200000000000001,189564.0,112.4,0
59,0,111797.0,0,65.6,3.0,1,2,1,1,4.0,1,1,3,27949.25,1,1,1,1,1,1.6,558985.0,131.2,1
36,0,51951.0,2,13.2,2.0,3,7,14,0,1.0,1,1,21,17317.0,0,0,1,0,1,9.8,103902.0,26.4,1
43,1,119931.0,0,39.1,3.0,1,0,3,1,5.0,1,1,3,29982.75,0,1,1,1,1,1.2000000000000002,719586.0,78.2,0
29,1,81488.0,2,5.0,3.0,0,11,4,1,5.0,1,1,15,20372.0,0,1,1,1,1,8.2,488928.0,10.0,0
62,1,114908.0,1,41.2,3.0,1,1,3,1,3.0,1,1,4,28727.0,1,1,1,1,1,1.8000000000000003,459632.0,82.4,0
61,0,58855.0,1,32.7,3.0,0,3,5,1,5.0,0,1,8,14713.75,0,1,1,1,0,3.8,353130.0,65.4,0
34,1,110821.0,2,34.4,3.0,2,14,8,0,3.0,1,1,22,27705.25,0,1,1,0,1,11.600000000000001,443284.0,68.8,0
39,1,138414.0,2,10.5,2.0,3,5,8,1,1.0,1,1,13,46138.0,0,0,1,1,1,6.2,276828.0,21.0,0
36,1,62090.0,1,32.8,1.0,1,1,2,0,2.0,0,1,3,31045.0,0,0,1,0,0,1.4,186270.0,65.6,0
54,0,150223.0,2,54.2,1.0,2,11,7,1,1.0,1,1,18,75111.5,1,0,1,1,1,9.4,300446.0,108.4,0
26,0,174521.0,1,26.3,2.0,2,1,8,0,1.0,1,1,9,58173.666666666664,0,0,1,0,1,3.8000000000000003,349042.0,52.6,1
50,0,61039.0,1,93.1,2.0,3,6,9,0,2.0,0,1,15,20346.333333333332,1,0,1,0,0,7.199999999999999,183117.0,186.2,0
49,1,82193.0,1,75.2,2.0,1,7,8,1,1.0,0,1,15,27397.666666666668,1,0,1,1,0,7.4,164386.0,150.4,0
68,0,51288.0,2,25.7,2.0,3,5,15,1,1.0,1,1,20,17096.0,0,0,1,1,1,9.0,102576.0,51.4,0
45,0,94858.0,2,65.9,1.0,1,5,7,1,2.0,0,1,12,47429.0,1,0,1,1,0,5.800000000000001,284574.0,131.8,0
69,1,43311.0,2,52.0,3.0,1,6,5,0,4.0,0,1,11,10827.75,1,1,1,0,0,5.6,216555.0,104.0,0
33,1,160474.0,2,7.8,1.0,0,9,19,0,3.0,1,1,28,80237.0,0,1,1,0,1,13.0,641896.0,15.6,0
59,1,62671.0,1,19.7,1.0,1,6,5,1,4.0,1,1,11,31335.5,0,1,1,1,1,5.6,313355.0,39.4,0
44,1,42845.0,1,89.0,2.0,2,6,4,1,4.0,1,1,10,14281.666666666666,1,1,1,1,1,5.199999999999999,214225.0,178.0,0
59,1,113911.0,1,52.6,1.0,2,7,7,1,3.0,0,1,14,56955.5,1,1,1,1,0,7.0,455644.0,105.2,0
60,1,109397.0,2,12.8,3.5,2,8,6,0,5.0,1,1,14,24310.444444444445,0,1,1,0,1,7.2,656382.0,25.6,0
25,0,95638.0,2,59.6,1.0,2,10,7,0,2.0,0,1,17,47819.0,1,0,1,0,0,8.8,286914.0,119.2,0
69,1,57549.0,2,75.5,1.0,1,9,17,0,3.0,0,1,26,28774.5,1,1,1,0,0,12.2,230196.0,151.0,0
62,0,115951.0,1,5.0,1.0,2,6,7,1,1.0,1,1,13,57975.5,0,0,1,1,1,6.4,231902.0,10.0,0
62,0,132932.0,0,27.4,3.0,3,2,1,1,4.0,1,1,3,33233.0,0,1,1,1,1,1.6,664660.0,54.8,0
31,1,119275.0,2,88.9,1.0,1,13,15,1,3.0,1,1,28,59637.5,1,1,1,1,1,13.8,477100.0,177.8,0
63,0,112674.0,1,13.5,1.0,0,7,9,1,5.0,0,1,16,56337.0,0,1,1,1,0,7.800000000000001,676044.0,27.0,0
52,1,158829.0,0,62.8,2.0,1,2,3,1,2.0,1,1,5,52943.0,1,0,1,1,1,2.4000000000000004,476487.0,125.6,0
53,1,76948.0,2,28.5,1.0,2,13,13,0,1.0,1,1,26,38474.0,0,0,1,0,1,13.0,153896.0,57.0,0
55,1,94741.0,1,5.0,1.0,1,1,6,1,1.0,1,1,7,47370.5,0,0,1,1,1,3.0000000000000004,189482.0,10.0,0
62,1,83636.0,0,30.8,1.0,1,2,2,1,1.0,1,1,4,41818.0,0,0,1,1,1,2.0,167272.0,61.6,0
68,1,90558.0,2,38.0,1.0,0,8,5,1,1.0,1,1,13,45279.0,0,0,1,1,1,6.8,181116.0,76.0,0
60,1,61411.0,2,23.7,2.0,1,6,18,0,1.0,0,1,24,20470.333333333332,0,0,1,0,0,10.8,122822.0,47.4,0
54,0,90673.0,2,36.7,2.0,0,12,12,0,3.0,0,1,24,30224.333333333332,0,1,1,0,0,12.0,362692.0,73.4,0
31,0,30000.0,1,39.5,2.0,2,2,9,1,1.0,0,1,11,10000.0,0,0,1,1,0,4.8,60000.0,79.0,0
44,1,30000.0,1,51.1,1.0,2,3,9,1,3.0,0,1,12,15000.0,1,1,1,1,0,5.4,120000.0,102.2,0
57,0,110413.0,2,26.6,3.0,2,4,7,0,3.0,1,1,11,27603.25,0,1,1,0,1,5.2,441652.0,53.2,1
53,0,87069.0,1,15.0,2.0,2,0,5,1,4.0,0,1,5,29023.0,0,1,1,1,0,2.0,435345.0,30.0,0
37,1,70614.0,1,19.2,2.0,0,1,2,0,4.0,1,1,3,23538.0,0,1,1,0,1,1.4,353070.0,38.4,1
53,0,95652.0,2,60.3,2.0,3,10,3,1,2.0,1,1,13,31884.0,1,0,1,1,1,7.2,286956.0,120.6,0
67,2,64745.0,1,72.0,2.0,1,7,3,1,1.0,0,1,10,21581.666666666668,1,0,1,1,0,5.4,129490.0,144.0,0
37,0,51593.0,2,57.4,2.0,1,6,6,0,4.0,1,1,12,17197.666666666668,1,1,1,0,1,6.0,257965.0,114.8,0
35,0,44119.0,1,40.2,1.0,0,2,2,1,3.0,1,1,4,22059.5,1,1,1,1,1,2.0,176476.0,80.4,0
56,0,72034.0,2,19.4,1.0,2,2,17,0,3.0,0,1,19,36017.0,0,1,1,0,0,8.0,288136.0,38.8,0
30,1,109026.0,2,25.5,2.0,2,11,6,0,1.0,1,1,17,36342.0,0,0,1,0,1,9.0,218052.0,51.0,0
37,1,76268.0,0,67.4,1.0,0,2,0,1,2.0,1,1,2,38134.0,1,0,1,1,1,1.2,228804.0,134.8,0
35,1,31943.0,2,70.9,2.0,2,10,16,1,4.0,0,1,26,10647.666666666666,1,1,1,1,0,12.4,159715.0,141.8,0
42,0,43855.0,2,44.0,2.0,2,3,8,0,3.0,1,1,11,14618.333333333334,1,1,1,0,1,5.0,175420.0,88.0,0
32,0,83073.0,2,5.0,3.0,2,8,15,0,2.0,0,1,23,20768.25,0,0,1,0,0,10.8,249219.0,10.0,0
43,0,112579.0,0,83.4,1.0,2,1,3,1,2.0,0,1,4,56289.5,1,0,1,1,0,1.8000000000000003,337737.0,166.8,0
36,1,53856.0,0,38.3,1.0,2,0,2,0,2.0,1,1,2,26928.0,0,0,1,0,1,0.8,161568.0,76.6,0
62,0,120759.0,2,47.8,2.0,2,3,4,0,5.0,0,1,7,40253.0,1,1,1,0,0,3.4,724554.0,95.6,0
54,0,51862.0,1,68.8,2.0,1,2,3,1,3.0,1,1,5,17287.333333333332,1,1,1,1,1,2.4000000000000004,207448.0,137.6,0
43,1,79499.0,2,97.5,2.0,2,12,11,1,2.0,1,1,23,26499.666666666668,1,0,1,1,1,11.6,238497.0,195.0,0
69,1,74135.0,2,5.0,2.0,2,2,10,0,4.0,1,1,12,24711.666666666668,0,1,1,0,1,5.2,370675.0,10.0,1
42,1,85140.0,1,5.0,2.0,2,2,4,1,2.0,1,1,6,28380.0,0,0,1,1,1,2.8,255420.0,10.0,1
67,1,60347.0,1,79.9,1.0,3,3,4,1,4.0,1,1,7,30173.5,1,1,1,1,1,3.4,301735.0,159.8,0
59,0,77157.0,0,17.3,1.0,1,1,0,1,3.0,0,1,1,38578.5,0,1,1,1,0,0.6,308628.0,34.6,0
41,0,48021.0,2,31.5,3.0,2,9,5,0,3.0,0,1,14,12005.25,0,1,1,0,0,7.3999999999999995,192084.0,63.0,0
34,0,130325.0,1,30.9,3.0,0,3,5,1,2.0,0,1,8,32581.25,0,0,1,1,0,3.8,390975.0,61.8,0
54,1,73414.0,2,40.2,1.0,3,13,19,1,2.0,1,1,32,36707.0,1,0,1,1,1,15.4,220242.0,80.4,0
62,1,98306.0,2,48.4,1.0,3,3,17,0,2.0,0,1,20,49153.0,1,0,1,0,0,8.600000000000001,294918.0,96.8,0
36,1,64878.0,1,77.0,1.0,2,0,8,0,4.0,1,1,8,32439.0,1,1,1,0,1,3.2,324390.0,154.0,0
51,1,105534.0,2,65.3,1.0,2,4,17,1,5.0,1,1,21,52767.0,1,1,1,1,1,9.200000000000001,633204.0,130.6,1
64,1,74774.0,1,26.8,1.0,2,1,2,1,4.0,1,1,3,37387.0,0,1,1,1,1,1.4,373870.0,53.6,1
42,1,93903.0,2,43.8,2.0,3,9,16,1,1.0,0,1,25,31301.0,1,0,1,1,0,11.8,187806.0,87.6,0
59,0,99620.0,2,40.8,2.0,1,9,8,1,3.0,0,1,17,33206.666666666664,1,1,1,1,0,8.6,398480.0,81.6,0
49,0,61185.0,1,22.4,1.0,0,3,9,1,3.0,0,1,12,30592.5,0,1,1,1,0,5.4,244740.0,44.8,0
44,1,55752.0,2,16.8,1.0,0,7,9,0,4.0,1,1,16,27876.0,0,1,1,0,1,7.800000000000001,278760.0,33.6,0
35,0,68578.0,2,54.5,1.0,0,5,13,1,4.0,0,1,18,34289.0,1,1,1,1,0,8.2,342890.0,109.0,0
50,0,60247.0,1,36.7,2.0,3,1,8,1,4.0,1,1,9,20082.333333333332,0,1,1,1,1,3.8000000000000003,301235.0,73.4,1
46,1,55166.0,2,58.8,2.0,0,6,11,0,1.0,1,1,17,18388.666666666668,1,0,1,0,1,8.0,110332.0,117.6,0
63,0,159832.0,0,28.9,1.0,2,2,1,0,3.0,1,1,3,79916.0,0,1,1,0,1,1.6,639328.0,57.8,1
38,1,74609.0,1,11.1,2.0,1,4,2,1,5.0,1,1,6,24869.666666666668,0,1,1,1,1,3.2,447654.0,22.2,1
63,0,63805.0,2,93.0,3.0,0,4,8,1,1.0,1,1,12,15951.25,1,0,1,1,1,5.6,127610.0,186.0,0
54,1,122965.0,2,41.9,1.0,2,7,8,0,3.0,0,1,15,61482.5,1,1,1,0,0,7.4,491860.0,83.8,0
43,1,65987.0,2,56.6,2.0,2,6,11,0,5.0,1,1,17,21995.666666666668,1,1,1,0,1,8.0,395922.0,113.2,0
32,0,108323.0,1,70.6,2.0,2,0,4,1,5.0,0,1,4,36107.666666666664,1,1,1,1,0,1.6,649938.0,141.2,0
32,0,82997.0,2,13.2,1.0,0,8,13,1,1.0,1,1,21,41498.5,0,0,1,1,1,10.0,165994.0,26.4,0
56,1,30000.0,2,11.7,2.0,2,8,10,1,1.0,0,1,18,10000.0,0,0,1,1,0,8.8,60000.0,23.4,0
67,1,43483.0,0,31.6,1.0,3,2,2,0,5.0,1,1,4,21741.5,0,1,1,0,1,2.0,260898.0,63.2,0
59,1,112343.0,2,58.7,1.0,2,8,9,1,2.0,0,1,17,56171.5,1,0,1,1,0,8.4,337029.0,117.4,0
62,1,82818.0,2,5.0,2.0,2,5,8,0,3.0,1,1,13,27606.0,0,1,1,0,1,6.2,331272.0,10.0,1
46,1,77282.0,1,56.4,2.0,2,0,7,1,5.0,1,1,7,25760.666666666668,1,1,1,1,1,2.8000000000000003,463692.0,112.8,1
42,1,59393.0,2,5.0,3.0,1,14,8,0,4.0,1,1,22,14848.25,0,1,1,0,1,11.600000000000001,296965.0,10.0,0
39,0,84199.0,2,64.2,2.0,2,14,3,1,3.0,0,1,17,28066.333333333332,1,1,1,1,0,9.600000000000001,336796.0,128.4,0
46,1,132776.0,0,40.2,1.0,0,2,2,1,3.0,1,1,4,66388.0,1,1,1,1,1,2.0,531104.0,80.4,1
64,0,125793.0,2,61.1,1.0,1,6,8,1,5.0,1,1,14,62896.5,1,1,1,1,1,6.8,754758.0,122.2,1
62,0,76049.0,2,36.2,1.0,0,6,19,0,1.0,0,1,25,38024.5,0,0,1,0,0,11.2,152098.0,72.4,0
27,1,81609.0,2,34.2,2.0,2,5,16,0,1.0,1,1,21,27203.0,0,0,1,0,1,9.4,163218.0,68.4,0
69,0,138881.0,1,39.6,2.0,2,5,4,1,3.0,1,1,9,46293.666666666664,0,1,1,1,1,4.6,555524.0,79.2,0
55,0,122345.0,1,34.1,1.0,0,5,1,1,4.0,1,1,6,61172.5,0,1,1,1,1,3.4,611725.0,68.2,1
57,0,132111.0,2,55.4,1.0,2,6,6,0,1.0,1,1,12,66055.5,1,0,1,0,1,6.0,264222.0,110.8,0
46,0,88214.0,1,76.4,1.0,0,5,4,1,5.0,0,1,9,44107.0,1,1,1,1,0,4.6,529284.0,152.8,0
69,2,74507.0,2,69.0,1.0,1,7,13,0,4.0,1,1,20,37253.5,1,1,1,0,1,9.4,372535.0,138.0,0
32,0,80291.0,2,11.4,1.0,2,14,3,1,3.0,1,1,17,40145.5,0,1,1,1,1,9.600000000000001,321164.0,22.8,0
63,1,84687.0,2,39.4,2.0,2,12,19,0,4.0,0,1,31,28229.0,0,1,1,0,0,14.8,423435.0,78.8,0
31,0,56061.0,2,66.9,2.0,2,5,7,1,3.0,1,1,12,18687.0,1,1,1,1,1,5.800000000000001,224244.0,133.8,1
55,0,72168.0,1,16.6,1.0,2,0,5,0,2.0,1,1,5,36084.0,0,0,1,0,1,2.0,216504.0,33.2,0
62,0,58137.0,1,58.4,2.0,1,6,7,1,4.0,1,1,13,19379.0,1,1,1,1,1,6.4,290685.0,116.8,0
53,1,87504.0,2,63.9,2.0,0,7,14,0,2.0,0,1,21,29168.0,1,0,1,0,0,9.8,262512.0,127.8,0
44,2,148375.0,1,24.7,1.0,1,1,4,1,2.0,0,1,5,74187.5,0,0,1,1,0,2.2,445125.0,49.4,0
40,0,83950.0,2,34.8,1.0,0,10,19,0,3.0,0,1,29,41975.0,0,1,1,0,0,13.600000000000001,335800.0,69.6,0
63,1,47569.0,2,34.5,1.0,2,5,12,1,1.0,1,1,17,23784.5,0,0,1,1,1,7.800000000000001,95138.0,69.0,0
67,0,120939.0,0,18.3,3.5,1,0,0,1,5.0,1,1,0,26875.333333333332,0,1,1,1,1,0.0,725634.0,36.6,1
61,0,87249.0,1,61.9,3.0,1,0,4,0,1.0,1,1,4,21812.25,1,0,1,0,1,1.6,174498.0,123.8,0
29,1,94468.0,0,60.0,2.0,1,1,2,1,4.0,1,1,3,31489.333333333332,1,1,1,1,1,1.4,472340.0,120.0,1
57,0,76838.0,0,56.0,2.0,1,2,2,1,5.0,1,1,4,25612.666666666668,1,1,1,1,1,2.0,461028.0,112.0,0
63,1,102751.0,1,36.9,1.0,2,0,4,1,1.0,1,1,4,51375.5,0,0,1,1,1,1.6,205502.0,73.8,0
55,0,40851.0,2,46.3,2.0,1,2,15,1,1.0,0,1,17,13617.0,1,0,1,1,0,7.2,81702.0,92.6,0
51,1,66033.0,2,19.6,1.0,3,2,4,0,5.0,1,1,6,33016.5,0,1,1,0,1,2.8,396198.0,39.2,1
55,1,65318.0,2,59.5,1.0,3,9,11,0,1.0,1,1,20,32659.0,1,0,1,0,1,9.8,130636.0,119.0,0
48,1,77822.0,2,5.3,2.0,1,11,13,0,4.0,1,1,24,25940.666666666668,0,1,1,0,1,11.8,389110.0,10.6,1
66,1,137848.0,2,48.5,3.0,1,9,14,0,1.0,1,1,23,34462.0,1,0,1,0,1,11.0,275696.0,97.0,0
46,1,118288.0,0,6.8,2.0,3,2,1,1,3.0,1,1,3,39429.333333333336,0,1,1,1,1,1.6,473152.0,13.6,0
35,1,97861.0,0,39.5,3.5,1,1,1,1,3.0,0,1,2,21746.88888888889,0,1,1,1,0,1.0,391444.0,79.0,0
61,0,69353.0,1,71.0,2.0,1,2,4,1,3.0,0,1,6,23117.666666666668,1,1,1,1,0,2.8,277412.0,142.0,0
44,0,106434.0,0,46.6,1.0,2,2,1,0,5.0,0,1,3,53217.0,1,1,1,0,0,1.6,638604.0,93.2,0
68,0,102781.0,2,5.0,1.0,1,10,12,1,5.0,0,1,22,51390.5,0,1,1,1,0,10.8,616686.0,10.0,0
63,1,58354.0,1,18.1,3.5,1,2,5,1,1.0,0,1,7,12967.555555555555,0,0,1,1,0,3.2,116708.0,36.2,0
53,1,43068.0,2,64.6,2.0,2,6,13,0,5.0,0,1,19,14356.0,1,1,1,0,0,8.8,258408.0,129.2,0
28,0,30000.0,1,32.7,2.0,0,7,4,1,2.0,1,1,11,10000.0,0,0,1,1,1,5.800000000000001,90000.0,65.4,0
28,0,67947.0,2,27.7,1.0,1,10,19,1,2.0,1,1,29,33973.5,0,0,1,1,1,13.600000000000001,203841.0,55.4,0
56,0,138730.0,1,56.9,1.0,0,7,7,1,3.0,1,1,14,69365.0,1,1,1,1,1,7.0,554920.0,113.8,1
49,0,30000.0,1,25.2,3.5,1,4,8,1,3.0,0,1,12,6666.666666666667,0,1,1,1,0,5.6,120000.0,50.4,0
38,1,31285.0,0,82.5,1.0,2,2,3,1,2.0,1,1,5,15642.5,1,0,1,1,1,2.4000000000000004,93855.0,165.0,0
27,0,93028.0,2,33.0,2.0,2,14,17,1,3.0,1,1,31,31009.333333333332,0,1,1,1,1,15.200000000000001,372112.0,66.0,0
62,0,95311.0,2,5.0,3.5,3,3,9,1,3.0,1,1,12,21180.222222222223,0,1,1,1,1,5.4,381244.0,10.0,0
32,1,123554.0,2,12.7,1.0,2,10,18,0,2.0,1,1,28,61777.0,0,0,1,0,1,13.2,370662.0,25.4,1
37,1,43688.0,0,68.3,2.0,2,2,0,1,3.0,1,1,2,14562.666666666666,1,1,1,1,1,1.2,174752.0,136.6,0
46,0,31423.0,1,52.0,2.0,1,5,6,0,5.0,1,1,11,10474.333333333334,1,1,1,0,1,5.4,188538.0,104.0,1
54,1,47429.0,1,26.6,3.5,3,2,5,1,3.0,1,1,7,10539.777777777777,0,1,1,1,1,3.2,189716.0,53.2,0
40,0,43413.0,0,26.2,1.0,0,0,0,1,2.0,0,1,0,21706.5,0,0,1,1,0,0.0,130239.0,52.4,0
29,0,54795.0,2,18.6,2.0,1,12,10,0,4.0,1,1,22,18265.0,0,1,1,0,1,11.2,273975.0,37.2,0
56,1,68618.0,2,42.7,2.0,2,8,17,0,4.0,1,1,25,22872.666666666668,1,1,1,0,1,11.600000000000001,343090.0,85.4,0
56,1,114088.0,1,81.7,1.0,2,6,3,1,3.0,0,1,9,57044.0,1,1,1,1,0,4.8,456352.0,163.4,0
51,0,32870.0,2,71.3,2.0,1,8,13,0,3.0,1,1,21,10956.666666666666,1,1,1,0,1,10.0,131480.0,142.6,0
58,1,90909.0,1,67.9,3.0,1,2,4,1,4.0,1,1,6,22727.25,1,1,1,1,1,2.8,454545.0,135.8,0
54,1,120446.0,0,21.9,1.0,2,1,3,1,2.0,0,1,4,60223.0,0,0,1,1,0,1.8000000000000003,361338.0,43.8,0
26,1,92385.0,1,66.8,2.0,0,3,2,1,1.0,1,1,5,30795.0,1,0,1,1,1,2.5999999999999996,184770.0,133.6,0
40,1,132388.0,2,20.3,1.0,0,5,18,1,1.0,1,1,23,66194.0,0,0,1,1,1,10.2,264776.0,40.6,0
69,0,105330.0,1,32.9,2.0,0,5,9,1,2.0,0,1,14,35110.0,0,0,1,1,0,6.6,315990.0,65.8,0
26,0,36836.0,0,67.9,2.0,2,1,0,1,4.0,1,1,1,12278.666666666666,1,1,1,1,1,0.6,184180.0,135.8,0
32,1,72214.0,2,52.2,1.0,1,8,18,0,5.0,0,1,26,36107.0,1,1,1,0,0,12.0,433284.0,104.4,1
29,1,147613.0,0,37.3,2.0,1,1,0,1,3.0,1,1,1,49204.333333333336,0,1,1,1,1,0.6,590452.0,74.6,0
33,0,41388.0,2,53.1,1.0,2,11,18,0,2.0,0,1,29,20694.0,1,0,1,0,0,13.8,124164.0,106.2,0
30,1,67855.0,2,45.0,1.0,0,12,6,0,1.0,1,1,18,33927.5,1,0,1,0,1,9.6,135710.0,90.0,0
44,1,108638.0,2,70.5,3.0,2,6,19,0,3.0,1,1,25,27159.5,1,1,1,0,1,11.2,434552.0,141.0,1
61,0,121669.0,2,26.3,1.0,1,2,19,1,5.0,0,1,21,60834.5,0,1,1,1,0,8.8,730014.0,52.6,1
63,1,48135.0,0,5.0,1.0,2,2,1,1,1.0,0,1,3,24067.5,0,0,1,1,0,1.6,96270.0,10.0,0
34,0,111789.0,0,80.4,2.0,2,1,3,1,3.0,0,1,4,37263.0,1,1,1,1,0,1.8000000000000003,447156.0,160.8,0
68,0,107542.0,1,77.9,1.0,0,0,2,1,5.0,0,1,2,53771.0,1,1,1,1,0,0.8,645252.0,155.8,0
44,0,119980.0,2,25.3,1.0,2,11,15,0,4.0,0,1,26,59990.0,0,1,1,0,0,12.6,599900.0,50.6,0
64,1,134837.0,0,32.6,3.0,2,1,2,1,5.0,0,1,3,33709.25,0,1,1,1,0,1.4,809022.0,65.2,1
45,0,98639.0,1,48.1,1.0,1,2,9,0,2.0,1,1,11,49319.5,1,0,1,0,1,4.8,295917.0,96.2,0
38,1,114883.0,2,42.6,1.0,2,13,3,1,3.0,1,1,16,57441.5,1,1,1,1,1,9.0,459532.0,85.2,1
27,0,50023.0,0,47.8,2.0,1,0,1,1,4.0,1,1,1,16674.333333333332,1,1,1,1,1,0.4,250115.0,95.6,0
45,0,139988.0,2,56.0,1.0,1,12,13,0,5.0,1,1,25,69994.0,1,1,1,0,1,12.399999999999999,839928.0,112.0,1
46,1,53576.0,2,12.0,1.0,1,7,15,1,2.0,0,1,22,26788.0,0,0,1,1,0,10.2,160728.0,24.0,0
49,0,55632.0,1,14.4,3.0,2,3,6,1,2.0,1,1,9,13908.0,0,0,1,1,1,4.2,166896.0,28.8,0
62,0,37681.0,2,31.8,1.0,1,13,16,1,2.0,1,1,29,18840.5,0,0,1,1,1,14.2,113043.0,63.6,0
59,0,74340.0,2,48.9,1.0,2,10,12,1,3.0,1,1,22,37170.0,1,1,1,1,1,10.8,297360.0,97.8,0
25,1,78946.0,1,72.7,3.0,2,5,3,0,3.0,1,1,8,19736.5,1,1,1,0,1,4.2,315784.0,145.4,0
44,0,77697.0,2,30.1,3.0,1,13,8,1,2.0,0,1,21,19424.25,0,0,1,1,0,11.0,233091.0,60.2,0
49,1,53457.0,1,53.9,1.0,2,5,7,0,5.0,1,1,12,26728.5,1,1,1,0,1,5.800000000000001,320742.0,107.8,0
49,1,86321.0,1,39.9,2.0,0,4,5,1,5.0,1,1,9,28773.666666666668,0,1,1,1,1,4.4,517926.0,79.8,1
32,1,63354.0,2,9.6,1.0,1,11,6,0,1.0,1,1,17,31677.0,0,0,1,0,1,9.0,126708.0,19.2,0
63,0,30741.0,2,31.8,2.0,1,10,18,1,1.0,1,1,28,10247.0,0,0,1,1,1,13.2,61482.0,63.6,0
62,0,92341.0,2,32.7,1.0,1,6,17,0,1.0,1,1,23,46170.5,0,0,1,0,1,10.4,184682.0,65.4,0
50,1,60934.0,2,9.9,3.0,0,12,6,0,1.0,1,1,18,15233.5,0,0,1,0,1,9.6,121868.0,19.8,0
42,1,107833.0,2,52.4,1.0,1,12,16,1,5.0,1,1,28,53916.5,1,1,1,1,1,13.6,646998.0,104.8,1
65,0,30000.0,1,5.0,2.0,1,7,1,1,2.0,0,1,8,10000.0,0,0,1,1,0,4.6000000000000005,90000.0,10.0,0
39,0,114164.0,0,14.9,1.0,2,2,0,1,5.0,0,1,2,57082.0,0,1,1,1,0,1.2,684984.0,29.8,1
54,0,136480.0,2,60.3,2.0,2,13,7,0,2.0,0,1,20,45493.333333333336,1,0,1,0,0,10.6,409440.0,120.6,0
35,0,104888.0,2,30.6,3.0,1,11,11,1,4.0,1,1,22,26222.0,0,1,1,1,1,11.0,524440.0,61.2,0
48,0,73447.0,1,18.8,1.0,2,7,8,1,1.0,1,1,15,36723.5,0,0,1,1,1,7.4,146894.0,37.6,0
47,0,104094.0,1,49.5,2.0,2,5,9,1,5.0,1,1,14,34698.0,1,1,1,1,1,6.6,624564.0,99.0,0
41,1,68262.0,2,45.4,2.0,1,10,6,0,2.0,1,1,16,22754.0,1,0,1,0,1,8.4,204786.0,90.8,0
55,1,148753.0,0,37.6,1.0,0,1,1,1,5.0,1,1,2,74376.5,0,1,1,1,1,1.0,892518.0,75.2,1
61,0,62171.0,2,32.4,2.0,2,3,4,1,5.0,1,1,7,20723.666666666668,0,1,1,1,1,3.4,373026.0,64.8,0
58,0,132261.0,2,48.3,3.0,2,14,7,0,4.0,0,1,21,33065.25,1,1,1,0,0,11.200000000000001,661305.0,96.6,0
61,0,42819.0,0,29.4,3.0,1,2,0,1,1.0,1,1,2,10704.75,0,0,1,1,1,1.2,85638.0,58.8,0
34,0,100381.0,0,5.0,1.0,2,1,0,1,3.0,0,1,1,50190.5,0,1,1,1,0,0.6,401524.0,10.0,0
40,1,80414.0,2,39.2,2.0,2,11,10,1,3.0,1,1,21,26804.666666666668,0,1,1,1,1,10.6,321656.0,78.4,0
61,1,124928.0,2,7.4,1.0,1,6,3,1,3.0,0,1,9,62464.0,0,1,1,1,0,4.8,499712.0,14.8,0
26,0,107319.0,1,55.0,1.0,2,0,5,1,5.0,1,1,5,53659.5,1,1,1,1,1,2.0,643914.0,110.0,1
62,1,89060.0,2,27.1,1.0,2,6,8,1,2.0,0,1,14,44530.0,0,0,1,1,0,6.8,267180.0,54.2,0
66,1,110835.0,1,46.4,2.0,1,4,6,1,1.0,1,1,10,36945.0,1,0,1,1,1,4.800000000000001,221670.0,92.8,0
61,0,115686.0,0,29.4,1.0,0,2,0,1,5.0,0,1,2,57843.0,0,1,1,1,0,1.2,694116.0,58.8,0
42,1,53552.0,2,58.5,1.0,2,4,9,1,2.0,0,1,13,26776.0,1,0,1,1,0,6.0,160656.0,117.0,0
53,1,92556.0,0,21.8,3.5,2,2,1,1,3.0,1,1,3,20568.0,0,1,1,1,1,1.6,370224.0,43.6,0
45,1,91306.0,1,82.8,1.0,2,1,5,1,4.0,1,1,6,45653.0,1,1,1,1,1,2.6,456530.0,165.6,1
47,1,121144.0,2,56.7,2.0,2,2,13,0,5.0,0,1,15,40381.333333333336,1,1,1,0,0,6.4,726864.0,113.4,0
64,1,71224.0,1,26.5,2.0,2,0,6,1,3.0,1,1,6,23741.333333333332,0,1,1,1,1,2.4000000000000004,284896.0,53.0,0
61,0,131976.0,2,67.1,2.0,1,13,3,0,2.0,0,1,16,43992.0,1,0,1,0,0,9.0,395928.0,134.2,0
38,0,134308.0,2,20.6,3.0,0,13,10,0,2.0,0,1,23,33577.0,0,0,1,0,0,11.8,402924.0,41.2,0
50,1,73055.0,2,20.8,2.0,2,5,3,0,5.0,1,1,8,24351.666666666668,0,1,1,0,1,4.2,438330.0,41.6,0
32,1,110918.0,2,10.1,3.5,1,6,14,0,5.0,1,1,20,24648.444444444445,0,1,1,0,1,9.2,665508.0,20.2,1
58,0,51710.0,0,79.3,3.5,1,2,1,1,4.0,0,1,3,11491.111111111111,1,1,1,1,0,1.6,258550.0,158.6,0
32,2,92123.0,2,45.0,1.0,1,6,10,0,3.0,0,1,16,46061.5,1,1,1,0,0,7.6,368492.0,90.0,0
29,0,78740.0,0,87.5,3.0,3,0,2,1,4.0,1,1,2,19685.0,1,1,1,1,1,0.8,393700.0,175.0,0
62,0,84605.0,2,5.0,1.0,2,13,4,0,2.0,1,1,17,42302.5,0,0,1,0,1,9.4,253815.0,10.0,0
41,0,118368.0,2,22.1,3.0,1,2,19,0,3.0,0,1,21,29592.0,0,1,1,0,0,8.8,473472.0,44.2,0
35,1,77390.0,1,5.0,1.0,1,6,3,0,4.0,1,1,9,38695.0,0,1,1,0,1,4.8,386950.0,10.0,1
49,0,126334.0,0,7.7,3.0,2,0,3,1,3.0,0,1,3,31583.5,0,1,1,1,0,1.2000000000000002,505336.0,15.4,0
41,1,30000.0,1,5.0,1.0,1,4,8,1,1.0,1,1,12,15000.0,0,0,1,1,1,5.6,60000.0,10.0,0
49,0,77005.0,2,5.0,1.0,2,2,10,1,5.0,1,1,12,38502.5,0,1,1,1,1,5.2,462030.0,10.0,1
48,0,154119.0,2,11.9,2.0,0,14,7,1,2.0,1,1,21,51373.0,0,0,1,1,1,11.200000000000001,462357.0,23.8,0
40,0,76454.0,2,46.3,1.0,0,5,8,1,2.0,0,1,13,38227.0,1,0,1,1,0,6.2,229362.0,92.6,0
38,1,127193.0,1,56.6,2.0,2,0,3,1,4.0,1,1,3,42397.666666666664,1,1,1,1,1,1.2000000000000002,635965.0,113.2,0
31,0,147894.0,0,78.5,2.0,3,2,1,1,1.0,0,1,3,49298.0,1,0,1,1,0,1.6,295788.0,157.0,0
55,0,100276.0,1,5.0,3.5,0,6,3,1,1.0,1,1,9,22283.555555555555,0,0,1,1,1,4.8,200552.0,10.0,0
29,0,69859.0,1,16.7,1.0,2,7,7,0,2.0,1,1,14,34929.5,0,0,1,0,1,7.0,209577.0,33.4,0
56,0,98795.0,0,5.0,2.0,2,0,1,1,4.0,0,1,1,32931.666666666664,0,1,1,1,0,0.4,493975.0,10.0,0
37,1,74690.0,2,60.6,1.0,1,4,11,1,5.0,1,1,15,37345.0,1,1,1,1,1,6.800000000000001,448140.0,121.2,1
56,1,64696.0,1,40.2,2.0,1,5,1,1,3.0,1,1,6,21565.333333333332,1,1,1,1,1,3.4,258784.0,80.4,0
29,1,91613.0,2,29.5,2.0,1,6,15,1,2.0,1,1,21,30537.666666666668,0,0,1,1,1,9.6,274839.0,59.0,0
29,0,63820.0,1,20.7,2.0,3,2,7,0,4.0,1,1,9,21273.333333333332,0,1,1,0,1,4.0,319100.0,41.4,0
66,0,101197.0,1,12.0,2.0,2,7,8,1,2.0,1,1,15,33732.333333333336,0,0,1,1,1,7.4,303591.0,24.0,0
58,0,30000.0,2,51.2,2.0,1,7,15,0,1.0,1,1,22,10000.0,1,0,1,0,1,10.2,60000.0,102.4,0
30,0,92109.0,1,28.2,2.0,2,5,9,1,5.0,1,1,14,30703.0,0,1,1,1,1,6.6,552654.0,56.4,1
31,1,68480.0,0,35.7,2.0,2,2,2,1,1.0,0,1,4,22826.666666666668,0,0,1,1,0,2.0,136960.0,71.4,0
48,0,37056.0,2,23.8,1.0,2,2,18,0,1.0,1,1,20,18528.0,0,0,1,0,1,8.4,74112.0,47.6,0
27,1,46609.0,1,47.6,1.0,1,7,8,1,1.0,1,1,15,23304.5,1,0,1,1,1,7.4,93218.0,95.2,0
50,0,50736.0,2,5.0,1.0,2,11,15,1,2.0,1,1,26,25368.0,0,0,1,1,1,12.6,152208.0,10.0,0
60,1,84173.0,1,45.9,2.0,2,5,9,1,2.0,1,1,14,28057.666666666668,1,0,1,1,1,6.6,252519.0,91.8,0
35,0,64180.0,1,82.4,2.0,3,1,5,1,5.0,1,1,6,21393.333333333332,1,1,1,1,1,2.6,385080.0,164.8,1
44,0,107381.0,2,62.6,2.0,2,3,15,0,1.0,1,1,18,35793.666666666664,1,0,1,0,1,7.8,214762.0,125.2,0
68,0,90673.0,2,41.1,2.0,1,10,10,0,3.0,1,1,20,30224.333333333332,1,1,1,0,1,10.0,362692.0,82.2,0
55,0,56809.0,2,86.6,1.0,2,9,14,1,1.0,0,1,23,28404.5,1,0,1,1,0,11.0,113618.0,173.2,0
69,1,30000.0,2,49.0,1.0,0,11,4,1,1.0,0,1,15,15000.0,1,0,1,1,0,8.2,60000.0,98.0,0
27,1,148068.0,0,63.3,1.0,0,0,0,1,3.0,1,1,0,74034.0,1,1,1,1,1,0.0,592272.0,126.6,0
51,0,30000.0,2,5.0,2.0,2,12,8,1,2.0,1,1,20,10000.0,0,0,1,1,1,10.399999999999999,90000.0,10.0,0
60,1,47630.0,2,46.5,2.0,2,3,16,0,5.0,0,1,19,15876.666666666666,1,1,1,0,0,8.2,285780.0,93.0,0
42,0,75092.0,2,48.9,2.0,2,10,19,1,5.0,1,1,29,25030.666666666668,1,1,1,1,1,13.600000000000001,450552.0,97.8,1
36,0,104763.0,1,87.0,1.0,0,3,7,1,2.0,0,1,10,52381.5,1,0,1,1,0,4.6,314289.0,174.0,0
31,0,138028.0,1,37.2,2.0,1,3,7,1,2.0,0,1,10,46009.333333333336,0,0,1,1,0,4.6,414084.0,74.4,0
61,0,86429.0,2,14.4,2.0,2,10,5,0,1.0,1,1,15,28809.666666666668,0,0,1,0,1,8.0,172858.0,28.8,0
34,1,52736.0,2,44.5,3.5,1,10,14,0,1.0,1,1,24,11719.111111111111,1,0,1,0,1,11.600000000000001,105472.0,89.0,0
67,1,73415.0,0,31.9,2.0,2,2,0,1,4.0,1,1,2,24471.666666666668,0,1,1,1,1,1.2,367075.0,63.8,1
44,1,113642.0,1,36.4,2.0,3,0,6,1,5.0,0,1,6,37880.666666666664,0,1,1,1,0,2.4000000000000004,681852.0,72.8,0
56,1,107375.0,2,15.3,2.0,0,2,7,1,3.0,1,1,9,35791.666666666664,0,1,1,1,1,4.0,429500.0,30.6,0
47,1,96607.0,1,68.5,2.0,2,4,8,1,2.0,1,1,12,32202.333333333332,1,0,1,1,1,5.6,289821.0,137.0,0
52,0,64896.0,1,40.0,2.0,0,1,8,1,4.0,1,1,9,21632.0,0,1,1,1,1,3.8000000000000003,324480.0,80.0,1
64,2,100980.0,2,36.8,1.0,1,8,13,1,5.0,1,1,21,50490.0,0,1,1,1,1,10.0,605880.0,73.6,0
58,1,30000.0,2,58.2,2.0,2,13,5,1,3.0,0,1,18,10000.0,1,1,1,1,0,9.8,120000.0,116.4,0
41,1,96782.0,1,45.9,1.0,3,3,5,1,5.0,1,1,8,48391.0,1,1,1,1,1,3.8,580692.0,91.8,1
45,0,117759.0,2,64.6,2.0,1,7,11,0,1.0,0,1,18,39253.0,1,0,1,0,0,8.600000000000001,235518.0,129.2,0
51,1,150777.0,0,27.4,3.5,1,2,2,1,1.0,1,1,4,33506.0,0,0,1,1,1,2.0,301554.0,54.8,0
44,0,64247.0,2,83.1,2.0,1,5,10,0,4.0,0,1,15,21415.666666666668,1,1,1,0,0,7.0,321235.0,166.2,0
52,1,85677.0,0,5.0,1.0,0,2,2,1,1.0,0,1,4,42838.5,0,0,1,1,0,2.0,171354.0,10.0,0
29,0,30000.0,1,53.3,1.0,1,1,4,1,4.0,1,1,5,15000.0,1,1,1,1,1,2.2,150000.0,106.6,0
39,0,139780.0,2,29.2,1.0,1,8,16,1,5.0,1,1,24,69890.0,0,1,1,1,1,11.2,838680.0,58.4,1
45,1,84493.0,2,5.0,2.0,3,9,16,1,2.0,0,1,25,28164.333333333332,0,0,1,1,0,11.8,253479.0,10.0,0
43,0,131589.0,1,45.3,1.0,2,0,1,0,1.0,0,1,1,65794.5,1,0,1,0,0,0.4,263178.0,90.6,0
61,1,129971.0,2,40.2,2.0,1,6,14,1,2.0,1,1,20,43323.666666666664,1,0,1,1,1,9.2,389913.0,80.4,0
26,0,30000.0,2,21.7,2.0,2,4,10,0,4.0,0,1,14,10000.0,0,1,1,0,0,6.4,150000.0,43.4,0
40,1,90584.0,2,49.0,2.0,1,11,7,0,5.0,1,1,18,30194.666666666668,1,1,1,0,1,9.4,543504.0,98.0,0
45,1,30000.0,2,80.2,1.0,2,11,12,0,2.0,0,1,23,15000.0,1,0,1,0,0,11.4,90000.0,160.4,0
32,1,100435.0,2,7.4,2.0,1,6,13,0,3.0,0,1,19,33478.333333333336,0,1,1,0,0,8.8,401740.0,14.8,0
66,0,30000.0,1,28.4,1.0,0,0,9,1,5.0,1,1,9,15000.0,0,1,1,1,1,3.6,180000.0,56.8,1
47,0,58903.0,2,72.0,3.5,2,13,8,1,3.0,1,1,21,13089.555555555555,1,1,1,1,1,11.0,235612.0,144.0,1
67,1,118280.0,2,58.3,3.0,0,10,4,0,2.0,0,1,14,29570.0,1,0,1,0,0,7.6,354840.0,116.6,0
25,0,60420.0,1,48.4,1.0,2,6,5,1,4.0,0,1,11,30210.0,1,1,1,1,0,5.6,302100.0,96.8,0
60,1,120890.0,1,47.9,2.0,0,6,3,1,3.0,0,1,9,40296.666666666664,1,1,1,1,0,4.8,483560.0,95.8,0
52,1,38209.0,2,70.6,1.0,0,4,8,0,5.0,1,1,12,19104.5,1,1,1,0,1,5.6,229254.0,141.2,0
42,1,107755.0,1,31.6,2.0,2,0,9,1,4.0,0,1,9,35918.333333333336,0,1,1,1,0,3.6,538775.0,63.2,0
48,0,89484.0,2,5.0,2.0,3,11,12,1,2.0,1,1,23,29828.0,0,0,1,1,1,11.4,268452.0,10.0,0
33,1,115976.0,2,22.9,1.0,1,3,11,1,5.0,0,1,14,57988.0,0,1,1,1,0,6.2,695856.0,45.8,0
67,0,95950.0,2,40.2,2.0,1,9,10,0,2.0,1,1,19,31983.333333333332,1,0,1,0,1,9.399999999999999,287850.0,80.4,0
59,1,118460.0,0,33.9,2.0,3,1,1,1,4.0,0,1,2,39486.666666666664,0,1,1,1,0,1.0,592300.0,67.8,0
62,1,70126.0,1,43.4,1.0,2,2,3,1,4.0,0,1,5,35063.0,1,1,1,1,0,2.4000000000000004,350630.0,86.8,0
32,0,90238.0,2,60.3,2.0,3,3,13,0,1.0,1,1,16,30079.333333333332,1,0,1,0,1,7.0,180476.0,120.6,0
35,1,130776.0,1,68.0,2.0,1,1,5,1,4.0,1,1,6,43592.0,1,1,1,1,1,2.6,653880.0,136.0,1
25,1,38262.0,0,71.2,2.0,2,0,0,1,1.0,1,1,0,12754.0,1,0,1,1,1,0.0,76524.0,142.4,0
50,0,122977.0,1,73.0,1.0,1,6,3,1,4.0,1,1,9,61488.5,1,1,1,1,1,4.8,614885.0,146.0,1
47,1,88861.0,1,26.2,3.0,2,0,3,1,1.0,1,1,3,22215.25,0,0,1,1,1,1.2000000000000002,177722.0,52.4,0
63,1,107977.0,0,47.0,3.0,2,2,2,1,3.0,0,1,4,26994.25,1,1,1,1,0,2.0,431908.0,94.0,0
26,0,57927.0,1,32.2,2.0,2,0,7,1,2.0,1,1,7,19309.0,0,0,1,1,1,2.8000000000000003,173781.0,64.4,0
47,0,53131.0,2,64.8,2.0,0,4,3,0,2.0,1,1,7,17710.333333333332,1,0,1,0,1,3.6,159393.0,129.6,0
54,1,69166.0,2,71.1,1.0,1,7,11,0,3.0,0,1,18,34583.0,1,1,1,0,0,8.600000000000001,276664.0,142.2,0
64,1,87702.0,1,44.0,3.0,2,5,4,1,2.0,0,1,9,21925.5,1,0,1,1,0,4.6,263106.0,88.0,0
28,1,30000.0,2,42.6,3.0,1,13,15,0,3.0,0,1,28,7500.0,1,1,1,0,0,13.8,120000.0,85.2,0
54,1,61933.0,1,5.7,1.0,0,6,5,0,2.0,1,1,11,30966.5,0,0,1,0,1,5.6,185799.0,11.4,0
53,1,51008.0,1,48.4,3.0,1,1,3,0,4.0,1,1,4,12752.0,1,1,1,0,1,1.8000000000000003,255040.0,96.8,0
65,0,75871.0,2,40.2,3.0,1,11,14,1,3.0,1,1,25,18967.75,1,1,1,1,1,12.2,303484.0,80.4,0
64,0,80135.0,1,20.9,1.0,1,0,1,1,5.0,0,1,1,40067.5,0,1,1,1,0,0.4,480810.0,41.8,0
42,0,34388.0,2,31.8,3.0,1,5,16,0,4.0,1,1,21,8597.0,0,1,1,0,1,9.4,171940.0,63.6,1
31,1,83280.0,2,78.2,2.0,1,12,3,0,1.0,1,1,15,27760.0,1,0,1,0,1,8.399999999999999,166560.0,156.4,0
56,0,73556.0,1,76.8,1.0,2,5,4,0,1.0,0,1,9,36778.0,1,0,1,0,0,4.6,147112.0,153.6,0
32,0,67866.0,0,5.0,2.0,1,2,1,1,1.0,1,1,3,22622.0,0,0,1,1,1,1.6,135732.0,10.0,0
63,1,57855.0,2,67.0,1.0,1,8,9,1,3.0,1,1,17,28927.5,1,1,1,1,1,8.4,231420.0,134.0,0
27,0,86090.0,1,31.0,3.5,2,2,6,0,1.0,0,1,8,19131.11111111111,0,0,1,0,0,3.6000000000000005,172180.0,62.0,0
57,1,92366.0,1,56.0,1.0,0,2,9,1,3.0,1,1,11,46183.0,1,1,1,1,1,4.8,369464.0,112.0,1
39,1,49160.0,1,65.9,2.0,3,1,3,1,5.0,0,1,4,16386.666666666668,1,1,1,1,0,1.8000000000000003,294960.0,131.8,0
69,1,40955.0,2,23.5,1.0,0,3,16,1,3.0,1,1,19,20477.5,0,1,1,1,1,8.2,163820.0,47.0,0
59,1,66729.0,2,51.6,1.0,2,11,3,1,4.0,1,1,14,33364.5,1,1,1,1,1,7.8,333645.0,103.2,0
26,1,124958.0,1,27.5,1.0,2,0,6,1,3.0,1,1,6,62479.0,0,1,1,1,1,2.4000000000000004,499832.0,55.0,0
60,0,96702.0,2,48.4,3.0,2,14,14,1,5.0,0,1,28,24175.5,1,1,1,1,0,14.0,580212.0,96.8,0
39,1,104098.0,1,5.4,1.0,3,7,5,0,4.0,0,1,12,52049.0,0,1,1,0,0,6.2,520490.0,10.8,0
26,0,46190.0,2,14.6,1.0,2,9,14,0,2.0,1,1,23,23095.0,0,0,1,0,1,11.0,138570.0,29.2,0
58,1,54316.0,2,44.5,2.0,1,2,12,1,2.0,1,1,14,18105.333333333332,1,0,1,1,1,6.000000000000001,162948.0,89.0,1
46,0,91748.0,2,15.3,2.0,0,3,16,0,4.0,1,1,19,30582.666666666668,0,1,1,0,1,8.2,458740.0,30.6,0
54,0,150609.0,2,35.1,1.0,2,9,14,0,3.0,0,1,23,75304.5,0,1,1,0,0,11.0,602436.0,70.2,1
51,0,40060.0,2,71.4,2.0,0,12,10,0,2.0,0,1,22,13353.333333333334,1,0,1,0,0,11.2,120180.0,142.8,0
28,1,83702.0,2,12.4,1.0,1,5,3,1,4.0,1,1,8,41851.0,0,1,1,1,1,4.2,418510.0,24.8,0
40,0,83691.0,2,51.4,2.0,1,6,14,0,1.0,1,1,20,27897.0,1,0,1,0,1,9.2,167382.0,102.8,0
33,1,109319.0,1,54.9,2.0,0,1,7,1,4.0,1,1,8,36439.666666666664,1,1,1,1,1,3.4000000000000004,546595.0,109.8,0
50,0,43824.0,1,42.9,2.0,2,1,8,0,1.0,0,1,9,14608.0,1,0,1,0,0,3.8000000000000003,87648.0,85.8,0
47,1,89679.0,2,50.3,2.0,3,9,12,0,3.0,0,1,21,29893.0,1,1,1,0,0,10.2,358716.0,100.6,0
59,0,126691.0,1,30.8,2.0,2,7,7,1,1.0,1,1,14,42230.333333333336,0,0,1,1,1,7.0,253382.0,61.6,0
46,0,97680.0,1,9.5,3.0,1,5,7,0,5.0,1,1,12,24420.0,0,1,1,0,1,5.800000000000001,586080.0,19.0,1
63,1,63180.0,1,30.5,1.0,0,5,4,1,4.0,0,1,9,31590.0,0,1,1,1,0,4.6,315900.0,61.0,0
60,1,84708.0,2,5.0,2.0,2,11,5,0,1.0,1,1,16,28236.0,0,0,1,0,1,8.6,169416.0,10.0,0
64,0,105382.0,1,78.9,2.0,2,1,7,1,4.0,0,1,8,35127.333333333336,1,1,1,1,0,3.4000000000000004,526910.0,157.8,0
56,0,122397.0,2,51.5,1.0,2,5,6,0,5.0,1,1,11,61198.5,1,1,1,0,1,5.4,734382.0,103.0,0
50,1,58091.0,0,46.2,2.0,3,2,2,1,5.0,0,1,4,19363.666666666668,1,1,1,1,0,2.0,348546.0,92.4,0
44,0,65802.0,2,5.0,2.0,1,6,4,1,1.0,1,1,10,21934.0,0,0,1,1,1,5.199999999999999,131604.0,10.0,0
64,1,30000.0,1,10.7,3.0,0,3,2,1,2.0,1,1,5,7500.0,0,0,1,1,1,2.5999999999999996,90000.0,21.4,0
69,1,104848.0,0,60.5,1.0,3,2,2,1,2.0,1,1,4,52424.0,1,0,1,1,1,2.0,314544.0,121.0,0
35,1,84708.0,2,21.0,1.0,1,10,6,1,5.0,1,1,16,42354.0,0,1,1,1,1,8.4,508248.0,42.0,1
47,1,52622.0,2,46.6,3.0,0,13,10,1,2.0,1,1,23,13155.5,1,0,1,1,1,11.8,157866.0,93.2,0
29,1,105353.0,2,5.0,1.0,1,12,16,1,4.0,0,1,28,52676.5,0,1,1,1,0,13.6,526765.0,10.0,0
37,0,44767.0,1,57.5,1.0,0,3,4,1,4.0,1,1,7,22383.5,1,1,1,1,1,3.4,223835.0,115.0,0
67,0,54215.0,1,35.6,1.0,1,2,1,1,1.0,0,1,3,27107.5,0,0,1,1,0,1.6,108430.0,71.2,0
49,1,114172.0,2,10.3,2.0,2,9,3,1,2.0,1,1,12,38057.333333333336,0,0,1,1,1,6.6,342516.0,20.6,0
38,0,72126.0,1,54.8,2.0,2,5,5,1,5.0,1,1,10,24042.0,1,1,1,1,1,5.0,432756.0,109.6,0
58,0,40807.0,1,63.9,3.0,2,2,1,1,4.0,0,1,3,10201.75,1,1,1,1,0,1.6,204035.0,127.8,0
44,0,127341.0,2,33.3,2.0,1,7,6,0,3.0,0,1,13,42447.0,0,1,1,0,0,6.6000000000000005,509364.0,66.6,0
52,0,98741.0,2,32.3,1.0,2,5,5,1,1.0,1,1,10,49370.5,0,0,1,1,1,5.0,197482.0,64.6,0
35,0,140076.0,2,5.0,2.0,1,7,14,0,4.0,0,1,21,46692.0,0,1,1,0,0,9.8,700380.0,10.0,0
64,0,128596.0,1,34.0,2.0,2,2,3,1,3.0,1,1,5,42865.333333333336,0,1,1,1,1,2.4000000000000004,514384.0,68.0,1
49,1,109476.0,1,39.9,2.0,1,7,5,1,1.0,1,1,12,36492.0,0,0,1,1,1,6.2,218952.0,79.8,0
69,0,40514.0,1,76.2,1.0,1,1,9,1,5.0,0,1,10,20257.0,1,1,1,1,0,4.2,243084.0,152.4,0
53,1,110720.0,2,18.3,2.0,2,6,15,1,3.0,0,1,21,36906.666666666664,0,1,1,1,0,9.6,442880.0,36.6,0
32,1,127322.0,2,30.7,1.0,1,4,6,0,5.0,0,1,10,63661.0,0,1,1,0,0,4.800000000000001,763932.0,61.4,0
42,0,63356.0,1,12.5,3.0,2,0,7,1,4.0,0,1,7,15839.0,0,1,1,1,0,2.8000000000000003,316780.0,25.0,0
52,0,99772.0,1,51.0,1.0,0,5,4,1,3.0,0,1,9,49886.0,1,1,1,1,0,4.6,399088.0,102.0,0
30,1,106661.0,2,41.6,2.0,2,9,3,0,3.0,0,1,12,35553.666666666664,1,1,1,0,0,6.6,426644.0,83.2,0
52,1,130642.0,2,51.8,2.0,3,9,18,1,3.0,1,1,27,43547.333333333336,1,1,1,1,1,12.6,522568.0,103.6,0
53,0,98275.0,2,62.3,3.0,1,14,19,0,5.0,0,1,33,24568.75,1,1,1,0,0,16.0,589650.0,124.6,0
39,1,105373.0,2,11.1,1.0,2,3,15,0,5.0,1,1,18,52686.5,0,1,1,0,1,7.8,632238.0,22.2,1
61,1,112511.0,1,60.6,3.5,1,6,3,0,1.0,0,1,9,25002.444444444445,1,0,1,0,0,4.8,225022.0,121.2,0
42,1,30000.0,1,52.5,1.0,3,4,7,1,2.0,0,1,11,15000.0,1,0,1,1,0,5.2,90000.0,105.0,0
34,1,30000.0,2,5.0,1.0,3,11,7,1,4.0,1,1,18,15000.0,0,1,1,1,1,9.4,150000.0,10.0,0
34,1,84675.0,1,16.7,1.0,2,7,4,1,5.0,1,1,11,42337.5,0,1,1,1,1,5.800000000000001,508050.0,33.4,0
56,0,63067.0,0,64.3,3.0,1,1,3,1,5.0,1,1,4,15766.75,1,1,1,1,1,1.8000000000000003,378402.0,128.6,1
55,1,83036.0,2,40.7,2.0,2,3,12,1,3.0,0,1,15,27678.666666666668,1,1,1,1,0,6.6000000000000005,332144.0,81.4,0
69,1,76949.0,1,41.9,1.0,1,7,7,1,4.0,0,1,14,38474.5,1,1,1,1,0,7.0,384745.0,83.8,0
31,1,30000.0,1,64.7,1.0,0,6,5,1,2.0,1,1,11,15000.0,1,0,1,1,1,5.6,90000.0,129.4,0
59,1,30000.0,1,59.8,2.0,1,4,7,1,3.0,1,1,11,10000.0,1,1,1,1,1,5.2,120000.0,119.6,0
49,1,70551.0,2,5.0,2.0,1,3,3,0,5.0,1,1,6,23517.0,0,1,1,0,1,3.0,423306.0,10.0,1
44,0,92372.0,2,30.7,1.0,2,5,6,0,1.0,1,1,11,46186.0,0,0,1,0,1,5.4,184744.0,61.4,0
32,0,84235.0,0,39.4,2.0,1,1,3,1,5.0,1,1,4,28078.333333333332,0,1,1,1,1,1.8000000000000003,505410.0,78.8,0
66,1,115422.0,1,47.9,3.0,2,7,3,1,3.0,1,1,10,28855.5,1,1,1,1,1,5.4,461688.0,95.8,0
57,1,131124.0,1,32.1,2.0,3,3,5,0,1.0,1,1,8,43708.0,0,0,1,0,1,3.8,262248.0,64.2,0
42,1,58274.0,2,25.6,2.0,2,7,13,0,1.0,0,1,20,19424.666666666668,0,0,1,0,0,9.4,116548.0,51.2,0
63,0,44623.0,2,17.1,2.0,2,13,6,0,4.0,1,1,19,14874.333333333334,0,1,1,0,1,10.2,223115.0,34.2,0
68,1,140069.0,2,32.8,3.0,2,4,14,0,2.0,0,1,18,35017.25,0,0,1,0,0,8.0,420207.0,65.6,0
50,0,99500.0,0,61.1,3.0,2,0,3,1,3.0,0,1,3,24875.0,1,1,1,1,0,1.2000000000000002,398000.0,122.2,0
35,0,41905.0,2,73.5,2.0,1,9,11,0,3.0,1,1,20,13968.333333333334,1,1,1,0,1,9.8,167620.0,147.0,0
39,1,118242.0,0,43.8,3.0,1,1,0,0,1.0,0,1,1,29560.5,1,0,1,0,0,0.6,236484.0,87.6,0
27,1,119582.0,1,5.0,2.0,2,7,5,1,1.0,1,1,12,39860.666666666664,0,0,1,1,1,6.2,239164.0,10.0,0
34,0,63118.0,1,96.4,1.0,1,2,3,1,2.0,0,1,5,31559.0,1,0,1,1,0,2.4000000000000004,189354.0,192.8,0
55,0,84211.0,2,20.9,3.0,2,6,17,1,3.0,1,1,23,21052.75,0,1,1,1,1,10.4,336844.0,41.8,0
49,1,112173.0,0,63.4,3.0,0,0,2,1,5.0,1,1,2,28043.25,1,1,1,1,1,0.8,673038.0,126.8,1
27,0,161232.0,2,33.8,1.0,2,2,5,0,2.0,1,1,7,80616.0,0,0,1,0,1,3.2,483696.0,67.6,0
58,0,99504.0,2,12.2,3.0,0,10,8,1,5.0,0,1,18,24876.0,0,1,1,1,0,9.2,597024.0,24.4,0
66,1,40924.0,1,60.0,1.0,1,7,8,0,4.0,1,1,15,20462.0,1,1,1,0,1,7.4,204620.0,120.0,0
30,0,68372.0,2,5.0,2.0,2,6,5,0,1.0,1,1,11,22790.666666666668,0,0,1,0,1,5.6,136744.0,10.0,0
54,1,107761.0,0,40.2,1.0,2,1,3,1,1.0,1,1,4,53880.5,1,0,1,1,1,1.8000000000000003,215522.0,80.4,0
42,0,147967.0,1,53.2,1.0,1,2,9,1,2.0,0,1,11,73983.5,1,0,1,1,0,4.8,443901.0,106.4,0
45,1,166857.0,2,5.3,3.0,2,6,13,1,5.0,0,1,19,41714.25,0,1,1,1,0,8.8,1001142.0,10.6,0
41,0,66172.0,2,48.1,2.0,0,14,16,1,5.0,1,1,30,22057.333333333332,1,1,1,1,1,14.8,397032.0,96.2,1
46,1,72563.0,2,64.3,1.0,0,8,7,0,3.0,1,1,15,36281.5,1,1,1,0,1,7.6,290252.0,128.6,0
65,0,91732.0,1,61.1,1.0,2,1,9,1,3.0,1,1,10,45866.0,1,1,1,1,1,4.2,366928.0,122.2,0
46,0,92662.0,1,78.8,1.0,3,2,8,0,5.0,1,1,10,46331.0,1,1,1,0,1,4.4,555972.0,157.6,1
58,1,111259.0,1,25.1,2.0,0,5,2,1,1.0,1,1,7,37086.333333333336,0,0,1,1,1,3.8,222518.0,50.2,0
34,0,88345.0,2,26.5,1.0,1,13,7,1,4.0,0,1,20,44172.5,0,1,1,1,0,10.6,441725.0,53.0,0
68,0,30000.0,2,15.4,1.0,1,10,5,0,4.0,1,1,15,15000.0,0,1,1,0,1,8.0,150000.0,30.8,0
60,1,70653.0,1,49.8,3.0,2,0,6,1,4.0,1,1,6,17663.25,1,1,1,1,1,2.4000000000000004,353265.0,99.6,0
49,0,109402.0,0,31.3,2.0,0,0,3,1,1.0,1,1,3,36467.333333333336,0,0,1,1,1,1.2000000000000002,218804.0,62.6,0
25,0,111154.0,1,5.0,1.0,2,0,3,1,4.0,0,1,3,55577.0,0,1,1,1,0,1.2000000000000002,555770.0,10.0,0
26,1,73321.0,2,57.8,1.0,2,5,5,0,2.0,1,1,10,36660.5,1,0,1,0,1,5.0,219963.0,115.6,0
52,0,65810.0,1,59.3,2.0,2,4,7,1,5.0,0,1,11,21936.666666666668,1,1,1,1,0,5.2,394860.0,118.6,0
41,1,115665.0,2,52.7,2.0,1,9,4,0,5.0,0,1,13,38555.0,1,1,1,0,0,7.0,693990.0,105.4,1
59,1,93666.0,1,59.2,3.0,0,7,9,1,4.0,0,1,16,23416.5,1,1,1,1,0,7.800000000000001,468330.0,118.4,0
63,1,96315.0,2,62.8,3.0,2,13,17,0,2.0,1,1,30,24078.75,1,0,1,0,1,14.600000000000001,288945.0,125.6,0
26,1,108298.0,1,57.5,1.0,2,3,2,1,2.0,0,1,5,54149.0,1,0,1,1,0,2.5999999999999996,324894.0,115.0,0
35,1,30000.0,0,52.8,2.0,2,1,2,1,3.0,0,1,3,10000.0,1,1,1,1,0,1.4,120000.0,105.6,0
61,1,102776.0,1,22.1,1.0,1,3,4,1,1.0,0,1,7,51388.0,0,0,1,1,0,3.4,205552.0,44.2,0
54,0,119873.0,2,44.0,2.0,1,5,16,0,2.0,0,1,21,39957.666666666664,1,0,1,0,0,9.4,359619.0,88.0,0
46,1,49329.0,1,16.5,2.0,2,2,8,1,4.0,1,1,10,16443.0,0,1,1,1,1,4.4,246645.0,33.0,0
47,1,105027.0,1,47.1,3.0,2,6,8,1,1.0,1,1,14,26256.75,1,0,1,1,1,6.8,210054.0,94.2,0
47,0,30000.0,1,33.8,2.0,1,0,9,1,2.0,1,1,9,10000.0,0,0,1,1,1,3.6,90000.0,67.6,0
48,1,36282.0,1,47.8,2.0,0,6,2,1,4.0,1,1,8,12094.0,1,1,1,1,1,4.3999999999999995,181410.0,95.6,0
33,0,96582.0,1,53.3,1.0,0,1,9,1,3.0,1,1,10,48291.0,1,1,1,1,1,4.2,386328.0,106.6,0
44,1,84708.0,2,51.7,3.5,1,13,10,0,4.0,1,1,23,18824.0,1,1,1,0,1,11.8,423540.0,103.4,1
63,0,97259.0,1,46.6,1.0,1,7,6,0,4.0,1,1,13,48629.5,1,1,1,0,1,6.6000000000000005,486295.0,93.2,0
35,0,115699.0,2,37.4,1.0,1,9,5,1,1.0,0,1,14,57849.5,0,0,1,1,0,7.3999999999999995,231398.0,74.8,0
64,1,54009.0,0,20.3,1.0,2,2,3,1,3.0,1,1,5,27004.5,0,1,1,1,1,2.4000000000000004,216036.0,40.6,0
37,0,30000.0,1,21.4,2.0,1,0,9,1,4.0,0,1,9,10000.0,0,1,1,1,0,3.6,150000.0,42.8,0
40,1,39102.0,0,33.5,2.0,1,1,3,1,4.0,0,1,4,13034.0,0,1,1,1,0,1.8000000000000003,195510.0,67.0,0
27,0,90001.0,2,73.9,1.0,0,3,3,0,2.0,0,1,6,45000.5,1,0,1,0,0,3.0,270003.0,147.8,0
62,0,120186.0,2,29.2,1.0,1,4,12,0,3.0,0,1,16,60093.0,0,1,1,0,0,7.200000000000001,480744.0,58.4,0
52,0,116795.0,0,28.6,1.0,2,1,1,1,1.0,1,1,2,58397.5,0,0,1,1,1,1.0,233590.0,57.2,0
62,1,70342.0,1,40.0,3.0,0,4,4,1,1.0,0,1,8,17585.5,0,0,1,1,0,4.0,140684.0,80.0,0
69,0,91338.0,0,9.5,3.0,1,0,0,1,3.0,1,1,0,22834.5,0,1,1,1,1,0.0,365352.0,19.0,0
28,0,78455.0,1,59.6,1.0,3,2,1,1,3.0,0,1,3,39227.5,1,1,1,1,0,1.6,313820.0,119.2,0
36,1,121962.0,1,5.0,1.0,2,4,7,1,2.0,0,1,11,60981.0,0,0,1,1,0,5.2,365886.0,10.0,0
64,1,103284.0,2,37.0,1.0,1,12,13,1,5.0,0,1,25,51642.0,0,1,1,1,0,12.399999999999999,619704.0,74.0,0
67,0,115445.0,1,29.7,3.0,1,2,7,1,3.0,1,1,9,28861.25,0,1,1,1,1,4.0,461780.0,59.4,0
45,0,95441.0,2,61.9,2.0,1,8,16,0,1.0,0,1,24,31813.666666666668,1,0,1,0,0,11.2,190882.0,123.8,0
38,1,114564.0,2,58.4,1.0,2,6,5,1,5.0,1,1,11,57282.0,1,1,1,1,1,5.6,687384.0,116.8,1
42,0,66017.0,2,5.0,2.0,1,3,6,0,3.0,1,1,9,22005.666666666668,0,1,1,0,1,4.2,264068.0,10.0,0
55,1,117675.0,1,9.5,1.0,0,6,3,1,3.0,1,1,9,58837.5,0,1,1,1,1,4.8,470700.0,19.0,0
43,0,74987.0,2,46.1,1.0,1,4,4,1,4.0,0,1,8,37493.5,1,1,1,1,0,4.0,374935.0,92.2,0
34,0,147690.0,2,14.1,3.0,0,12,11,0,3.0,0,1,23,36922.5,0,1,1,0,0,11.6,590760.0,28.2,0
33,1,82584.0,1,59.0,1.0,2,2,4,1,2.0,1,1,6,41292.0,1,0,1,1,1,2.8,247752.0,118.0,0
41,0,70829.0,2,35.8,2.0,1,8,16,0,3.0,0,1,24,23609.666666666668,0,1,1,0,0,11.2,283316.0,71.6,0
61,1,30194.0,2,33.2,1.0,2,11,10,1,5.0,1,1,21,15097.0,0,1,1,1,1,10.6,181164.0,66.4,1
67,0,30000.0,1,40.2,1.0,2,6,2,1,4.0,1,1,8,15000.0,1,1,1,1,1,4.3999999999999995,150000.0,80.4,0
33,1,83475.0,1,5.0,2.0,1,4,7,1,5.0,1,1,11,27825.0,0,1,1,1,1,5.2,500850.0,10.0,0
38,1,74369.0,2,69.6,2.0,0,7,13,0,4.0,1,1,20,24789.666666666668,1,1,1,0,1,9.4,371845.0,139.2,0
30,0,161783.0,2,59.5,2.0,1,3,16,1,5.0,0,1,19,53927.666666666664,1,1,1,1,0,8.2,970698.0,119.0,0
33,1,74002.0,1,18.4,1.0,2,5,6,1,3.0,0,1,11,37001.0,0,1,1,1,0,5.4,296008.0,36.8,0
60,0,77729.0,1,24.0,1.0,2,4,6,1,3.0,1,1,10,38864.5,0,1,1,1,1,4.800000000000001,310916.0,48.0,0
27,1,66728.0,1,33.2,3.5,1,2,9,0,2.0,1,1,11,14828.444444444445,0,0,1,0,1,4.8,200184.0,66.4,0
55,2,70174.0,1,53.0,3.0,2,5,7,1,1.0,1,1,12,17543.5,1,0,1,1,1,5.800000000000001,140348.0,106.0,0
44,1,90205.0,1,71.7,1.0,3,2,1,1,1.0,1,1,3,45102.5,1,0,1,1,1,1.6,180410.0,143.4,0
61,2,58127.0,2,43.8,3.0,1,8,15,1,4.0,0,1,23,14531.75,1,1,1,1,0,10.8,290635.0,87.6,0
67,1,30000.0,1,47.8,1.0,2,2,2,1,2.0,1,1,4,15000.0,1,0,1,1,1,2.0,90000.0,95.6,0
35,1,145677.0,1,60.5,3.5,2,0,3,1,1.0,0,1,3,32372.666666666668,1,0,1,1,0,1.2000000000000002,291354.0,121.0,0
61,1,57520.0,1,97.1,1.0,0,5,4,1,5.0,1,1,9,28760.0,1,1,1,1,1,4.6,345120.0,194.2,1
42,1,65151.0,1,34.2,1.0,0,4,3,1,2.0,1,1,7,32575.5,0,0,1,1,1,3.6,195453.0,68.4,0
40,0,101985.0,1,40.2,2.0,1,4,6,1,1.0,0,1,10,33995.0,1,0,1,1,0,4.800000000000001,203970.0,80.4,0
36,1,30000.0,1,56.4,1.0,2,5,1,1,3.0,0,1,6,15000.0,1,1,1,1,0,3.4,120000.0,112.8,0
32,0,30000.0,1,35.3,1.0,1,3,2,1,2.0,1,1,5,15000.0,0,0,1,1,1,2.5999999999999996,90000.0,70.6,0
30,1,74981.0,2,65.9,1.0,3,9,18,0,4.0,0,1,27,37490.5,1,1,1,0,0,12.6,374905.0,131.8,0
48,1,120813.0,0,35.7,3.0,0,1,3,1,1.0,0,1,4,30203.25,0,0,1,1,0,1.8000000000000003,241626.0,71.4,0
44,0,56602.0,2,56.3,2.0,0,9,6,1,1.0,0,1,15,18867.333333333332,1,0,1,1,0,7.8,113204.0,112.6,0
28,1,48892.0,1,41.1,2.0,1,0,6,1,3.0,1,1,6,16297.333333333334,1,1,1,1,1,2.4000000000000004,195568.0,82.2,0
54,0,93173.0,2,54.9,2.0,1,4,14,1,5.0,1,1,18,31057.666666666668,1,1,1,1,1,8.0,559038.0,109.8,0
40,1,114644.0,1,64.8,1.0,2,2,9,1,2.0,1,1,11,57322.0,1,0,1,1,1,4.8,343932.0,129.6,0
65,0,48981.0,2,41.9,2.0,0,9,3,0,3.0,1,1,12,16327.0,1,1,1,0,1,6.6,195924.0,83.8,0
28,0,62351.0,1,29.5,2.0,3,2,2,1,4.0,0,1,4,20783.666666666668,0,1,1,1,0,2.0,311755.0,59.0,0
30,0,61000.0,2,22.3,2.0,2,13,5,0,3.0,1,1,18,20333.333333333332,0,1,1,0,1,9.8,244000.0,44.6,1
66,1,106110.0,2,54.2,2.0,3,12,11,0,4.0,1,1,23,35370.0,1,1,1,0,1,11.6,530550.0,108.4,1
33,0,73701.0,2,31.9,1.0,2,10,7,0,5.0,1,1,17,36850.5,0,1,1,0,1,8.8,442206.0,63.8,1
69,0,82199.0,1,10.0,1.0,2,3,1,1,2.0,0,1,4,41099.5,0,0,1,1,0,2.1999999999999997,246597.0,20.0,0
50,1,91283.0,2,43.9,3.5,0,4,4,1,3.0,0,1,8,20285.11111111111,1,1,1,1,0,4.0,365132.0,87.8,0
32,1,118034.0,1,57.9,1.0,1,3,3,1,1.0,1,1,6,59017.0,1,0,1,1,1,3.0,236068.0,115.8,0
68,1,54191.0,0,5.0,2.0,0,0,3,1,1.0,0,1,3,18063.666666666668,0,0,1,1,0,1.2000000000000002,108382.0,10.0,0
54,1,107609.0,0,18.9,1.0,3,0,3,1,2.0,1,1,3,53804.5,0,0,1,1,1,1.2000000000000002,322827.0,37.8,0
37,1,40444.0,0,23.9,2.0,2,0,1,1,1.0,1,1,1,13481.333333333334,0,0,1,1,1,0.4,80888.0,47.8,0
46,1,82790.0,2,27.8,1.0,2,13,4,0,5.0,1,1,17,41395.0,0,1,1,0,1,9.4,496740.0,55.6,1
31,0,44044.0,1,46.9,3.0,3,6,3,1,4.0,1,1,9,11011.0,1,1,1,1,1,4.8,220220.0,93.8,0
32,1,86649.0,2,91.8,2.0,2,7,10,0,5.0,0,1,17,28883.0,1,1,1,0,0,8.2,519894.0,183.6,1
58,2,109578.0,2,78.1,3.0,2,3,4,0,5.0,0,1,7,27394.5,1,1,1,0,0,3.4,657468.0,156.2,0
45,1,121635.0,2,66.8,2.0,3,14,17,0,4.0,1,1,31,40545.0,1,1,1,0,1,15.200000000000001,608175.0,133.6,1
63,0,76879.0,0,45.4,1.0,1,0,1,1,1.0,1,1,1,38439.5,1,0,1,1,1,0.4,153758.0,90.8,0
49,0,123419.0,1,79.1,1.0,1,4,8,1,4.0,0,1,12,61709.5,1,1,1,1,0,5.6,617095.0,158.2,0
68,0,136276.0,2,49.9,3.5,1,3,17,1,4.0,1,1,20,30283.555555555555,1,1,1,1,1,8.600000000000001,681380.0,99.8,1
54,0,72342.0,0,68.6,2.0,1,1,3,1,2.0,0,1,4,24114.0,1,0,1,1,0,1.8000000000000003,217026.0,137.2,0
54,1,103951.0,0,55.2,2.0,2,1,0,1,2.0,1,1,1,34650.333333333336,1,0,1,1,1,0.6,311853.0,110.4,0
67,1,40319.0,1,28.0,3.0,0,5,7,0,1.0,1,1,12,10079.75,0,0,1,0,1,5.800000000000001,80638.0,56.0,0
27,1,61732.0,2,57.3,2.0,2,14,13,1,1.0,1,1,27,20577.333333333332,1,0,1,1,1,13.600000000000001,123464.0,114.6,0
31,1,174521.0,2,28.6,1.0,2,14,14,1,5.0,1,1,28,87260.5,0,1,1,1,1,14.0,1047126.0,57.2,1
32,0,81452.0,1,56.0,2.0,0,3,7,1,3.0,0,1,10,27150.666666666668,1,1,1,1,0,4.6,325808.0,112.0,0
67,1,67290.0,1,59.1,1.0,2,0,7,1,4.0,1,1,7,33645.0,1,1,1,1,1,2.8000000000000003,336450.0,118.2,0
68,0,33394.0,1,55.3,1.0,1,7,1,0,2.0,0,1,8,16697.0,1,0,1,0,0,4.6000000000000005,100182.0,110.6,0
38,0,89592.0,2,11.4,2.0,3,11,3,1,5.0,0,1,14,29864.0,0,1,1,1,0,7.8,537552.0,22.8,0
61,0,30000.0,2,20.1,2.0,2,14,14,0,1.0,1,1,28,10000.0,0,0,1,0,1,14.0,60000.0,40.2,0
48,0,91824.0,1,43.5,2.0,1,1,9,1,4.0,1,1,10,30608.0,1,1,1,1,1,4.2,459120.0,87.0,1
39,1,86701.0,2,41.9,2.0,1,12,15,1,2.0,1,1,27,28900.333333333332,1,0,1,1,1,13.2,260103.0,83.8,0
55,0,66573.0,2,42.7,2.0,0,8,7,0,2.0,0,1,15,22191.0,1,0,1,0,0,7.6,199719.0,85.4,0
28,1,81979.0,1,63.4,1.0,2,7,4,1,4.0,0,1,11,40989.5,1,1,1,1,0,5.800000000000001,409895.0,126.8,0
61,1,93556.0,1,32.4,1.0,1,4,3,1,5.0,0,1,7,46778.0,0,1,1,1,0,3.6,561336.0,64.8,0
55,0,50646.0,1,87.2,1.0,0,6,8,1,3.0,1,1,14,25323.0,1,1,1,1,1,6.8,202584.0,174.4,1
26,1,42841.0,1,45.5,3.0,3,1,4,1,3.0,1,1,5,10710.25,1,1,1,1,1,2.2,171364.0,91.0,0
52,1,83166.0,1,56.4,1.0,1,6,5,1,5.0,0,1,11,41583.0,1,1,1,1,0,5.6,498996.0,112.8,0
49,1,30000.0,2,5.0,1.0,1,9,13,0,1.0,1,1,22,15000.0,0,0,1,0,1,10.6,60000.0,10.0,0
34,1,102653.0,2,60.1,1.0,2,11,16,1,3.0,1,1,27,51326.5,1,1,1,1,1,13.0,410612.0,120.2,0
59,1,68552.0,2,5.0,2.0,1,3,12,0,5.0,1,1,15,22850.666666666668,0,1,1,0,1,6.6000000000000005,411312.0,10.0,1
61,1,174521.0,0,12.2,3.0,2,0,3,1,5.0,1,1,3,43630.25,0,1,1,1,1,1.2000000000000002,1047126.0,24.4,1
25,1,79104.0,2,64.9,1.0,0,9,7,1,2.0,0,1,16,39552.0,1,0,1,1,0,8.2,237312.0,129.8,0
45,1,128062.0,1,91.3,3.0,2,3,9,1,2.0,1,1,12,32015.5,1,0,1,1,1,5.4,384186.0,182.6,0
67,0,115026.0,2,46.2,1.0,1,6,18,0,5.0,1,1,24,57513.0,1,1,1,0,1,10.8,690156.0,92.4,1
64,1,113801.0,2,14.9,1.0,0,14,7,1,2.0,1,1,21,56900.5,0,0,1,1,1,11.200000000000001,341403.0,29.8,0
29,0,114768.0,2,61.6,3.0,0,5,7,1,3.0,1,1,12,28692.0,1,1,1,1,1,5.800000000000001,459072.0,123.2,1
62,0,49588.0,1,52.4,2.0,1,6,1,1,3.0,1,1,7,16529.333333333332,1,1,1,1,1,3.9999999999999996,198352.0,104.8,0
31,0,62723.0,2,51.0,2.0,2,2,4,0,4.0,0,1,6,20907.666666666668,1,1,1,0,0,2.8,313615.0,102.0,0
26,1,58734.0,0,47.5,1.0,0,1,1,1,1.0,0,1,2,29367.0,1,0,1,1,0,1.0,117468.0,95.0,0
29,0,30000.0,1,51.4,3.0,2,5,9,1,5.0,1,1,14,7500.0,1,1,1,1,1,6.6,180000.0,102.8,1
42,1,147903.0,1,64.5,1.0,1,0,9,1,5.0,1,1,9,73951.5,1,1,1,1,1,3.6,887418.0,129.0,0
59,1,76233.0,2,58.2,2.0,2,3,4,1,4.0,1,1,7,25411.0,1,1,1,1,1,3.4,381165.0,116.4,0
51,0,112032.0,0,36.3,3.0,1,0,1,0,3.0,0,1,1,28008.0,0,1,1,0,0,0.4,448128.0,72.6,0
48,1,110411.0,2,31.9,2.0,2,9,7,0,1.0,0,1,16,36803.666666666664,0,0,1,0,0,8.2,220822.0,63.8,0
60,0,79130.0,2,76.4,3.0,1,10,16,0,5.0,1,1,26,19782.5,1,1,1,0,1,12.4,474780.0,152.8,1
58,1,62393.0,1,16.0,2.0,2,6,9,0,1.0,1,1,15,20797.666666666668,0,0,1,0,1,7.199999999999999,124786.0,32.0,0
41,1,61726.0,1,57.5,3.0,1,6,9,1,3.0,1,1,15,15431.5,1,1,1,1,1,7.199999999999999,246904.0,115.0,0
47,0,71578.0,1,34.5,3.5,1,2,1,1,3.0,1,1,3,15906.222222222223,0,1,1,1,1,1.6,286312.0,69.0,0
43,0,138077.0,2,40.2,1.0,2,14,5,0,3.0,1,1,19,69038.5,1,1,1,0,1,10.4,552308.0,80.4,0
32,1,101714.0,1,5.0,2.0,1,6,9,0,5.0,1,1,15,33904.666666666664,0,1,1,0,1,7.199999999999999,610284.0,10.0,0
31,0,30000.0,2,30.8,3.5,0,14,18,0,3.0,1,1,32,6666.666666666667,0,1,1,0,1,15.600000000000001,120000.0,61.6,0
55,1,102331.0,2,34.8,2.0,2,8,5,1,3.0,1,1,13,34110.333333333336,0,1,1,1,1,6.8,409324.0,69.6,0
67,0,106895.0,0,16.0,1.0,2,1,3,1,5.0,0,1,4,53447.5,0,1,1,1,0,1.8000000000000003,641370.0,32.0,0
51,0,90888.0,2,60.2,1.0,3,12,3,0,4.0,0,1,15,45444.0,1,1,1,0,0,8.399999999999999,454440.0,120.4,0
60,0,133583.0,2,15.6,1.0,2,2,9,0,1.0,1,1,11,66791.5,0,0,1,0,1,4.8,267166.0,31.2,0
56,0,58772.0,2,30.4,2.0,3,2,14,0,4.0,0,1,16,19590.666666666668,0,1,1,0,0,6.800000000000001,293860.0,60.8,0
43,1,82668.0,2,44.0,2.0,0,10,11,0,4.0,0,1,21,27556.0,1,1,1,0,0,10.4,413340.0,88.0,0
63,1,80042.0,0,68.2,2.0,3,1,1,1,2.0,1,1,2,26680.666666666668,1,0,1,1,1,1.0,240126.0,136.4,0
40,1,92566.0,1,40.2,1.0,2,5,9,1,3.0,0,1,14,46283.0,1,1,1,1,0,6.6,370264.0,80.4,0
65,1,70990.0,1,79.5,2.0,2,1,9,1,4.0,1,1,10,23663.333333333332,1,1,1,1,1,4.2,354950.0,159.0,0
26,1,98415.0,0,38.8,2.0,2,0,1,1,5.0,0,1,1,32805.0,0,1,1,1,0,0.4,590490.0,77.6,0
47,1,72263.0,2,5.0,1.0,3,11,17,0,4.0,0,1,28,36131.5,0,1,1,0,0,13.4,361315.0,10.0,0
49,0,61055.0,0,51.7,2.0,1,0,3,1,2.0,1,1,3,20351.666666666668,1,0,1,1,1,1.2000000000000002,183165.0,103.4,0
68,1,131996.0,1,70.0,3.5,2,1,9,1,3.0,0,1,10,29332.444444444445,1,1,1,1,0,4.2,527984.0,140.0,0
60,0,83314.0,2,42.3,1.0,1,4,12,0,5.0,1,1,16,41657.0,1,1,1,0,1,7.200000000000001,499884.0,84.6,1
32,0,103532.0,2,38.7,1.0,2,10,8,1,1.0,1,1,18,51766.0,0,0,1,1,1,9.2,207064.0,77.4,0
52,0,84725.0,2,61.4,2.0,1,10,18,0,4.0,0,1,28,28241.666666666668,1,1,1,0,0,13.2,423625.0,122.8,0
41,0,107464.0,2,9.2,1.0,2,10,17,0,4.0,1,1,27,53732.0,0,1,1,0,1,12.8,537320.0,18.4,0
63,1,42829.0,1,47.6,2.0,1,1,8,0,1.0,1,1,9,14276.333333333334,1,0,1,0,1,3.8000000000000003,85658.0,95.2,0
54,1,46234.0,2,49.6,2.0,0,2,12,0,1.0,1,1,14,15411.333333333334,1,0,1,0,1,6.000000000000001,92468.0,99.2,0
44,1,52859.0,2,71.5,1.0,0,3,15,0,3.0,1,1,18,26429.5,1,1,1,0,1,7.8,211436.0,143.0,0
61,1,73458.0,0,106.35000000000001,1.0,1,0,3,1,3.0,1,1,3,36729.0,1,1,1,1,1,1.2000000000000002,293832.0,212.70000000000002,0
38,1,75912.0,1,42.4,1.0,1,4,8,0,1.0,0,1,12,37956.0,1,0,1,0,0,5.6,151824.0,84.8,0
60,2,135420.0,1,74.8,1.0,2,7,2,0,1.0,1,1,9,67710.0,1,0,1,0,1,5.0,270840.0,149.6,0
44,0,46824.0,1,19.4,2.0,1,1,6,0,1.0,0,1,7,15608.0,0,0,1,0,0,3.0000000000000004,93648.0,38.8,0
54,0,81648.0,2,13.9,1.0,2,9,18,0,4.0,0,1,27,40824.0,0,1,1,0,0,12.6,408240.0,27.8,0
52,0,71357.0,1,60.0,2.0,1,5,6,1,2.0,0,1,11,23785.666666666668,1,0,1,1,0,5.4,214071.0,120.0,0
35,0,80362.0,0,33.0,1.0,1,1,0,1,1.0,1,1,1,40181.0,0,0,1,1,1,0.6,160724.0,66.0,0
27,1,100533.0,1,22.0,2.0,2,7,5,1,5.0,1,1,12,33511.0,0,1,1,1,1,6.2,603198.0,44.0,1
65,1,84708.0,1,33.3,2.0,1,1,8,1,4.0,0,1,9,28236.0,0,1,1,1,0,3.8000000000000003,423540.0,66.6,0
42,1,85667.0,0,74.5,2.0,3,1,2,1,3.0,0,1,3,28555.666666666668,1,1,1,1,0,1.4,342668.0,149.0,0
35,0,153628.0,2,36.1,3.0,0,10,14,0,2.0,0,1,24,38407.0,0,0,1,0,0,11.600000000000001,460884.0,72.2,0
63,1,130101.0,2,57.3,2.0,2,6,13,1,1.0,1,1,19,43367.0,1,0,1,1,1,8.8,260202.0,114.6,1
44,0,76086.0,2,48.1,3.0,3,11,5,1,5.0,0,1,16,19021.5,1,1,1,1,0,8.6,456516.0,96.2,0
53,1,117125.0,0,62.5,3.0,1,1,3,1,3.0,1,1,4,29281.25,1,1,1,1,1,1.8000000000000003,468500.0,125.0,1
30,1,65881.0,0,43.1,1.0,3,2,1,1,1.0,1,1,3,32940.5,1,0,1,1,1,1.6,131762.0,86.2,0
50,0,66321.0,2,31.4,3.0,2,11,3,1,2.0,1,1,14,16580.25,0,0,1,1,1,7.8,198963.0,62.8,0
34,1,59763.0,1,24.3,1.0,3,6,9,0,1.0,1,1,15,29881.5,0,0,1,0,1,7.199999999999999,119526.0,48.6,0
48,1,53321.0,2,65.0,1.0,3,3,11,0,1.0,1,1,14,26660.5,1,0,1,0,1,6.2,106642.0,130.0,0
46,0,89216.0,1,33.0,1.0,3,2,2,1,3.0,1,1,4,44608.0,0,1,1,1,1,2.0,356864.0,66.0,0
27,1,30000.0,1,12.8,2.0,2,4,3,1,1.0,1,1,7,10000.0,0,0,1,1,1,3.6,60000.0,25.6,0
65,0,100442.0,2,7.9,1.0,1,9,5,1,4.0,1,1,14,50221.0,0,1,1,1,1,7.3999999999999995,502210.0,15.8,0
58,1,120448.0,0,5.0,3.0,2,1,0,1,2.0,0,1,1,30112.0,0,0,1,1,0,0.6,361344.0,10.0,0
53,0,111111.0,0,54.3,2.0,1,2,1,1,4.0,1,1,3,37037.0,1,1,1,1,1,1.6,555555.0,108.6,1
68,1,120903.0,1,66.8,1.0,1,7,7,1,1.0,1,1,14,60451.5,1,0,1,1,1,7.0,241806.0,133.6,0
64,1,96481.0,1,32.9,1.0,1,4,3,1,3.0,0,1,7,48240.5,0,1,1,1,0,3.6,385924.0,65.8,0
34,0,88663.0,1,38.4,1.0,2,5,1,0,2.0,1,1,6,44331.5,0,0,1,0,1,3.4,265989.0,76.8,0
35,1,31190.0,1,46.2,2.0,2,4,4,0,1.0,0,1,8,10396.666666666666,1,0,1,0,0,4.0,62380.0,92.4,0
42,0,30000.0,2,15.1,2.0,3,8,10,1,4.0,1,1,18,10000.0,0,1,1,1,1,8.8,150000.0,30.2,1
44,0,85405.0,2,82.4,3.0,0,13,9,0,4.0,1,1,22,21351.25,1,1,1,0,1,11.4,427025.0,164.8,0
42,1,92494.0,1,8.8,2.0,1,7,3,1,5.0,1,1,10,30831.333333333332,0,1,1,1,1,5.4,554964.0,17.6,1
61,0,158030.0,2,58.7,3.0,1,10,10,0,2.0,1,1,20,39507.5,1,0,1,0,1,10.0,474090.0,117.4,0
56,0,132812.0,2,15.2,2.0,2,7,18,1,3.0,1,1,25,44270.666666666664,0,1,1,1,1,11.4,531248.0,30.4,0
33,1,86595.0,1,18.6,2.0,3,3,8,1,1.0,1,1,11,28865.0,0,0,1,1,1,5.0,173190.0,37.2,0
34,0,55512.0,2,33.3,3.0,0,2,19,0,3.0,1,1,21,13878.0,0,1,1,0,1,8.8,222048.0,66.6,0
54,1,30000.0,1,47.6,2.0,3,7,9,1,5.0,0,1,16,10000.0,1,1,1,1,0,7.800000000000001,180000.0,95.2,0
67,0,109594.0,2,40.2,3.0,2,2,18,0,1.0,1,1,20,27398.5,1,0,1,0,1,8.4,219188.0,80.4,0
65,0,109194.0,0,9.9,2.0,2,2,1,1,4.0,1,1,3,36398.0,0,1,1,1,1,1.6,545970.0,19.8,1
28,0,90198.0,0,40.2,2.0,2,0,2,1,2.0,0,1,2,30066.0,1,0,1,1,0,0.8,270594.0,80.4,0
44,0,138068.0,1,40.2,2.0,1,0,2,1,5.0,0,1,2,46022.666666666664,1,1,1,1,0,0.8,828408.0,80.4,0
63,1,30000.0,1,36.5,3.0,2,4,6,1,1.0,1,1,10,7500.0,0,0,1,1,1,4.800000000000001,60000.0,73.0,0
60,0,31022.0,2,31.9,2.0,1,8,3,1,3.0,1,1,11,10340.666666666666,0,1,1,1,1,6.0,124088.0,63.8,0
58,1,81916.0,2,82.9,1.0,2,3,17,1,4.0,1,1,20,40958.0,1,1,1,1,1,8.600000000000001,409580.0,165.8,1
25,0,48589.0,2,60.3,2.0,1,5,4,0,4.0,1,1,9,16196.333333333334,1,1,1,0,1,4.6,242945.0,120.6,0
67,1,48836.0,2,21.6,1.0,1,14,19,1,4.0,0,1,33,24418.0,0,1,1,1,0,16.0,244180.0,43.2,0
38,1,39544.0,1,92.2,1.0,0,5,3,1,1.0,1,1,8,19772.0,1,0,1,1,1,4.2,79088.0,184.4,0
38,1,30000.0,2,52.0,2.0,1,11,18,0,5.0,1,1,29,10000.0,1,1,1,0,1,13.8,180000.0,104.0,0
46,1,71119.0,1,43.0,1.0,2,4,5,1,5.0,0,1,9,35559.5,1,1,1,1,0,4.4,426714.0,86.0,0
31,1,48621.0,2,39.3,3.0,1,5,13,0,5.0,1,1,18,12155.25,0,1,1,0,1,8.2,291726.0,78.6,0
38,1,70485.0,1,89.0,2.0,2,3,6,0,5.0,0,1,9,23495.0,1,1,1,0,0,4.2,422910.0,178.0,0
52,0,129898.0,2,88.9,2.0,2,12,15,1,4.0,1,1,27,43299.333333333336,1,1,1,1,1,13.2,649490.0,177.8,0
50,0,115880.0,1,22.4,1.0,2,5,1,1,1.0,0,1,6,57940.0,0,0,1,1,0,3.4,231760.0,44.8,0
59,0,44046.0,2,8.9,3.0,0,11,18,0,1.0,1,1,29,11011.5,0,0,1,0,1,13.8,88092.0,17.8,0
56,1,30103.0,2,22.4,2.0,3,12,13,1,3.0,0,1,25,10034.333333333334,0,1,1,1,0,12.399999999999999,120412.0,44.8,0
65,1,100468.0,1,63.1,1.0,1,6,9,1,4.0,0,1,15,50234.0,1,1,1,1,0,7.199999999999999,502340.0,126.2,0
60,0,106419.0,0,43.2,2.0,2,1,0,1,2.0,0,1,1,35473.0,1,0,1,1,0,0.6,319257.0,86.4,0
27,1,100974.0,0,26.9,2.0,1,0,0,1,5.0,1,1,0,33658.0,0,1,1,1,1,0.0,605844.0,53.8,1
33,0,43954.0,2,57.4,3.5,1,2,17,0,1.0,0,1,19,9767.555555555555,1,0,1,0,0,8.0,87908.0,114.8,0
51,1,58607.0,2,21.3,2.0,1,14,8,0,1.0,1,1,22,19535.666666666668,0,0,1,0,1,11.600000000000001,117214.0,42.6,0
63,0,30000.0,2,11.8,1.0,1,10,8,1,2.0,1,1,18,15000.0,0,0,1,1,1,9.2,90000.0,23.6,0
67,1,66605.0,1,53.3,1.0,1,5,6,1,3.0,1,1,11,33302.5,1,1,1,1,1,5.4,266420.0,106.6,0
33,1,141983.0,2,24.8,1.0,0,2,7,1,5.0,0,1,9,70991.5,0,1,1,1,0,4.0,851898.0,49.6,0
34,1,30000.0,0,76.4,1.0,2,2,2,1,2.0,1,1,4,15000.0,1,0,1,1,1,2.0,90000.0,152.8,0
68,1,30000.0,1,30.1,1.0,2,1,8,1,2.0,0,1,9,15000.0,0,0,1,1,0,3.8000000000000003,90000.0,60.2,0
66,1,93723.0,2,25.3,1.0,2,6,10,0,4.0,0,1,16,46861.5,0,1,1,0,0,7.6,468615.0,50.6,0
40,0,102251.0,2,40.3,1.0,2,2,12,0,2.0,0,1,14,51125.5,1,0,1,0,0,6.000000000000001,306753.0,80.6,0
48,1,54891.0,2,37.4,1.0,2,9,12,0,2.0,1,1,21,27445.5,0,0,1,0,1,10.2,164673.0,74.8,0
56,2,68466.0,2,5.0,2.0,2,12,6,0,4.0,1,1,18,22822.0,0,1,1,0,1,9.6,342330.0,10.0,1
69,1,111266.0,2,12.0,2.0,2,9,16,1,2.0,1,1,25,37088.666666666664,0,0,1,1,1,11.8,333798.0,24.0,0
32,1,58658.0,1,45.8,2.0,2,3,6,1,1.0,1,1,9,19552.666666666668,1,0,1,1,1,4.2,117316.0,91.6,0
45,1,97831.0,2,42.3,2.0,2,13,18,0,4.0,1,1,31,32610.333333333332,1,1,1,0,1,15.0,489155.0,84.6,0
40,0,99103.0,1,5.1,1.0,0,0,4,0,4.0,1,1,4,49551.5,0,1,1,0,1,1.6,495515.0,10.2,1
25,0,30000.0,2,49.7,2.0,2,2,9,0,3.0,1,1,11,10000.0,1,1,1,0,1,4.8,120000.0,99.4,0
51,1,80820.0,0,20.2,2.0,2,0,0,1,2.0,1,1,0,26940.0,0,0,1,1,1,0.0,242460.0,40.4,0
62,0,142020.0,1,24.4,2.0,0,6,4,0,5.0,0,1,10,47340.0,0,1,1,0,0,5.199999999999999,852120.0,48.8,0
35,1,42895.0,0,64.1,1.0,1,2,2,1,4.0,1,1,4,21447.5,1,1,1,1,1,2.0,214475.0,128.2,0
47,0,71027.0,0,74.3,1.0,1,1,3,1,1.0,0,1,4,35513.5,1,0,1,1,0,1.8000000000000003,142054.0,148.6,0
66,0,60855.0,1,84.8,1.0,2,6,9,1,2.0,0,1,15,30427.5,1,0,1,1,0,7.199999999999999,182565.0,169.6,0
43,1,159120.0,2,61.8,2.0,2,14,13,0,3.0,1,1,27,53040.0,1,1,1,0,1,13.600000000000001,636480.0,123.6,0
35,0,96749.0,1,21.0,3.0,2,6,8,1,4.0,1,1,14,24187.25,0,1,1,1,1,6.8,483745.0,42.0,0
25,1,62712.0,2,36.8,3.0,2,12,14,1,1.0,0,1,26,15678.0,0,0,1,1,0,12.8,125424.0,73.6,0
38,1,84708.0,2,27.3,3.0,2,10,14,1,5.0,1,1,24,21177.0,0,1,1,1,1,11.600000000000001,508248.0,54.6,1
56,1,120451.0,1,19.9,3.0,1,5,1,1,5.0,0,1,6,30112.75,0,1,1,1,0,3.4,722706.0,39.8,0
29,1,134307.0,2,40.8,1.0,2,9,3,0,4.0,0,1,12,67153.5,1,1,1,0,0,6.6,671535.0,81.6,0
31,1,30000.0,1,23.7,2.0,1,5,3,0,2.0,0,1,8,10000.0,0,0,1,0,0,4.2,90000.0,47.4,0
52,1,174521.0,1,35.8,1.0,2,2,6,1,5.0,1,1,8,87260.5,0,1,1,1,1,3.6000000000000005,1047126.0,71.6,1
55,1,93341.0,2,55.6,3.5,3,7,5,0,4.0,1,1,12,20742.444444444445,1,1,1,0,1,6.2,466705.0,111.2,1
32,1,135660.0,0,28.0,2.0,2,1,1,1,3.0,0,1,2,45220.0,0,1,1,1,0,1.0,542640.0,56.0,0
52,1,135431.0,1,57.3,1.0,1,4,8,1,1.0,1,1,12,67715.5,1,0,1,1,1,5.6,270862.0,114.6,1
56,1,131391.0,2,39.5,2.0,1,12,19,0,3.0,1,1,31,43797.0,0,1,1,0,1,14.8,525564.0,79.0,0
45,1,77549.0,2,41.2,2.0,1,8,17,1,2.0,1,1,25,25849.666666666668,1,0,1,1,1,11.600000000000001,232647.0,82.4,0
39,1,87699.0,2,12.2,2.0,2,11,3,0,3.0,1,1,14,29233.0,0,1,1,0,1,7.8,350796.0,24.4,0
42,1,95997.0,1,32.2,3.5,2,0,2,0,2.0,1,1,2,21332.666666666668,0,0,1,0,1,0.8,287991.0,64.4,0
55,0,108457.0,1,6.2,1.0,1,0,8,0,1.0,0,1,8,54228.5,0,0,1,0,0,3.2,216914.0,12.4,0
50,0,108370.0,1,22.5,1.0,2,0,6,1,2.0,0,1,6,54185.0,0,0,1,1,0,2.4000000000000004,325110.0,45.0,0
62,0,89666.0,1,18.6,1.0,2,7,3,1,5.0,1,1,10,44833.0,0,1,1,1,1,5.4,537996.0,37.2,1
35,1,92051.0,2,56.8,2.0,2,14,5,1,4.0,1,1,19,30683.666666666668,1,1,1,1,1,10.4,460255.0,113.6,0
61,1,117441.0,2,57.1,2.0,2,7,10,0,4.0,1,1,17,39147.0,1,1,1,0,1,8.2,587205.0,114.2,1
57,1,125744.0,2,21.2,1.0,1,11,12,0,2.0,1,1,23,62872.0,0,0,1,0,1,11.4,377232.0,42.4,0
44,1,74087.0,1,81.9,3.0,2,6,8,0,3.0,0,1,14,18521.75,1,1,1,0,0,6.8,296348.0,163.8,0
43,1,60555.0,2,17.1,3.0,2,4,10,1,3.0,0,1,14,15138.75,0,1,1,1,0,6.4,242220.0,34.2,0
54,1,66971.0,1,15.4,2.0,0,1,8,1,1.0,1,1,9,22323.666666666668,0,0,1,1,1,3.8000000000000003,133942.0,30.8,0
61,0,144610.0,0,70.6,2.0,0,1,1,1,5.0,0,1,2,48203.333333333336,1,1,1,1,0,1.0,867660.0,141.2,1
30,0,75367.0,1,5.0,1.0,3,1,9,1,2.0,0,1,10,37683.5,0,0,1,1,0,4.2,226101.0,10.0,0
60,1,91712.0,1,21.3,1.0,0,6,2,0,4.0,1,1,8,45856.0,0,1,1,0,1,4.3999999999999995,458560.0,42.6,0
42,1,104589.0,1,26.5,1.0,2,3,6,1,4.0,1,1,9,52294.5,0,1,1,1,1,4.2,522945.0,53.0,1
44,0,84789.0,1,65.4,1.0,2,4,1,1,4.0,1,1,5,42394.5,1,1,1,1,1,2.8,423945.0,130.8,1
54,0,101735.0,0,24.4,3.0,1,1,3,1,4.0,1,1,4,25433.75,0,1,1,1,1,1.8000000000000003,508675.0,48.8,0
63,1,85321.0,2,5.0,2.0,0,9,17,1,1.0,1,1,26,28440.333333333332,0,0,1,1,1,12.2,170642.0,10.0,0
45,2,40127.0,2,33.0,3.0,1,3,9,1,1.0,1,1,12,10031.75,0,0,1,1,1,5.4,80254.0,66.0,0
53,1,92436.0,1,53.7,2.0,2,5,3,1,5.0,0,1,8,30812.0,1,1,1,1,0,4.2,554616.0,107.4,0
65,0,136801.0,2,69.4,2.0,2,14,10,0,3.0,1,1,24,45600.333333333336,1,1,1,0,1,12.4,547204.0,138.8,1
65,1,81418.0,1,67.6,1.0,2,5,3,1,1.0,0,1,8,40709.0,1,0,1,1,0,4.2,162836.0,135.2,0
66,1,84578.0,0,54.4,3.0,3,1,0,1,4.0,0,1,1,21144.5,1,1,1,1,0,0.6,422890.0,108.8,0
25,1,43148.0,2,46.8,2.0,0,2,11,1,3.0,1,1,13,14382.666666666666,1,1,1,1,1,5.6000000000000005,172592.0,93.6,0
59,0,74529.0,1,47.0,2.0,0,5,6,1,3.0,0,1,11,24843.0,1,1,1,1,0,5.4,298116.0,94.0,0
61,0,59080.0,1,50.8,3.5,2,1,8,0,5.0,1,1,9,13128.888888888889,1,1,1,0,1,3.8000000000000003,354480.0,101.6,0
65,1,130303.0,1,32.6,3.5,2,6,1,0,1.0,1,1,7,28956.222222222223,0,0,1,0,1,3.9999999999999996,260606.0,65.2,0
44,0,89325.0,2,5.0,3.0,3,12,18,0,5.0,1,1,30,22331.25,0,1,1,0,1,14.399999999999999,535950.0,10.0,0
42,2,102455.0,1,74.2,1.0,2,6,2,1,1.0,1,1,8,51227.5,1,0,1,1,1,4.3999999999999995,204910.0,148.4,0
48,0,59986.0,1,54.5,2.0,1,0,4,0,5.0,1,1,4,19995.333333333332,1,1,1,0,1,1.6,359916.0,109.0,0
68,1,157522.0,2,60.4,2.0,3,3,14,0,3.0,1,1,17,52507.333333333336,1,1,1,0,1,7.4,630088.0,120.8,0
66,0,55415.0,1,48.7,2.0,1,0,8,1,5.0,1,1,8,18471.666666666668,1,1,1,1,1,3.2,332490.0,97.4,0
56,0,83622.0,2,36.0,3.0,2,6,9,1,3.0,0,1,15,20905.5,0,1,1,1,0,7.199999999999999,334488.0,72.0,0
63,1,95950.0,2,34.3,1.0,1,12,8,0,1.0,0,1,20,47975.0,0,0,1,0,0,10.399999999999999,191900.0,68.6,0
61,0,63536.0,2,23.6,3.5,2,11,6,1,4.0,0,1,17,14119.111111111111,0,1,1,1,0,9.0,317680.0,47.2,0
40,1,52860.0,2,78.4,2.0,2,12,3,1,1.0,0,1,15,17620.0,1,0,1,1,0,8.399999999999999,105720.0,156.8,0
38,1,66224.0,1,5.0,1.0,2,3,6,1,1.0,0,1,9,33112.0,0,0,1,1,0,4.2,132448.0,10.0,0
64,0,88201.0,2,32.5,1.0,2,2,17,1,3.0,1,1,19,44100.5,0,1,1,1,1,8.0,352804.0,65.0,0
52,1,77963.0,1,5.0,3.0,2,1,8,1,2.0,0,1,9,19490.75,0,0,1,1,0,3.8000000000000003,233889.0,10.0,0
27,0,91235.0,2,26.7,2.0,1,10,5,0,4.0,0,1,15,30411.666666666668,0,1,1,0,0,8.0,456175.0,53.4,0
30,0,69964.0,1,32.7,2.0,2,0,2,0,4.0,1,1,2,23321.333333333332,0,1,1,0,1,0.8,349820.0,65.4,0
26,0,78059.0,2,31.8,2.0,1,6,12,1,3.0,0,1,18,26019.666666666668,0,1,1,1,0,8.4,312236.0,63.6,0
60,1,55192.0,2,39.2,2.0,0,13,19,0,1.0,1,1,32,18397.333333333332,0,0,1,0,1,15.4,110384.0,78.4,0
25,0,67158.0,2,52.2,1.0,1,7,17,0,5.0,0,1,24,33579.0,1,1,1,0,0,11.0,402948.0,104.4,0
68,0,93321.0,2,62.5,1.0,1,3,17,0,3.0,0,1,20,46660.5,1,1,1,0,0,8.600000000000001,373284.0,125.0,0
64,0,30000.0,2,67.9,3.0,3,6,12,0,3.0,1,1,18,7500.0,1,1,1,0,1,8.4,120000.0,135.8,0
26,1,70759.0,0,57.6,2.0,1,0,1,1,4.0,1,1,1,23586.333333333332,1,1,1,1,1,0.4,353795.0,115.2,0
29,1,62943.0,2,29.0,1.0,2,4,15,0,3.0,1,1,19,31471.5,0,1,1,0,1,8.4,251772.0,58.0,0
34,1,50288.0,2,12.3,2.0,1,2,7,0,5.0,1,1,9,16762.666666666668,0,1,1,0,1,4.0,301728.0,24.6,0
68,0,141769.0,2,19.3,1.0,3,9,19,0,5.0,1,1,28,70884.5,0,1,1,0,1,13.0,850614.0,38.6,1
59,2,77215.0,1,12.4,2.0,2,0,1,1,2.0,1,1,1,25738.333333333332,0,0,1,1,1,0.4,231645.0,24.8,0
35,0,115096.0,1,28.6,2.0,2,0,8,1,3.0,0,1,8,38365.333333333336,0,1,1,1,0,3.2,460384.0,57.2,0
52,1,135703.0,1,28.3,3.0,1,4,3,0,2.0,0,1,7,33925.75,0,0,1,0,0,3.6,407109.0,56.6,0
44,1,99453.0,2,57.4,1.0,2,7,15,1,4.0,1,1,22,49726.5,1,1,1,1,1,10.2,497265.0,114.8,0
32,0,90506.0,2,5.0,1.0,1,9,3,0,1.0,1,1,12,45253.0,0,0,1,0,1,6.6,181012.0,10.0,0
34,0,102779.0,2,21.6,2.0,3,5,6,0,5.0,1,1,11,34259.666666666664,0,1,1,0,1,5.4,616674.0,43.2,1
31,1,88132.0,2,20.6,2.0,2,9,14,0,5.0,0,1,23,29377.333333333332,0,1,1,0,0,11.0,528792.0,41.2,0
52,0,132161.0,1,54.9,2.0,0,2,7,1,5.0,0,1,9,44053.666666666664,1,1,1,1,0,4.0,792966.0,109.8,0
35,0,70905.0,1,89.8,1.0,1,0,1,1,5.0,1,1,1,35452.5,1,1,1,1,1,0.4,425430.0,179.6,0
41,0,66496.0,0,35.4,3.0,2,2,3,1,4.0,1,1,5,16624.0,0,1,1,1,1,2.4000000000000004,332480.0,70.8,0
37,1,56914.0,2,27.2,1.0,2,5,4,0,3.0,1,1,9,28457.0,0,1,1,0,1,4.6,227656.0,54.4,1
26,2,131945.0,2,41.2,2.0,2,2,3,0,1.0,0,1,5,43981.666666666664,1,0,1,0,0,2.4000000000000004,263890.0,82.4,0
53,1,168878.0,2,5.0,2.0,3,7,3,1,3.0,1,1,10,56292.666666666664,0,1,1,1,1,5.4,675512.0,10.0,1
26,0,75448.0,2,104.1,1.0,2,12,8,0,5.0,0,1,20,37724.0,1,1,1,0,0,10.399999999999999,452688.0,208.2,0
69,1,106272.0,2,23.1,1.0,2,7,12,0,3.0,0,1,19,53136.0,0,1,1,0,0,9.0,425088.0,46.2,0
26,0,130540.0,2,26.8,3.0,2,4,13,1,5.0,0,1,17,32635.0,0,1,1,1,0,7.6,783240.0,53.6,0
68,0,119981.0,2,46.7,2.0,2,5,11,1,1.0,1,1,16,39993.666666666664,1,0,1,1,1,7.4,239962.0,93.4,0
69,1,46087.0,0,61.9,1.0,0,1,0,1,4.0,0,1,1,23043.5,1,1,1,1,0,0.6,230435.0,123.8,0
69,0,121789.0,2,51.2,1.0,2,8,6,1,2.0,0,1,14,60894.5,1,0,1,1,0,7.2,365367.0,102.4,0
63,0,31559.0,2,23.1,2.0,3,12,6,0,3.0,0,1,18,10519.666666666666,0,1,1,0,0,9.6,126236.0,46.2,0
28,1,111282.0,2,67.9,2.0,0,14,6,0,5.0,1,1,20,37094.0,1,1,1,0,1,10.8,667692.0,135.8,0
58,0,82725.0,2,5.0,1.0,0,6,17,0,1.0,0,1,23,41362.5,0,0,1,0,0,10.4,165450.0,10.0,0
50,1,84708.0,2,5.0,3.0,1,12,12,1,5.0,0,1,24,21177.0,0,1,1,1,0,12.0,508248.0,10.0,0
65,1,87606.0,2,46.5,3.0,2,3,16,0,2.0,1,1,19,21901.5,1,0,1,0,1,8.2,262818.0,93.0,0
69,0,42515.0,0,60.9,3.0,2,2,3,1,5.0,0,1,5,10628.75,1,1,1,1,0,2.4000000000000004,255090.0,121.8,0
62,0,58683.0,1,29.1,1.0,0,6,2,1,1.0,1,1,8,29341.5,0,0,1,1,1,4.3999999999999995,117366.0,58.2,0
63,1,139945.0,0,24.5,1.0,2,2,2,1,4.0,0,1,4,69972.5,0,1,1,1,0,2.0,699725.0,49.0,0
34,1,30000.0,0,11.2,1.0,1,1,0,1,3.0,0,1,1,15000.0,0,1,1,1,0,0.6,120000.0,22.4,0
57,1,56825.0,2,40.2,2.0,2,14,15,1,1.0,1,1,29,18941.666666666668,1,0,1,1,1,14.4,113650.0,80.4,0
60,1,60417.0,2,40.4,2.0,2,5,6,0,4.0,1,1,11,20139.0,1,1,1,0,1,5.4,302085.0,80.8,0
62,1,69910.0,2,76.2,1.0,2,8,12,0,5.0,0,1,20,34955.0,1,1,1,0,0,9.600000000000001,419460.0,152.4,0
39,0,146966.0,1,64.9,3.0,0,3,3,0,3.0,1,1,6,36741.5,1,1,1,0,1,3.0,587864.0,129.8,1
56,1,45087.0,2,64.8,1.0,1,13,18,0,3.0,0,1,31,22543.5,1,1,1,0,0,15.0,180348.0,129.6,0
66,1,92880.0,2,17.1,1.0,1,2,19,0,3.0,1,1,21,46440.0,0,1,1,0,1,8.8,371520.0,34.2,1
57,1,84510.0,2,68.9,2.0,1,7,3,0,5.0,1,1,10,28170.0,1,1,1,0,1,5.4,507060.0,137.8,0
57,0,156980.0,0,21.0,1.0,0,1,2,1,2.0,1,1,3,78490.0,0,0,1,1,1,1.4,470940.0,42.0,0
55,1,113141.0,2,81.8,2.0,3,11,12,0,4.0,0,1,23,37713.666666666664,1,1,1,0,0,11.4,565705.0,163.6,0
39,1,111714.0,1,54.4,2.0,2,5,7,0,5.0,0,1,12,37238.0,1,1,1,0,0,5.800000000000001,670284.0,108.8,0
36,1,149673.0,0,8.8,2.0,2,2,2,1,5.0,0,1,4,49891.0,0,1,1,1,0,2.0,898038.0,17.6,0
48,1,77269.0,2,53.7,1.0,2,5,9,0,3.0,0,1,14,38634.5,1,1,1,0,0,6.6,309076.0,107.4,0
26,1,60604.0,1,38.0,2.0,2,3,4,1,4.0,0,1,7,20201.333333333332,0,1,1,1,0,3.4,303020.0,76.0,0
43,1,83066.0,2,51.4,1.0,1,11,15,1,4.0,0,1,26,41533.0,1,1,1,1,0,12.6,415330.0,102.8,0
37,1,123397.0,2,72.9,1.0,1,7,18,1,3.0,1,1,25,61698.5,1,1,1,1,1,11.4,493588.0,145.8,0
63,1,91189.0,1,12.7,1.0,1,1,5,1,2.0,1,1,6,45594.5,0,0,1,1,1,2.6,273567.0,25.4,0
34,1,122473.0,0,46.2,2.0,1,0,2,1,2.0,0,1,2,40824.333333333336,1,0,1,1,0,0.8,367419.0,92.4,0
54,1,146935.0,1,32.4,2.0,2,6,8,1,3.0,1,1,14,48978.333333333336,0,1,1,1,1,6.8,587740.0,64.8,0
41,0,88995.0,2,30.3,3.5,2,12,15,1,3.0,0,1,27,19776.666666666668,0,1,1,1,0,13.2,355980.0,60.6,0
64,0,120748.0,2,34.0,3.0,0,2,7,1,3.0,1,1,9,30187.0,0,1,1,1,1,4.0,482992.0,68.0,1
25,0,104573.0,1,10.5,1.0,2,3,5,1,3.0,0,1,8,52286.5,0,1,1,1,0,3.8,418292.0,21.0,0
64,0,102678.0,2,5.0,2.0,2,12,12,1,3.0,0,1,24,34226.0,0,1,1,1,0,12.0,410712.0,10.0,0
46,0,101981.0,2,68.5,3.5,1,2,18,1,2.0,1,1,20,22662.444444444445,1,0,1,1,1,8.4,305943.0,137.0,0
26,1,101130.0,2,17.7,2.0,2,2,8,1,3.0,1,1,10,33710.0,0,1,1,1,1,4.4,404520.0,35.4,0
43,1,55109.0,1,76.8,1.0,1,3,3,1,5.0,1,1,6,27554.5,1,1,1,1,1,3.0,330654.0,153.6,0
64,1,117350.0,2,44.4,2.0,2,11,4,0,4.0,1,1,15,39116.666666666664,1,1,1,0,1,8.2,586750.0,88.8,1
35,0,84962.0,1,36.9,1.0,1,1,6,1,4.0,1,1,7,42481.0,0,1,1,1,1,3.0000000000000004,424810.0,73.8,0
52,1,149841.0,0,74.0,2.0,3,2,3,1,4.0,0,1,5,49947.0,1,1,1,1,0,2.4000000000000004,749205.0,148.0,0
64,1,41477.0,2,17.6,1.0,0,11,3,1,1.0,0,1,14,20738.5,0,0,1,1,0,7.8,82954.0,35.2,0
60,0,75790.0,2,53.3,2.0,3,6,7,0,2.0,1,1,13,25263.333333333332,1,0,1,0,1,6.4,227370.0,106.6,0
40,1,123035.0,2,37.6,1.0,1,5,4,0,3.0,1,1,9,61517.5,0,1,1,0,1,4.6,492140.0,75.2,1
65,1,116025.0,1,20.1,2.0,2,3,9,1,2.0,0,1,12,38675.0,0,0,1,1,0,5.4,348075.0,40.2,0
44,1,30000.0,2,33.2,1.0,1,8,15,0,5.0,1,1,23,15000.0,0,1,1,0,1,10.8,180000.0,66.4,0
51,1,67598.0,1,36.3,1.0,1,1,8,1,5.0,1,1,9,33799.0,0,1,1,1,1,3.8000000000000003,405588.0,72.6,0
31,1,84708.0,1,56.7,2.0,2,1,5,1,1.0,0,1,6,28236.0,1,0,1,1,0,2.6,169416.0,113.4,0
34,0,40963.0,0,37.1,3.5,0,1,2,1,5.0,1,1,3,9102.888888888889,0,1,1,1,1,1.4,245778.0,74.2,1
38,1,30000.0,2,49.2,3.0,2,11,9,1,1.0,0,1,20,7500.0,1,0,1,1,0,10.2,60000.0,98.4,0
38,0,58810.0,1,21.9,2.0,1,5,6,1,4.0,1,1,11,19603.333333333332,0,1,1,1,1,5.4,294050.0,43.8,0
38,0,149716.0,2,44.6,2.0,3,11,18,0,3.0,1,1,29,49905.333333333336,1,1,1,0,1,13.8,598864.0,89.2,1
60,1,53114.0,1,15.8,1.0,2,1,8,0,4.0,1,1,9,26557.0,0,1,1,0,1,3.8000000000000003,265570.0,31.6,0
56,2,128626.0,2,82.1,1.0,0,5,16,1,1.0,0,1,21,64313.0,1,0,1,1,0,9.4,257252.0,164.2,0
29,0,93478.0,1,40.2,1.0,1,7,7,1,1.0,1,1,14,46739.0,1,0,1,1,1,7.0,186956.0,80.4,0
60,1,73577.0,1,45.9,1.0,1,5,7,1,3.0,0,1,12,36788.5,1,1,1,1,0,5.800000000000001,294308.0,91.8,0
60,0,67470.0,2,58.5,2.0,2,10,16,1,4.0,1,1,26,22490.0,1,1,1,1,1,12.4,337350.0,117.0,0
43,0,72454.0,1,67.7,1.0,0,1,4,1,1.0,1,1,5,36227.0,1,0,1,1,1,2.2,144908.0,135.4,0
27,0,150632.0,0,16.6,1.0,1,1,3,1,4.0,0,1,4,75316.0,0,1,1,1,0,1.8000000000000003,753160.0,33.2,0
39,0,120863.0,1,82.9,1.0,1,1,1,1,3.0,1,1,2,60431.5,1,1,1,1,1,1.0,483452.0,165.8,1
25,1,95523.0,1,9.2,2.0,2,0,6,1,5.0,1,1,6,31841.0,0,1,1,1,1,2.4000000000000004,573138.0,18.4,0
50,1,130275.0,1,81.2,2.0,2,5,4,0,3.0,0,1,9,43425.0,1,1,1,0,0,4.6,521100.0,162.4,0
34,1,65331.0,2,63.3,2.0,1,9,11,0,1.0,1,1,20,21777.0,1,0,1,0,1,9.8,130662.0,126.6,0
59,0,30000.0,2,35.8,1.0,2,13,8,0,4.0,0,1,21,15000.0,0,1,1,0,0,11.0,150000.0,71.6,0
50,1,94363.0,2,62.6,1.0,2,6,9,0,3.0,0,1,15,47181.5,1,1,1,0,0,7.199999999999999,377452.0,125.2,0
34,0,116204.0,1,26.2,2.0,0,6,6,1,5.0,0,1,12,38734.666666666664,0,1,1,1,0,6.0,697224.0,52.4,1
59,1,30000.0,2,72.1,2.0,0,5,3,1,2.0,1,1,8,10000.0,1,0,1,1,1,4.2,90000.0,144.2,0
63,2,126983.0,0,5.2,2.0,1,0,2,1,5.0,1,1,2,42327.666666666664,0,1,1,1,1,0.8,761898.0,10.4,1
50,0,113668.0,2,15.1,1.0,2,4,15,1,4.0,0,1,19,56834.0,0,1,1,1,0,8.4,568340.0,30.2,0
35,1,140855.0,0,32.1,2.0,2,0,1,1,1.0,1,1,1,46951.666666666664,0,0,1,1,1,0.4,281710.0,64.2,0
61,0,67111.0,0,35.1,2.0,2,2,2,1,5.0,1,1,4,22370.333333333332,0,1,1,1,1,2.0,402666.0,70.2,1
50,0,138950.0,2,54.1,1.0,2,2,8,0,1.0,0,1,10,69475.0,1,0,1,0,0,4.4,277900.0,108.2,0
36,0,81382.0,0,40.2,2.0,3,2,0,1,3.0,1,1,2,27127.333333333332,1,1,1,1,1,1.2,325528.0,80.4,0
47,1,152552.0,0,5.0,1.0,2,1,1,1,1.0,0,1,2,76276.0,0,0,1,1,0,1.0,305104.0,10.0,0
54,1,72147.0,2,45.0,2.0,1,5,14,0,3.0,0,1,19,24049.0,1,1,1,0,0,8.600000000000001,288588.0,90.0,0
51,0,81007.0,2,74.0,3.0,0,7,7,1,1.0,1,1,14,20251.75,1,0,1,1,1,7.0,162014.0,148.0,0
61,0,30000.0,1,82.3,1.0,2,0,3,1,1.0,1,1,3,15000.0,1,0,1,1,1,1.2000000000000002,60000.0,164.6,0
27,1,83175.0,2,20.2,1.0,1,8,8,1,3.0,0,1,16,41587.5,0,1,1,1,0,8.0,332700.0,40.4,0
58,1,84949.0,1,5.0,1.0,1,4,5,1,4.0,0,1,9,42474.5,0,1,1,1,0,4.4,424745.0,10.0,0
52,2,94888.0,1,23.9,1.0,3,4,1,1,4.0,0,1,5,47444.0,0,1,1,1,0,2.8,474440.0,47.8,0
45,0,95917.0,1,29.1,1.0,2,2,1,1,3.0,1,1,3,47958.5,0,1,1,1,1,1.6,383668.0,58.2,0
26,0,37445.0,2,53.0,3.5,2,9,17,0,4.0,1,1,26,8321.111111111111,1,1,1,0,1,12.2,187225.0,106.0,0
59,0,77781.0,1,58.2,1.0,2,5,2,1,2.0,1,1,7,38890.5,1,0,1,1,1,3.8,233343.0,116.4,0
44,1,103724.0,2,7.0,1.0,2,2,9,0,3.0,0,1,11,51862.0,0,1,1,0,0,4.8,414896.0,14.0,0
33,1,119534.0,2,36.3,2.0,1,13,8,1,3.0,1,1,21,39844.666666666664,0,1,1,1,1,11.0,478136.0,72.6,1
36,0,30000.0,2,37.5,2.0,2,4,16,0,5.0,1,1,20,10000.0,0,1,1,0,1,8.8,180000.0,75.0,1
41,0,86836.0,1,36.5,1.0,2,6,5,1,5.0,0,1,11,43418.0,0,1,1,1,0,5.6,521016.0,73.0,0
60,1,47412.0,1,25.4,2.0,2,4,9,1,2.0,1,1,13,15804.0,0,0,1,1,1,6.0,142236.0,50.8,0
46,1,105580.0,1,40.2,3.0,2,0,3,1,1.0,0,1,3,26395.0,1,0,1,1,0,1.2000000000000002,211160.0,80.4,0
36,0,108462.0,1,54.1,2.0,1,5,3,1,4.0,1,1,8,36154.0,1,1,1,1,1,4.2,542310.0,108.2,0
25,1,59461.0,1,87.5,1.0,1,0,3,1,5.0,1,1,3,29730.5,1,1,1,1,1,1.2000000000000002,356766.0,175.0,1
38,0,66535.0,1,8.8,3.0,2,2,4,0,1.0,1,1,6,16633.75,0,0,1,0,1,2.8,133070.0,17.6,0
30,1,51655.0,2,30.1,2.0,2,10,10,0,2.0,0,1,20,17218.333333333332,0,0,1,0,0,10.0,154965.0,60.2,0
43,1,107384.0,0,29.0,3.0,2,2,2,1,4.0,0,1,4,26846.0,0,1,1,1,0,2.0,536920.0,58.0,0
67,0,114031.0,2,32.5,1.0,2,6,16,0,3.0,1,1,22,57015.5,0,1,1,0,1,10.0,456124.0,65.0,1
36,0,88644.0,2,5.0,1.0,2,10,4,0,4.0,1,1,14,44322.0,0,1,1,0,1,7.6,443220.0,10.0,0
56,0,77379.0,1,41.2,2.0,1,1,5,0,4.0,0,1,6,25793.0,1,1,1,0,0,2.6,386895.0,82.4,0
68,1,148894.0,1,104.8,3.0,1,6,3,1,4.0,1,1,9,37223.5,1,1,1,1,1,4.8,744470.0,209.6,0
31,0,112725.0,2,47.3,1.0,2,9,18,1,2.0,1,1,27,56362.5,1,0,1,1,1,12.6,338175.0,94.6,0
63,0,106933.0,1,52.2,1.0,0,4,4,1,5.0,0,1,8,53466.5,1,1,1,1,0,4.0,641598.0,104.4,0
46,0,86153.0,0,5.0,1.0,2,0,2,1,1.0,1,1,2,43076.5,0,0,1,1,1,0.8,172306.0,10.0,0
33,1,110473.0,1,53.7,1.0,2,6,1,1,3.0,1,1,7,55236.5,1,1,1,1,1,3.9999999999999996,441892.0,107.4,1
45,0,35176.0,2,47.0,2.0,2,4,10,0,3.0,0,1,14,11725.333333333334,1,1,1,0,0,6.4,140704.0,94.0,0
53,1,89564.0,2,8.5,1.0,2,7,17,0,1.0,1,1,24,44782.0,0,0,1,0,1,11.0,179128.0,17.0,0
29,0,65800.0,1,66.9,3.0,2,7,7,0,2.0,1,1,14,16450.0,1,0,1,0,1,7.0,197400.0,133.8,0
57,0,120156.0,1,48.1,3.0,2,7,1,1,2.0,1,1,8,30039.0,1,0,1,1,1,4.6000000000000005,360468.0,96.2,0
61,1,54247.0,1,28.6,2.0,2,0,8,1,1.0,0,1,8,18082.333333333332,0,0,1,1,0,3.2,108494.0,57.2,0
38,1,101369.0,1,57.2,1.0,2,2,1,1,1.0,1,1,3,50684.5,1,0,1,1,1,1.6,202738.0,114.4,0
46,0,30000.0,0,23.4,1.0,0,2,2,1,5.0,1,1,4,15000.0,0,1,1,1,1,2.0,180000.0,46.8,0
55,1,62769.0,2,5.0,1.0,1,5,18,1,4.0,0,1,23,31384.5,0,1,1,1,0,10.2,313845.0,10.0,0
50,0,93303.0,0,106.35000000000001,1.0,1,0,1,0,2.0,1,1,1,46651.5,1,0,1,0,1,0.4,279909.0,212.70000000000002,0
45,0,43153.0,1,58.7,1.0,0,7,6,1,3.0,0,1,13,21576.5,1,1,1,1,0,6.6000000000000005,172612.0,117.4,0
52,0,123303.0,0,41.7,3.0,3,1,1,1,4.0,0,1,2,30825.75,1,1,1,1,0,1.0,616515.0,83.4,1
36,1,103161.0,2,71.3,3.0,0,7,16,0,2.0,1,1,23,25790.25,1,0,1,0,1,10.600000000000001,309483.0,142.6,0
60,0,99032.0,0,67.7,3.0,2,2,2,1,2.0,1,1,4,24758.0,1,0,1,1,1,2.0,297096.0,135.4,0
60,0,70897.0,1,37.4,2.0,1,5,2,1,2.0,1,1,7,23632.333333333332,0,0,1,1,1,3.8,212691.0,74.8,0
51,0,94670.0,2,14.4,2.0,3,2,6,1,5.0,0,1,8,31556.666666666668,0,1,1,1,0,3.6000000000000005,568020.0,28.8,0
33,0,30000.0,0,5.0,1.0,0,1,0,1,1.0,0,1,1,15000.0,0,0,1,1,0,0.6,60000.0,10.0,0
40,0,120446.0,2,87.4,2.0,2,12,10,0,2.0,1,1,22,40148.666666666664,1,0,1,0,1,11.2,361338.0,174.8,0
50,1,79736.0,1,43.4,2.0,3,1,3,0,5.0,0,1,4,26578.666666666668,1,1,1,0,0,1.8000000000000003,478416.0,86.8,0
39,0,99297.0,2,53.0,3.5,2,3,10,1,2.0,0,1,13,22066.0,1,0,1,1,0,5.8,297891.0,106.0,0
35,0,140698.0,2,5.4,2.0,2,13,16,0,2.0,1,1,29,46899.333333333336,0,0,1,0,1,14.2,422094.0,10.8,0
48,0,60984.0,2,56.6,3.0,1,8,15,0,3.0,0,1,23,15246.0,1,1,1,0,0,10.8,243936.0,113.2,0
29,2,106516.0,1,39.7,3.0,2,0,4,0,3.0,1,1,4,26629.0,0,1,1,0,1,1.6,426064.0,79.4,0
30,1,138598.0,2,23.1,2.0,2,13,13,0,5.0,0,1,26,46199.333333333336,0,1,1,0,0,13.0,831588.0,46.2,0
41,1,48214.0,2,20.6,1.0,3,4,12,1,3.0,0,1,16,24107.0,0,1,1,1,0,7.200000000000001,192856.0,41.2,0
55,1,80042.0,1,7.2,2.0,2,0,1,0,1.0,1,1,1,26680.666666666668,0,0,1,0,1,0.4,160084.0,14.4,0
56,1,32273.0,1,55.7,1.0,2,2,5,1,5.0,1,1,7,16136.5,1,1,1,1,1,3.2,193638.0,111.4,1
34,0,146184.0,2,84.1,1.0,1,9,18,1,2.0,1,1,27,73092.0,1,0,1,1,1,12.6,438552.0,168.2,0
59,0,94338.0,2,47.9,2.0,2,3,16,0,3.0,0,1,19,31446.0,1,1,1,0,0,8.2,377352.0,95.8,0
60,1,79868.0,2,65.5,2.0,3,7,9,1,1.0,0,1,16,26622.666666666668,1,0,1,1,0,7.800000000000001,159736.0,131.0,0
47,0,121802.0,0,25.3,3.0,2,0,2,1,4.0,0,1,2,30450.5,0,1,1,1,0,0.8,609010.0,50.6,1
60,0,90173.0,1,53.5,1.0,0,1,8,1,3.0,1,1,9,45086.5,1,1,1,1,1,3.8000000000000003,360692.0,107.0,0
28,0,79472.0,1,56.0,1.0,2,5,9,1,4.0,1,1,14,39736.0,1,1,1,1,1,6.6,397360.0,112.0,1
64,1,78998.0,0,38.0,2.0,1,1,1,1,3.0,1,1,2,26332.666666666668,0,1,1,1,1,1.0,315992.0,76.0,1
55,0,92259.0,0,29.8,1.0,1,1,1,0,2.0,1,1,2,46129.5,0,0,1,0,1,1.0,276777.0,59.6,0
47,0,90912.0,2,20.7,2.0,0,5,14,0,3.0,1,1,19,30304.0,0,1,1,0,1,8.600000000000001,363648.0,41.4,0
63,1,109001.0,2,31.4,1.0,0,4,8,1,1.0,1,1,12,54500.5,0,0,1,1,1,5.6,218002.0,62.8,0
34,1,37082.0,2,38.8,1.0,2,6,19,1,3.0,0,1,25,18541.0,0,1,1,1,0,11.2,148328.0,77.6,0
27,1,105917.0,1,30.0,3.0,0,7,6,1,4.0,1,1,13,26479.25,0,1,1,1,1,6.6000000000000005,529585.0,60.0,0
40,1,43739.0,1,50.2,1.0,1,6,4,1,1.0,1,1,10,21869.5,1,0,1,1,1,5.199999999999999,87478.0,100.4,0
33,1,131655.0,0,52.8,1.0,1,2,3,1,5.0,1,1,5,65827.5,1,1,1,1,1,2.4000000000000004,789930.0,105.6,1
67,0,77147.0,2,71.3,2.0,2,12,6,0,2.0,1,1,18,25715.666666666668,1,0,1,0,1,9.6,231441.0,142.6,0
39,0,50626.0,1,55.9,1.0,1,4,6,1,2.0,1,1,10,25313.0,1,0,1,1,1,4.800000000000001,151878.0,111.8,0
62,0,114166.0,1,74.3,3.0,2,3,7,1,3.0,1,1,10,28541.5,1,1,1,1,1,4.6,456664.0,148.6,0
26,0,136151.0,2,41.5,2.0,2,13,6,0,5.0,0,1,19,45383.666666666664,1,1,1,0,0,10.2,816906.0,83.0,0
68,0,112979.0,1,16.9,1.0,1,6,6,1,3.0,0,1,12,56489.5,0,1,1,1,0,6.0,451916.0,33.8,0
69,1,116449.0,2,5.0,1.0,2,11,13,0,2.0,0,1,24,58224.5,0,0,1,0,0,11.8,349347.0,10.0,0
42,1,84225.0,2,21.2,1.0,0,6,17,1,5.0,0,1,23,42112.5,0,1,1,1,0,10.4,505350.0,42.4,0
67,2,69401.0,1,37.0,1.0,3,0,2,1,3.0,1,1,2,34700.5,0,1,1,1,1,0.8,277604.0,74.0,0
46,0,58767.0,2,39.7,2.0,3,3,4,0,2.0,0,1,7,19589.0,0,0,1,0,0,3.4,176301.0,79.4,0
46,0,99283.0,0,49.4,2.0,3,2,1,1,5.0,1,1,3,33094.333333333336,1,1,1,1,1,1.6,595698.0,98.8,0
53,0,93598.0,2,69.8,1.0,3,7,14,0,3.0,1,1,21,46799.0,1,1,1,0,1,9.8,374392.0,139.6,0
31,1,113219.0,2,30.7,1.0,2,11,18,1,3.0,1,1,29,56609.5,0,1,1,1,1,13.8,452876.0,61.4,0
45,0,101844.0,0,67.3,1.0,1,1,2,1,2.0,0,1,3,50922.0,1,0,1,1,0,1.4,305532.0,134.6,0
69,0,45268.0,2,42.2,2.0,2,6,17,0,1.0,1,1,23,15089.333333333334,1,0,1,0,1,10.4,90536.0,84.4,0
25,1,74234.0,2,20.0,3.0,1,2,9,0,2.0,1,1,11,18558.5,0,0,1,0,1,4.8,222702.0,40.0,0
45,1,116370.0,1,23.3,1.0,2,0,1,1,3.0,1,1,1,58185.0,0,1,1,1,1,0.4,465480.0,46.6,0
61,1,105032.0,2,16.9,1.0,2,13,17,0,4.0,0,1,30,52516.0,0,1,1,0,0,14.600000000000001,525160.0,33.8,0
44,1,83485.0,2,76.4,1.0,2,12,12,0,5.0,1,1,24,41742.5,1,1,1,0,1,12.0,500910.0,152.8,0
47,0,87722.0,2,5.0,1.0,3,5,6,1,3.0,1,1,11,43861.0,0,1,1,1,1,5.4,350888.0,10.0,0
46,1,85514.0,1,81.1,1.0,1,6,7,1,2.0,1,1,13,42757.0,1,0,1,1,1,6.4,256542.0,162.2,0
25,0,103694.0,1,59.9,2.0,2,6,1,1,3.0,0,1,7,34564.666666666664,1,1,1,1,0,3.9999999999999996,414776.0,119.8,0
29,0,129157.0,2,67.0,2.0,3,3,3,0,4.0,0,1,6,43052.333333333336,1,1,1,0,0,3.0,645785.0,134.0,0
54,0,126575.0,2,31.5,1.0,2,4,5,1,4.0,1,1,9,63287.5,0,1,1,1,1,4.4,632875.0,63.0,1
41,1,124357.0,2,28.9,2.0,0,8,8,1,2.0,1,1,16,41452.333333333336,0,0,1,1,1,8.0,373071.0,57.8,0
32,1,56881.0,0,34.4,2.0,2,1,2,1,4.0,0,1,3,18960.333333333332,0,1,1,1,0,1.4,284405.0,68.8,0
34,0,117488.0,1,34.9,1.0,2,3,3,1,4.0,0,1,6,58744.0,0,1,1,1,0,3.0,587440.0,69.8,0
66,1,92384.0,1,72.7,1.0,1,7,6,1,5.0,0,1,13,46192.0,1,1,1,1,0,6.6000000000000005,554304.0,145.4,0
69,1,40122.0,0,37.8,2.0,0,0,1,1,1.0,0,1,1,13374.0,0,0,1,1,0,0.4,80244.0,75.6,0
42,0,84708.0,0,34.3,2.0,2,2,2,1,1.0,1,1,4,28236.0,0,0,1,1,1,2.0,169416.0,68.6,0
57,0,89327.0,2,50.5,2.0,0,11,18,0,3.0,1,1,29,29775.666666666668,1,1,1,0,1,13.8,357308.0,101.0,0
45,0,39678.0,2,66.0,3.5,2,12,11,0,1.0,0,1,23,8817.333333333334,1,0,1,0,0,11.6,79356.0,132.0,0
29,1,34315.0,1,79.5,2.0,2,0,9,1,3.0,1,1,9,11438.333333333334,1,1,1,1,1,3.6,137260.0,159.0,0
27,2,30000.0,2,24.9,1.0,1,12,9,0,3.0,1,1,21,15000.0,0,1,1,0,1,10.799999999999999,120000.0,49.8,1
25,1,64187.0,2,36.8,2.0,2,11,14,0,3.0,1,1,25,21395.666666666668,0,1,1,0,1,12.2,256748.0,73.6,0
44,1,87682.0,2,27.4,1.0,0,4,9,1,3.0,1,1,13,43841.0,0,1,1,1,1,6.0,350728.0,54.8,0
62,0,88278.0,2,16.2,2.0,1,6,14,0,4.0,1,1,20,29426.0,0,1,1,0,1,9.2,441390.0,32.4,1
56,1,60389.0,2,30.1,1.0,2,12,15,1,1.0,0,1,27,30194.5,0,0,1,1,0,13.2,120778.0,60.2,0
52,1,65080.0,2,30.8,2.0,1,9,14,1,3.0,0,1,23,21693.333333333332,0,1,1,1,0,11.0,260320.0,61.6,0
66,1,174521.0,0,98.3,3.0,1,0,2,0,4.0,1,1,2,43630.25,1,1,1,0,1,0.8,872605.0,196.6,0
37,1,149878.0,1,39.4,2.0,2,5,7,1,5.0,0,1,12,49959.333333333336,0,1,1,1,0,5.800000000000001,899268.0,78.8,0
61,0,101392.0,1,32.4,1.0,2,3,1,1,1.0,1,1,4,50696.0,0,0,1,1,1,2.1999999999999997,202784.0,64.8,0
53,1,30000.0,2,50.5,1.0,2,10,5,0,5.0,1,1,15,15000.0,1,1,1,0,1,8.0,180000.0,101.0,0
53,1,76347.0,2,40.8,3.5,3,2,3,0,2.0,0,1,5,16966.0,1,0,1,0,0,2.4000000000000004,229041.0,81.6,0
40,1,53837.0,1,47.0,2.0,2,5,3,0,3.0,0,1,8,17945.666666666668,1,1,1,0,0,4.2,215348.0,94.0,0
27,1,61716.0,0,38.4,2.0,0,1,2,1,5.0,0,1,3,20572.0,0,1,1,1,0,1.4,370296.0,76.8,0
65,1,149075.0,2,83.9,2.0,1,7,12,0,3.0,1,1,19,49691.666666666664,1,1,1,0,1,9.0,596300.0,167.8,0
61,0,95938.0,2,66.3,1.0,2,7,17,0,2.0,1,1,24,47969.0,1,0,1,0,1,11.0,287814.0,132.6,0
57,1,33662.0,1,67.6,2.0,2,2,6,0,1.0,1,1,8,11220.666666666666,1,0,1,0,1,3.6000000000000005,67324.0,135.2,0
63,1,77575.0,2,35.4,2.0,2,13,13,1,5.0,1,1,26,25858.333333333332,0,1,1,1,1,13.0,465450.0,70.8,1
41,0,114071.0,2,59.2,2.0,3,9,17,0,2.0,1,1,26,38023.666666666664,1,0,1,0,1,12.2,342213.0,118.4,0
25,1,84708.0,2,45.1,3.0,1,14,13,1,5.0,1,1,27,21177.0,1,1,1,1,1,13.600000000000001,508248.0,90.2,1
32,1,96544.0,1,57.8,2.0,2,4,5,1,5.0,1,1,9,32181.333333333332,1,1,1,1,1,4.4,579264.0,115.6,1
33,0,95918.0,2,69.0,3.0,1,6,12,0,5.0,1,1,18,23979.5,1,1,1,0,1,8.4,575508.0,138.0,0
62,1,61989.0,0,8.1,3.0,2,1,1,1,4.0,0,1,2,15497.25,0,1,1,1,0,1.0,309945.0,16.2,0
52,1,117246.0,2,33.9,1.0,1,14,17,0,2.0,1,1,31,58623.0,0,0,1,0,1,15.200000000000001,351738.0,67.8,0
41,1,88364.0,2,46.9,1.0,1,6,13,1,2.0,0,1,19,44182.0,1,0,1,1,0,8.8,265092.0,93.8,0
60,0,147298.0,0,60.1,2.0,0,0,2,1,3.0,1,1,2,49099.333333333336,1,1,1,1,1,0.8,589192.0,120.2,0
58,0,108500.0,1,49.5,3.5,2,4,9,1,4.0,1,1,13,24111.11111111111,1,1,1,1,1,6.0,542500.0,99.0,0
36,1,77795.0,1,41.3,1.0,1,6,5,1,3.0,1,1,11,38897.5,1,1,1,1,1,5.6,311180.0,82.6,0
55,1,67597.0,2,74.9,2.0,2,9,3,0,1.0,1,1,12,22532.333333333332,1,0,1,0,1,6.6,135194.0,149.8,0
32,1,113842.0,1,66.1,1.0,3,3,7,1,1.0,1,1,10,56921.0,1,0,1,1,1,4.6,227684.0,132.2,0
53,0,74891.0,1,73.5,1.0,1,3,7,1,5.0,0,1,10,37445.5,1,1,1,1,0,4.6,449346.0,147.0,0
48,1,88071.0,2,27.0,2.0,1,13,11,0,3.0,0,1,24,29357.0,0,1,1,0,0,12.2,352284.0,54.0,0
63,0,54068.0,1,57.9,2.0,2,5,3,1,4.0,1,1,8,18022.666666666668,1,1,1,1,1,4.2,270340.0,115.8,0
27,1,122105.0,1,41.2,3.5,3,3,1,1,1.0,1,1,4,27134.444444444445,1,0,1,1,1,2.1999999999999997,244210.0,82.4,0
62,0,30000.0,1,80.7,3.0,1,1,8,1,3.0,0,1,9,7500.0,1,1,1,1,0,3.8000000000000003,120000.0,161.4,0
37,1,67966.0,0,30.1,1.0,1,0,1,1,5.0,1,1,1,33983.0,0,1,1,1,1,0.4,407796.0,60.2,0
64,0,30000.0,1,12.3,3.0,2,3,6,1,2.0,1,1,9,7500.0,0,0,1,1,1,4.2,90000.0,24.6,0
26,0,172928.0,1,5.0,3.0,3,3,4,1,3.0,1,1,7,43232.0,0,1,1,1,1,3.4,691712.0,10.0,0
36,0,30000.0,1,10.9,1.0,2,7,5,1,4.0,1,1,12,15000.0,0,1,1,1,1,6.2,150000.0,21.8,0
25,1,102773.0,2,47.5,1.0,1,14,7,0,1.0,0,1,21,51386.5,1,0,1,0,0,11.200000000000001,205546.0,95.0,0
34,1,80477.0,2,5.0,3.5,2,12,11,0,1.0,1,1,23,17883.777777777777,0,0,1,0,1,11.6,160954.0,10.0,0
43,1,110494.0,1,32.0,2.0,0,5,1,1,1.0,0,1,6,36831.333333333336,0,0,1,1,0,3.4,220988.0,64.0,0
53,1,73168.0,1,46.6,2.0,0,6,8,1,3.0,0,1,14,24389.333333333332,1,1,1,1,0,6.8,292672.0,93.2,0
66,1,112725.0,1,13.9,2.0,3,5,1,1,3.0,1,1,6,37575.0,0,1,1,1,1,3.4,450900.0,27.8,1
25,1,62402.0,0,28.7,1.0,1,2,0,1,3.0,1,1,2,31201.0,0,1,1,1,1,1.2,249608.0,57.4,0
35,0,59025.0,0,60.7,1.0,1,0,1,1,2.0,0,1,1,29512.5,1,0,1,1,0,0.4,177075.0,121.4,0
66,0,30000.0,1,36.1,2.0,2,2,3,1,3.0,1,1,5,10000.0,0,1,1,1,1,2.4000000000000004,120000.0,72.2,0
39,1,80294.0,0,93.6,1.0,1,0,3,1,3.0,1,1,3,40147.0,1,1,1,1,1,1.2000000000000002,321176.0,187.2,0
35,2,96167.0,2,32.3,2.0,2,10,10,0,3.0,1,1,20,32055.666666666668,0,1,1,0,1,10.0,384668.0,64.6,0
46,1,47352.0,2,39.7,2.0,1,6,3,0,3.0,0,1,9,15784.0,0,1,1,0,0,4.8,189408.0,79.4,0
55,0,67276.0,0,44.0,1.0,2,1,3,1,2.0,1,1,4,33638.0,1,0,1,1,1,1.8000000000000003,201828.0,88.0,1
30,0,86153.0,2,57.0,2.0,3,4,7,0,2.0,1,1,11,28717.666666666668,1,0,1,0,1,5.2,258459.0,114.0,0
58,1,125619.0,1,8.5,1.0,1,6,9,0,2.0,0,1,15,62809.5,0,0,1,0,0,7.199999999999999,376857.0,17.0,0
32,1,55408.0,1,50.3,1.0,3,6,4,1,3.0,1,1,10,27704.0,1,1,1,1,1,5.199999999999999,221632.0,100.6,0
26,1,68471.0,2,5.0,3.0,2,10,6,0,5.0,1,1,16,17117.75,0,1,1,0,1,8.4,410826.0,10.0,1
66,1,54475.0,1,77.4,2.0,1,4,5,1,2.0,1,1,9,18158.333333333332,1,0,1,1,1,4.4,163425.0,154.8,0
52,0,30000.0,0,46.8,2.0,1,0,3,1,3.0,1,1,3,10000.0,1,1,1,1,1,1.2000000000000002,120000.0,93.6,0
41,1,143737.0,2,85.7,1.0,1,6,19,1,2.0,0,1,25,71868.5,1,0,1,1,0,11.2,431211.0,171.4,0
68,0,114972.0,1,52.1,1.0,2,0,3,1,5.0,0,1,3,57486.0,1,1,1,1,0,1.2000000000000002,689832.0,104.2,0
32,0,66709.0,1,46.6,1.0,0,0,6,1,2.0,0,1,6,33354.5,1,0,1,1,0,2.4000000000000004,200127.0,93.2,0
28,0,67541.0,2,26.2,3.0,2,9,17,0,4.0,1,1,26,16885.25,0,1,1,0,1,12.2,337705.0,52.4,1
57,1,45754.0,1,54.4,1.0,0,0,2,1,2.0,0,1,2,22877.0,1,0,1,1,0,0.8,137262.0,108.8,0
44,0,46004.0,2,64.8,3.5,2,8,9,0,1.0,1,1,17,10223.111111111111,1,0,1,0,1,8.4,92008.0,129.6,0
65,0,76193.0,0,41.0,1.0,2,1,0,1,4.0,0,1,1,38096.5,1,1,1,1,0,0.6,380965.0,82.0,0
68,1,58878.0,1,37.7,2.0,1,4,8,0,4.0,1,1,12,19626.0,0,1,1,0,1,5.6,294390.0,75.4,0
33,1,30000.0,1,48.8,1.0,1,4,2,1,5.0,0,1,6,15000.0,1,1,1,1,0,3.2,180000.0,97.6,0
30,0,90617.0,1,46.7,1.0,1,4,5,1,2.0,0,1,9,45308.5,1,0,1,1,0,4.4,271851.0,93.4,0
65,0,63044.0,2,16.7,3.0,3,7,12,0,2.0,1,1,19,15761.0,0,0,1,0,1,9.0,189132.0,33.4,0
62,1,75797.0,1,56.6,1.0,0,1,3,1,2.0,0,1,4,37898.5,1,0,1,1,0,1.8000000000000003,227391.0,113.2,0
32,1,79401.0,2,15.8,2.0,2,12,4,1,1.0,0,1,16,26467.0,0,0,1,1,0,8.799999999999999,158802.0,31.6,0
28,1,79660.0,0,18.9,1.0,1,2,3,1,3.0,1,1,5,39830.0,0,1,1,1,1,2.4000000000000004,318640.0,37.8,0
44,2,63443.0,2,52.2,2.0,1,7,13,1,5.0,1,1,20,21147.666666666668,1,1,1,1,1,9.4,380658.0,104.4,0
34,0,82106.0,2,5.0,2.0,1,12,19,1,4.0,1,1,31,27368.666666666668,0,1,1,1,1,14.8,410530.0,10.0,0
41,0,57641.0,1,24.1,3.5,1,6,2,1,4.0,0,1,8,12809.111111111111,0,1,1,1,0,4.3999999999999995,288205.0,48.2,0
45,1,30287.0,2,50.9,3.0,1,3,16,1,2.0,1,1,19,7571.75,1,0,1,1,1,8.2,90861.0,101.8,0
42,1,68207.0,0,27.7,2.0,2,0,0,1,4.0,0,1,0,22735.666666666668,0,1,1,1,0,0.0,341035.0,55.4,0
61,1,37392.0,2,58.9,1.0,1,4,12,1,3.0,1,1,16,18696.0,1,1,1,1,1,7.200000000000001,149568.0,117.8,0
45,1,89148.0,2,50.7,1.0,2,8,12,0,5.0,1,1,20,44574.0,1,1,1,0,1,9.600000000000001,534888.0,101.4,0
61,0,70332.0,1,39.1,2.0,0,1,6,1,2.0,0,1,7,23444.0,0,0,1,1,0,3.0000000000000004,210996.0,78.2,0
50,1,30000.0,2,52.5,3.0,1,4,19,0,4.0,0,1,23,7500.0,1,1,1,0,0,10.0,150000.0,105.0,0
66,1,30000.0,2,85.6,1.0,0,10,18,0,2.0,0,1,28,15000.0,1,0,1,0,0,13.2,90000.0,171.2,0
31,1,106643.0,1,47.5,3.5,2,4,5,1,1.0,1,1,9,23698.444444444445,1,0,1,1,1,4.4,213286.0,95.0,0
25,1,76013.0,1,69.0,2.0,1,6,8,1,2.0,1,1,14,25337.666666666668,1,0,1,1,1,6.8,228039.0,138.0,0
41,1,52905.0,2,43.8,2.0,2,10,6,0,2.0,0,1,16,17635.0,1,0,1,0,0,8.4,158715.0,87.6,0
63,1,60440.0,2,16.5,2.0,2,6,5,0,3.0,1,1,11,20146.666666666668,0,1,1,0,1,5.6,241760.0,33.0,0
44,0,35425.0,0,17.4,3.0,1,1,1,1,5.0,0,1,2,8856.25,0,1,1,1,0,1.0,212550.0,34.8,0
47,1,59330.0,2,64.6,3.0,0,13,6,0,1.0,0,1,19,14832.5,1,0,1,0,0,10.2,118660.0,129.2,0
42,1,77044.0,0,13.4,1.0,3,1,1,1,4.0,0,1,2,38522.0,0,1,1,1,0,1.0,385220.0,26.8,0
30,0,111630.0,0,29.1,3.5,0,1,3,1,4.0,0,1,4,24806.666666666668,0,1,1,1,0,1.8000000000000003,558150.0,58.2,0
26,0,77181.0,2,50.9,3.0,1,4,11,1,1.0,0,1,15,19295.25,1,0,1,1,0,6.800000000000001,154362.0,101.8,0
38,0,97655.0,0,13.5,2.0,1,0,1,1,2.0,1,1,1,32551.666666666668,0,0,1,1,1,0.4,292965.0,27.0,0
29,1,30000.0,2,64.4,1.0,1,14,13,1,3.0,1,1,27,15000.0,1,1,1,1,1,13.600000000000001,120000.0,128.8,0
50,1,102330.0,1,76.6,1.0,2,4,2,1,4.0,0,1,6,51165.0,1,1,1,1,0,3.2,511650.0,153.2,0
68,1,82806.0,2,40.3,1.0,2,12,19,0,1.0,1,1,31,41403.0,1,0,1,0,1,14.8,165612.0,80.6,0
35,2,87377.0,2,50.3,3.0,2,5,4,0,1.0,0,1,9,21844.25,1,0,1,0,0,4.6,174754.0,100.6,0
36,1,66170.0,2,57.2,3.0,0,5,16,0,3.0,0,1,21,16542.5,1,1,1,0,0,9.4,264680.0,114.4,0
50,1,85041.0,0,30.1,3.0,2,2,1,1,4.0,1,1,3,21260.25,0,1,1,1,1,1.6,425205.0,60.2,1
40,1,70170.0,2,65.4,3.0,1,11,12,0,4.0,0,1,23,17542.5,1,1,1,0,0,11.4,350850.0,130.8,0
50,0,63241.0,2,5.0,1.0,2,12,16,0,2.0,1,1,28,31620.5,0,0,1,0,1,13.6,189723.0,10.0,0
41,1,134239.0,0,63.2,2.0,2,2,2,1,2.0,1,1,4,44746.333333333336,1,0,1,1,1,2.0,402717.0,126.4,0
68,2,110403.0,0,64.3,1.0,2,1,2,1,2.0,1,1,3,55201.5,1,0,1,1,1,1.4,331209.0,128.6,0
56,0,59468.0,0,46.3,3.0,2,0,0,1,3.0,0,1,0,14867.0,1,1,1,1,0,0.0,237872.0,92.6,0
48,1,30000.0,0,55.6,1.0,1,2,3,1,4.0,1,1,5,15000.0,1,1,1,1,1,2.4000000000000004,150000.0,111.2,0
63,1,59412.0,1,24.6,1.0,3,5,7,1,4.0,0,1,12,29706.0,0,1,1,1,0,5.800000000000001,297060.0,49.2,0
32,0,121024.0,2,55.8,1.0,2,13,15,1,2.0,1,1,28,60512.0,1,0,1,1,1,13.8,363072.0,111.6,0
63,1,111564.0,2,47.1,1.0,3,7,15,0,2.0,0,1,22,55782.0,1,0,1,0,0,10.2,334692.0,94.2,0
56,1,109318.0,2,35.1,1.0,0,13,16,0,2.0,0,1,29,54659.0,0,0,1,0,0,14.2,327954.0,70.2,0
45,0,30000.0,2,65.1,1.0,2,11,16,0,4.0,0,1,27,15000.0,1,1,1,0,0,13.0,150000.0,130.2,0
64,0,109557.0,2,5.1,3.0,1,10,14,0,5.0,1,1,24,27389.25,0,1,1,0,1,11.600000000000001,657342.0,10.2,1
33,1,81483.0,2,5.0,1.0,2,10,18,0,5.0,1,1,28,40741.5,0,1,1,0,1,13.2,488898.0,10.0,1
36,1,91631.0,2,44.1,3.5,1,9,18,0,4.0,0,1,27,20362.444444444445,1,1,1,0,0,12.6,458155.0,88.2,0
41,0,118831.0,2,40.2,1.0,0,13,13,0,2.0,1,1,26,59415.5,1,0,1,0,1,13.0,356493.0,80.4,0
35,0,30000.0,1,54.9,1.0,1,3,7,1,2.0,1,1,10,15000.0,1,0,1,1,1,4.6,90000.0,109.8,0
43,0,30000.0,2,21.1,1.0,1,8,15,1,4.0,0,1,23,15000.0,0,1,1,1,0,10.8,150000.0,42.2,0
40,2,139605.0,1,16.2,1.0,1,4,8,1,2.0,0,1,12,69802.5,0,0,1,1,0,5.6,418815.0,32.4,0
31,2,98141.0,1,16.4,1.0,1,7,7,1,4.0,0,1,14,49070.5,0,1,1,1,0,7.0,490705.0,32.8,1
27,1,58135.0,1,55.9,2.0,2,1,6,1,4.0,0,1,7,19378.333333333332,1,1,1,1,0,3.0000000000000004,290675.0,111.8,0
56,0,90471.0,2,42.3,3.0,2,11,11,0,5.0,1,1,22,22617.75,1,1,1,0,1,11.0,542826.0,84.6,1
32,1,115181.0,2,38.4,1.0,3,6,9,0,3.0,0,1,15,57590.5,0,1,1,0,0,7.199999999999999,460724.0,76.8,0
28,0,85616.0,0,40.4,1.0,1,0,2,1,4.0,0,1,2,42808.0,1,1,1,1,0,0.8,428080.0,80.8,0
56,0,67327.0,0,8.4,2.0,0,2,0,1,4.0,1,1,2,22442.333333333332,0,1,1,1,1,1.2,336635.0,16.8,0
46,0,57581.0,1,78.9,3.0,0,4,1,0,1.0,1,1,5,14395.25,1,0,1,0,1,2.8,115162.0,157.8,0
35,1,84046.0,2,28.1,2.0,2,2,12,0,2.0,1,1,14,28015.333333333332,0,0,1,0,1,6.000000000000001,252138.0,56.2,0
58,1,78507.0,1,24.5,1.0,1,1,7,1,5.0,1,1,8,39253.5,0,1,1,1,1,3.4000000000000004,471042.0,49.0,0
43,0,70647.0,2,62.3,2.0,1,11,7,1,3.0,0,1,18,23549.0,1,1,1,1,0,9.4,282588.0,124.6,0
47,0,57187.0,2,9.7,3.5,3,11,16,1,1.0,0,1,27,12708.222222222223,0,0,1,1,0,13.0,114374.0,19.4,0
38,0,83225.0,2,40.9,2.0,0,8,3,1,4.0,0,1,11,27741.666666666668,1,1,1,1,0,6.0,416125.0,81.8,0
48,0,73500.0,2,39.0,2.0,1,11,6,0,2.0,0,1,17,24500.0,0,0,1,0,0,9.0,220500.0,78.0,0
58,0,109963.0,1,40.2,2.0,2,0,6,1,5.0,0,1,6,36654.333333333336,1,1,1,1,0,2.4000000000000004,659778.0,80.4,0
50,1,84421.0,2,61.8,1.0,1,8,7,0,1.0,1,1,15,42210.5,1,0,1,0,1,7.6,168842.0,123.6,0
54,1,157750.0,0,97.8,2.0,2,1,0,1,4.0,0,1,1,52583.333333333336,1,1,1,1,0,0.6,788750.0,195.6,1
36,0,84463.0,2,54.8,1.0,1,13,16,0,1.0,1,1,29,42231.5,1,0,1,0,1,14.2,168926.0,109.6,0
35,0,119321.0,1,53.5,2.0,0,7,9,1,2.0,0,1,16,39773.666666666664,1,0,1,1,0,7.800000000000001,357963.0,107.0,0
52,0,30000.0,1,77.7,2.0,2,1,6,1,4.0,0,1,7,10000.0,1,1,1,1,0,3.0000000000000004,150000.0,155.4,0
44,1,174521.0,1,49.3,2.0,2,1,9,1,1.0,1,1,10,58173.666666666664,1,0,1,1,1,4.2,349042.0,98.6,0
55,0,114120.0,2,17.9,3.0,1,11,17,1,4.0,1,1,28,28530.0,0,1,1,1,1,13.4,570600.0,35.8,1
62,0,113542.0,1,17.5,3.5,0,5,1,1,4.0,1,1,6,25231.555555555555,0,1,1,1,1,3.4,567710.0,35.0,1
58,0,110361.0,1,38.7,2.0,1,5,5,1,4.0,1,1,10,36787.0,0,1,1,1,1,5.0,551805.0,77.4,1
42,1,107494.0,1,26.0,3.5,2,0,2,1,5.0,1,1,2,23887.555555555555,0,1,1,1,1,0.8,644964.0,52.0,0
48,1,91799.0,1,22.6,1.0,0,3,7,1,3.0,1,1,10,45899.5,0,1,1,1,1,4.6,367196.0,45.2,0
52,0,124755.0,0,22.0,1.0,2,2,1,1,3.0,1,1,3,62377.5,0,1,1,1,1,1.6,499020.0,44.0,1
42,1,121100.0,2,25.2,2.0,2,10,17,0,3.0,1,1,27,40366.666666666664,0,1,1,0,1,12.8,484400.0,50.4,0
37,0,30000.0,2,15.6,1.0,2,5,7,0,2.0,1,1,12,15000.0,0,0,1,0,1,5.800000000000001,90000.0,31.2,0
46,1,40843.0,0,45.1,2.0,2,2,1,1,2.0,1,1,3,13614.333333333334,1,0,1,1,1,1.6,122529.0,90.2,0
35,0,101927.0,2,40.4,2.0,2,13,16,1,5.0,0,1,29,33975.666666666664,1,1,1,1,0,14.2,611562.0,80.8,0
25,0,96537.0,1,64.7,2.0,3,1,8,1,2.0,0,1,9,32179.0,1,0,1,1,0,3.8000000000000003,289611.0,129.4,0
42,0,56375.0,2,45.1,2.0,3,11,5,1,3.0,0,1,16,18791.666666666668,1,1,1,1,0,8.6,225500.0,90.2,0
37,0,52285.0,1,18.0,3.0,1,2,8,0,5.0,1,1,10,13071.25,0,1,1,0,1,4.4,313710.0,36.0,0
59,0,115537.0,2,61.2,3.5,1,6,3,0,1.0,1,1,9,25674.88888888889,1,0,1,0,1,4.8,231074.0,122.4,0
30,2,42949.0,2,40.2,1.0,1,13,19,0,2.0,0,1,32,21474.5,1,0,1,0,0,15.4,128847.0,80.4,0
33,1,160441.0,2,15.1,2.0,2,8,7,0,2.0,1,1,15,53480.333333333336,0,0,1,0,1,7.6,481323.0,30.2,0
52,0,110375.0,2,22.3,1.0,0,10,15,1,3.0,0,1,25,55187.5,0,1,1,1,0,12.0,441500.0,44.6,0
69,1,107469.0,1,55.1,1.0,2,3,1,1,2.0,1,1,4,53734.5,1,0,1,1,1,2.1999999999999997,322407.0,110.2,0
52,1,102695.0,2,37.3,1.0,1,13,17,1,3.0,0,1,30,51347.5,0,1,1,1,0,14.600000000000001,410780.0,74.6,0
69,0,92864.0,0,53.4,2.0,1,1,1,1,4.0,0,1,2,30954.666666666668,1,1,1,1,0,1.0,464320.0,106.8,0
63,0,79551.0,2,19.0,1.0,3,9,5,0,3.0,1,1,14,39775.5,0,1,1,0,1,7.3999999999999995,318204.0,38.0,0
61,0,125102.0,2,58.4,1.0,1,7,15,1,3.0,1,1,22,62551.0,1,1,1,1,1,10.2,500408.0,116.8,0
33,1,137076.0,2,13.5,2.0,1,13,5,0,4.0,1,1,18,45692.0,0,1,1,0,1,9.8,685380.0,27.0,0
29,1,90031.0,2,64.7,1.0,2,13,19,0,4.0,1,1,32,45015.5,1,1,1,0,1,15.4,450155.0,129.4,1
65,1,98224.0,2,37.7,1.0,1,12,11,1,3.0,0,1,23,49112.0,0,1,1,1,0,11.6,392896.0,75.4,0
57,1,123593.0,0,74.9,3.0,0,1,3,1,5.0,1,1,4,30898.25,1,1,1,1,1,1.8000000000000003,741558.0,149.8,1
38,0,52798.0,1,30.7,1.0,2,0,1,1,1.0,1,1,1,26399.0,0,0,1,1,1,0.4,105596.0,61.4,0
62,1,70536.0,1,55.1,2.0,1,2,2,1,2.0,0,1,4,23512.0,1,0,1,1,0,2.0,211608.0,110.2,0
29,0,70867.0,2,78.1,1.0,0,12,6,1,5.0,1,1,18,35433.5,1,1,1,1,1,9.6,425202.0,156.2,0
63,1,71841.0,1,49.7,1.0,2,2,7,1,1.0,0,1,9,35920.5,1,0,1,1,0,4.0,143682.0,99.4,0
57,0,174521.0,2,35.7,2.0,2,10,18,0,5.0,1,1,28,58173.666666666664,0,1,1,0,1,13.2,1047126.0,71.4,1
27,1,94611.0,2,54.4,3.0,3,6,15,0,3.0,1,1,21,23652.75,1,1,1,0,1,9.6,378444.0,108.8,0
42,1,47787.0,2,19.1,1.0,2,7,3,1,1.0,1,1,10,23893.5,0,0,1,1,1,5.4,95574.0,38.2,0
62,0,102998.0,0,44.1,1.0,1,2,0,1,5.0,0,1,2,51499.0,1,1,1,1,0,1.2,617988.0,88.2,0
63,0,128146.0,2,5.8,2.0,2,3,12,1,5.0,1,1,15,42715.333333333336,0,1,1,1,1,6.6000000000000005,768876.0,11.6,1
56,1,49115.0,2,58.1,2.0,0,7,14,1,3.0,1,1,21,16371.666666666666,1,1,1,1,1,9.8,196460.0,116.2,0
59,1,100779.0,2,52.6,3.5,1,4,6,0,2.0,0,1,10,22395.333333333332,1,0,1,0,0,4.800000000000001,302337.0,105.2,0
62,1,76372.0,2,33.1,1.0,2,13,4,1,2.0,0,1,17,38186.0,0,0,1,1,0,9.4,229116.0,66.2,0
52,1,174521.0,2,18.2,2.0,2,11,9,0,4.0,0,1,20,58173.666666666664,0,1,1,0,0,10.2,872605.0,36.4,0
58,0,110350.0,1,16.9,1.0,2,0,9,1,5.0,0,1,9,55175.0,0,1,1,1,0,3.6,662100.0,33.8,0
46,0,81050.0,1,78.0,2.0,2,7,5,1,1.0,1,1,12,27016.666666666668,1,0,1,1,1,6.2,162100.0,156.0,0
55,0,64984.0,2,47.1,1.0,1,7,17,1,1.0,1,1,24,32492.0,1,0,1,1,1,11.0,129968.0,94.2,0
56,0,84934.0,1,40.2,2.0,1,1,8,0,4.0,1,1,9,28311.333333333332,1,1,1,0,1,3.8000000000000003,424670.0,80.4,1
36,1,110156.0,2,24.8,1.0,2,7,12,0,5.0,0,1,19,55078.0,0,1,1,0,0,9.0,660936.0,49.6,0
49,0,124256.0,2,36.8,1.0,3,13,15,0,5.0,1,1,28,62128.0,0,1,1,0,1,13.8,745536.0,73.6,1
56,0,68384.0,0,40.1,1.0,0,1,2,1,1.0,0,1,3,34192.0,0,0,1,1,0,1.4,136768.0,80.2,0
35,1,84708.0,1,73.8,1.0,2,0,4,1,2.0,1,1,4,42354.0,1,0,1,1,1,1.6,254124.0,147.6,0
67,1,50578.0,2,92.0,1.0,1,13,4,1,3.0,0,1,17,25289.0,1,1,1,1,0,9.4,202312.0,184.0,0
38,1,98710.0,1,37.2,2.0,2,3,4,1,1.0,0,1,7,32903.333333333336,0,0,1,1,0,3.4,197420.0,74.4,0
54,0,68435.0,2,54.7,1.0,1,8,18,0,4.0,0,1,26,34217.5,1,1,1,0,0,12.0,342175.0,109.4,0
52,0,125649.0,1,5.0,3.0,1,3,7,1,4.0,0,1,10,31412.25,0,1,1,1,0,4.6,628245.0,10.0,0
44,1,77242.0,1,49.9,2.0,1,2,7,1,1.0,1,1,9,25747.333333333332,1,0,1,1,1,4.0,154484.0,99.8,0
32,0,90633.0,2,45.1,3.0,2,7,3,1,5.0,0,1,10,22658.25,1,1,1,1,0,5.4,543798.0,90.2,0
34,1,81439.0,2,27.1,3.0,3,5,5,0,3.0,0,1,10,20359.75,0,1,1,0,0,5.0,325756.0,54.2,0
41,1,94082.0,2,65.1,1.0,0,9,15,0,5.0,1,1,24,47041.0,1,1,1,0,1,11.399999999999999,564492.0,130.2,1
54,0,84708.0,2,21.9,2.0,0,7,10,0,4.0,1,1,17,28236.0,0,1,1,0,1,8.2,423540.0,43.8,0
67,1,65298.0,2,40.2,2.0,3,5,15,0,2.0,1,1,20,21766.0,1,0,1,0,1,9.0,195894.0,80.4,0
37,0,43381.0,2,91.7,2.0,1,6,3,0,3.0,0,1,9,14460.333333333334,1,1,1,0,0,4.8,173524.0,183.4,0
50,1,97366.0,0,54.1,3.0,1,0,0,1,4.0,0,1,0,24341.5,1,1,1,1,0,0.0,486830.0,108.2,0
25,1,130667.0,2,56.6,3.5,0,4,12,0,2.0,1,1,16,29037.11111111111,1,0,1,0,1,7.200000000000001,392001.0,113.2,0
25,0,60499.0,2,43.5,2.0,0,8,6,1,2.0,0,1,14,20166.333333333332,1,0,1,1,0,7.2,181497.0,87.0,0
68,1,99139.0,0,17.4,2.0,1,1,1,1,2.0,0,1,2,33046.333333333336,0,0,1,1,0,1.0,297417.0,34.8,0
29,1,72466.0,1,28.3,3.5,0,6,2,1,5.0,0,1,8,16103.555555555555,0,1,1,1,0,4.3999999999999995,434796.0,56.6,0
34,1,96709.0,1,28.8,2.0,2,7,5,1,1.0,1,1,12,32236.333333333332,0,0,1,1,1,6.2,193418.0,57.6,0
31,0,87357.0,2,43.7,3.0,0,10,19,1,2.0,1,1,29,21839.25,1,0,1,1,1,13.600000000000001,262071.0,87.4,0
26,1,57740.0,2,28.6,2.0,1,5,4,0,2.0,0,1,9,19246.666666666668,0,0,1,0,0,4.6,173220.0,57.2,0
66,0,108709.0,0,71.2,3.5,2,1,3,0,2.0,1,1,4,24157.555555555555,1,0,1,0,1,1.8000000000000003,326127.0,142.4,0
64,0,57701.0,2,40.8,2.0,1,9,12,1,5.0,0,1,21,19233.666666666668,1,1,1,1,0,10.2,346206.0,81.6,0
33,1,55079.0,2,32.5,1.0,2,8,6,1,1.0,1,1,14,27539.5,0,0,1,1,1,7.2,110158.0,65.0,0
68,0,124405.0,1,43.3,3.0,0,7,8,0,2.0,1,1,15,31101.25,1,0,1,0,1,7.4,373215.0,86.6,0
43,1,123366.0,1,46.9,2.0,2,5,3,1,4.0,0,1,8,41122.0,1,1,1,1,0,4.2,616830.0,93.8,0
54,2,39185.0,2,36.9,3.0,2,13,12,1,4.0,0,1,25,9796.25,0,1,1,1,0,12.600000000000001,195925.0,73.8,0
41,1,88212.0,1,30.2,2.0,1,4,3,1,2.0,1,1,7,29404.0,0,0,1,1,1,3.6,264636.0,60.4,0
40,0,126391.0,2,56.1,1.0,1,11,4,0,1.0,1,1,15,63195.5,1,0,1,0,1,8.2,252782.0,112.2,0
47,0,121860.0,2,98.5,3.0,1,14,13,1,3.0,0,1,27,30465.0,1,1,1,1,0,13.600000000000001,487440.0,197.0,0
65,0,138353.0,1,5.0,2.0,2,5,4,1,4.0,1,1,9,46117.666666666664,0,1,1,1,1,4.6,691765.0,10.0,0
38,0,133981.0,2,87.0,2.0,1,9,9,1,5.0,1,1,18,44660.333333333336,1,1,1,1,1,9.0,803886.0,174.0,1
69,1,72919.0,2,5.0,1.0,2,7,9,0,5.0,0,1,16,36459.5,0,1,1,0,0,7.800000000000001,437514.0,10.0,0
67,0,30000.0,2,5.0,1.0,2,7,18,1,5.0,1,1,25,15000.0,0,1,1,1,1,11.4,180000.0,10.0,1
63,1,56459.0,0,79.0,1.0,0,1,1,1,3.0,1,1,2,28229.5,1,1,1,1,1,1.0,225836.0,158.0,0
29,0,73397.0,2,37.3,2.0,1,8,14,0,4.0,1,1,22,24465.666666666668,0,1,1,0,1,10.4,366985.0,74.6,1
28,0,59607.0,1,78.6,1.0,3,5,8,1,4.0,1,1,13,29803.5,1,1,1,1,1,6.2,298035.0,157.2,0
32,1,30000.0,0,67.6,3.5,2,2,2,1,4.0,1,1,4,6666.666666666667,1,1,1,1,1,2.0,150000.0,135.2,0
60,1,100584.0,2,25.6,2.0,2,10,9,0,2.0,1,1,19,33528.0,0,0,1,0,1,9.6,301752.0,51.2,1
39,2,78677.0,2,18.8,3.0,1,10,6,0,4.0,1,1,16,19669.25,0,1,1,0,1,8.4,393385.0,37.6,1
36,1,91993.0,2,12.1,1.0,3,8,19,1,5.0,1,1,27,45996.5,0,1,1,1,1,12.4,551958.0,24.2,1
35,0,67330.0,2,19.7,3.0,1,14,10,0,5.0,0,1,24,16832.5,0,1,1,0,0,12.4,403980.0,39.4,0
36,0,78581.0,1,40.9,1.0,1,0,1,1,1.0,1,1,1,39290.5,1,0,1,1,1,0.4,157162.0,81.8,0
63,1,114825.0,1,8.6,2.0,3,1,9,1,4.0,0,1,10,38275.0,0,1,1,1,0,4.2,574125.0,17.2,0
53,0,113380.0,0,84.1,2.0,2,0,1,1,5.0,0,1,1,37793.333333333336,1,1,1,1,0,0.4,680280.0,168.2,0
65,0,57112.0,1,45.4,3.5,2,2,8,0,1.0,0,1,10,12691.555555555555,1,0,1,0,0,4.4,114224.0,90.8,0
67,0,76959.0,1,5.0,2.0,1,5,9,1,4.0,1,1,14,25653.0,0,1,1,1,1,6.6,384795.0,10.0,0
30,0,122374.0,1,32.3,1.0,2,6,3,1,4.0,1,1,9,61187.0,0,1,1,1,1,4.8,611870.0,64.6,0
37,0,70180.0,2,34.1,2.0,2,3,10,0,3.0,1,1,13,23393.333333333332,0,1,1,0,1,5.8,280720.0,68.2,0
62,0,42589.0,1,50.1,1.0,2,2,6,1,2.0,0,1,8,21294.5,1,0,1,1,0,3.6000000000000005,127767.0,100.2,0
69,1,57632.0,0,48.2,2.0,1,1,2,1,1.0,0,1,3,19210.666666666668,1,0,1,1,0,1.4,115264.0,96.4,0
29,0,77360.0,2,70.6,1.0,3,11,12,0,2.0,1,1,23,38680.0,1,0,1,0,1,11.4,232080.0,141.2,0
62,0,121797.0,0,90.8,3.0,1,0,0,1,1.0,0,1,0,30449.25,1,0,1,1,0,0.0,243594.0,181.6,0
38,0,122748.0,1,43.2,1.0,0,5,9,1,5.0,1,1,14,61374.0,1,1,1,1,1,6.6,736488.0,86.4,1
44,0,113290.0,2,9.4,2.0,2,14,5,1,5.0,1,1,19,37763.333333333336,0,1,1,1,1,10.4,679740.0,18.8,1
56,1,68003.0,2,72.9,1.0,2,3,8,1,2.0,0,1,11,34001.5,1,0,1,1,0,5.0,204009.0,145.8,0
32,0,138473.0,1,5.0,2.0,1,6,9,1,5.0,1,1,15,46157.666666666664,0,1,1,1,1,7.199999999999999,830838.0,10.0,0
46,1,86840.0,2,68.0,3.0,2,14,7,1,4.0,1,1,21,21710.0,1,1,1,1,1,11.200000000000001,434200.0,136.0,0
44,1,30000.0,1,80.3,2.0,1,0,6,1,3.0,0,1,6,10000.0,1,1,1,1,0,2.4000000000000004,120000.0,160.6,0
44,1,96418.0,2,59.8,3.0,1,12,17,1,5.0,1,1,29,24104.5,1,1,1,1,1,14.0,578508.0,119.6,0
31,0,63386.0,2,40.2,2.0,3,8,6,0,4.0,0,1,14,21128.666666666668,1,1,1,0,0,7.2,316930.0,80.4,0
48,0,125143.0,2,64.6,2.0,1,3,19,0,5.0,1,1,22,41714.333333333336,1,1,1,0,1,9.4,750858.0,129.2,1
69,0,153529.0,0,71.1,2.0,1,2,2,1,3.0,1,1,4,51176.333333333336,1,1,1,1,1,2.0,614116.0,142.2,1
60,1,76857.0,2,22.6,1.0,2,4,13,1,4.0,0,1,17,38428.5,0,1,1,1,0,7.6,384285.0,45.2,0
36,0,143920.0,1,46.6,3.0,0,0,3,1,1.0,0,1,3,35980.0,1,0,1,1,0,1.2000000000000002,287840.0,93.2,0
64,1,94745.0,2,48.2,2.0,1,6,19,1,4.0,0,1,25,31581.666666666668,1,1,1,1,0,11.2,473725.0,96.4,0
40,1,86956.0,1,44.5,1.0,2,0,9,1,3.0,0,1,9,43478.0,1,1,1,1,0,3.6,347824.0,89.0,0
64,1,174521.0,2,60.4,3.5,0,7,16,1,3.0,0,1,23,38782.444444444445,1,1,1,1,0,10.600000000000001,698084.0,120.8,0
49,1,73410.0,1,29.2,2.0,1,6,8,1,2.0,1,1,14,24470.0,0,0,1,1,1,6.8,220230.0,58.4,0
54,0,71795.0,2,5.0,2.0,2,12,13,1,4.0,1,1,25,23931.666666666668,0,1,1,1,1,12.399999999999999,358975.0,10.0,0
33,1,30000.0,1,34.0,1.0,2,0,7,1,5.0,1,1,7,15000.0,0,1,1,1,1,2.8000000000000003,180000.0,68.0,0
44,0,64343.0,1,81.4,2.0,1,1,7,1,1.0,1,1,8,21447.666666666668,1,0,1,1,1,3.4000000000000004,128686.0,162.8,0
46,0,98578.0,2,25.4,3.0,2,8,10,1,4.0,1,1,18,24644.5,0,1,1,1,1,8.8,492890.0,50.8,1
61,1,107629.0,2,43.6,3.0,2,3,9,0,1.0,0,1,12,26907.25,1,0,1,0,0,5.4,215258.0,87.2,0
69,0,48029.0,2,40.2,2.0,1,13,10,0,2.0,1,1,23,16009.666666666666,1,0,1,0,1,11.8,144087.0,80.4,1
44,0,72623.0,1,27.3,1.0,1,4,9,0,5.0,1,1,13,36311.5,0,1,1,0,1,6.0,435738.0,54.6,0
48,0,125621.0,1,31.1,2.0,2,1,4,1,4.0,0,1,5,41873.666666666664,0,1,1,1,0,2.2,628105.0,62.2,0
58,1,44501.0,2,5.0,2.0,1,7,13,1,3.0,0,1,20,14833.666666666666,0,1,1,1,0,9.4,178004.0,10.0,0
66,0,95813.0,1,11.2,2.0,1,1,7,1,2.0,1,1,8,31937.666666666668,0,0,1,1,1,3.4000000000000004,287439.0,22.4,0
59,1,124907.0,2,89.6,2.0,1,8,6,0,2.0,1,1,14,41635.666666666664,1,0,1,0,1,7.2,374721.0,179.2,0
45,1,124896.0,1,23.7,1.0,2,2,3,1,3.0,0,1,5,62448.0,0,1,1,1,0,2.4000000000000004,499584.0,47.4,0
30,0,101304.0,1,30.3,2.0,2,7,4,0,3.0,1,1,11,33768.0,0,1,1,0,1,5.800000000000001,405216.0,60.6,0
62,0,105696.0,0,50.4,1.0,2,2,1,1,2.0,1,1,3,52848.0,1,0,1,1,1,1.6,317088.0,100.8,0
58,1,90263.0,1,44.9,1.0,1,7,1,1,2.0,0,1,8,45131.5,1,0,1,1,0,4.6000000000000005,270789.0,89.8,0
54,0,32826.0,2,7.6,2.0,1,9,7,0,1.0,1,1,16,10942.0,0,0,1,0,1,8.2,65652.0,15.2,0
65,0,82191.0,2,7.8,1.0,0,7,9,0,1.0,0,1,16,41095.5,0,0,1,0,0,7.800000000000001,164382.0,15.6,0
55,0,84708.0,1,8.3,3.0,1,4,1,0,3.0,0,1,5,21177.0,0,1,1,0,0,2.8,338832.0,16.6,0
41,1,119293.0,0,66.2,2.0,2,2,3,1,4.0,1,1,5,39764.333333333336,1,1,1,1,1,2.4000000000000004,596465.0,132.4,0
46,1,75139.0,2,83.9,2.0,2,5,12,0,5.0,1,1,17,25046.333333333332,1,1,1,0,1,7.800000000000001,450834.0,167.8,0
28,1,83438.0,2,47.5,2.0,1,14,13,0,5.0,1,1,27,27812.666666666668,1,1,1,0,1,13.600000000000001,500628.0,95.0,0
56,2,71470.0,1,5.0,1.0,1,3,5,1,3.0,0,1,8,35735.0,0,1,1,1,0,3.8,285880.0,10.0,0
35,1,54573.0,1,21.6,2.0,0,3,8,1,2.0,1,1,11,18191.0,0,0,1,1,1,5.0,163719.0,43.2,0
26,1,71487.0,2,91.5,1.0,1,5,7,1,4.0,1,1,12,35743.5,1,1,1,1,1,5.800000000000001,357435.0,183.0,0
38,0,80351.0,1,54.7,2.0,0,0,6,0,1.0,0,1,6,26783.666666666668,1,0,1,0,0,2.4000000000000004,160702.0,109.4,0
56,1,96310.0,1,69.5,1.0,3,1,9,0,2.0,1,1,10,48155.0,1,0,1,0,1,4.2,288930.0,139.0,0
44,0,113343.0,1,68.9,1.0,0,5,8,0,4.0,1,1,13,56671.5,1,1,1,0,1,6.2,566715.0,137.8,0
54,0,99174.0,1,21.4,2.0,2,3,1,1,4.0,0,1,4,33058.0,0,1,1,1,0,2.1999999999999997,495870.0,42.8,0
41,0,87430.0,1,68.0,1.0,0,5,9,0,3.0,1,1,14,43715.0,1,1,1,0,1,6.6,349720.0,136.0,0
46,0,96364.0,0,52.7,1.0,1,2,2,1,3.0,1,1,4,48182.0,1,1,1,1,1,2.0,385456.0,105.4,0
50,1,92862.0,2,8.0,2.0,2,8,9,0,3.0,0,1,17,30954.0,0,1,1,0,0,8.4,371448.0,16.0,0
69,1,86920.0,2,29.3,3.0,2,11,12,0,5.0,0,1,23,21730.0,0,1,1,0,0,11.4,521520.0,58.6,0
25,0,113311.0,2,46.9,1.0,3,13,4,0,1.0,1,1,17,56655.5,1,0,1,0,1,9.4,226622.0,93.8,0
29,1,76522.0,2,83.9,1.0,2,6,11,0,1.0,1,1,17,38261.0,1,0,1,0,1,8.0,153044.0,167.8,0
43,0,125699.0,1,49.5,1.0,2,5,8,1,2.0,1,1,13,62849.5,1,0,1,1,1,6.2,377097.0,99.0,1
65,0,109294.0,2,27.6,1.0,2,13,14,0,3.0,1,1,27,54647.0,0,1,1,0,1,13.4,437176.0,55.2,0
46,1,69274.0,0,40.2,2.0,2,0,3,1,4.0,0,1,3,23091.333333333332,1,1,1,1,0,1.2000000000000002,346370.0,80.4,0
37,1,107175.0,1,16.3,1.0,2,4,4,1,3.0,0,1,8,53587.5,0,1,1,1,0,4.0,428700.0,32.6,0
38,1,30000.0,1,23.2,1.0,1,1,7,0,5.0,1,1,8,15000.0,0,1,1,0,1,3.4000000000000004,180000.0,46.4,0
65,1,115529.0,2,8.5,3.5,1,14,9,0,1.0,1,1,23,25673.11111111111,0,0,1,0,1,12.0,231058.0,17.0,0
43,1,30000.0,0,42.6,1.0,2,1,2,1,4.0,1,1,3,15000.0,1,1,1,1,1,1.4,150000.0,85.2,0
38,1,91415.0,2,5.0,2.0,0,13,9,1,4.0,1,1,22,30471.666666666668,0,1,1,1,1,11.4,457075.0,10.0,0
63,1,62014.0,1,19.4,2.0,2,2,8,1,3.0,1,1,10,20671.333333333332,0,1,1,1,1,4.4,248056.0,38.8,0
38,0,71832.0,1,63.0,2.0,1,3,5,1,3.0,0,1,8,23944.0,1,1,1,1,0,3.8,287328.0,126.0,0
66,1,82823.0,2,54.2,1.0,3,4,5,0,5.0,0,1,9,41411.5,1,1,1,0,0,4.4,496938.0,108.4,0
64,0,153475.0,1,57.0,1.0,0,4,5,0,2.0,1,1,9,76737.5,1,0,1,0,1,4.4,460425.0,114.0,0
49,0,121480.0,2,30.3,2.0,2,10,18,0,2.0,1,1,28,40493.333333333336,0,0,1,0,1,13.2,364440.0,60.6,0
54,1,55725.0,1,5.0,1.0,0,4,2,1,4.0,1,1,6,27862.5,0,1,1,1,1,3.2,278625.0,10.0,1
62,0,65002.0,2,54.3,2.0,2,11,15,1,3.0,0,1,26,21667.333333333332,1,1,1,1,0,12.6,260008.0,108.6,0
55,1,84111.0,0,5.0,2.0,2,1,0,1,5.0,1,1,1,28037.0,0,1,1,1,1,0.6,504666.0,10.0,1
54,0,82017.0,1,106.35000000000001,3.0,2,7,8,0,1.0,1,1,15,20504.25,1,0,1,0,1,7.4,164034.0,212.70000000000002,0
64,1,120009.0,1,30.5,2.0,1,5,9,0,2.0,0,1,14,40003.0,0,0,1,0,0,6.6,360027.0,61.0,0
36,1,88904.0,1,28.3,3.0,1,2,1,1,4.0,1,1,3,22226.0,0,1,1,1,1,1.6,444520.0,56.6,1
30,0,121801.0,2,11.2,1.0,2,3,15,0,5.0,1,1,18,60900.5,0,1,1,0,1,7.8,730806.0,22.4,1
42,0,98006.0,2,22.5,2.0,2,6,13,1,5.0,1,1,19,32668.666666666668,0,1,1,1,1,8.8,588036.0,45.0,1
36,1,124064.0,2,54.5,2.0,3,12,13,0,2.0,1,1,25,41354.666666666664,1,0,1,0,1,12.399999999999999,372192.0,109.0,0
26,0,110945.0,1,33.6,1.0,1,2,6,1,4.0,0,1,8,55472.5,0,1,1,1,0,3.6000000000000005,554725.0,67.2,0
59,1,80968.0,2,41.6,1.0,1,3,10,1,1.0,0,1,13,40484.0,1,0,1,1,0,5.8,161936.0,83.2,0
62,1,64845.0,2,45.0,3.5,0,4,9,0,1.0,0,1,13,14410.0,1,0,1,0,0,6.0,129690.0,90.0,0
59,1,84788.0,2,69.5,2.0,1,10,13,1,5.0,1,1,23,28262.666666666668,1,1,1,1,1,11.2,508728.0,139.0,1
41,0,108398.0,2,77.6,2.0,0,6,10,1,3.0,1,1,16,36132.666666666664,1,1,1,1,1,7.6,433592.0,155.2,0
64,1,84287.0,2,41.3,2.0,2,14,9,0,2.0,0,1,23,28095.666666666668,1,0,1,0,0,12.0,252861.0,82.6,0
47,0,82882.0,2,25.8,2.0,2,10,12,0,1.0,1,1,22,27627.333333333332,0,0,1,0,1,10.8,165764.0,51.6,0
41,0,43327.0,1,45.7,1.0,2,2,4,0,3.0,1,1,6,21663.5,1,1,1,0,1,2.8,173308.0,91.4,1
27,1,109886.0,2,26.5,3.0,1,10,14,1,4.0,1,1,24,27471.5,0,1,1,1,1,11.600000000000001,549430.0,53.0,1
27,0,55876.0,0,30.2,3.0,1,2,3,1,1.0,1,1,5,13969.0,0,0,1,1,1,2.4000000000000004,111752.0,60.4,1
35,1,130075.0,1,93.6,1.0,3,0,4,1,3.0,1,1,4,65037.5,1,1,1,1,1,1.6,520300.0,187.2,0
39,1,60781.0,1,5.0,2.0,1,5,8,0,1.0,1,1,13,20260.333333333332,0,0,1,0,1,6.2,121562.0,10.0,0
37,0,117626.0,2,15.2,2.0,2,9,10,1,5.0,1,1,19,39208.666666666664,0,1,1,1,1,9.399999999999999,705756.0,30.4,0
28,2,84708.0,1,54.3,1.0,3,7,5,1,4.0,0,1,12,42354.0,1,1,1,1,0,6.2,423540.0,108.6,0
26,1,110161.0,2,48.0,2.0,1,8,4,1,1.0,1,1,12,36720.333333333336,1,0,1,1,1,6.4,220322.0,96.0,0
25,1,107701.0,0,60.9,1.0,2,0,0,1,2.0,1,1,0,53850.5,1,0,1,1,1,0.0,323103.0,121.8,0
59,0,44706.0,1,11.8,3.0,1,3,4,1,1.0,0,1,7,11176.5,0,0,1,1,0,3.4,89412.0,23.6,0
66,0,122030.0,2,19.5,1.0,1,3,10,0,4.0,0,1,13,61015.0,0,1,1,0,0,5.8,610150.0,39.0,0
46,1,44767.0,0,40.2,2.0,2,0,2,1,5.0,0,1,2,14922.333333333334,1,1,1,1,0,0.8,268602.0,80.4,0
37,0,80745.0,0,80.2,2.0,1,1,1,1,4.0,1,1,2,26915.0,1,1,1,1,1,1.0,403725.0,160.4,1
51,1,31147.0,2,54.7,3.0,2,6,6,0,4.0,1,1,12,7786.75,1,1,1,0,1,6.0,155735.0,109.4,0
55,1,140088.0,2,52.0,1.0,1,2,18,0,5.0,0,1,20,70044.0,1,1,1,0,0,8.4,840528.0,104.0,0
47,1,57778.0,2,5.0,1.0,2,8,5,0,4.0,0,1,13,28889.0,0,1,1,0,0,6.8,288890.0,10.0,0
33,0,94943.0,0,21.7,3.0,2,0,0,1,4.0,0,1,0,23735.75,0,1,1,1,0,0.0,474715.0,43.4,0
44,1,84708.0,2,58.6,3.0,3,7,10,0,3.0,0,1,17,21177.0,1,1,1,0,0,8.2,338832.0,117.2,0
33,1,30000.0,1,50.3,2.0,1,3,4,1,4.0,1,1,7,10000.0,1,1,1,1,1,3.4,150000.0,100.6,0
33,0,81001.0,0,64.8,3.0,2,0,2,1,4.0,1,1,2,20250.25,1,1,1,1,1,0.8,405005.0,129.6,0
41,1,48946.0,1,35.6,2.0,1,2,9,1,1.0,1,1,11,16315.333333333334,0,0,1,1,1,4.8,97892.0,71.2,0
31,0,102231.0,0,81.5,1.0,0,2,2,1,1.0,0,1,4,51115.5,1,0,1,1,0,2.0,204462.0,163.0,0
52,1,75517.0,0,11.7,1.0,2,0,2,1,5.0,0,1,2,37758.5,0,1,1,1,0,0.8,453102.0,23.4,0
49,1,106607.0,1,18.5,1.0,0,6,5,0,1.0,1,1,11,53303.5,0,0,1,0,1,5.6,213214.0,37.0,0
58,1,117960.0,0,37.7,1.0,1,1,0,1,3.0,0,1,1,58980.0,0,1,1,1,0,0.6,471840.0,75.4,0
62,0,43944.0,1,5.0,1.0,2,0,2,1,3.0,1,1,2,21972.0,0,1,1,1,1,0.8,175776.0,10.0,0
57,0,91917.0,2,85.4,3.0,0,9,10,0,1.0,0,1,19,22979.25,1,0,1,0,0,9.399999999999999,183834.0,170.8,0
47,1,82933.0,2,5.0,2.0,2,7,6,0,1.0,1,1,13,27644.333333333332,0,0,1,0,1,6.6000000000000005,165866.0,10.0,0
31,0,93290.0,1,40.2,2.0,1,4,7,1,2.0,1,1,11,31096.666666666668,1,0,1,1,1,5.2,279870.0,80.4,0
59,1,133893.0,2,29.8,2.0,1,5,11,0,4.0,1,1,16,44631.0,0,1,1,0,1,7.4,669465.0,59.6,1
67,1,52351.0,1,45.1,2.0,1,4,2,1,4.0,1,1,6,17450.333333333332,1,1,1,1,1,3.2,261755.0,90.2,0
26,1,94451.0,1,23.3,2.0,1,0,5,1,5.0,0,1,5,31483.666666666668,0,1,1,1,0,2.0,566706.0,46.6,0
68,0,62335.0,1,47.6,1.0,2,2,9,1,1.0,1,1,11,31167.5,1,0,1,1,1,4.8,124670.0,95.2,0
58,0,65853.0,1,39.2,2.0,2,0,5,1,3.0,0,1,5,21951.0,0,1,1,1,0,2.0,263412.0,78.4,0
27,1,159698.0,2,36.9,2.0,2,6,18,0,5.0,1,1,24,53232.666666666664,0,1,1,0,1,10.8,958188.0,73.8,1
52,1,100893.0,2,22.0,2.0,1,14,14,0,3.0,1,1,28,33631.0,0,1,1,0,1,14.0,403572.0,44.0,1
63,1,76169.0,2,11.0,2.0,2,3,6,0,3.0,0,1,9,25389.666666666668,0,1,1,0,0,4.2,304676.0,22.0,0
26,0,129312.0,0,34.4,2.0,0,0,1,1,5.0,0,1,1,43104.0,0,1,1,1,0,0.4,775872.0,68.8,1
69,1,118042.0,2,45.9,2.0,2,14,15,1,5.0,1,1,29,39347.333333333336,1,1,1,1,1,14.4,708252.0,91.8,1
40,1,30000.0,2,47.2,2.0,1,13,12,1,3.0,1,1,25,10000.0,1,1,1,1,1,12.600000000000001,120000.0,94.4,0
62,0,88345.0,1,30.7,2.0,2,4,3,0,2.0,1,1,7,29448.333333333332,0,0,1,0,1,3.6,265035.0,61.4,0
61,1,102249.0,2,58.4,3.5,2,12,9,1,3.0,1,1,21,22722.0,1,1,1,1,1,10.799999999999999,408996.0,116.8,0
25,0,65931.0,2,78.5,2.0,2,2,4,0,3.0,1,1,6,21977.0,1,1,1,0,1,2.8,263724.0,157.0,0
52,1,77262.0,1,15.0,2.0,1,3,5,0,1.0,0,1,8,25754.0,0,0,1,0,0,3.8,154524.0,30.0,0
48,1,113287.0,0,75.1,2.0,0,2,2,1,1.0,1,1,4,37762.333333333336,1,0,1,1,1,2.0,226574.0,150.2,0
54,1,93300.0,2,66.6,3.0,1,5,19,0,1.0,1,1,24,23325.0,1,0,1,0,1,10.600000000000001,186600.0,133.2,0
28,1,130725.0,1,46.6,1.0,0,2,7,0,3.0,1,1,9,65362.5,1,1,1,0,1,4.0,522900.0,93.2,0
47,1,100394.0,2,44.4,2.0,2,13,4,0,4.0,0,1,17,33464.666666666664,1,1,1,0,0,9.4,501970.0,88.8,0
62,0,109157.0,0,5.0,2.0,1,1,1,0,1.0,1,1,2,36385.666666666664,0,0,1,0,1,1.0,218314.0,10.0,0
65,0,30000.0,1,93.3,1.0,0,5,6,0,3.0,1,1,11,15000.0,1,1,1,0,1,5.4,120000.0,186.6,0
49,0,90198.0,2,12.0,3.5,1,13,19,0,1.0,0,1,32,20044.0,0,0,1,0,0,15.4,180396.0,24.0,0
67,0,76371.0,2,21.3,1.0,0,11,7,0,4.0,1,1,18,38185.5,0,1,1,0,1,9.4,381855.0,42.6,0
68,0,43108.0,0,27.9,1.0,0,1,3,1,1.0,1,1,4,21554.0,0,0,1,1,1,1.8000000000000003,86216.0,55.8,0
53,0,117246.0,2,41.1,3.0,2,4,7,0,2.0,1,1,11,29311.5,1,0,1,0,1,5.2,351738.0,82.2,0
41,1,50801.0,1,53.5,1.0,2,3,9,1,2.0,0,1,12,25400.5,1,0,1,1,0,5.4,152403.0,107.0,0
64,1,84708.0,2,33.9,3.0,2,5,14,1,5.0,1,1,19,21177.0,0,1,1,1,1,8.600000000000001,508248.0,67.8,0
39,1,37982.0,1,36.2,1.0,3,5,6,0,2.0,1,1,11,18991.0,0,0,1,0,1,5.4,113946.0,72.4,0
56,1,101580.0,0,21.1,2.0,1,2,2,0,3.0,0,1,4,33860.0,0,1,1,0,0,2.0,406320.0,42.2,0
49,1,72258.0,2,29.8,2.0,3,7,7,0,2.0,1,1,14,24086.0,0,0,1,0,1,7.0,216774.0,59.6,0
43,1,39260.0,1,5.0,1.0,1,3,2,1,3.0,1,1,5,19630.0,0,1,1,1,1,2.5999999999999996,157040.0,10.0,1
42,1,71855.0,1,84.0,3.0,2,7,5,1,2.0,1,1,12,17963.75,1,0,1,1,1,6.2,215565.0,168.0,0
35,1,104258.0,0,72.0,2.0,2,0,1,1,5.0,0,1,1,34752.666666666664,1,1,1,1,0,0.4,625548.0,144.0,0
53,1,104353.0,1,12.2,2.0,1,5,4,0,4.0,0,1,9,34784.333333333336,0,1,1,0,0,4.6,521765.0,24.4,0
64,0,86344.0,2,5.0,2.0,2,13,13,0,2.0,0,1,26,28781.333333333332,0,0,1,0,0,13.0,259032.0,10.0,0
51,0,52551.0,2,30.7,3.0,2,6,18,1,4.0,1,1,24,13137.75,0,1,1,1,1,10.8,262755.0,61.4,0
51,0,30000.0,2,29.4,2.0,1,7,13,1,3.0,1,1,20,10000.0,0,1,1,1,1,9.4,120000.0,58.8,0
57,1,56074.0,2,9.8,2.0,1,11,10,0,5.0,0,1,21,18691.333333333332,0,1,1,0,0,10.6,336444.0,19.6,0
25,0,174521.0,1,29.3,1.0,2,5,6,0,5.0,1,1,11,87260.5,0,1,1,0,1,5.4,1047126.0,58.6,1
29,1,34858.0,2,36.1,3.0,0,2,15,1,1.0,1,1,17,8714.5,0,0,1,1,1,7.2,69716.0,72.2,0
42,0,63939.0,2,20.4,2.0,2,9,17,0,2.0,0,1,26,21313.0,0,0,1,0,0,12.2,191817.0,40.8,0
27,2,123614.0,1,60.3,3.0,1,2,5,1,5.0,0,1,7,30903.5,1,1,1,1,0,3.2,741684.0,120.6,0
53,0,70412.0,2,48.8,1.0,2,10,5,0,3.0,0,1,15,35206.0,1,1,1,0,0,8.0,281648.0,97.6,0
51,1,71419.0,2,11.8,2.0,1,2,14,0,2.0,1,1,16,23806.333333333332,0,0,1,0,1,6.800000000000001,214257.0,23.6,0
40,0,98994.0,2,89.8,2.0,1,14,13,0,1.0,1,1,27,32998.0,1,0,1,0,1,13.600000000000001,197988.0,179.6,0
61,1,39317.0,0,73.8,2.0,1,2,0,1,4.0,0,1,2,13105.666666666666,1,1,1,1,0,1.2,196585.0,147.6,0
39,1,44735.0,1,43.7,2.0,1,7,6,1,4.0,0,1,13,14911.666666666666,1,1,1,1,0,6.6000000000000005,223675.0,87.4,0
48,0,110150.0,2,32.7,1.0,1,10,5,0,5.0,1,1,15,55075.0,0,1,1,0,1,8.0,660900.0,65.4,1
36,1,91158.0,2,5.0,2.0,0,13,8,1,1.0,0,1,21,30386.0,0,0,1,1,0,11.0,182316.0,10.0,0
25,1,30000.0,2,12.6,2.0,2,2,13,1,3.0,0,1,15,10000.0,0,1,1,1,0,6.4,120000.0,25.2,0
51,0,105714.0,1,9.3,2.0,2,4,4,1,5.0,0,1,8,35238.0,0,1,1,1,0,4.0,634284.0,18.6,0
26,1,142885.0,1,87.4,1.0,0,7,5,1,4.0,1,1,12,71442.5,1,1,1,1,1,6.2,714425.0,174.8,1
25,0,109350.0,1,9.5,2.0,1,2,7,1,1.0,0,1,9,36450.0,0,0,1,1,0,4.0,218700.0,19.0,0
55,0,64683.0,1,26.0,2.0,0,7,4,0,3.0,1,1,11,21561.0,0,1,1,0,1,5.800000000000001,258732.0,52.0,0
40,0,97083.0,2,5.0,1.0,1,2,9,1,5.0,0,1,11,48541.5,0,1,1,1,0,4.8,582498.0,10.0,0
47,1,98987.0,0,57.7,2.0,2,2,3,1,4.0,1,1,5,32995.666666666664,1,1,1,1,1,2.4000000000000004,494935.0,115.4,1
31,1,156647.0,1,41.4,3.0,1,4,1,1,1.0,0,1,5,39161.75,1,0,1,1,0,2.8,313294.0,82.8,0
26,1,78656.0,1,30.5,2.0,2,4,6,1,5.0,0,1,10,26218.666666666668,0,1,1,1,0,4.800000000000001,471936.0,61.0,0
67,0,69770.0,1,79.5,2.0,2,2,8,1,3.0,1,1,10,23256.666666666668,1,1,1,1,1,4.4,279080.0,159.0,0
38,0,52348.0,0,65.5,1.0,0,2,0,1,5.0,1,1,2,26174.0,1,1,1,1,1,1.2,314088.0,131.0,1
49,0,55962.0,1,7.0,1.0,3,3,2,1,4.0,0,1,5,27981.0,0,1,1,1,0,2.5999999999999996,279810.0,14.0,0
55,0,116327.0,2,35.2,1.0,1,6,16,0,4.0,1,1,22,58163.5,0,1,1,0,1,10.0,581635.0,70.4,1
66,1,92144.0,2,5.0,1.0,1,5,13,1,5.0,1,1,18,46072.0,0,1,1,1,1,8.2,552864.0,10.0,1
26,1,133231.0,0,40.2,2.0,0,2,3,1,5.0,1,1,5,44410.333333333336,1,1,1,1,1,2.4000000000000004,799386.0,80.4,1
57,0,51090.0,2,10.4,1.0,1,7,13,0,2.0,1,1,20,25545.0,0,0,1,0,1,9.4,153270.0,20.8,0
30,0,87146.0,2,36.0,2.0,2,8,16,0,4.0,1,1,24,29048.666666666668,0,1,1,0,1,11.2,435730.0,72.0,1
45,0,97662.0,0,5.0,3.0,2,1,1,1,3.0,0,1,2,24415.5,0,1,1,1,0,1.0,390648.0,10.0,0
56,1,112794.0,2,44.3,2.0,1,5,8,1,2.0,1,1,13,37598.0,1,0,1,1,1,6.2,338382.0,88.6,0
59,0,86524.0,1,29.4,1.0,2,7,8,0,5.0,0,1,15,43262.0,0,1,1,0,0,7.4,519144.0,58.8,0
48,1,113931.0,1,34.3,3.0,2,0,6,1,3.0,1,1,6,28482.75,0,1,1,1,1,2.4000000000000004,455724.0,68.6,1
57,1,56660.0,2,44.5,3.0,2,11,9,1,1.0,1,1,20,14165.0,1,0,1,1,1,10.2,113320.0,89.0,0
39,0,80584.0,1,19.2,2.0,1,1,4,1,3.0,0,1,5,26861.333333333332,0,1,1,1,0,2.2,322336.0,38.4,0
40,1,107985.0,2,36.3,1.0,0,14,5,1,3.0,1,1,19,53992.5,0,1,1,1,1,10.4,431940.0,72.6,0
36,1,37560.0,2,24.2,1.0,0,2,12,1,2.0,1,1,14,18780.0,0,0,1,1,1,6.000000000000001,112680.0,48.4,0
63,1,79164.0,2,34.0,2.0,1,9,18,0,4.0,1,1,27,26388.0,0,1,1,0,1,12.6,395820.0,68.0,1
69,1,30000.0,2,20.8,3.0,2,6,13,0,1.0,0,1,19,7500.0,0,0,1,0,0,8.8,60000.0,41.6,0
38,1,66982.0,0,17.1,1.0,0,2,2,1,1.0,1,1,4,33491.0,0,0,1,1,1,2.0,133964.0,34.2,0
41,2,93191.0,0,26.4,2.0,0,0,0,1,2.0,1,1,0,31063.666666666668,0,0,1,1,1,0.0,279573.0,52.8,0
41,1,82256.0,1,45.1,1.0,1,3,5,1,4.0,1,1,8,41128.0,1,1,1,1,1,3.8,411280.0,90.2,1
43,1,49375.0,2,13.9,3.0,2,7,17,0,2.0,0,1,24,12343.75,0,0,1,0,0,11.0,148125.0,27.8,0
56,1,91997.0,2,32.5,1.0,1,11,10,0,1.0,1,1,21,45998.5,0,0,1,0,1,10.6,183994.0,65.0,0
37,0,64414.0,1,48.5,1.0,1,2,5,1,2.0,1,1,7,32207.0,1,0,1,1,1,3.2,193242.0,97.0,0
38,1,30000.0,0,5.0,2.0,2,0,1,1,4.0,0,1,1,10000.0,0,1,1,1,0,0.4,150000.0,10.0,0
39,0,156337.0,1,46.7,2.0,2,2,7,1,4.0,0,1,9,52112.333333333336,1,1,1,1,0,4.0,781685.0,93.4,0
54,0,85880.0,2,82.5,1.0,0,2,15,0,1.0,0,1,17,42940.0,1,0,1,0,0,7.2,171760.0,165.0,0
35,2,55945.0,2,24.9,1.0,2,7,8,0,1.0,1,1,15,27972.5,0,0,1,0,1,7.4,111890.0,49.8,0
28,0,131711.0,1,5.0,2.0,0,4,3,1,4.0,1,1,7,43903.666666666664,0,1,1,1,1,3.6,658555.0,10.0,0
42,0,121813.0,1,38.3,2.0,3,3,5,1,1.0,0,1,8,40604.333333333336,0,0,1,1,0,3.8,243626.0,76.6,0
60,1,32053.0,1,23.2,1.0,2,1,2,1,5.0,1,1,3,16026.5,0,1,1,1,1,1.4,192318.0,46.4,1
58,1,95845.0,2,5.0,1.0,1,7,10,1,2.0,1,1,17,47922.5,0,0,1,1,1,8.2,287535.0,10.0,0
26,0,91325.0,1,43.0,3.5,2,3,9,1,2.0,0,1,12,20294.444444444445,1,0,1,1,0,5.4,273975.0,86.0,0
26,1,110630.0,2,13.7,2.0,1,12,8,0,3.0,1,1,20,36876.666666666664,0,1,1,0,1,10.399999999999999,442520.0,27.4,1
53,1,80405.0,1,56.6,2.0,0,4,1,1,5.0,0,1,5,26801.666666666668,1,1,1,1,0,2.8,482430.0,113.2,0
41,0,94560.0,2,30.1,2.0,1,6,3,0,4.0,0,1,9,31520.0,0,1,1,0,0,4.8,472800.0,60.2,0
56,2,132998.0,1,49.6,2.0,0,5,5,0,3.0,1,1,10,44332.666666666664,1,1,1,0,1,5.0,531992.0,99.2,0
38,0,121419.0,0,40.9,2.0,1,2,2,1,5.0,1,1,4,40473.0,1,1,1,1,1,2.0,728514.0,81.8,1
62,0,48657.0,1,36.2,2.0,1,6,7,1,2.0,1,1,13,16219.0,0,0,1,1,1,6.4,145971.0,72.4,0
68,1,30000.0,2,31.5,3.0,2,13,12,0,5.0,1,1,25,7500.0,0,1,1,0,1,12.600000000000001,180000.0,63.0,0
50,1,53532.0,1,17.5,3.0,2,5,8,1,1.0,1,1,13,13383.0,0,0,1,1,1,6.2,107064.0,35.0,0
28,1,81277.0,0,5.0,2.0,1,0,1,1,1.0,1,1,1,27092.333333333332,0,0,1,1,1,0.4,162554.0,10.0,0
62,0,78409.0,1,37.6,1.0,3,0,8,1,1.0,1,1,8,39204.5,0,0,1,1,1,3.2,156818.0,75.2,1
40,0,32292.0,2,54.7,2.0,1,12,16,0,1.0,1,1,28,10764.0,1,0,1,0,1,13.6,64584.0,109.4,0
58,0,30000.0,2,5.0,1.0,0,12,4,0,5.0,0,1,16,15000.0,0,1,1,0,0,8.799999999999999,180000.0,10.0,0
33,0,91370.0,1,5.0,2.0,2,6,1,1,3.0,1,1,7,30456.666666666668,0,1,1,1,1,3.9999999999999996,365480.0,10.0,1
46,0,110587.0,1,27.9,2.0,0,4,8,1,3.0,1,1,12,36862.333333333336,0,1,1,1,1,5.6,442348.0,55.8,0
49,0,64980.0,2,53.5,2.0,2,6,10,1,5.0,1,1,16,21660.0,1,1,1,1,1,7.6,389880.0,107.0,1
50,0,111701.0,1,63.7,1.0,2,0,7,1,3.0,0,1,7,55850.5,1,1,1,1,0,2.8000000000000003,446804.0,127.4,0
68,0,89063.0,1,59.6,2.0,0,7,5,1,1.0,1,1,12,29687.666666666668,1,0,1,1,1,6.2,178126.0,119.2,0
60,1,100287.0,2,106.35000000000001,3.0,1,12,7,0,4.0,1,1,19,25071.75,1,1,1,0,1,10.0,501435.0,212.70000000000002,0
67,1,30000.0,2,32.8,1.0,3,2,10,0,2.0,1,1,12,15000.0,0,0,1,0,1,5.2,90000.0,65.6,0
68,0,64711.0,1,46.1,1.0,2,3,1,0,3.0,1,1,4,32355.5,1,1,1,0,1,2.1999999999999997,258844.0,92.2,0
29,0,136009.0,2,9.1,3.0,1,12,14,0,4.0,0,1,26,34002.25,0,1,1,0,0,12.8,680045.0,18.2,0
62,1,64318.0,2,76.0,2.0,0,11,7,1,3.0,1,1,18,21439.333333333332,1,1,1,1,1,9.4,257272.0,152.0,0
54,1,95591.0,0,68.6,1.0,3,1,3,1,3.0,0,1,4,47795.5,1,1,1,1,0,1.8000000000000003,382364.0,137.2,0
65,0,121160.0,2,33.4,3.0,2,9,9,0,3.0,0,1,18,30290.0,0,1,1,0,0,9.0,484640.0,66.8,0
58,0,84708.0,2,31.9,1.0,2,2,5,0,4.0,1,1,7,42354.0,0,1,1,0,1,3.2,423540.0,63.8,0
55,0,81907.0,1,5.0,1.0,2,6,4,1,4.0,1,1,10,40953.5,0,1,1,1,1,5.199999999999999,409535.0,10.0,0
40,1,77903.0,2,44.3,3.0,2,11,9,0,3.0,0,1,20,19475.75,1,1,1,0,0,10.2,311612.0,88.6,0
51,0,105764.0,2,38.2,1.0,1,10,13,0,3.0,1,1,23,52882.0,0,1,1,0,1,11.2,423056.0,76.4,0
53,0,96767.0,2,32.8,1.0,2,2,16,1,5.0,0,1,18,48383.5,0,1,1,1,0,7.6000000000000005,580602.0,65.6,0
30,0,119470.0,1,5.0,1.0,2,3,3,0,2.0,0,1,6,59735.0,0,0,1,0,0,3.0,358410.0,10.0,0
61,1,94033.0,1,71.2,1.0,0,0,6,1,2.0,1,1,6,47016.5,1,0,1,1,1,2.4000000000000004,282099.0,142.4,0
59,1,111379.0,2,47.1,1.0,0,2,16,1,4.0,0,1,18,55689.5,1,1,1,1,0,7.6000000000000005,556895.0,94.2,0
33,1,30000.0,1,18.7,1.0,3,7,2,1,2.0,0,1,9,15000.0,0,0,1,1,0,5.0,90000.0,37.4,0
66,0,133098.0,2,96.7,2.0,2,5,3,0,1.0,1,1,8,44366.0,1,0,1,0,1,4.2,266196.0,193.4,0
46,0,114028.0,0,23.3,1.0,2,0,0,0,3.0,1,1,0,57014.0,0,1,1,0,1,0.0,456112.0,46.6,0
45,1,62063.0,1,40.2,3.0,2,5,9,1,1.0,0,1,14,15515.75,1,0,1,1,0,6.6,124126.0,80.4,0
45,0,85045.0,0,51.8,1.0,2,2,0,1,4.0,1,1,2,42522.5,1,1,1,1,1,1.2,425225.0,103.6,0
52,1,63150.0,0,31.9,3.0,1,0,1,1,4.0,1,1,1,15787.5,0,1,1,1,1,0.4,315750.0,63.8,0
67,0,92276.0,1,5.0,3.0,2,2,3,1,4.0,0,1,5,23069.0,0,1,1,1,0,2.4000000000000004,461380.0,10.0,0
47,2,73775.0,1,51.4,2.0,2,4,8,1,4.0,1,1,12,24591.666666666668,1,1,1,1,1,5.6,368875.0,102.8,0
46,0,61199.0,2,28.6,2.0,1,11,11,0,1.0,1,1,22,20399.666666666668,0,0,1,0,1,11.0,122398.0,57.2,0
55,1,68061.0,2,52.8,3.0,1,2,18,1,1.0,1,1,20,17015.25,1,0,1,1,1,8.4,136122.0,105.6,0
68,1,89110.0,2,40.2,2.0,0,7,17,1,5.0,0,1,24,29703.333333333332,1,1,1,1,0,11.0,534660.0,80.4,0
43,1,34139.0,0,56.1,3.0,1,1,0,1,2.0,1,1,1,8534.75,1,0,1,1,1,0.6,102417.0,112.2,0
35,0,76082.0,1,9.5,1.0,2,1,3,1,5.0,1,1,4,38041.0,0,1,1,1,1,1.8000000000000003,456492.0,19.0,1
28,1,82241.0,0,24.6,2.0,1,1,0,1,4.0,0,1,1,27413.666666666668,0,1,1,1,0,0.6,411205.0,49.2,0
45,0,93766.0,2,57.4,1.0,2,13,4,0,1.0,1,1,17,46883.0,1,0,1,0,1,9.4,187532.0,114.8,0
30,0,63410.0,2,56.8,2.0,0,4,19,1,4.0,1,1,23,21136.666666666668,1,1,1,1,1,10.0,317050.0,113.6,0
60,0,33106.0,1,51.9,1.0,1,1,3,1,5.0,1,1,4,16553.0,1,1,1,1,1,1.8000000000000003,198636.0,103.8,1
38,0,46500.0,2,26.0,1.0,1,6,3,0,5.0,0,1,9,23250.0,0,1,1,0,0,4.8,279000.0,52.0,0
49,1,122993.0,1,40.2,1.0,1,6,2,0,4.0,1,1,8,61496.5,1,1,1,0,1,4.3999999999999995,614965.0,80.4,0
64,0,74368.0,2,20.0,2.0,1,12,11,0,1.0,0,1,23,24789.333333333332,0,0,1,0,0,11.6,148736.0,40.0,0
28,0,31266.0,2,71.2,1.0,1,4,12,0,2.0,1,1,16,15633.0,1,0,1,0,1,7.200000000000001,93798.0,142.4,0
46,0,46919.0,2,5.0,2.0,2,8,13,0,3.0,1,1,21,15639.666666666666,0,1,1,0,1,10.0,187676.0,10.0,0
53,1,87643.0,1,34.2,1.0,2,1,3,1,2.0,0,1,4,43821.5,0,0,1,1,0,1.8000000000000003,262929.0,68.4,0
54,0,101011.0,0,51.5,3.5,2,0,2,1,3.0,1,1,2,22446.88888888889,1,1,1,1,1,0.8,404044.0,103.0,1
31,1,141330.0,1,63.4,3.0,1,7,9,1,1.0,1,1,16,35332.5,1,0,1,1,1,7.800000000000001,282660.0,126.8,0
39,0,153469.0,1,5.0,3.0,1,7,2,1,3.0,0,1,9,38367.25,0,1,1,1,0,5.0,613876.0,10.0,0
30,1,110265.0,0,74.3,3.0,2,1,2,1,4.0,1,1,3,27566.25,1,1,1,1,1,1.4,551325.0,148.6,1
57,0,116050.0,2,62.7,3.0,3,13,15,0,3.0,1,1,28,29012.5,1,1,1,0,1,13.8,464200.0,125.4,0
35,0,116187.0,1,24.6,1.0,3,1,5,1,2.0,0,1,6,58093.5,0,0,1,1,0,2.6,348561.0,49.2,0
58,1,150222.0,2,37.3,3.0,1,5,6,0,5.0,0,1,11,37555.5,0,1,1,0,0,5.4,901332.0,74.6,0
62,1,104176.0,1,106.35000000000001,2.0,3,7,1,1,2.0,1,1,8,34725.333333333336,1,0,1,1,1,4.6000000000000005,312528.0,212.70000000000002,1
36,0,74305.0,2,102.0,3.0,2,7,17,0,3.0,0,1,24,18576.25,1,1,1,0,0,11.0,297220.0,204.0,0
51,1,75636.0,1,25.8,2.0,1,6,6,1,4.0,1,1,12,25212.0,0,1,1,1,1,6.0,378180.0,51.6,0
37,1,121113.0,0,14.8,2.0,1,0,3,0,2.0,0,1,3,40371.0,0,0,1,0,0,1.2000000000000002,363339.0,29.6,0
46,1,72916.0,1,64.2,2.0,2,3,5,1,4.0,1,1,8,24305.333333333332,1,1,1,1,1,3.8,364580.0,128.4,0
42,0,121378.0,0,34.5,2.0,0,1,3,1,4.0,1,1,4,40459.333333333336,0,1,1,1,1,1.8000000000000003,606890.0,69.0,0
33,0,81686.0,2,5.0,1.0,1,11,9,0,4.0,1,1,20,40843.0,0,1,1,0,1,10.2,408430.0,10.0,1
43,0,96742.0,1,5.0,2.0,0,0,5,1,2.0,1,1,5,32247.333333333332,0,0,1,1,1,2.0,290226.0,10.0,0
55,1,116707.0,2,85.2,1.0,2,4,8,1,4.0,1,1,12,58353.5,1,1,1,1,1,5.6,583535.0,170.4,1
49,0,79804.0,2,88.3,1.0,0,11,6,0,3.0,1,1,17,39902.0,1,1,1,0,1,9.0,319216.0,176.6,0
68,2,129089.0,2,29.8,1.0,0,7,15,0,4.0,0,1,22,64544.5,0,1,1,0,0,10.2,645445.0,59.6,0
61,1,81294.0,2,67.6,1.0,1,13,18,0,3.0,0,1,31,40647.0,1,1,1,0,0,15.0,325176.0,135.2,0
33,0,52174.0,2,38.8,3.0,1,11,8,0,5.0,1,1,19,13043.5,0,1,1,0,1,9.8,313044.0,77.6,1
36,0,78182.0,2,45.3,2.0,3,8,14,0,3.0,1,1,22,26060.666666666668,1,1,1,0,1,10.4,312728.0,90.6,0
48,1,56900.0,1,49.6,2.0,1,4,6,1,4.0,1,1,10,18966.666666666668,1,1,1,1,1,4.800000000000001,284500.0,99.2,0
38,0,30000.0,2,51.9,2.0,1,5,9,0,4.0,1,1,14,10000.0,1,1,1,0,1,6.6,150000.0,103.8,0
66,1,100107.0,0,61.2,2.0,1,1,2,1,3.0,1,1,3,33369.0,1,1,1,1,1,1.4,400428.0,122.4,0
53,0,36207.0,2,29.8,1.0,0,4,17,1,1.0,1,1,21,18103.5,0,0,1,1,1,9.200000000000001,72414.0,59.6,0
55,0,45266.0,2,50.7,2.0,0,13,8,0,4.0,0,1,21,15088.666666666666,1,1,1,0,0,11.0,226330.0,101.4,0
25,1,88112.0,2,15.8,3.0,1,6,14,0,2.0,1,1,20,22028.0,0,0,1,0,1,9.2,264336.0,31.6,0
58,0,112270.0,2,5.0,3.0,2,13,16,0,3.0,1,1,29,28067.5,0,1,1,0,1,14.2,449080.0,10.0,0
49,0,116863.0,2,40.5,1.0,0,3,13,0,4.0,0,1,16,58431.5,1,1,1,0,0,7.0,584315.0,81.0,0
55,1,77924.0,2,22.4,2.0,3,10,12,1,3.0,1,1,22,25974.666666666668,0,1,1,1,1,10.8,311696.0,44.8,1
32,0,30000.0,2,44.2,3.0,2,13,6,0,5.0,1,1,19,7500.0,1,1,1,0,1,10.2,180000.0,88.4,0
31,0,84708.0,2,40.7,1.0,1,11,7,0,4.0,0,1,18,42354.0,1,1,1,0,0,9.4,423540.0,81.4,0
54,1,74398.0,0,56.9,1.0,2,1,0,1,2.0,1,1,1,37199.0,1,0,1,1,1,0.6,223194.0,113.8,1
54,0,79617.0,2,32.2,2.0,1,5,13,0,4.0,0,1,18,26539.0,0,1,1,0,0,8.2,398085.0,64.4,0
50,1,102541.0,2,51.7,3.5,2,11,6,1,2.0,1,1,17,22786.88888888889,1,0,1,1,1,9.0,307623.0,103.4,0
69,0,52460.0,0,40.2,2.0,2,0,0,1,3.0,1,1,0,17486.666666666668,1,1,1,1,1,0.0,209840.0,80.4,0
36,0,51460.0,1,33.4,1.0,2,0,8,1,1.0,1,1,8,25730.0,0,0,1,1,1,3.2,102920.0,66.8,0
59,1,95515.0,2,30.7,3.5,0,6,7,0,2.0,1,1,13,21225.555555555555,0,0,1,0,1,6.4,286545.0,61.4,0
37,0,119640.0,2,43.9,1.0,1,8,19,1,3.0,0,1,27,59820.0,1,1,1,1,0,12.4,478560.0,87.8,0
32,1,30000.0,1,12.7,1.0,2,1,9,0,3.0,1,1,10,15000.0,0,1,1,0,1,4.2,120000.0,25.4,0
44,1,83646.0,2,7.4,2.0,3,3,11,0,2.0,1,1,14,27882.0,0,0,1,0,1,6.2,250938.0,14.8,0
49,0,48045.0,1,67.9,3.0,2,1,8,1,4.0,1,1,9,12011.25,1,1,1,1,1,3.8000000000000003,240225.0,135.8,0
53,1,93035.0,1,5.0,3.5,0,3,7,1,4.0,1,1,10,20674.444444444445,0,1,1,1,1,4.6,465175.0,10.0,1
51,0,41384.0,0,36.8,2.0,1,0,3,1,1.0,0,1,3,13794.666666666666,0,0,1,1,0,1.2000000000000002,82768.0,73.6,0
63,1,65181.0,2,75.1,2.0,0,11,16,0,2.0,0,1,27,21727.0,1,0,1,0,0,13.0,195543.0,150.2,0
29,0,117892.0,2,14.3,2.0,2,7,17,0,3.0,1,1,24,39297.333333333336,0,1,1,0,1,11.0,471568.0,28.6,0
59,1,113610.0,0,9.2,2.0,0,0,1,1,5.0,1,1,1,37870.0,0,1,1,1,1,0.4,681660.0,18.4,1
61,0,78481.0,1,59.0,2.0,3,7,1,1,5.0,1,1,8,26160.333333333332,1,1,1,1,1,4.6000000000000005,470886.0,118.0,1
65,0,122966.0,2,25.3,3.0,2,4,11,1,4.0,1,1,15,30741.5,0,1,1,1,1,6.800000000000001,614830.0,50.6,1
40,1,76945.0,0,95.6,2.0,2,1,0,1,3.0,0,1,1,25648.333333333332,1,1,1,1,0,0.6,307780.0,191.2,0
34,0,48537.0,2,5.0,2.0,1,6,7,0,4.0,1,1,13,16179.0,0,1,1,0,1,6.4,242685.0,10.0,0
65,1,62967.0,1,44.3,2.0,2,5,3,1,1.0,0,1,8,20989.0,1,0,1,1,0,4.2,125934.0,88.6,0
47,1,60430.0,2,58.5,1.0,0,4,13,1,1.0,0,1,17,30215.0,1,0,1,1,0,7.6,120860.0,117.0,0
48,0,73136.0,2,33.5,1.0,0,6,12,0,3.0,1,1,18,36568.0,0,1,1,0,1,8.4,292544.0,67.0,0
50,0,85905.0,2,40.2,2.0,2,14,17,0,1.0,1,1,31,28635.0,1,0,1,0,1,15.200000000000001,171810.0,80.4,0
57,1,41446.0,2,74.4,1.0,2,11,18,1,4.0,0,1,29,20723.0,1,1,1,1,0,13.8,207230.0,148.8,0
53,0,77115.0,1,68.1,1.0,1,4,1,1,4.0,1,1,5,38557.5,1,1,1,1,1,2.8,385575.0,136.2,0
42,0,62737.0,2,36.8,2.0,2,14,19,1,4.0,0,1,33,20912.333333333332,0,1,1,1,0,16.0,313685.0,73.6,0
49,1,174521.0,2,40.2,2.0,0,10,11,1,1.0,0,1,21,58173.666666666664,1,0,1,1,0,10.4,349042.0,80.4,0
29,0,50453.0,2,55.0,2.0,3,12,18,1,1.0,1,1,30,16817.666666666668,1,0,1,1,1,14.399999999999999,100906.0,110.0,0
55,0,87340.0,2,83.2,1.0,1,12,11,0,5.0,1,1,23,43670.0,1,1,1,0,1,11.6,524040.0,166.4,1
68,0,63750.0,2,5.5,1.0,1,12,4,0,4.0,1,1,16,31875.0,0,1,1,0,1,8.799999999999999,318750.0,11.0,0
25,1,95939.0,1,76.7,2.0,2,6,3,0,3.0,1,1,9,31979.666666666668,1,1,1,0,1,4.8,383756.0,153.4,0
49,1,30000.0,2,57.4,1.0,2,13,7,1,2.0,1,1,20,15000.0,1,0,1,1,1,10.6,90000.0,114.8,0
58,0,117410.0,2,51.7,1.0,1,10,18,1,1.0,1,1,28,58705.0,1,0,1,1,1,13.2,234820.0,103.4,0
60,1,92283.0,0,21.9,2.0,1,2,2,1,3.0,0,1,4,30761.0,0,1,1,1,0,2.0,369132.0,43.8,0
63,0,106710.0,1,26.9,2.0,3,1,7,1,4.0,1,1,8,35570.0,0,1,1,1,1,3.4000000000000004,533550.0,53.8,1
42,1,69446.0,2,71.0,1.0,2,6,10,1,3.0,0,1,16,34723.0,1,1,1,1,0,7.6,277784.0,142.0,0
42,1,117173.0,2,5.0,3.5,1,12,13,1,3.0,1,1,25,26038.444444444445,0,1,1,1,1,12.399999999999999,468692.0,10.0,0
40,1,110576.0,2,88.6,3.0,1,13,13,0,1.0,0,1,26,27644.0,1,0,1,0,0,13.0,221152.0,177.2,0
43,0,113623.0,1,24.5,1.0,2,0,9,1,3.0,1,1,9,56811.5,0,1,1,1,1,3.6,454492.0,49.0,1
43,1,63362.0,2,56.9,2.0,2,9,16,1,4.0,1,1,25,21120.666666666668,1,1,1,1,1,11.8,316810.0,113.8,0
36,1,126159.0,2,58.3,3.0,1,9,4,0,5.0,0,1,13,31539.75,1,1,1,0,0,7.0,756954.0,116.6,0
54,1,70082.0,2,5.0,2.0,3,12,18,0,3.0,1,1,30,23360.666666666668,0,1,1,0,1,14.399999999999999,280328.0,10.0,1
36,1,101318.0,2,25.5,1.0,1,13,17,1,2.0,0,1,30,50659.0,0,0,1,1,0,14.600000000000001,303954.0,51.0,0
32,1,132087.0,2,33.7,1.0,2,14,16,1,2.0,0,1,30,66043.5,0,0,1,1,0,14.8,396261.0,67.4,0
36,0,106911.0,2,29.0,1.0,1,7,13,0,3.0,1,1,20,53455.5,0,1,1,0,1,9.4,427644.0,58.0,0
61,1,30000.0,2,26.4,2.0,2,11,8,1,3.0,0,1,19,10000.0,0,1,1,1,0,9.8,120000.0,52.8,0
50,0,114353.0,0,48.9,3.0,1,1,2,1,1.0,1,1,3,28588.25,1,0,1,1,1,1.4,228706.0,97.8,0
69,1,118337.0,1,37.7,2.0,3,5,9,1,3.0,0,1,14,39445.666666666664,0,1,1,1,0,6.6,473348.0,75.4,0
53,0,142890.0,2,31.6,3.0,2,5,19,0,5.0,1,1,24,35722.5,0,1,1,0,1,10.600000000000001,857340.0,63.2,1
60,0,63369.0,2,62.2,3.5,2,4,8,0,2.0,0,1,12,14082.0,1,0,1,0,0,5.6,190107.0,124.4,0
55,1,69768.0,2,30.4,1.0,0,10,14,1,4.0,1,1,24,34884.0,0,1,1,1,1,11.600000000000001,348840.0,60.8,1
34,1,136217.0,0,22.4,1.0,2,2,1,1,1.0,1,1,3,68108.5,0,0,1,1,1,1.6,272434.0,44.8,0
63,1,95002.0,2,40.2,2.0,1,8,14,1,4.0,0,1,22,31667.333333333332,1,1,1,1,0,10.4,475010.0,80.4,0
51,1,152781.0,2,44.1,2.0,1,10,9,0,5.0,0,1,19,50927.0,1,1,1,0,0,9.6,916686.0,88.2,1
34,0,85573.0,1,47.1,2.0,2,7,7,1,1.0,0,1,14,28524.333333333332,1,0,1,1,0,7.0,171146.0,94.2,0
46,0,69158.0,2,39.8,2.0,3,7,5,0,5.0,1,1,12,23052.666666666668,0,1,1,0,1,6.2,414948.0,79.6,1
57,1,88074.0,1,13.2,2.0,2,7,4,1,4.0,1,1,11,29358.0,0,1,1,1,1,5.800000000000001,440370.0,26.4,1
40,1,86680.0,2,59.1,3.0,2,10,9,0,3.0,1,1,19,21670.0,1,1,1,0,1,9.6,346720.0,118.2,0
27,1,156086.0,2,5.0,1.0,3,5,15,1,3.0,1,1,20,78043.0,0,1,1,1,1,9.0,624344.0,10.0,0
40,2,84708.0,1,36.4,1.0,1,5,3,0,3.0,0,1,8,42354.0,0,1,1,0,0,4.2,338832.0,72.8,0
65,0,101159.0,2,40.2,3.0,2,10,18,0,1.0,0,1,28,25289.75,1,0,1,0,0,13.2,202318.0,80.4,0
49,0,30000.0,2,64.8,1.0,0,2,13,0,3.0,1,1,15,15000.0,1,1,1,0,1,6.4,120000.0,129.6,0
26,0,126807.0,0,5.0,2.0,2,1,0,1,2.0,1,1,1,42269.0,0,0,1,1,1,0.6,380421.0,10.0,1
47,0,116287.0,1,53.3,2.0,1,7,1,1,3.0,1,1,8,38762.333333333336,1,1,1,1,1,4.6000000000000005,465148.0,106.6,0
40,0,160791.0,2,5.0,1.0,1,3,17,0,1.0,0,1,20,80395.5,0,0,1,0,0,8.600000000000001,321582.0,10.0,0
26,0,104434.0,2,40.8,3.0,1,8,17,0,1.0,0,1,25,26108.5,1,0,1,0,0,11.600000000000001,208868.0,81.6,0
43,1,161571.0,2,60.2,1.0,0,4,17,1,2.0,1,1,21,80785.5,1,0,1,1,1,9.200000000000001,484713.0,120.4,1
65,1,61870.0,0,54.0,2.0,0,1,1,1,1.0,0,1,2,20623.333333333332,1,0,1,1,0,1.0,123740.0,108.0,0
58,0,60710.0,2,47.7,3.0,2,6,14,0,2.0,1,1,20,15177.5,1,0,1,0,1,9.2,182130.0,95.4,0
56,0,45482.0,2,40.2,1.0,2,12,6,0,1.0,0,1,18,22741.0,1,0,1,0,0,9.6,90964.0,80.4,0
61,1,84708.0,1,7.6,3.0,2,6,8,0,5.0,0,1,14,21177.0,0,1,1,0,0,6.8,508248.0,15.2,0
66,1,104832.0,0,50.9,2.0,1,0,1,1,1.0,1,1,1,34944.0,1,0,1,1,1,0.4,209664.0,101.8,1
32,1,107311.0,2,37.5,1.0,2,9,4,0,5.0,0,1,13,53655.5,0,1,1,0,0,7.0,643866.0,75.0,0
26,2,126376.0,1,42.1,3.0,2,6,4,1,4.0,1,1,10,31594.0,1,1,1,1,1,5.199999999999999,631880.0,84.2,0
55,1,84730.0,0,5.0,3.5,1,0,2,1,4.0,1,1,2,18828.88888888889,0,1,1,1,1,0.8,423650.0,10.0,0
59,0,73361.0,1,69.8,2.0,1,0,6,1,1.0,1,1,6,24453.666666666668,1,0,1,1,1,2.4000000000000004,146722.0,139.6,0
60,1,67052.0,2,5.0,1.0,2,14,19,0,4.0,0,1,33,33526.0,0,1,1,0,0,16.0,335260.0,10.0,0
63,0,101182.0,0,24.2,3.5,1,1,0,1,1.0,1,1,1,22484.88888888889,0,0,1,1,1,0.6,202364.0,48.4,0
32,1,87679.0,0,75.7,2.0,0,2,3,1,1.0,1,1,5,29226.333333333332,1,0,1,1,1,2.4000000000000004,175358.0,151.4,0
33,0,61731.0,2,45.9,1.0,2,8,5,0,5.0,1,1,13,30865.5,1,1,1,0,1,6.8,370386.0,91.8,0
36,0,105805.0,1,56.9,1.0,2,0,7,1,1.0,1,1,7,52902.5,1,0,1,1,1,2.8000000000000003,211610.0,113.8,1
67,0,150096.0,0,56.7,2.0,1,1,3,1,1.0,0,1,4,50032.0,1,0,1,1,0,1.8000000000000003,300192.0,113.4,0
37,1,94581.0,1,5.0,3.0,3,5,1,1,1.0,0,1,6,23645.25,0,0,1,1,0,3.4,189162.0,10.0,0
33,0,141032.0,1,61.7,1.0,2,2,2,1,4.0,0,1,4,70516.0,1,1,1,1,0,2.0,705160.0,123.4,0
26,1,98972.0,2,50.3,2.0,2,4,15,0,3.0,0,1,19,32990.666666666664,1,1,1,0,0,8.4,395888.0,100.6,0
60,0,50117.0,1,31.1,3.0,0,6,4,0,2.0,0,1,10,12529.25,0,0,1,0,0,5.199999999999999,150351.0,62.2,0
47,1,87877.0,2,68.2,1.0,2,11,3,1,2.0,1,1,14,43938.5,1,0,1,1,1,7.8,263631.0,136.4,0
40,1,61055.0,0,80.4,2.0,1,1,0,1,2.0,1,1,1,20351.666666666668,1,0,1,1,1,0.6,183165.0,160.8,0
45,0,87500.0,2,77.2,3.0,0,8,10,0,1.0,0,1,18,21875.0,1,0,1,0,0,8.8,175000.0,154.4,0
36,0,107861.0,2,69.2,2.0,0,2,8,1,3.0,0,1,10,35953.666666666664,1,1,1,1,0,4.4,431444.0,138.4,0
46,0,78600.0,1,88.4,3.0,2,5,6,1,1.0,1,1,11,19650.0,1,0,1,1,1,5.4,157200.0,176.8,0
68,0,104416.0,2,30.4,3.0,0,12,13,0,1.0,0,1,25,26104.0,0,0,1,0,0,12.399999999999999,208832.0,60.8,0
43,1,115220.0,2,62.8,2.0,1,4,13,0,5.0,0,1,17,38406.666666666664,1,1,1,0,0,7.6,691320.0,125.6,0
49,1,62226.0,2,24.2,2.0,1,4,17,0,1.0,1,1,21,20742.0,0,0,1,0,1,9.200000000000001,124452.0,48.4,0
55,1,30000.0,2,75.7,1.0,2,10,5,0,1.0,1,1,15,15000.0,1,0,1,0,1,8.0,60000.0,151.4,0
69,0,110173.0,1,50.6,1.0,2,4,5,0,5.0,1,1,9,55086.5,1,1,1,0,1,4.4,661038.0,101.2,1
28,1,84505.0,1,30.6,3.0,3,1,3,1,3.0,0,1,4,21126.25,0,1,1,1,0,1.8000000000000003,338020.0,61.2,0
62,0,84270.0,2,49.8,2.0,2,13,3,1,2.0,1,1,16,28090.0,1,0,1,1,1,9.0,252810.0,99.6,0
54,0,30000.0,2,38.2,2.0,2,13,8,1,2.0,1,1,21,10000.0,0,0,1,1,1,11.0,90000.0,76.4,0
55,0,49066.0,2,52.6,2.0,2,12,14,0,3.0,1,1,26,16355.333333333334,1,1,1,0,1,12.8,196264.0,105.2,0
32,0,60660.0,0,51.3,1.0,2,1,0,1,4.0,1,1,1,30330.0,1,1,1,1,1,0.6,303300.0,102.6,0
52,1,67874.0,1,41.9,3.5,1,6,9,1,4.0,1,1,15,15083.111111111111,1,1,1,1,1,7.199999999999999,339370.0,83.8,1
68,0,122578.0,0,60.3,2.0,2,2,2,1,1.0,1,1,4,40859.333333333336,1,0,1,1,1,2.0,245156.0,120.6,0
27,1,148633.0,1,47.3,1.0,0,1,4,1,3.0,0,1,5,74316.5,1,1,1,1,0,2.2,594532.0,94.6,0
40,0,33055.0,2,28.1,2.0,1,5,10,0,2.0,1,1,15,11018.333333333334,0,0,1,0,1,7.0,99165.0,56.2,0
31,0,113767.0,1,59.4,2.0,0,4,7,1,2.0,1,1,11,37922.333333333336,1,0,1,1,1,5.2,341301.0,118.8,0
41,1,75931.0,0,21.3,3.0,2,0,0,1,5.0,1,1,0,18982.75,0,1,1,1,1,0.0,455586.0,42.6,1
44,1,100498.0,2,52.6,2.0,1,13,16,0,2.0,0,1,29,33499.333333333336,1,0,1,0,0,14.2,301494.0,105.2,0
27,0,122771.0,1,29.1,1.0,3,6,3,1,5.0,1,1,9,61385.5,0,1,1,1,1,4.8,736626.0,58.2,1
25,0,94121.0,1,20.1,1.0,0,4,6,1,3.0,1,1,10,47060.5,0,1,1,1,1,4.800000000000001,376484.0,40.2,0
60,1,30000.0,1,33.4,2.0,3,5,3,1,4.0,1,1,8,10000.0,0,1,1,1,1,4.2,150000.0,66.8,0
26,0,107592.0,2,42.2,1.0,2,14,8,0,3.0,0,1,22,53796.0,1,1,1,0,0,11.600000000000001,430368.0,84.4,0
55,1,30000.0,0,47.8,1.0,3,0,1,1,1.0,1,1,1,15000.0,1,0,1,1,1,0.4,60000.0,95.6,0
27,1,43656.0,2,55.2,2.0,0,14,3,0,3.0,0,1,17,14552.0,1,1,1,0,0,9.600000000000001,174624.0,110.4,0
45,1,125381.0,1,24.9,1.0,1,5,9,1,1.0,1,1,14,62690.5,0,0,1,1,1,6.6,250762.0,49.8,0
69,0,33410.0,1,17.6,1.0,2,6,5,0,2.0,1,1,11,16705.0,0,0,1,0,1,5.6,100230.0,35.2,0
30,1,66175.0,1,62.4,3.0,0,6,5,1,5.0,1,1,11,16543.75,1,1,1,1,1,5.6,397050.0,124.8,1
50,0,54884.0,1,44.9,2.0,0,3,5,1,1.0,1,1,8,18294.666666666668,1,0,1,1,1,3.8,109768.0,89.8,0
30,1,114936.0,1,40.2,2.0,2,1,4,1,3.0,0,1,5,38312.0,1,1,1,1,0,2.2,459744.0,80.4,0
33,1,114273.0,0,23.3,2.0,2,0,2,1,1.0,0,1,2,38091.0,0,0,1,1,0,0.8,228546.0,46.6,0
42,1,67498.0,1,16.6,1.0,2,0,8,1,3.0,0,1,8,33749.0,0,1,1,1,0,3.2,269992.0,33.2,0
36,1,44408.0,2,17.7,2.0,1,10,6,0,1.0,0,1,16,14802.666666666666,0,0,1,0,0,8.4,88816.0,35.4,0
44,1,130853.0,1,13.0,2.0,3,3,9,1,3.0,1,1,12,43617.666666666664,0,1,1,1,1,5.4,523412.0,26.0,0
44,1,86160.0,2,40.2,3.5,2,8,13,1,3.0,1,1,21,19146.666666666668,1,1,1,1,1,10.0,344640.0,80.4,0
30,1,59227.0,2,82.2,2.0,1,9,7,0,1.0,0,1,16,19742.333333333332,1,0,1,0,0,8.2,118454.0,164.4,0
48,1,30000.0,2,45.6,2.0,1,6,5,0,5.0,1,1,11,10000.0,1,1,1,0,1,5.6,180000.0,91.2,0
49,1,42934.0,0,25.2,2.0,3,2,3,1,2.0,1,1,5,14311.333333333334,0,0,1,1,1,2.4000000000000004,128802.0,50.4,0
53,1,58220.0,1,49.7,3.0,2,1,7,1,4.0,1,1,8,14555.0,1,1,1,1,1,3.4000000000000004,291100.0,99.4,1
46,1,65178.0,2,33.3,1.0,0,2,12,0,1.0,0,1,14,32589.0,0,0,1,0,0,6.000000000000001,130356.0,66.6,0
65,0,76807.0,0,42.4,1.0,2,1,3,1,5.0,0,1,4,38403.5,1,1,1,1,0,1.8000000000000003,460842.0,84.8,1
64,1,69170.0,1,35.4,1.0,1,6,1,1,2.0,1,1,7,34585.0,0,0,1,1,1,3.9999999999999996,207510.0,70.8,0
54,0,34259.0,1,33.9,1.0,1,4,5,1,5.0,1,1,9,17129.5,0,1,1,1,1,4.4,205554.0,67.8,1
51,1,154485.0,0,15.7,2.0,0,1,1,1,4.0,0,1,2,51495.0,0,1,1,1,0,1.0,772425.0,31.4,0
44,0,97623.0,1,5.0,2.0,1,7,2,1,3.0,0,1,9,32541.0,0,1,1,1,0,5.0,390492.0,10.0,0
66,2,78212.0,2,64.4,1.0,1,11,16,0,1.0,1,1,27,39106.0,1,0,1,0,1,13.0,156424.0,128.8,0
31,1,83059.0,2,5.0,3.0,1,5,8,1,4.0,1,1,13,20764.75,0,1,1,1,1,6.2,415295.0,10.0,0
69,0,94545.0,1,9.5,1.0,2,1,6,1,3.0,0,1,7,47272.5,0,1,1,1,0,3.0000000000000004,378180.0,19.0,0
63,0,81692.0,1,5.0,1.0,2,4,9,1,2.0,0,1,13,40846.0,0,0,1,1,0,6.0,245076.0,10.0,0
69,1,81954.0,2,89.9,2.0,0,9,17,0,2.0,1,1,26,27318.0,1,0,1,0,1,12.2,245862.0,179.8,0
69,0,88350.0,0,30.8,1.0,2,2,1,1,2.0,0,1,3,44175.0,0,0,1,1,0,1.6,265050.0,61.6,0
34,1,63034.0,2,53.3,2.0,2,13,4,0,1.0,1,1,17,21011.333333333332,1,0,1,0,1,9.4,126068.0,106.6,0
67,1,35689.0,2,39.5,2.0,0,9,11,0,2.0,1,1,20,11896.333333333334,0,0,1,0,1,9.8,107067.0,79.0,0
48,0,122555.0,2,37.5,3.0,3,7,4,0,2.0,0,1,11,30638.75,0,0,1,0,0,5.800000000000001,367665.0,75.0,0
60,0,68675.0,2,60.5,1.0,1,13,9,1,5.0,1,1,22,34337.5,1,1,1,1,1,11.4,412050.0,121.0,0
26,1,96457.0,2,67.9,1.0,0,14,18,0,2.0,1,1,32,48228.5,1,0,1,0,1,15.600000000000001,289371.0,135.8,0
65,0,140087.0,2,37.4,1.0,1,6,10,1,1.0,1,1,16,70043.5,0,0,1,1,1,7.6,280174.0,74.8,1
69,1,96491.0,1,32.6,3.0,1,1,4,1,4.0,1,1,5,24122.75,0,1,1,1,1,2.2,482455.0,65.2,1
57,1,92819.0,1,56.7,3.5,2,2,1,0,3.0,0,1,3,20626.444444444445,1,1,1,0,0,1.6,371276.0,113.4,0
50,1,30000.0,1,40.2,3.0,0,7,1,1,4.0,1,1,8,7500.0,1,1,1,1,1,4.6000000000000005,150000.0,80.4,0
32,1,97511.0,2,38.3,3.5,1,4,17,0,1.0,1,1,21,21669.11111111111,0,0,1,0,1,9.200000000000001,195022.0,76.6,0
66,0,117611.0,1,41.2,2.0,0,0,1,1,3.0,0,1,1,39203.666666666664,1,1,1,1,0,0.4,470444.0,82.4,0
37,1,68967.0,1,68.5,2.0,2,2,2,1,4.0,1,1,4,22989.0,1,1,1,1,1,2.0,344835.0,137.0,1
40,1,52717.0,2,63.8,2.0,1,2,18,0,1.0,0,1,20,17572.333333333332,1,0,1,0,0,8.4,105434.0,127.6,0
40,1,106533.0,2,70.7,2.0,1,5,13,0,2.0,1,1,18,35511.0,1,0,1,0,1,8.2,319599.0,141.4,0
35,0,67099.0,1,44.2,1.0,3,3,1,1,4.0,1,1,4,33549.5,1,1,1,1,1,2.1999999999999997,335495.0,88.4,1
37,1,47745.0,1,14.5,1.0,2,4,1,1,4.0,0,1,5,23872.5,0,1,1,1,0,2.8,238725.0,29.0,0
50,1,84210.0,2,13.1,3.0,1,6,4,1,4.0,0,1,10,21052.5,0,1,1,1,0,5.199999999999999,421050.0,26.2,0
45,0,41763.0,1,38.1,1.0,2,7,1,0,3.0,0,1,8,20881.5,0,1,1,0,0,4.6000000000000005,167052.0,76.2,0
37,0,30000.0,2,54.9,2.0,1,5,12,1,2.0,0,1,17,10000.0,1,0,1,1,0,7.800000000000001,90000.0,109.8,0
57,2,103511.0,2,13.1,2.0,0,7,16,0,3.0,1,1,23,34503.666666666664,0,1,1,0,1,10.600000000000001,414044.0,26.2,0
51,1,69607.0,1,55.6,1.0,0,2,3,1,5.0,1,1,5,34803.5,1,1,1,1,1,2.4000000000000004,417642.0,111.2,0
28,0,30000.0,2,44.1,1.0,1,13,13,0,1.0,0,1,26,15000.0,1,0,1,0,0,13.0,60000.0,88.2,0
47,1,70159.0,0,44.0,1.0,1,2,1,1,1.0,0,1,3,35079.5,1,0,1,1,0,1.6,140318.0,88.0,0
55,0,63371.0,1,54.5,1.0,3,0,9,1,2.0,1,1,9,31685.5,1,0,1,1,1,3.6,190113.0,109.0,0
59,1,66087.0,1,30.6,1.0,1,4,1,1,5.0,1,1,5,33043.5,0,1,1,1,1,2.8,396522.0,61.2,0
39,0,97624.0,2,17.6,3.0,2,7,7,0,4.0,1,1,14,24406.0,0,1,1,0,1,7.0,488120.0,35.2,0
28,2,116852.0,1,45.9,2.0,2,6,4,1,1.0,1,1,10,38950.666666666664,1,0,1,1,1,5.199999999999999,233704.0,91.8,0
50,1,114870.0,2,106.3,3.5,0,4,10,0,2.0,1,1,14,25526.666666666668,1,0,1,0,1,6.4,344610.0,212.6,0
38,0,97759.0,2,32.2,1.0,1,6,8,1,1.0,1,1,14,48879.5,0,0,1,1,1,6.8,195518.0,64.4,0
43,0,112110.0,1,51.6,1.0,1,1,4,1,1.0,1,1,5,56055.0,1,0,1,1,1,2.2,224220.0,103.2,0
54,1,126457.0,1,11.9,3.5,0,0,1,0,1.0,1,1,1,28101.555555555555,0,0,1,0,1,0.4,252914.0,23.8,0
60,1,106168.0,2,11.6,3.0,0,8,9,0,1.0,0,1,17,26542.0,0,0,1,0,0,8.4,212336.0,23.2,0
66,0,45748.0,1,61.4,2.0,2,3,8,1,1.0,1,1,11,15249.333333333334,1,0,1,1,1,5.0,91496.0,122.8,0
30,1,30000.0,1,19.7,1.0,2,3,8,0,1.0,0,1,11,15000.0,0,0,1,0,0,5.0,60000.0,39.4,0
34,0,129729.0,2,46.3,2.0,0,8,19,0,2.0,1,1,27,43243.0,1,0,1,0,1,12.4,389187.0,92.6,0
63,1,121795.0,2,71.0,2.0,2,6,9,1,5.0,1,1,15,40598.333333333336,1,1,1,1,1,7.199999999999999,730770.0,142.0,1
63,1,87903.0,1,18.5,2.0,3,3,3,1,4.0,0,1,6,29301.0,0,1,1,1,0,3.0,439515.0,37.0,0
55,1,65881.0,2,38.3,1.0,1,8,16,1,4.0,0,1,24,32940.5,0,1,1,1,0,11.2,329405.0,76.6,0
27,0,124325.0,0,15.5,3.0,0,1,3,1,3.0,1,1,4,31081.25,0,1,1,1,1,1.8000000000000003,497300.0,31.0,1
29,0,68315.0,2,89.3,2.0,2,13,16,0,3.0,0,1,29,22771.666666666668,1,1,1,0,0,14.2,273260.0,178.6,0
48,1,123466.0,1,20.1,2.0,1,4,5,1,3.0,1,1,9,41155.333333333336,0,1,1,1,1,4.4,493864.0,40.2,1
36,1,86561.0,2,32.7,1.0,1,11,14,0,3.0,0,1,25,43280.5,0,1,1,0,0,12.2,346244.0,65.4,0
37,0,103573.0,0,30.0,2.0,0,1,3,1,4.0,0,1,4,34524.333333333336,0,1,1,1,0,1.8000000000000003,517865.0,60.0,0
27,1,112506.0,1,40.6,2.0,1,5,6,1,4.0,1,1,11,37502.0,1,1,1,1,1,5.4,562530.0,81.2,1
34,0,69686.0,2,32.4,1.0,0,2,8,0,3.0,1,1,10,34843.0,0,1,1,0,1,4.4,278744.0,64.8,0
38,0,70394.0,0,23.2,2.0,0,2,0,1,1.0,0,1,2,23464.666666666668,0,0,1,1,0,1.2,140788.0,46.4,0
61,0,30000.0,1,12.2,2.0,2,6,9,1,1.0,0,1,15,10000.0,0,0,1,1,0,7.199999999999999,60000.0,24.4,0
37,1,84047.0,1,53.6,2.0,2,0,3,1,2.0,1,1,3,28015.666666666668,1,0,1,1,1,1.2000000000000002,252141.0,107.2,0
30,2,55119.0,2,43.1,1.0,0,7,8,1,1.0,0,1,15,27559.5,1,0,1,1,0,7.4,110238.0,86.2,0
40,0,107220.0,1,49.4,2.0,2,7,7,1,5.0,0,1,14,35740.0,1,1,1,1,0,7.0,643320.0,98.8,0
41,2,87432.0,0,67.4,2.0,2,0,1,1,3.0,1,1,1,29144.0,1,1,1,1,1,0.4,349728.0,134.8,0
61,0,30000.0,2,27.0,3.0,2,6,6,1,5.0,1,1,12,7500.0,0,1,1,1,1,6.0,180000.0,54.0,0
47,1,96108.0,2,17.2,1.0,0,6,19,0,3.0,0,1,25,48054.0,0,1,1,0,0,11.2,384432.0,34.4,0
36,0,34551.0,1,13.1,2.0,1,3,1,1,4.0,1,1,4,11517.0,0,1,1,1,1,2.1999999999999997,172755.0,26.2,0
68,1,61612.0,2,76.1,3.0,2,8,7,0,2.0,1,1,15,15403.0,1,0,1,0,1,7.6,184836.0,152.2,0
55,0,51850.0,1,5.0,1.0,2,7,3,0,2.0,0,1,10,25925.0,0,0,1,0,0,5.4,155550.0,10.0,0
26,0,93785.0,2,27.4,1.0,2,8,16,0,1.0,0,1,24,46892.5,0,0,1,0,0,11.2,187570.0,54.8,0
59,0,97973.0,2,14.2,1.0,2,12,10,1,3.0,1,1,22,48986.5,0,1,1,1,1,11.2,391892.0,28.4,0
42,2,95537.0,0,20.1,3.0,1,0,1,0,3.0,0,1,1,23884.25,0,1,1,0,0,0.4,382148.0,40.2,0
61,0,117715.0,1,40.7,3.0,2,1,4,1,1.0,0,1,5,29428.75,1,0,1,1,0,2.2,235430.0,81.4,0
28,1,111217.0,1,29.4,1.0,0,1,2,1,3.0,0,1,3,55608.5,0,1,1,1,0,1.4,444868.0,58.8,0
46,0,123422.0,2,55.7,1.0,1,5,5,1,5.0,0,1,10,61711.0,1,1,1,1,0,5.0,740532.0,111.4,0
64,0,106464.0,2,5.0,1.0,3,11,5,0,1.0,1,1,16,53232.0,0,0,1,0,1,8.6,212928.0,10.0,0
25,1,83586.0,2,23.2,2.0,1,14,7,0,3.0,1,1,21,27862.0,0,1,1,0,1,11.200000000000001,334344.0,46.4,0
45,1,100714.0,1,65.4,1.0,2,0,1,1,3.0,1,1,1,50357.0,1,1,1,1,1,0.4,402856.0,130.8,0
34,0,101210.0,2,75.1,2.0,0,12,10,1,5.0,0,1,22,33736.666666666664,1,1,1,1,0,11.2,607260.0,150.2,0
38,0,64204.0,1,18.1,3.0,0,2,2,1,2.0,1,1,4,16051.0,0,0,1,1,1,2.0,192612.0,36.2,0
62,1,30000.0,2,5.0,2.0,2,2,5,1,2.0,1,1,7,10000.0,0,0,1,1,1,3.2,90000.0,10.0,0
31,0,93225.0,2,68.1,3.0,2,12,4,0,5.0,0,1,16,23306.25,1,1,1,0,0,8.799999999999999,559350.0,136.2,0
44,1,74743.0,2,88.9,2.0,2,4,13,1,1.0,1,1,17,24914.333333333332,1,0,1,1,1,7.6,149486.0,177.8,0
62,0,52711.0,1,71.5,3.0,2,3,7,0,1.0,1,1,10,13177.75,1,0,1,0,1,4.6,105422.0,143.0,0
37,0,100925.0,1,95.2,1.0,2,1,8,1,4.0,0,1,9,50462.5,1,1,1,1,0,3.8000000000000003,504625.0,190.4,0
35,0,40397.0,1,33.5,3.0,1,5,4,1,4.0,1,1,9,10099.25,0,1,1,1,1,4.6,201985.0,67.0,0
27,1,115513.0,2,44.9,3.0,2,11,18,0,1.0,1,1,29,28878.25,1,0,1,0,1,13.8,231026.0,89.8,0
25,0,100761.0,2,47.1,3.5,2,12,18,0,2.0,0,1,30,22391.333333333332,1,0,1,0,0,14.399999999999999,302283.0,94.2,0
27,0,121692.0,1,49.2,1.0,2,2,6,1,2.0,1,1,8,60846.0,1,0,1,1,1,3.6000000000000005,365076.0,98.4,1
51,0,137762.0,2,5.0,2.0,2,11,9,1,2.0,0,1,20,45920.666666666664,0,0,1,1,0,10.2,413286.0,10.0,0
38,1,84708.0,1,30.1,3.5,0,3,4,1,1.0,1,1,7,18824.0,0,0,1,1,1,3.4,169416.0,60.2,0
49,1,112985.0,1,49.6,2.0,3,7,4,1,4.0,1,1,11,37661.666666666664,1,1,1,1,1,5.800000000000001,564925.0,99.2,1
58,1,51080.0,1,69.6,2.0,2,4,1,0,3.0,1,1,5,17026.666666666668,1,1,1,0,1,2.8,204320.0,139.2,0
26,1,69891.0,2,11.5,1.0,2,6,8,0,2.0,0,1,14,34945.5,0,0,1,0,0,6.8,209673.0,23.0,0
51,1,96623.0,0,37.1,1.0,2,1,1,1,1.0,0,1,2,48311.5,0,0,1,1,0,1.0,193246.0,74.2,0
35,1,86376.0,2,60.9,1.0,2,11,18,1,1.0,1,1,29,43188.0,1,0,1,1,1,13.8,172752.0,121.8,0
60,1,132852.0,1,17.9,2.0,3,6,9,1,2.0,1,1,15,44284.0,0,0,1,1,1,7.199999999999999,398556.0,35.8,0
50,0,150019.0,1,69.0,2.0,2,4,5,1,5.0,1,1,9,50006.333333333336,1,1,1,1,1,4.4,900114.0,138.0,1
50,1,126729.0,2,73.2,2.0,0,11,19,1,1.0,0,1,30,42243.0,1,0,1,1,0,14.2,253458.0,146.4,0
46,0,61623.0,1,23.6,1.0,0,0,8,1,4.0,0,1,8,30811.5,0,1,1,1,0,3.2,308115.0,47.2,0
52,1,41923.0,2,40.2,1.0,0,13,10,0,1.0,0,1,23,20961.5,1,0,1,0,0,11.8,83846.0,80.4,0
50,1,90978.0,2,48.2,1.0,0,13,14,0,5.0,1,1,27,45489.0,1,1,1,0,1,13.4,545868.0,96.4,1
55,0,103111.0,2,28.2,3.5,2,11,13,1,4.0,0,1,24,22913.555555555555,0,1,1,1,0,11.8,515555.0,56.4,0
63,0,39242.0,1,47.2,2.0,2,7,6,0,5.0,0,1,13,13080.666666666666,1,1,1,0,0,6.6000000000000005,235452.0,94.4,0
58,0,59838.0,2,77.2,1.0,0,4,18,0,3.0,1,1,22,29919.0,1,1,1,0,1,9.6,239352.0,154.4,0
42,1,32718.0,1,47.9,3.0,1,4,3,1,5.0,1,1,7,8179.5,1,1,1,1,1,3.6,196308.0,95.8,1
48,1,76239.0,1,44.2,2.0,2,3,3,0,2.0,0,1,6,25413.0,1,0,1,0,0,3.0,228717.0,88.4,0
51,1,124848.0,1,11.4,1.0,2,0,1,1,4.0,1,1,1,62424.0,0,1,1,1,1,0.4,624240.0,22.8,0
69,1,97302.0,0,37.7,2.0,3,1,3,1,4.0,1,1,4,32434.0,0,1,1,1,1,1.8000000000000003,486510.0,75.4,0
53,1,52131.0,0,26.3,1.0,2,0,1,1,4.0,1,1,1,26065.5,0,1,1,1,1,0.4,260655.0,52.6,0
62,1,76553.0,0,51.7,3.5,2,1,1,1,1.0,0,1,2,17011.777777777777,1,0,1,1,0,1.0,153106.0,103.4,0
62,1,38999.0,2,77.9,2.0,3,6,18,1,2.0,0,1,24,12999.666666666666,1,0,1,1,0,10.8,116997.0,155.8,0
57,1,105576.0,0,24.8,2.0,2,0,3,1,5.0,1,1,3,35192.0,0,1,1,1,1,1.2000000000000002,633456.0,49.6,1
64,1,144127.0,2,46.1,1.0,2,9,4,0,1.0,1,1,13,72063.5,1,0,1,0,1,7.0,288254.0,92.2,0
58,1,130538.0,2,102.4,2.0,1,4,9,0,5.0,0,1,13,43512.666666666664,1,1,1,0,0,6.0,783228.0,204.8,0
33,0,104761.0,0,25.8,1.0,1,1,1,1,1.0,1,1,2,52380.5,0,0,1,1,1,1.0,209522.0,51.6,0
32,0,67954.0,2,13.6,2.0,0,4,16,0,2.0,1,1,20,22651.333333333332,0,0,1,0,1,8.8,203862.0,27.2,0
40,0,30000.0,1,44.4,3.0,0,7,3,1,2.0,1,1,10,7500.0,1,0,1,1,1,5.4,90000.0,88.8,0
44,0,76425.0,2,65.8,3.0,0,7,17,1,2.0,1,1,24,19106.25,1,0,1,1,1,11.0,229275.0,131.6,0
36,0,57799.0,1,24.4,2.0,1,3,9,1,2.0,1,1,12,19266.333333333332,0,0,1,1,1,5.4,173397.0,48.8,0
50,0,94333.0,2,56.5,2.0,3,13,4,1,5.0,1,1,17,31444.333333333332,1,1,1,1,1,9.4,565998.0,113.0,1
66,0,110971.0,0,54.2,1.0,0,1,1,0,5.0,0,1,2,55485.5,1,1,1,0,0,1.0,665826.0,108.4,0
63,0,68066.0,1,53.1,2.0,3,5,3,0,2.0,0,1,8,22688.666666666668,1,0,1,0,0,4.2,204198.0,106.2,0
61,1,76269.0,1,81.8,2.0,2,1,6,1,3.0,0,1,7,25423.0,1,1,1,1,0,3.0000000000000004,305076.0,163.6,0
27,1,81844.0,2,47.5,2.0,1,14,11,1,1.0,0,1,25,27281.333333333332,1,0,1,1,0,12.8,163688.0,95.0,0
55,1,30000.0,1,31.9,2.0,2,3,3,1,2.0,1,1,6,10000.0,0,0,1,1,1,3.0,90000.0,63.8,0
29,1,30856.0,2,22.2,3.0,1,11,5,0,2.0,1,1,16,7714.0,0,0,1,0,1,8.6,92568.0,44.4,0
27,0,57297.0,0,22.4,3.5,1,1,1,1,4.0,0,1,2,12732.666666666666,0,1,1,1,0,1.0,286485.0,44.8,0
43,0,58547.0,0,61.9,1.0,1,1,0,1,2.0,0,1,1,29273.5,1,0,1,1,0,0.6,175641.0,123.8,0
68,0,33469.0,2,57.3,1.0,2,8,5,0,3.0,1,1,13,16734.5,1,1,1,0,1,6.8,133876.0,114.6,0
63,0,30000.0,1,24.8,1.0,1,3,3,1,5.0,0,1,6,15000.0,0,1,1,1,0,3.0,180000.0,49.6,0
44,1,67190.0,2,66.9,2.0,0,14,16,1,3.0,0,1,30,22396.666666666668,1,1,1,1,0,14.8,268760.0,133.8,0
30,0,101043.0,2,5.0,1.0,2,3,12,1,1.0,1,1,15,50521.5,0,0,1,1,1,6.6000000000000005,202086.0,10.0,0
47,1,55036.0,1,29.8,2.0,1,3,2,1,5.0,0,1,5,18345.333333333332,0,1,1,1,0,2.5999999999999996,330216.0,59.6,0
30,1,30000.0,2,71.5,2.0,0,9,19,0,3.0,0,1,28,10000.0,1,1,1,0,0,13.0,120000.0,143.0,0
57,1,122217.0,0,26.0,3.5,2,2,0,1,5.0,0,1,2,27159.333333333332,0,1,1,1,0,1.2,733302.0,52.0,0
56,0,123413.0,2,5.0,2.0,2,10,18,0,5.0,1,1,28,41137.666666666664,0,1,1,0,1,13.2,740478.0,10.0,1
44,0,51468.0,1,35.8,2.0,0,2,9,1,3.0,1,1,11,17156.0,0,1,1,1,1,4.8,205872.0,71.6,1
40,1,42761.0,2,61.9,2.0,1,7,6,0,2.0,1,1,13,14253.666666666666,1,0,1,0,1,6.6000000000000005,128283.0,123.8,0
31,0,112988.0,1,42.1,1.0,0,6,3,0,3.0,0,1,9,56494.0,1,1,1,0,0,4.8,451952.0,84.2,0
50,1,136316.0,1,38.6,2.0,3,5,3,1,4.0,1,1,8,45438.666666666664,0,1,1,1,1,4.2,681580.0,77.2,0
39,2,99179.0,2,32.5,3.0,2,4,10,1,5.0,1,1,14,24794.75,0,1,1,1,1,6.4,595074.0,65.0,1
63,0,119668.0,0,8.0,1.0,1,1,1,1,2.0,1,1,2,59834.0,0,0,1,1,1,1.0,359004.0,16.0,0
46,1,73280.0,2,75.5,2.0,2,3,16,1,1.0,0,1,19,24426.666666666668,1,0,1,1,0,8.2,146560.0,151.0,0
69,1,81830.0,2,87.1,1.0,1,8,15,0,4.0,1,1,23,40915.0,1,1,1,0,1,10.8,409150.0,174.2,0
30,1,151406.0,1,56.7,2.0,1,0,9,0,1.0,0,1,9,50468.666666666664,1,0,1,0,0,3.6,302812.0,113.4,0
60,1,107039.0,2,36.1,2.0,2,4,13,0,5.0,0,1,17,35679.666666666664,0,1,1,0,0,7.6,642234.0,72.2,0
42,0,120700.0,1,38.6,1.0,1,3,5,1,1.0,1,1,8,60350.0,0,0,1,1,1,3.8,241400.0,77.2,0
42,1,121954.0,2,80.3,2.0,2,2,11,0,3.0,0,1,13,40651.333333333336,1,1,1,0,0,5.6000000000000005,487816.0,160.6,0
49,1,97111.0,2,5.0,2.0,2,14,7,1,4.0,1,1,21,32370.333333333332,0,1,1,1,1,11.200000000000001,485555.0,10.0,0
56,0,81844.0,2,65.9,2.0,2,9,13,0,4.0,1,1,22,27281.333333333332,1,1,1,0,1,10.6,409220.0,131.8,0
39,1,84942.0,1,48.6,1.0,2,1,7,1,2.0,0,1,8,42471.0,1,0,1,1,0,3.4000000000000004,254826.0,97.2,0
64,1,32264.0,2,64.4,2.0,1,2,13,1,3.0,0,1,15,10754.666666666666,1,1,1,1,0,6.4,129056.0,128.8,0
44,1,107798.0,0,35.8,2.0,1,0,1,1,4.0,1,1,1,35932.666666666664,0,1,1,1,1,0.4,538990.0,71.6,0
39,0,30000.0,0,40.2,1.0,2,1,2,1,5.0,0,1,3,15000.0,1,1,1,1,0,1.4,180000.0,80.4,0
29,1,100796.0,1,11.9,1.0,2,6,4,1,5.0,1,1,10,50398.0,0,1,1,1,1,5.199999999999999,604776.0,23.8,1
57,0,100016.0,1,71.2,1.0,1,2,1,1,5.0,1,1,3,50008.0,1,1,1,1,1,1.6,600096.0,142.4,1
56,0,30000.0,2,57.3,1.0,1,11,5,0,2.0,0,1,16,15000.0,1,0,1,0,0,8.6,90000.0,114.6,0
64,0,107823.0,2,64.9,3.0,1,12,3,0,2.0,0,1,15,26955.75,1,0,1,0,0,8.399999999999999,323469.0,129.8,0
59,0,30000.0,0,27.4,1.0,2,2,1,1,5.0,1,1,3,15000.0,0,1,1,1,1,1.6,180000.0,54.8,0
59,1,89950.0,2,25.6,3.0,2,13,17,0,4.0,0,1,30,22487.5,0,1,1,0,0,14.600000000000001,449750.0,51.2,0
41,0,79123.0,2,33.6,2.0,0,13,4,1,3.0,1,1,17,26374.333333333332,0,1,1,1,1,9.4,316492.0,67.2,0
69,0,80141.0,2,104.6,1.0,0,11,5,0,3.0,1,1,16,40070.5,1,1,1,0,1,8.6,320564.0,209.2,0
65,1,70363.0,1,25.2,1.0,1,3,6,0,3.0,0,1,9,35181.5,0,1,1,0,0,4.2,281452.0,50.4,0
54,1,146706.0,1,37.1,2.0,1,3,1,1,1.0,1,1,4,48902.0,0,0,1,1,1,2.1999999999999997,293412.0,74.2,1
37,0,133037.0,1,48.5,2.0,1,0,1,1,1.0,0,1,1,44345.666666666664,1,0,1,1,0,0.4,266074.0,97.0,0
61,1,127841.0,2,13.4,3.0,1,3,7,1,1.0,1,1,10,31960.25,0,0,1,1,1,4.6,255682.0,26.8,0
55,0,103264.0,1,60.0,1.0,2,3,9,1,3.0,1,1,12,51632.0,1,1,1,1,1,5.4,413056.0,120.0,0
35,0,73017.0,0,5.0,1.0,1,0,3,1,3.0,1,1,3,36508.5,0,1,1,1,1,1.2000000000000002,292068.0,10.0,0
32,0,58625.0,1,5.0,1.0,2,5,6,0,5.0,1,1,11,29312.5,0,1,1,0,1,5.4,351750.0,10.0,1
68,1,30000.0,1,48.5,2.0,1,4,5,1,1.0,0,1,9,10000.0,1,0,1,1,0,4.4,60000.0,97.0,0
47,0,49667.0,2,52.5,2.0,2,13,9,0,4.0,1,1,22,16555.666666666668,1,1,1,0,1,11.4,248335.0,105.0,1
68,1,65801.0,1,12.7,2.0,1,0,8,1,4.0,1,1,8,21933.666666666668,0,1,1,1,1,3.2,329005.0,25.4,0
33,1,121255.0,2,68.6,3.5,2,7,11,0,1.0,0,1,18,26945.555555555555,1,0,1,0,0,8.600000000000001,242510.0,137.2,0
31,0,125050.0,2,48.9,3.0,2,4,14,1,4.0,0,1,18,31262.5,1,1,1,1,0,8.0,625250.0,97.8,0
39,0,35198.0,2,26.0,3.0,1,11,6,1,5.0,0,1,17,8799.5,0,1,1,1,0,9.0,211188.0,52.0,0
30,0,30000.0,2,45.0,3.5,2,13,11,1,5.0,0,1,24,6666.666666666667,1,1,1,1,0,12.2,180000.0,90.0,0
55,1,115679.0,1,27.7,2.0,3,7,3,1,3.0,0,1,10,38559.666666666664,0,1,1,1,0,5.4,462716.0,55.4,0
36,1,30000.0,2,40.7,1.0,2,13,5,0,3.0,1,1,18,15000.0,1,1,1,0,1,9.8,120000.0,81.4,0
39,1,64839.0,1,18.5,3.0,2,0,3,0,3.0,0,1,3,16209.75,0,1,1,0,0,1.2000000000000002,259356.0,37.0,0
47,1,30000.0,1,44.5,1.0,2,0,5,0,1.0,1,1,5,15000.0,1,0,1,0,1,2.0,60000.0,89.0,0
56,1,140078.0,1,16.4,1.0,1,7,4,1,3.0,0,1,11,70039.0,0,1,1,1,0,5.800000000000001,560312.0,32.8,0
42,0,88765.0,1,54.2,2.0,1,3,1,1,4.0,1,1,4,29588.333333333332,1,1,1,1,1,2.1999999999999997,443825.0,108.4,0
33,1,84708.0,1,12.2,1.0,2,6,9,1,1.0,1,1,15,42354.0,0,0,1,1,1,7.199999999999999,169416.0,24.4,0
36,1,74555.0,1,39.5,1.0,1,4,2,0,3.0,0,1,6,37277.5,0,1,1,0,0,3.2,298220.0,79.0,0
47,1,143725.0,2,53.4,1.0,1,8,8,0,4.0,0,1,16,71862.5,1,1,1,0,0,8.0,718625.0,106.8,0
45,1,30000.0,1,46.2,2.0,2,1,2,1,3.0,1,1,3,10000.0,1,1,1,1,1,1.4,120000.0,92.4,0
56,1,68980.0,2,63.3,1.0,2,9,18,1,2.0,1,1,27,34490.0,1,0,1,1,1,12.6,206940.0,126.6,0
48,0,96030.0,1,5.0,2.0,2,2,7,1,1.0,1,1,9,32010.0,0,0,1,1,1,4.0,192060.0,10.0,0
43,1,89203.0,2,65.1,2.0,0,5,14,0,4.0,0,1,19,29734.333333333332,1,1,1,0,0,8.600000000000001,446015.0,130.2,0
52,1,30000.0,1,49.6,3.0,3,1,1,1,3.0,1,1,2,7500.0,1,1,1,1,1,1.0,120000.0,99.2,0
46,0,82095.0,0,106.35000000000001,2.0,1,2,2,1,5.0,1,1,4,27365.0,1,1,1,1,1,2.0,492570.0,212.70000000000002,0
58,0,42442.0,2,44.8,2.0,0,4,5,0,4.0,1,1,9,14147.333333333334,1,1,1,0,1,4.4,212210.0,89.6,0
47,1,66175.0,2,41.8,3.0,1,4,10,0,1.0,0,1,14,16543.75,1,0,1,0,0,6.4,132350.0,83.6,0
46,0,30000.0,1,28.8,1.0,2,2,2,1,5.0,1,1,4,15000.0,0,1,1,1,1,2.0,180000.0,57.6,1
29,1,115756.0,1,42.9,2.0,1,3,8,1,3.0,0,1,11,38585.333333333336,1,1,1,1,0,5.0,463024.0,85.8,0
58,0,73320.0,0,41.4,2.0,2,2,1,1,1.0,0,1,3,24440.0,1,0,1,1,0,1.6,146640.0,82.8,0
29,1,67470.0,0,50.3,2.0,2,2,2,1,3.0,0,1,4,22490.0,1,1,1,1,0,2.0,269880.0,100.6,0
46,0,80596.0,0,29.0,1.0,1,2,1,1,2.0,1,1,3,40298.0,0,0,1,1,1,1.6,241788.0,58.0,0
29,0,61616.0,2,33.3,2.0,2,14,9,1,1.0,0,1,23,20538.666666666668,0,0,1,1,0,12.0,123232.0,66.6,0
67,1,77010.0,1,43.1,1.0,2,5,9,1,2.0,0,1,14,38505.0,1,0,1,1,0,6.6,231030.0,86.2,0
60,1,102310.0,0,5.0,3.0,3,0,0,1,5.0,1,1,0,25577.5,0,1,1,1,1,0.0,613860.0,10.0,1
60,0,48465.0,2,59.8,2.0,1,12,3,0,4.0,1,1,15,16155.0,1,1,1,0,1,8.399999999999999,242325.0,119.6,0
33,0,119349.0,2,73.0,3.0,0,6,19,0,5.0,0,1,25,29837.25,1,1,1,0,0,11.2,716094.0,146.0,0
61,1,56888.0,2,69.1,2.0,2,5,11,1,2.0,0,1,16,18962.666666666668,1,0,1,1,0,7.4,170664.0,138.2,0
38,0,102189.0,1,6.0,1.0,2,2,8,1,5.0,0,1,10,51094.5,0,1,1,1,0,4.4,613134.0,12.0,0
65,0,44233.0,2,22.4,1.0,2,7,19,0,4.0,0,1,26,22116.5,0,1,1,0,0,11.8,221165.0,44.8,0
36,1,59713.0,0,76.5,2.0,2,1,2,1,4.0,1,1,3,19904.333333333332,1,1,1,1,1,1.4,298565.0,153.0,0
62,0,130126.0,2,5.0,2.0,2,7,5,1,4.0,0,1,12,43375.333333333336,0,1,1,1,0,6.2,650630.0,10.0,0
47,0,53172.0,2,19.6,1.0,3,10,9,0,5.0,1,1,19,26586.0,0,1,1,0,1,9.6,319032.0,39.2,0
56,0,31281.0,2,42.8,1.0,0,2,16,0,5.0,1,1,18,15640.5,1,1,1,0,1,7.6000000000000005,187686.0,85.6,0
63,0,62127.0,2,51.9,2.0,3,4,13,0,5.0,1,1,17,20709.0,1,1,1,0,1,7.6,372762.0,103.8,0
43,0,30000.0,0,7.5,3.0,3,2,3,1,2.0,0,1,5,7500.0,0,0,1,1,0,2.4000000000000004,90000.0,15.0,0
42,2,117149.0,0,55.7,1.0,1,0,1,1,1.0,1,1,1,58574.5,1,0,1,1,1,0.4,234298.0,111.4,0
45,1,58311.0,2,64.8,2.0,0,9,4,0,2.0,1,1,13,19437.0,1,0,1,0,1,7.0,174933.0,129.6,0
33,2,56046.0,1,45.9,2.0,2,6,6,0,4.0,1,1,12,18682.0,1,1,1,0,1,6.0,280230.0,91.8,0
37,1,107306.0,1,74.2,1.0,3,4,9,1,3.0,0,1,13,53653.0,1,1,1,1,0,6.0,429224.0,148.4,0
36,0,99319.0,0,82.1,1.0,2,1,1,1,2.0,0,1,2,49659.5,1,0,1,1,0,1.0,297957.0,164.2,0
34,0,108979.0,2,30.4,1.0,0,5,15,0,2.0,0,1,20,54489.5,0,0,1,0,0,9.0,326937.0,60.8,0
47,0,72638.0,2,5.0,2.0,2,2,11,0,4.0,1,1,13,24212.666666666668,0,1,1,0,1,5.6000000000000005,363190.0,10.0,0
31,0,76983.0,2,43.9,3.5,2,3,10,1,4.0,1,1,13,17107.333333333332,1,1,1,1,1,5.8,384915.0,87.8,0
51,1,112216.0,0,31.6,2.0,3,2,3,1,1.0,1,1,5,37405.333333333336,0,0,1,1,1,2.4000000000000004,224432.0,63.2,0
46,0,111097.0,2,25.3,1.0,2,13,14,1,3.0,0,1,27,55548.5,0,1,1,1,0,13.4,444388.0,50.6,0
61,1,112446.0,0,20.0,1.0,2,1,1,1,4.0,1,1,2,56223.0,0,1,1,1,1,1.0,562230.0,40.0,1
45,2,47756.0,2,31.1,1.0,0,9,13,0,4.0,0,1,22,23878.0,0,1,1,0,0,10.6,238780.0,62.2,0
35,0,95059.0,2,63.2,3.0,1,3,4,1,2.0,1,1,7,23764.75,1,0,1,1,1,3.4,285177.0,126.4,0
29,0,30000.0,1,34.6,2.0,3,6,6,0,4.0,1,1,12,10000.0,0,1,1,0,1,6.0,150000.0,69.2,1
34,0,152848.0,0,43.2,2.0,1,2,3,1,3.0,0,1,5,50949.333333333336,1,1,1,1,0,2.4000000000000004,611392.0,86.4,0
65,1,33178.0,0,34.8,2.0,1,2,3,1,2.0,0,1,5,11059.333333333334,0,0,1,1,0,2.4000000000000004,99534.0,69.6,0
55,1,30000.0,2,66.8,3.0,3,10,15,0,2.0,1,1,25,7500.0,1,0,1,0,1,12.0,90000.0,133.6,0
39,1,174521.0,0,5.0,1.0,2,0,1,1,4.0,1,1,1,87260.5,0,1,1,1,1,0.4,872605.0,10.0,1
41,1,110625.0,0,22.3,2.0,1,1,0,1,1.0,1,1,1,36875.0,0,0,1,1,1,0.6,221250.0,44.6,0
41,1,45264.0,1,46.0,1.0,0,1,4,0,5.0,1,1,5,22632.0,1,1,1,0,1,2.2,271584.0,92.0,0
41,1,82903.0,0,49.0,2.0,1,2,1,1,3.0,1,1,3,27634.333333333332,1,1,1,1,1,1.6,331612.0,98.0,0
33,1,84578.0,2,15.5,2.0,2,7,14,1,5.0,1,1,21,28192.666666666668,0,1,1,1,1,9.8,507468.0,31.0,1
48,1,63930.0,2,106.35000000000001,2.0,2,8,16,0,3.0,0,1,24,21310.0,1,1,1,0,0,11.2,255720.0,212.70000000000002,0
61,1,30000.0,1,27.7,1.0,2,5,1,0,4.0,1,1,6,15000.0,0,1,1,0,1,3.4,150000.0,55.4,0
58,1,92085.0,1,5.0,3.0,2,7,4,0,3.0,1,1,11,23021.25,0,1,1,0,1,5.800000000000001,368340.0,10.0,1
67,2,116092.0,2,5.0,3.0,1,6,5,0,5.0,0,1,11,29023.0,0,1,1,0,0,5.6,696552.0,10.0,0
54,1,104267.0,1,61.3,1.0,0,0,6,1,2.0,0,1,6,52133.5,1,0,1,1,0,2.4000000000000004,312801.0,122.6,0
30,0,34824.0,0,9.7,1.0,1,1,3,1,1.0,1,1,4,17412.0,0,0,1,1,1,1.8000000000000003,69648.0,19.4,0
57,0,85156.0,1,80.7,1.0,1,4,5,1,1.0,1,1,9,42578.0,1,0,1,1,1,4.4,170312.0,161.4,0
69,1,101938.0,1,40.2,1.0,2,7,3,1,4.0,0,1,10,50969.0,1,1,1,1,0,5.4,509690.0,80.4,0
36,1,104792.0,1,50.9,3.0,2,7,8,1,3.0,0,1,15,26198.0,1,1,1,1,0,7.4,419168.0,101.8,0
47,1,70864.0,2,41.9,1.0,1,12,9,0,1.0,1,1,21,35432.0,1,0,1,0,1,10.799999999999999,141728.0,83.8,0
37,1,136410.0,2,41.1,1.0,1,11,5,0,5.0,1,1,16,68205.0,1,1,1,0,1,8.6,818460.0,82.2,1
39,0,84708.0,2,54.4,2.0,2,12,14,1,4.0,1,1,26,28236.0,1,1,1,1,1,12.8,423540.0,108.8,1
46,0,64927.0,0,22.7,1.0,2,1,3,1,5.0,0,1,4,32463.5,0,1,1,1,0,1.8000000000000003,389562.0,45.4,1
64,1,49989.0,2,86.6,1.0,1,2,10,0,4.0,1,1,12,24994.5,1,1,1,0,1,5.2,249945.0,173.2,1
35,0,74195.0,1,59.6,2.0,2,6,3,1,5.0,0,1,9,24731.666666666668,1,1,1,1,0,4.8,445170.0,119.2,0
53,1,104642.0,2,42.5,2.0,2,8,19,0,5.0,1,1,27,34880.666666666664,1,1,1,0,1,12.4,627852.0,85.0,1
44,0,73913.0,2,38.1,2.0,0,11,16,0,4.0,1,1,27,24637.666666666668,0,1,1,0,1,13.0,369565.0,76.2,0
54,1,124992.0,1,63.4,3.0,1,4,4,0,5.0,1,1,8,31248.0,1,1,1,0,1,4.0,749952.0,126.8,0
46,1,64018.0,1,68.6,2.0,0,5,9,0,1.0,0,1,14,21339.333333333332,1,0,1,0,0,6.6,128036.0,137.2,0
48,1,73513.0,1,39.1,1.0,1,2,3,1,2.0,0,1,5,36756.5,0,0,1,1,0,2.4000000000000004,220539.0,78.2,0
45,0,68835.0,2,57.4,2.0,2,10,15,0,5.0,0,1,25,22945.0,1,1,1,0,0,12.0,413010.0,114.8,0
36,1,133585.0,2,64.2,2.0,1,6,19,0,2.0,1,1,25,44528.333333333336,1,0,1,0,1,11.2,400755.0,128.4,0
51,0,83506.0,2,31.2,3.0,2,4,12,1,1.0,0,1,16,20876.5,0,0,1,1,0,7.200000000000001,167012.0,62.4,0
30,1,66325.0,1,31.1,2.0,3,4,3,1,5.0,0,1,7,22108.333333333332,0,1,1,1,0,3.6,397950.0,62.2,1
56,1,56267.0,2,84.1,2.0,2,5,10,0,5.0,0,1,15,18755.666666666668,1,1,1,0,0,7.0,337602.0,168.2,0
48,1,95467.0,2,5.0,2.0,1,7,17,0,2.0,1,1,24,31822.333333333332,0,0,1,0,1,11.0,286401.0,10.0,0
59,0,117742.0,0,5.0,1.0,2,0,0,1,4.0,1,1,0,58871.0,0,1,1,1,1,0.0,588710.0,10.0,0
48,0,65790.0,2,80.8,1.0,1,3,16,1,4.0,1,1,19,32895.0,1,1,1,1,1,8.2,328950.0,161.6,0
66,0,46805.0,1,40.2,1.0,1,3,4,0,1.0,0,1,7,23402.5,1,0,1,0,0,3.4,93610.0,80.4,0
27,1,94000.0,2,89.5,1.0,2,4,6,1,5.0,1,1,10,47000.0,1,1,1,1,1,4.800000000000001,564000.0,179.0,0
65,1,43514.0,0,55.4,3.0,2,1,3,1,4.0,1,1,4,10878.5,1,1,1,1,1,1.8000000000000003,217570.0,110.8,1
44,1,97265.0,2,53.9,1.0,0,9,14,1,4.0,1,1,23,48632.5,1,1,1,1,1,11.0,486325.0,107.8,1
41,0,95452.0,2,52.2,2.0,1,4,8,1,2.0,0,1,12,31817.333333333332,1,0,1,1,0,5.6,286356.0,104.4,0
52,0,55333.0,1,5.0,1.0,2,6,7,1,2.0,0,1,13,27666.5,0,0,1,1,0,6.4,165999.0,10.0,0
26,0,68480.0,2,34.2,2.0,3,12,4,1,3.0,1,1,16,22826.666666666668,0,1,1,1,1,8.799999999999999,273920.0,68.4,1
49,1,49710.0,2,47.5,1.0,1,14,4,0,4.0,1,1,18,24855.0,1,1,1,0,1,10.0,248550.0,95.0,0
58,1,47109.0,2,46.6,3.0,2,10,14,1,1.0,1,1,24,11777.25,1,0,1,1,1,11.600000000000001,94218.0,93.2,0
44,0,95945.0,1,79.7,1.0,3,3,6,0,3.0,0,1,9,47972.5,1,1,1,0,0,4.2,383780.0,159.4,0
26,0,68493.0,1,34.7,3.0,1,7,2,1,3.0,0,1,9,17123.25,0,1,1,1,0,5.0,273972.0,69.4,0
31,1,84708.0,2,27.6,2.0,1,4,3,0,4.0,0,1,7,28236.0,0,1,1,0,0,3.6,423540.0,55.2,0
43,0,133945.0,2,18.9,2.0,2,8,7,0,5.0,1,1,15,44648.333333333336,0,1,1,0,1,7.6,803670.0,37.8,1
55,1,91489.0,2,46.1,2.0,2,6,17,0,4.0,0,1,23,30496.333333333332,1,1,1,0,0,10.4,457445.0,92.2,0
55,0,99433.0,2,36.8,1.0,1,2,14,1,1.0,1,1,16,49716.5,0,0,1,1,1,6.800000000000001,198866.0,73.6,0
61,1,84708.0,2,45.6,3.0,1,10,10,0,4.0,1,1,20,21177.0,1,1,1,0,1,10.0,423540.0,91.2,0
39,2,112538.0,2,5.0,2.0,1,13,14,0,3.0,1,1,27,37512.666666666664,0,1,1,0,1,13.4,450152.0,10.0,0
50,2,56605.0,1,11.6,1.0,1,2,9,1,4.0,1,1,11,28302.5,0,1,1,1,1,4.8,283025.0,23.2,0
36,0,66703.0,2,89.6,2.0,3,5,8,1,5.0,0,1,13,22234.333333333332,1,1,1,1,0,6.2,400218.0,179.2,0
33,1,83210.0,2,42.0,3.0,1,9,17,0,2.0,1,1,26,20802.5,1,0,1,0,1,12.2,249630.0,84.0,0
41,0,141817.0,2,5.0,2.0,2,12,5,0,2.0,1,1,17,47272.333333333336,0,0,1,0,1,9.2,425451.0,10.0,0
36,1,54550.0,0,64.3,3.0,1,1,3,1,4.0,1,1,4,13637.5,1,1,1,1,1,1.8000000000000003,272750.0,128.6,0
26,0,111348.0,2,10.4,1.0,3,2,12,0,4.0,1,1,14,55674.0,0,1,1,0,1,6.000000000000001,556740.0,20.8,0
55,0,84853.0,1,50.3,2.0,2,5,8,1,4.0,1,1,13,28284.333333333332,1,1,1,1,1,6.2,424265.0,100.6,1
38,1,112229.0,0,16.1,3.0,3,2,1,0,4.0,1,1,3,28057.25,0,1,1,0,1,1.6,561145.0,32.2,1
35,0,122675.0,2,10.2,2.0,2,5,7,1,3.0,1,1,12,40891.666666666664,0,1,1,1,1,5.800000000000001,490700.0,20.4,0
61,1,108032.0,2,47.1,2.0,3,11,4,0,2.0,1,1,15,36010.666666666664,1,0,1,0,1,8.2,324096.0,94.2,0
33,1,52331.0,1,41.7,1.0,1,1,7,1,5.0,1,1,8,26165.5,1,1,1,1,1,3.4000000000000004,313986.0,83.4,1
34,0,65113.0,2,43.5,2.0,0,2,11,1,5.0,0,1,13,21704.333333333332,1,1,1,1,0,5.6000000000000005,390678.0,87.0,0
59,1,34315.0,2,39.8,2.0,2,14,5,0,4.0,1,1,19,11438.333333333334,0,1,1,0,1,10.4,171575.0,79.6,0
67,1,99501.0,1,21.7,1.0,1,4,2,1,5.0,0,1,6,49750.5,0,1,1,1,0,3.2,597006.0,43.4,0
51,2,73469.0,1,49.2,1.0,3,3,6,1,3.0,0,1,9,36734.5,1,1,1,1,0,4.2,293876.0,98.4,0
25,2,86018.0,0,66.6,1.0,1,2,0,1,4.0,1,1,2,43009.0,1,1,1,1,1,1.2,430090.0,133.2,0
43,0,101075.0,2,11.4,2.0,2,10,12,0,5.0,0,1,22,33691.666666666664,0,1,1,0,0,10.8,606450.0,22.8,0
37,1,63532.0,2,36.0,2.0,1,8,16,0,2.0,1,1,24,21177.333333333332,0,0,1,0,1,11.2,190596.0,72.0,0
69,0,115480.0,1,5.5,3.0,2,1,7,1,5.0,1,1,8,28870.0,0,1,1,1,1,3.4000000000000004,692880.0,11.0,1
32,0,73365.0,2,68.2,2.0,0,5,7,0,1.0,0,1,12,24455.0,1,0,1,0,0,5.800000000000001,146730.0,136.4,0
54,0,122347.0,1,52.4,2.0,1,7,9,0,1.0,1,1,16,40782.333333333336,1,0,1,0,1,7.800000000000001,244694.0,104.8,0
45,0,45137.0,2,75.6,2.0,2,6,12,0,2.0,0,1,18,15045.666666666666,1,0,1,0,0,8.4,135411.0,151.2,0
65,0,116090.0,1,38.8,1.0,0,0,1,1,3.0,0,1,1,58045.0,0,1,1,1,0,0.4,464360.0,77.6,0
35,2,75102.0,0,77.2,2.0,2,1,2,1,3.0,0,1,3,25034.0,1,1,1,1,0,1.4,300408.0,154.4,0
54,1,112483.0,2,66.7,1.0,3,12,19,0,2.0,1,1,31,56241.5,1,0,1,0,1,14.8,337449.0,133.4,0
53,0,94564.0,0,42.0,3.0,1,2,2,1,3.0,0,1,4,23641.0,1,1,1,1,0,2.0,378256.0,84.0,0
52,1,113688.0,0,16.8,3.0,2,0,0,1,5.0,1,1,0,28422.0,0,1,1,1,1,0.0,682128.0,33.6,1
30,0,89144.0,0,62.4,1.0,0,1,1,1,1.0,1,1,2,44572.0,1,0,1,1,1,1.0,178288.0,124.8,0
68,1,78476.0,1,19.8,3.0,1,5,2,0,4.0,1,1,7,19619.0,0,1,1,0,1,3.8,392380.0,39.6,0
46,1,118203.0,2,12.6,1.0,2,6,8,1,3.0,1,1,14,59101.5,0,1,1,1,1,6.8,472812.0,25.2,1
45,1,96437.0,1,58.2,3.0,2,7,9,1,1.0,0,1,16,24109.25,1,0,1,1,0,7.800000000000001,192874.0,116.4,0
62,0,120122.0,1,45.4,2.0,1,5,2,1,3.0,0,1,7,40040.666666666664,1,1,1,1,0,3.8,480488.0,90.8,0
38,1,67790.0,1,40.2,1.0,2,7,1,1,4.0,1,1,8,33895.0,1,1,1,1,1,4.6000000000000005,338950.0,80.4,1
56,1,74176.0,2,38.8,3.0,2,14,11,0,2.0,0,1,25,18544.0,0,0,1,0,0,12.8,222528.0,77.6,0
34,1,84708.0,2,40.6,3.0,2,7,19,0,4.0,0,1,26,21177.0,1,1,1,0,0,11.8,423540.0,81.2,0
63,1,103918.0,0,72.8,3.5,1,2,3,1,4.0,1,1,5,23092.88888888889,1,1,1,1,1,2.4000000000000004,519590.0,145.6,1
56,0,68886.0,2,5.0,2.0,1,3,6,0,3.0,1,1,9,22962.0,0,1,1,0,1,4.2,275544.0,10.0,0
53,0,87942.0,2,75.4,1.0,3,10,11,0,3.0,1,1,21,43971.0,1,1,1,0,1,10.4,351768.0,150.8,0
29,1,40952.0,2,94.1,1.0,3,12,18,0,2.0,1,1,30,20476.0,1,0,1,0,1,14.399999999999999,122856.0,188.2,0
34,1,79817.0,1,24.9,2.0,2,2,8,0,2.0,1,1,10,26605.666666666668,0,0,1,0,1,4.4,239451.0,49.8,0
68,0,59796.0,0,62.5,1.0,2,0,1,1,2.0,0,1,1,29898.0,1,0,1,1,0,0.4,179388.0,125.0,0
35,0,41479.0,0,74.2,2.0,3,2,0,1,1.0,1,1,2,13826.333333333334,1,0,1,1,1,1.2,82958.0,148.4,0
50,0,126882.0,1,55.9,2.0,1,5,8,1,2.0,0,1,13,42294.0,1,0,1,1,0,6.2,380646.0,111.8,0
60,0,140983.0,2,32.3,3.0,0,12,13,1,4.0,1,1,25,35245.75,0,1,1,1,1,12.399999999999999,704915.0,64.6,1
50,0,105162.0,2,5.0,1.0,2,6,10,1,5.0,0,1,16,52581.0,0,1,1,1,0,7.6,630972.0,10.0,0
34,1,30000.0,1,54.5,2.0,3,5,2,1,2.0,1,1,7,10000.0,1,0,1,1,1,3.8,90000.0,109.0,1
37,1,87138.0,1,16.1,1.0,2,3,5,1,4.0,1,1,8,43569.0,0,1,1,1,1,3.8,435690.0,32.2,1
68,1,45615.0,0,29.8,3.5,2,1,0,1,5.0,0,1,1,10136.666666666666,0,1,1,1,0,0.6,273690.0,59.6,0
46,0,56522.0,1,29.7,1.0,2,3,7,1,2.0,1,1,10,28261.0,0,0,1,1,1,4.6,169566.0,59.4,0
38,1,102594.0,1,24.1,3.0,0,1,8,1,3.0,1,1,9,25648.5,0,1,1,1,1,3.8000000000000003,410376.0,48.2,0
37,1,30000.0,2,69.8,1.0,0,5,15,1,1.0,1,1,20,15000.0,1,0,1,1,1,9.0,60000.0,139.6,0
64,0,72708.0,1,58.1,2.0,3,1,5,1,5.0,1,1,6,24236.0,1,1,1,1,1,2.6,436248.0,116.2,1
62,0,58087.0,1,5.0,2.0,2,7,4,0,1.0,0,1,11,19362.333333333332,0,0,1,0,0,5.800000000000001,116174.0,10.0,0
40,1,30000.0,1,22.2,2.0,2,5,4,1,2.0,1,1,9,10000.0,0,0,1,1,1,4.6,90000.0,44.4,0
43,1,89194.0,2,43.7,2.0,2,4,18,0,1.0,0,1,22,29731.333333333332,1,0,1,0,0,9.6,178388.0,87.4,0
49,0,95234.0,1,38.1,1.0,2,7,6,1,4.0,1,1,13,47617.0,0,1,1,1,1,6.6000000000000005,476170.0,76.2,1
49,2,58964.0,1,34.8,2.0,1,6,3,1,4.0,1,1,9,19654.666666666668,0,1,1,1,1,4.8,294820.0,69.6,0
49,0,74834.0,1,48.5,2.0,2,4,7,1,4.0,1,1,11,24944.666666666668,1,1,1,1,1,5.2,374170.0,97.0,0
31,0,132139.0,2,38.8,1.0,1,5,16,0,2.0,0,1,21,66069.5,0,0,1,0,0,9.4,396417.0,77.6,0
38,0,65871.0,1,51.2,2.0,2,3,6,1,5.0,0,1,9,21957.0,1,1,1,1,0,4.2,395226.0,102.4,0
33,0,125241.0,1,55.0,2.0,2,2,1,0,3.0,0,1,3,41747.0,1,1,1,0,0,1.6,500964.0,110.0,0
55,1,137386.0,2,5.0,3.5,1,12,16,1,4.0,0,1,28,30530.222222222223,0,1,1,1,0,13.6,686930.0,10.0,0
42,1,103613.0,1,24.6,3.0,1,3,3,0,5.0,0,1,6,25903.25,0,1,1,0,0,3.0,621678.0,49.2,0
59,1,73285.0,1,39.7,3.0,2,5,4,1,1.0,0,1,9,18321.25,0,0,1,1,0,4.6,146570.0,79.4,0
50,1,108985.0,2,26.3,1.0,1,12,9,0,4.0,0,1,21,54492.5,0,1,1,0,0,10.799999999999999,544925.0,52.6,0
55,0,97054.0,0,19.5,1.0,0,1,3,1,3.0,1,1,4,48527.0,0,1,1,1,1,1.8000000000000003,388216.0,39.0,0
44,1,69965.0,2,23.1,1.0,0,3,11,1,3.0,1,1,14,34982.5,0,1,1,1,1,6.2,279860.0,46.2,0
40,0,84708.0,1,60.3,2.0,1,7,6,1,3.0,1,1,13,28236.0,1,1,1,1,1,6.6000000000000005,338832.0,120.6,0
56,0,84708.0,2,12.4,2.0,2,9,19,1,1.0,0,1,28,28236.0,0,0,1,1,0,13.0,169416.0,24.8,0
65,0,82801.0,0,40.4,1.0,1,2,0,1,1.0,1,1,2,41400.5,1,0,1,1,1,1.2,165602.0,80.8,0
36,1,76040.0,2,25.6,2.0,2,7,5,0,1.0,0,1,12,25346.666666666668,0,0,1,0,0,6.2,152080.0,51.2,0
56,0,83634.0,2,55.9,2.0,3,11,14,1,1.0,1,1,25,27878.0,1,0,1,1,1,12.2,167268.0,111.8,0
27,0,90047.0,1,22.7,1.0,2,1,6,0,2.0,0,1,7,45023.5,0,0,1,0,0,3.0000000000000004,270141.0,45.4,0
33,0,72317.0,2,62.1,3.0,1,3,14,0,5.0,0,1,17,18079.25,1,1,1,0,0,7.4,433902.0,124.2,0
29,0,127954.0,2,56.4,2.0,1,12,3,1,5.0,1,1,15,42651.333333333336,1,1,1,1,1,8.399999999999999,767724.0,112.8,1
38,0,71650.0,0,5.0,1.0,1,2,3,1,3.0,0,1,5,35825.0,0,1,1,1,0,2.4000000000000004,286600.0,10.0,0
36,1,30000.0,0,88.7,1.0,2,0,0,1,4.0,1,1,0,15000.0,1,1,1,1,1,0.0,150000.0,177.4,0
69,1,49456.0,2,72.8,1.0,2,6,17,0,3.0,1,1,23,24728.0,1,1,1,0,1,10.4,197824.0,145.6,0
58,1,60806.0,2,77.6,3.5,2,14,11,1,4.0,0,1,25,13512.444444444445,1,1,1,1,0,12.8,304030.0,155.2,0
29,0,64775.0,2,75.9,2.0,3,3,14,0,1.0,1,1,17,21591.666666666668,1,0,1,0,1,7.4,129550.0,151.8,0
54,1,88625.0,1,63.9,2.0,1,6,1,1,1.0,1,1,7,29541.666666666668,1,0,1,1,1,3.9999999999999996,177250.0,127.8,0
49,1,32739.0,1,16.9,2.0,2,2,8,1,1.0,1,1,10,10913.0,0,0,1,1,1,4.4,65478.0,33.8,0
57,0,71020.0,2,20.7,1.0,2,11,19,1,3.0,1,1,30,35510.0,0,1,1,1,1,14.2,284080.0,41.4,0
26,1,40394.0,1,29.8,2.0,2,5,6,1,2.0,1,1,11,13464.666666666666,0,0,1,1,1,5.4,121182.0,59.6,1
65,1,65679.0,2,48.2,1.0,2,14,3,0,5.0,0,1,17,32839.5,1,1,1,0,0,9.600000000000001,394074.0,96.4,0
49,1,43613.0,1,26.2,3.0,0,7,3,1,4.0,0,1,10,10903.25,0,1,1,1,0,5.4,218065.0,52.4,0
56,0,56185.0,0,54.8,2.0,1,2,3,1,5.0,1,1,5,18728.333333333332,1,1,1,1,1,2.4000000000000004,337110.0,109.6,1
60,0,75906.0,2,10.6,3.0,1,2,12,0,5.0,1,1,14,18976.5,0,1,1,0,1,6.000000000000001,455436.0,21.2,1
27,0,64208.0,1,5.0,2.0,1,6,4,1,5.0,1,1,10,21402.666666666668,0,1,1,1,1,5.199999999999999,385248.0,10.0,1
58,0,32796.0,0,9.2,1.0,2,2,2,0,1.0,0,1,4,16398.0,0,0,1,0,0,2.0,65592.0,18.4,0
37,1,74948.0,2,29.6,3.5,2,6,8,1,2.0,0,1,14,16655.11111111111,0,0,1,1,0,6.8,224844.0,59.2,0
54,0,95663.0,0,48.9,1.0,2,2,2,1,2.0,0,1,4,47831.5,1,0,1,1,0,2.0,286989.0,97.8,0
60,1,90541.0,2,40.4,1.0,2,3,12,0,3.0,1,1,15,45270.5,1,1,1,0,1,6.6000000000000005,362164.0,80.8,0
49,1,82645.0,2,53.7,1.0,1,5,17,1,5.0,1,1,22,41322.5,1,1,1,1,1,9.8,495870.0,107.4,0
36,1,64287.0,2,14.6,1.0,0,10,13,0,2.0,0,1,23,32143.5,0,0,1,0,0,11.2,192861.0,29.2,0
64,0,61117.0,2,54.1,3.0,2,3,3,1,4.0,1,1,6,15279.25,1,1,1,1,1,3.0,305585.0,108.2,0
33,2,100664.0,2,46.7,2.0,2,11,16,0,2.0,1,1,27,33554.666666666664,1,0,1,0,1,13.0,301992.0,93.4,0
28,1,131788.0,1,51.6,2.0,3,5,7,1,1.0,0,1,12,43929.333333333336,1,0,1,1,0,5.800000000000001,263576.0,103.2,0
44,1,99224.0,2,59.9,3.0,2,11,4,1,3.0,1,1,15,24806.0,1,1,1,1,1,8.2,396896.0,119.8,0
61,0,41796.0,1,91.0,1.0,1,1,9,1,5.0,0,1,10,20898.0,1,1,1,1,0,4.2,250776.0,182.0,0
44,1,34952.0,2,15.0,2.0,2,14,12,0,5.0,1,1,26,11650.666666666666,0,1,1,0,1,13.200000000000001,209712.0,30.0,0
42,0,112555.0,1,5.0,2.0,2,3,6,1,5.0,1,1,9,37518.333333333336,0,1,1,1,1,4.2,675330.0,10.0,0
50,1,61007.0,2,10.6,2.0,2,10,17,1,3.0,0,1,27,20335.666666666668,0,1,1,1,0,12.8,244028.0,21.2,0
27,1,75734.0,1,33.2,2.0,2,1,2,1,3.0,0,1,3,25244.666666666668,0,1,1,1,0,1.4,302936.0,66.4,0
54,0,74208.0,1,13.7,2.0,1,3,2,1,5.0,1,1,5,24736.0,0,1,1,1,1,2.5999999999999996,445248.0,27.4,1
26,1,68548.0,2,17.8,2.0,2,6,12,0,4.0,0,1,18,22849.333333333332,0,1,1,0,0,8.4,342740.0,35.6,0
57,1,67764.0,0,26.9,1.0,1,2,0,1,4.0,0,1,2,33882.0,0,1,1,1,0,1.2,338820.0,53.8,0
55,0,122278.0,1,27.2,3.5,2,3,3,1,5.0,0,1,6,27172.88888888889,0,1,1,1,0,3.0,733668.0,54.4,0
53,0,112035.0,2,37.5,3.0,2,2,18,1,1.0,1,1,20,28008.75,0,0,1,1,1,8.4,224070.0,75.0,1
69,1,111245.0,2,68.2,3.0,1,10,19,0,1.0,1,1,29,27811.25,1,0,1,0,1,13.600000000000001,222490.0,136.4,0
63,0,64902.0,1,72.1,2.0,1,3,6,1,4.0,0,1,9,21634.0,1,1,1,1,0,4.2,324510.0,144.2,0
43,0,91159.0,0,5.0,2.0,1,2,0,1,5.0,0,1,2,30386.333333333332,0,1,1,1,0,1.2,546954.0,10.0,0
35,1,91100.0,1,33.4,2.0,1,7,2,1,2.0,1,1,9,30366.666666666668,0,0,1,1,1,5.0,273300.0,66.8,0
44,1,118626.0,1,38.3,3.5,3,5,2,1,5.0,0,1,7,26361.333333333332,0,1,1,1,0,3.8,711756.0,76.6,0
67,1,41571.0,1,40.2,3.0,1,5,6,0,1.0,0,1,11,10392.75,1,0,1,0,0,5.4,83142.0,80.4,0
41,0,74592.0,1,23.5,1.0,1,1,7,1,1.0,1,1,8,37296.0,0,0,1,1,1,3.4000000000000004,149184.0,47.0,0
69,1,82988.0,1,90.3,1.0,3,5,1,1,3.0,1,1,6,41494.0,1,1,1,1,1,3.4,331952.0,180.6,0
30,1,108619.0,2,33.8,2.0,2,2,4,0,4.0,1,1,6,36206.333333333336,0,1,1,0,1,2.8,543095.0,67.6,0
29,1,119309.0,1,30.5,1.0,0,7,7,1,3.0,1,1,14,59654.5,0,1,1,1,1,7.0,477236.0,61.0,0
53,0,128480.0,2,5.0,2.0,1,7,5,0,5.0,0,1,12,42826.666666666664,0,1,1,0,0,6.2,770880.0,10.0,0
52,1,112211.0,2,47.3,2.0,2,6,8,0,4.0,1,1,14,37403.666666666664,1,1,1,0,1,6.8,561055.0,94.6,0
48,1,106022.0,2,80.5,2.0,2,11,8,1,4.0,1,1,19,35340.666666666664,1,1,1,1,1,9.8,530110.0,161.0,1
62,1,135246.0,1,5.0,1.0,1,5,4,1,3.0,0,1,9,67623.0,0,1,1,1,0,4.6,540984.0,10.0,0
36,0,77563.0,2,16.2,1.0,1,10,6,1,3.0,1,1,16,38781.5,0,1,1,1,1,8.4,310252.0,32.4,0
28,1,68652.0,0,52.3,1.0,1,2,3,0,3.0,1,1,5,34326.0,1,1,1,0,1,2.4000000000000004,274608.0,104.6,0
42,1,105455.0,2,5.0,2.0,2,6,6,0,3.0,0,1,12,35151.666666666664,0,1,1,0,0,6.0,421820.0,10.0,0
48,1,121711.0,2,30.2,1.0,1,7,18,1,1.0,1,1,25,60855.5,0,0,1,1,1,11.4,243422.0,60.4,0
67,0,65160.0,2,49.2,1.0,1,3,7,0,2.0,1,1,10,32580.0,1,0,1,0,1,4.6,195480.0,98.4,0
54,0,85629.0,1,37.2,2.0,0,7,2,1,5.0,0,1,9,28543.0,0,1,1,1,0,5.0,513774.0,74.4,0
51,1,102751.0,0,59.1,2.0,2,2,0,0,1.0,1,1,2,34250.333333333336,1,0,1,0,1,1.2,205502.0,118.2,0
44,0,118145.0,1,51.6,3.0,2,5,2,1,3.0,0,1,7,29536.25,1,1,1,1,0,3.8,472580.0,103.2,0
66,1,55219.0,1,5.0,3.0,1,6,6,1,5.0,1,1,12,13804.75,0,1,1,1,1,6.0,331314.0,10.0,0
44,1,121461.0,2,57.4,1.0,1,4,14,0,3.0,1,1,18,60730.5,1,1,1,0,1,8.0,485844.0,114.8,0
25,1,75677.0,1,52.1,2.0,1,7,4,0,3.0,1,1,11,25225.666666666668,1,1,1,0,1,5.800000000000001,302708.0,104.2,0
36,1,94263.0,1,49.5,1.0,3,6,8,1,2.0,1,1,14,47131.5,1,0,1,1,1,6.8,282789.0,99.0,0
51,1,130973.0,2,40.2,2.0,0,5,8,1,3.0,1,1,13,43657.666666666664,1,1,1,1,1,6.2,523892.0,80.4,0
61,1,35890.0,2,12.5,1.0,1,3,3,0,2.0,1,1,6,17945.0,0,0,1,0,1,3.0,107670.0,25.0,0
59,1,97099.0,2,24.2,2.0,0,9,4,0,5.0,0,1,13,32366.333333333332,0,1,1,0,0,7.0,582594.0,48.4,0
31,0,137855.0,2,54.0,2.0,1,8,12,1,4.0,0,1,20,45951.666666666664,1,1,1,1,0,9.600000000000001,689275.0,108.0,0
25,1,82388.0,1,33.6,3.0,2,1,1,0,4.0,1,1,2,20597.0,0,1,1,0,1,1.0,411940.0,67.2,0
52,0,117244.0,1,27.7,1.0,2,6,5,0,2.0,0,1,11,58622.0,0,0,1,0,0,5.6,351732.0,55.4,0
53,0,30000.0,2,70.6,3.0,2,7,11,0,3.0,1,1,18,7500.0,1,1,1,0,1,8.600000000000001,120000.0,141.2,0
45,0,110152.0,1,5.0,1.0,0,4,6,1,1.0,1,1,10,55076.0,0,0,1,1,1,4.800000000000001,220304.0,10.0,0
69,0,148722.0,2,31.0,1.0,0,10,17,1,5.0,1,1,27,74361.0,0,1,1,1,1,12.8,892332.0,62.0,1
69,0,153810.0,2,49.9,2.0,3,3,3,0,5.0,1,1,6,51270.0,1,1,1,0,1,3.0,922860.0,99.8,1
65,1,56008.0,0,30.2,2.0,2,0,0,1,5.0,0,1,0,18669.333333333332,0,1,1,1,0,0.0,336048.0,60.4,0
37,1,77776.0,2,36.3,1.0,1,11,18,1,3.0,1,1,29,38888.0,0,1,1,1,1,13.8,311104.0,72.6,0
32,0,91560.0,2,31.0,2.0,3,13,14,0,4.0,1,1,27,30520.0,0,1,1,0,1,13.4,457800.0,62.0,0
34,0,134770.0,2,22.0,2.0,2,5,12,1,1.0,1,1,17,44923.333333333336,0,0,1,1,1,7.800000000000001,269540.0,44.0,0
57,1,64032.0,1,59.5,3.0,0,4,8,0,3.0,1,1,12,16008.0,1,1,1,0,1,5.6,256128.0,119.0,0
33,1,99234.0,1,62.0,3.5,0,3,2,1,2.0,0,1,5,22052.0,1,0,1,1,0,2.5999999999999996,297702.0,124.0,0
59,0,51779.0,2,81.3,1.0,1,3,4,1,3.0,1,1,7,25889.5,1,1,1,1,1,3.4,207116.0,162.6,1
49,0,84708.0,1,77.4,1.0,1,4,9,1,2.0,0,1,13,42354.0,1,0,1,1,0,6.0,254124.0,154.8,0
39,1,75488.0,2,6.6,1.0,2,2,10,1,3.0,0,1,12,37744.0,0,1,1,1,0,5.2,301952.0,13.2,0
56,0,109777.0,2,88.3,1.0,0,4,6,0,4.0,0,1,10,54888.5,1,1,1,0,0,4.800000000000001,548885.0,176.6,0
46,1,139104.0,0,5.0,1.0,2,1,2,1,2.0,1,1,3,69552.0,0,0,1,1,1,1.4,417312.0,10.0,0
26,1,79207.0,1,18.6,2.0,1,3,7,1,4.0,0,1,10,26402.333333333332,0,1,1,1,0,4.6,396035.0,37.2,0
41,0,72092.0,1,49.3,1.0,3,5,3,1,1.0,1,1,8,36046.0,1,0,1,1,1,4.2,144184.0,98.6,0
30,1,77378.0,2,45.4,1.0,2,7,17,1,3.0,1,1,24,38689.0,1,1,1,1,1,11.0,309512.0,90.8,0
37,1,85338.0,2,5.0,2.0,0,6,19,0,4.0,0,1,25,28446.0,0,1,1,0,0,11.2,426690.0,10.0,0
42,1,96664.0,1,56.2,1.0,1,6,7,1,2.0,1,1,13,48332.0,1,0,1,1,1,6.4,289992.0,112.4,0
27,1,138854.0,1,31.3,2.0,1,2,6,1,3.0,1,1,8,46284.666666666664,0,1,1,1,1,3.6000000000000005,555416.0,62.6,0
36,0,45401.0,2,35.9,2.0,0,8,12,0,5.0,1,1,20,15133.666666666666,0,1,1,0,1,9.600000000000001,272406.0,71.8,1
43,2,84715.0,0,27.2,2.0,1,2,3,1,1.0,0,1,5,28238.333333333332,0,0,1,1,0,2.4000000000000004,169430.0,54.4,0
64,0,42605.0,2,5.6,2.0,1,10,9,0,3.0,1,1,19,14201.666666666666,0,1,1,0,1,9.6,170420.0,11.2,0
67,1,89571.0,2,16.1,2.0,3,13,13,0,2.0,1,1,26,29857.0,0,0,1,0,1,13.0,268713.0,32.2,0
36,0,77959.0,1,38.4,1.0,1,6,9,1,3.0,1,1,15,38979.5,0,1,1,1,1,7.199999999999999,311836.0,76.8,0
49,0,117119.0,2,33.7,1.0,3,13,3,1,3.0,0,1,16,58559.5,0,1,1,1,0,9.0,468476.0,67.4,0
49,1,85227.0,2,74.4,1.0,1,2,5,0,5.0,0,1,7,42613.5,1,1,1,0,0,3.2,511362.0,148.8,0
36,1,62847.0,2,68.9,2.0,2,7,9,0,1.0,0,1,16,20949.0,1,0,1,0,0,7.800000000000001,125694.0,137.8,0
55,1,80496.0,2,32.4,1.0,1,6,5,0,3.0,1,1,11,40248.0,0,1,1,0,1,5.6,321984.0,64.8,0
68,1,47061.0,2,5.0,1.0,1,2,16,1,1.0,1,1,18,23530.5,0,0,1,1,1,7.6000000000000005,94122.0,10.0,0
31,1,96990.0,2,21.7,2.0,2,9,9,0,3.0,0,1,18,32330.0,0,1,1,0,0,9.0,387960.0,43.4,0
27,1,93059.0,0,43.5,1.0,1,0,3,1,4.0,0,1,3,46529.5,1,1,1,1,0,1.2000000000000002,465295.0,87.0,0
69,0,91104.0,1,45.8,1.0,0,4,4,1,1.0,0,1,8,45552.0,1,0,1,1,0,4.0,182208.0,91.6,0
37,0,92677.0,1,26.7,2.0,1,7,4,1,4.0,1,1,11,30892.333333333332,0,1,1,1,1,5.800000000000001,463385.0,53.4,1
63,0,48183.0,1,46.0,2.0,2,7,4,1,1.0,0,1,11,16061.0,1,0,1,1,0,5.800000000000001,96366.0,92.0,0
41,1,105621.0,2,55.4,1.0,1,14,14,0,1.0,0,1,28,52810.5,1,0,1,0,0,14.0,211242.0,110.8,0
35,1,89605.0,2,5.0,2.0,3,7,7,0,2.0,1,1,14,29868.333333333332,0,0,1,0,1,7.0,268815.0,10.0,0
69,0,121896.0,2,24.5,1.0,2,9,12,0,4.0,0,1,21,60948.0,0,1,1,0,0,10.2,609480.0,49.0,0
50,0,84033.0,1,86.7,2.0,2,6,4,1,4.0,1,1,10,28011.0,1,1,1,1,1,5.199999999999999,420165.0,173.4,1
36,1,91882.0,2,33.2,3.0,1,14,18,1,3.0,1,1,32,22970.5,0,1,1,1,1,15.600000000000001,367528.0,66.4,1
41,1,71887.0,2,64.8,2.0,2,5,13,0,2.0,1,1,18,23962.333333333332,1,0,1,0,1,8.2,215661.0,129.6,0
51,0,108239.0,1,31.7,3.5,0,6,4,1,5.0,0,1,10,24053.11111111111,0,1,1,1,0,5.199999999999999,649434.0,63.4,0
52,0,94848.0,1,36.1,2.0,2,2,9,1,1.0,1,1,11,31616.0,0,0,1,1,1,4.8,189696.0,72.2,0
34,0,75072.0,1,66.7,3.0,2,1,2,1,5.0,0,1,3,18768.0,1,1,1,1,0,1.4,450432.0,133.4,0
34,1,47788.0,2,61.5,2.0,3,14,7,0,2.0,1,1,21,15929.333333333334,1,0,1,0,1,11.200000000000001,143364.0,123.0,0
68,0,122412.0,2,7.4,1.0,2,14,16,1,4.0,1,1,30,61206.0,0,1,1,1,1,14.8,612060.0,14.8,0
57,0,40314.0,0,21.4,3.5,2,1,0,1,3.0,1,1,1,8958.666666666666,0,1,1,1,1,0.6,161256.0,42.8,0
62,0,105851.0,2,35.2,1.0,2,13,11,0,4.0,0,1,24,52925.5,0,1,1,0,0,12.2,529255.0,70.4,0
31,1,45625.0,2,75.6,1.0,0,12,7,0,4.0,0,1,19,22812.5,1,1,1,0,0,10.0,228125.0,151.2,0
41,0,84584.0,2,13.9,1.0,0,2,16,1,1.0,1,1,18,42292.0,0,0,1,1,1,7.6000000000000005,169168.0,27.8,0
55,1,99406.0,2,69.1,3.0,2,5,14,0,5.0,1,1,19,24851.5,1,1,1,0,1,8.600000000000001,596436.0,138.2,1
63,1,52517.0,1,20.4,1.0,1,4,3,0,5.0,1,1,7,26258.5,0,1,1,0,1,3.6,315102.0,40.8,0
29,0,127549.0,1,47.1,1.0,2,3,5,0,3.0,0,1,8,63774.5,1,1,1,0,0,3.8,510196.0,94.2,0
69,1,92372.0,2,5.0,3.0,2,6,10,1,3.0,0,1,16,23093.0,0,1,1,1,0,7.6,369488.0,10.0,0
64,1,133856.0,2,5.0,2.0,2,3,18,0,2.0,0,1,21,44618.666666666664,0,0,1,0,0,9.0,401568.0,10.0,0
39,1,123547.0,1,33.0,2.0,3,4,1,1,2.0,0,1,5,41182.333333333336,0,0,1,1,0,2.8,370641.0,66.0,0
41,1,105580.0,2,19.0,2.0,2,11,19,1,1.0,1,1,30,35193.333333333336,0,0,1,1,1,14.2,211160.0,38.0,0
25,0,114593.0,2,54.8,2.0,2,11,6,1,2.0,1,1,17,38197.666666666664,1,0,1,1,1,9.0,343779.0,109.6,0
56,1,68421.0,1,53.1,2.0,1,6,2,1,2.0,1,1,8,22807.0,1,0,1,1,1,4.3999999999999995,205263.0,106.2,0
56,0,66542.0,0,28.3,1.0,0,1,0,1,1.0,0,1,1,33271.0,0,0,1,1,0,0.6,133084.0,56.6,0
67,0,80264.0,1,46.8,3.5,2,6,3,1,5.0,1,1,9,17836.444444444445,1,1,1,1,1,4.8,481584.0,93.6,1
57,0,84708.0,2,31.4,1.0,1,7,12,0,3.0,1,1,19,42354.0,0,1,1,0,1,9.0,338832.0,62.8,0
26,2,96308.0,2,50.3,3.0,1,11,4,1,5.0,1,1,15,24077.0,1,1,1,1,1,8.2,577848.0,100.6,1
59,1,105049.0,0,65.5,1.0,1,0,1,0,2.0,0,1,1,52524.5,1,0,1,0,0,0.4,315147.0,131.0,0
47,1,136397.0,2,25.5,3.0,2,6,15,0,5.0,1,1,21,34099.25,0,1,1,0,1,9.6,818382.0,51.0,0
65,0,103132.0,2,106.35000000000001,1.0,2,9,9,0,4.0,0,1,18,51566.0,1,1,1,0,0,9.0,515660.0,212.70000000000002,0
26,0,126691.0,1,103.2,3.5,2,0,1,0,3.0,0,1,1,28153.555555555555,1,1,1,0,0,0.4,506764.0,206.4,0
64,0,96793.0,2,14.9,2.0,1,9,4,1,2.0,0,1,13,32264.333333333332,0,0,1,1,0,7.0,290379.0,29.8,0
51,0,30000.0,0,5.0,2.0,1,2,3,1,4.0,0,1,5,10000.0,0,1,1,1,0,2.4000000000000004,150000.0,10.0,0
49,1,47150.0,1,12.9,1.0,2,1,6,1,5.0,1,1,7,23575.0,0,1,1,1,1,3.0000000000000004,282900.0,25.8,0
43,0,30000.0,2,20.2,1.0,0,4,15,1,4.0,1,1,19,15000.0,0,1,1,1,1,8.4,150000.0,40.4,0
36,1,30000.0,2,38.7,1.0,1,8,12,0,5.0,1,1,20,15000.0,0,1,1,0,1,9.600000000000001,180000.0,77.4,0
34,0,43791.0,0,20.9,1.0,2,0,1,1,3.0,0,1,1,21895.5,0,1,1,1,0,0.4,175164.0,41.8,0
66,1,79078.0,2,34.9,1.0,2,5,10,0,4.0,1,1,15,39539.0,0,1,1,0,1,7.0,395390.0,69.8,0
34,0,65862.0,2,70.8,3.0,3,10,16,0,4.0,0,1,26,16465.5,1,1,1,0,0,12.4,329310.0,141.6,0
47,1,55675.0,1,79.0,1.0,1,3,3,1,5.0,1,1,6,27837.5,1,1,1,1,1,3.0,334050.0,158.0,1
62,0,106984.0,1,58.1,2.0,2,1,1,1,4.0,1,1,2,35661.333333333336,1,1,1,1,1,1.0,534920.0,116.2,0
62,1,30000.0,2,51.8,1.0,3,6,8,1,1.0,1,1,14,15000.0,1,0,1,1,1,6.8,60000.0,103.6,0
35,1,61420.0,0,5.8,1.0,2,1,3,1,4.0,1,1,4,30710.0,0,1,1,1,1,1.8000000000000003,307100.0,11.6,0
60,1,61890.0,2,73.9,3.5,1,6,14,1,4.0,1,1,20,13753.333333333334,1,1,1,1,1,9.2,309450.0,147.8,1
29,0,111375.0,2,48.7,1.0,0,14,19,0,1.0,1,1,33,55687.5,1,0,1,0,1,16.0,222750.0,97.4,0
61,0,59444.0,2,40.2,3.0,1,13,17,0,3.0,1,1,30,14861.0,1,1,1,0,1,14.600000000000001,237776.0,80.4,0
66,1,76798.0,1,5.3,3.0,0,6,2,0,3.0,0,1,8,19199.5,0,1,1,0,0,4.3999999999999995,307192.0,10.6,0
50,1,156697.0,2,58.3,1.0,2,12,3,0,3.0,1,1,15,78348.5,1,1,1,0,1,8.399999999999999,626788.0,116.6,0
38,0,133785.0,1,5.0,2.0,2,1,5,0,5.0,1,1,6,44595.0,0,1,1,0,1,2.6,802710.0,10.0,0
53,1,49772.0,1,62.3,1.0,2,7,3,1,4.0,1,1,10,24886.0,1,1,1,1,1,5.4,248860.0,124.6,1
35,1,69898.0,0,5.0,2.0,3,2,0,1,5.0,1,1,2,23299.333333333332,0,1,1,1,1,1.2,419388.0,10.0,1
66,1,109061.0,2,106.35000000000001,3.0,2,6,9,0,2.0,1,1,15,27265.25,1,0,1,0,1,7.199999999999999,327183.0,212.70000000000002,0
66,1,106288.0,1,91.9,1.0,0,6,7,0,3.0,0,1,13,53144.0,1,1,1,0,0,6.4,425152.0,183.8,0
36,0,95079.0,2,48.1,2.0,2,9,4,0,1.0,0,1,13,31693.0,1,0,1,0,0,7.0,190158.0,96.2,0
30,0,91258.0,2,5.0,3.5,1,8,12,0,1.0,1,1,20,20279.555555555555,0,0,1,0,1,9.600000000000001,182516.0,10.0,0
68,1,95099.0,1,30.6,2.0,1,2,6,1,5.0,0,1,8,31699.666666666668,0,1,1,1,0,3.6000000000000005,570594.0,61.2,0
50,1,30000.0,2,5.0,2.0,0,2,4,0,2.0,1,1,6,10000.0,0,0,1,0,1,2.8,90000.0,10.0,0
69,1,44073.0,1,40.2,3.0,2,1,6,0,2.0,0,1,7,11018.25,1,0,1,0,0,3.0000000000000004,132219.0,80.4,0
35,0,123744.0,1,17.4,1.0,2,7,4,1,1.0,0,1,11,61872.0,0,0,1,1,0,5.800000000000001,247488.0,34.8,0
29,1,85214.0,0,5.0,2.0,1,2,2,1,3.0,0,1,4,28404.666666666668,0,1,1,1,0,2.0,340856.0,10.0,0
37,1,30000.0,2,5.0,2.0,3,6,15,0,2.0,1,1,21,10000.0,0,0,1,0,1,9.6,90000.0,10.0,0
52,1,136536.0,2,46.4,2.0,1,7,11,1,1.0,1,1,18,45512.0,1,0,1,1,1,8.600000000000001,273072.0,92.8,0
58,0,99421.0,2,34.9,2.0,0,4,3,1,3.0,1,1,7,33140.333333333336,0,1,1,1,1,3.6,397684.0,69.8,0
36,1,74361.0,2,73.3,1.0,1,6,18,0,5.0,1,1,24,37180.5,1,1,1,0,1,10.8,446166.0,146.6,1
58,0,72876.0,2,43.3,1.0,1,9,18,1,3.0,1,1,27,36438.0,1,1,1,1,1,12.6,291504.0,86.6,0
60,0,93517.0,2,54.0,2.0,0,11,14,0,2.0,1,1,25,31172.333333333332,1,0,1,0,1,12.2,280551.0,108.0,0
44,0,43685.0,1,53.5,1.0,1,7,7,0,2.0,1,1,14,21842.5,1,0,1,0,1,7.0,131055.0,107.0,0
47,0,77090.0,1,5.0,1.0,2,3,1,0,2.0,0,1,4,38545.0,0,0,1,0,0,2.1999999999999997,231270.0,10.0,0
53,1,70879.0,2,5.0,2.0,1,6,14,0,4.0,0,1,20,23626.333333333332,0,1,1,0,0,9.2,354395.0,10.0,0
32,1,84708.0,2,72.9,2.0,2,11,4,0,3.0,1,1,15,28236.0,1,1,1,0,1,8.2,338832.0,145.8,0
60,2,93364.0,2,48.1,2.0,2,9,15,0,4.0,1,1,24,31121.333333333332,1,1,1,0,1,11.399999999999999,466820.0,96.2,0
60,0,96588.0,2,16.3,2.0,1,14,5,0,3.0,1,1,19,32196.0,0,1,1,0,1,10.4,386352.0,32.6,1
35,0,96111.0,2,43.5,1.0,1,5,18,0,3.0,1,1,23,48055.5,1,1,1,0,1,10.2,384444.0,87.0,1
54,0,84582.0,1,76.3,1.0,1,4,8,1,4.0,1,1,12,42291.0,1,1,1,1,1,5.6,422910.0,152.6,0
58,0,134439.0,2,50.8,2.0,1,2,9,0,2.0,1,1,11,44813.0,1,0,1,0,1,4.8,403317.0,101.6,0
65,0,100814.0,2,22.6,2.0,2,10,9,1,2.0,1,1,19,33604.666666666664,0,0,1,1,1,9.6,302442.0,45.2,0
40,0,136790.0,1,40.0,3.0,2,3,6,1,3.0,0,1,9,34197.5,0,1,1,1,0,4.2,547160.0,80.0,0
60,0,81533.0,2,27.4,2.0,1,7,5,1,3.0,0,1,12,27177.666666666668,0,1,1,1,0,6.2,326132.0,54.8,0
64,0,113030.0,1,54.4,2.0,2,7,6,0,5.0,0,1,13,37676.666666666664,1,1,1,0,0,6.6000000000000005,678180.0,108.8,0
50,0,30000.0,1,20.4,2.0,1,6,8,1,4.0,0,1,14,10000.0,0,1,1,1,0,6.8,150000.0,40.8,0
68,1,30000.0,0,26.6,1.0,2,0,3,1,1.0,1,1,3,15000.0,0,0,1,1,1,1.2000000000000002,60000.0,53.2,0
50,1,85815.0,1,11.0,3.0,2,3,1,1,3.0,0,1,4,21453.75,0,1,1,1,0,2.1999999999999997,343260.0,22.0,0
44,0,70921.0,1,40.3,3.5,1,1,7,1,5.0,1,1,8,15760.222222222223,1,1,1,1,1,3.4000000000000004,425526.0,80.6,1
51,2,61760.0,2,33.6,1.0,1,14,6,0,5.0,1,1,20,30880.0,0,1,1,0,1,10.8,370560.0,67.2,0
40,1,53441.0,1,5.0,1.0,1,4,6,1,5.0,1,1,10,26720.5,0,1,1,1,1,4.800000000000001,320646.0,10.0,1
25,0,40731.0,1,24.6,2.0,2,5,6,1,4.0,0,1,11,13577.0,0,1,1,1,0,5.4,203655.0,49.2,0
56,0,148479.0,2,27.2,3.0,0,3,15,0,4.0,1,1,18,37119.75,0,1,1,0,1,7.8,742395.0,54.4,0
49,1,91169.0,1,36.3,1.0,1,0,6,1,4.0,1,1,6,45584.5,0,1,1,1,1,2.4000000000000004,455845.0,72.6,1
40,0,93175.0,1,55.8,2.0,2,5,4,0,4.0,0,1,9,31058.333333333332,1,1,1,0,0,4.6,465875.0,111.6,0
56,0,119746.0,1,50.4,3.5,2,4,7,1,2.0,1,1,11,26610.222222222223,1,0,1,1,1,5.2,359238.0,100.8,0
43,1,103104.0,1,59.5,1.0,2,7,9,1,4.0,1,1,16,51552.0,1,1,1,1,1,7.800000000000001,515520.0,119.0,1
52,0,153045.0,2,42.3,2.0,2,6,9,1,1.0,0,1,15,51015.0,1,0,1,1,0,7.199999999999999,306090.0,84.6,0
59,1,101328.0,1,63.9,1.0,1,3,5,1,5.0,0,1,8,50664.0,1,1,1,1,0,3.8,607968.0,127.8,0
67,0,84708.0,1,29.0,2.0,2,0,3,1,4.0,0,1,3,28236.0,0,1,1,1,0,1.2000000000000002,423540.0,58.0,0
41,0,79144.0,2,51.0,2.0,1,10,5,1,4.0,1,1,15,26381.333333333332,1,1,1,1,1,8.0,395720.0,102.0,1
68,0,83298.0,1,52.4,3.0,1,4,4,1,3.0,1,1,8,20824.5,1,1,1,1,1,4.0,333192.0,104.8,0
61,1,98837.0,2,62.4,1.0,0,5,15,0,3.0,1,1,20,49418.5,1,1,1,0,1,9.0,395348.0,124.8,0
32,1,104991.0,2,50.7,1.0,2,11,15,1,3.0,0,1,26,52495.5,1,1,1,1,0,12.6,419964.0,101.4,0
27,0,130506.0,1,47.6,2.0,1,0,4,0,3.0,1,1,4,43502.0,1,1,1,0,1,1.6,522024.0,95.2,0
27,1,78047.0,2,33.6,2.0,1,14,8,0,4.0,1,1,22,26015.666666666668,0,1,1,0,1,11.600000000000001,390235.0,67.2,0
51,0,99351.0,2,81.5,3.0,2,7,16,1,5.0,0,1,23,24837.75,1,1,1,1,0,10.600000000000001,596106.0,163.0,0
66,0,131513.0,2,56.1,2.0,0,10,8,0,4.0,0,1,18,43837.666666666664,1,1,1,0,0,9.2,657565.0,112.2,0
58,1,138386.0,1,29.6,1.0,1,7,8,1,2.0,0,1,15,69193.0,0,0,1,1,0,7.4,415158.0,59.2,0
50,1,94510.0,0,21.7,3.0,0,2,2,1,3.0,1,1,4,23627.5,0,1,1,1,1,2.0,378040.0,43.4,0
47,1,76125.0,1,94.9,1.0,1,7,7,1,5.0,0,1,14,38062.5,1,1,1,1,0,7.0,456750.0,189.8,0
62,0,77288.0,2,60.0,2.0,2,5,5,0,1.0,1,1,10,25762.666666666668,1,0,1,0,1,5.0,154576.0,120.0,0
52,1,119299.0,2,25.2,3.0,1,2,12,0,1.0,0,1,14,29824.75,0,0,1,0,0,6.000000000000001,238598.0,50.4,0
63,1,59221.0,1,60.2,2.0,0,6,3,1,1.0,1,1,9,19740.333333333332,1,0,1,1,1,4.8,118442.0,120.4,0
27,1,40588.0,2,65.9,3.5,1,4,17,1,3.0,1,1,21,9019.555555555555,1,1,1,1,1,9.200000000000001,162352.0,131.8,0
26,0,78362.0,2,54.5,2.0,1,7,9,0,4.0,0,1,16,26120.666666666668,1,1,1,0,0,7.800000000000001,391810.0,109.0,0
60,0,174521.0,2,16.0,2.0,1,4,16,0,1.0,0,1,20,58173.666666666664,0,0,1,0,0,8.8,349042.0,32.0,0
25,1,63791.0,2,46.9,1.0,2,11,11,0,1.0,1,1,22,31895.5,1,0,1,0,1,11.0,127582.0,93.8,0
52,1,68580.0,2,58.7,1.0,0,6,13,0,4.0,1,1,19,34290.0,1,1,1,0,1,8.8,342900.0,117.4,0
47,0,64151.0,2,42.7,1.0,2,12,5,0,2.0,1,1,17,32075.5,1,0,1,0,1,9.2,192453.0,85.4,0
68,0,83282.0,0,20.6,3.0,2,1,1,1,1.0,1,1,2,20820.5,0,0,1,1,1,1.0,166564.0,41.2,0
37,1,55767.0,1,22.5,2.0,2,4,2,1,4.0,1,1,6,18589.0,0,1,1,1,1,3.2,278835.0,45.0,0
49,0,107778.0,2,57.2,1.0,0,11,7,1,1.0,1,1,18,53889.0,1,0,1,1,1,9.4,215556.0,114.4,0
57,1,132174.0,1,43.5,3.0,1,1,3,1,5.0,1,1,4,33043.5,1,1,1,1,1,1.8000000000000003,793044.0,87.0,1
31,0,81245.0,2,37.6,3.0,1,9,17,0,1.0,1,1,26,20311.25,0,0,1,0,1,12.2,162490.0,75.2,0
43,0,91880.0,2,83.8,1.0,1,9,10,0,3.0,1,1,19,45940.0,1,1,1,0,1,9.399999999999999,367520.0,167.6,0
67,1,75163.0,2,27.0,1.0,1,3,6,0,3.0,1,1,9,37581.5,0,1,1,0,1,4.2,300652.0,54.0,0
45,0,116240.0,2,44.5,2.0,2,6,7,1,1.0,1,1,13,38746.666666666664,1,0,1,1,1,6.4,232480.0,89.0,0
49,0,94855.0,2,35.2,1.0,1,9,12,1,2.0,0,1,21,47427.5,0,0,1,1,0,10.2,284565.0,70.4,0
25,1,101868.0,2,46.2,1.0,1,6,14,0,4.0,0,1,20,50934.0,1,1,1,0,0,9.2,509340.0,92.4,0
29,1,84708.0,2,88.9,1.0,2,6,9,0,2.0,0,1,15,42354.0,1,0,1,0,0,7.199999999999999,254124.0,177.8,0
39,1,155860.0,0,77.9,3.0,2,1,2,1,5.0,0,1,3,38965.0,1,1,1,1,0,1.4,935160.0,155.8,1
53,1,90601.0,2,41.7,2.0,2,5,5,0,4.0,1,1,10,30200.333333333332,1,1,1,0,1,5.0,453005.0,83.4,1
65,2,94251.0,2,91.1,3.5,1,5,9,1,2.0,1,1,14,20944.666666666668,1,0,1,1,1,6.6,282753.0,182.2,0
55,0,111684.0,2,50.9,3.0,1,11,16,1,4.0,1,1,27,27921.0,1,1,1,1,1,13.0,558420.0,101.8,1
28,0,111446.0,0,5.0,2.0,2,0,1,1,3.0,1,1,1,37148.666666666664,0,1,1,1,1,0.4,445784.0,10.0,1
43,0,78272.0,2,42.2,2.0,0,7,4,1,5.0,1,1,11,26090.666666666668,1,1,1,1,1,5.800000000000001,469632.0,84.4,1
38,1,107329.0,0,57.5,1.0,1,0,3,1,1.0,0,1,3,53664.5,1,0,1,1,0,1.2000000000000002,214658.0,115.0,0
43,1,152850.0,1,37.0,2.0,0,3,8,1,5.0,1,1,11,50950.0,0,1,1,1,1,5.0,917100.0,74.0,1
28,0,59507.0,2,29.1,1.0,2,3,16,0,2.0,0,1,19,29753.5,0,0,1,0,0,8.2,178521.0,58.2,0
28,0,59873.0,2,31.3,1.0,2,2,14,0,1.0,1,1,16,29936.5,0,0,1,0,1,6.800000000000001,119746.0,62.6,0
34,1,172045.0,1,59.7,3.0,0,2,8,1,3.0,0,1,10,43011.25,1,1,1,1,0,4.4,688180.0,119.4,0
43,1,30000.0,2,29.6,2.0,2,5,15,0,5.0,1,1,20,10000.0,0,1,1,0,1,9.0,180000.0,59.2,1
40,0,174521.0,2,20.0,1.0,0,2,3,1,1.0,1,1,5,87260.5,0,0,1,1,1,2.4000000000000004,349042.0,40.0,1
65,0,72439.0,2,58.8,2.0,2,7,12,1,4.0,0,1,19,24146.333333333332,1,1,1,1,0,9.0,362195.0,117.6,0
40,0,60713.0,1,42.8,1.0,1,2,8,1,1.0,0,1,10,30356.5,1,0,1,1,0,4.4,121426.0,85.6,0
57,1,60386.0,2,48.2,2.0,2,9,5,0,1.0,1,1,14,20128.666666666668,1,0,1,0,1,7.3999999999999995,120772.0,96.4,0
30,1,121308.0,1,36.8,3.0,1,5,7,1,5.0,1,1,12,30327.0,0,1,1,1,1,5.800000000000001,727848.0,73.6,1
61,0,54202.0,0,8.5,3.0,2,2,3,1,5.0,0,1,5,13550.5,0,1,1,1,0,2.4000000000000004,325212.0,17.0,0
57,1,36827.0,2,44.5,3.0,2,13,9,1,5.0,1,1,22,9206.75,1,1,1,1,1,11.4,220962.0,89.0,1
66,2,138063.0,2,8.1,2.0,1,9,15,0,3.0,1,1,24,46021.0,0,1,1,0,1,11.399999999999999,552252.0,16.2,0
47,2,61108.0,1,5.0,3.5,1,6,5,1,2.0,1,1,11,13579.555555555555,0,0,1,1,1,5.6,183324.0,10.0,0
26,1,72969.0,2,11.8,2.0,2,11,6,1,2.0,1,1,17,24323.0,0,0,1,1,1,9.0,218907.0,23.6,0
61,1,88242.0,2,59.2,3.5,0,9,15,0,2.0,1,1,24,19609.333333333332,1,0,1,0,1,11.399999999999999,264726.0,118.4,0
58,0,62217.0,2,28.3,3.5,2,11,10,0,4.0,0,1,21,13826.0,0,1,1,0,0,10.6,311085.0,56.6,0
59,0,84708.0,2,10.6,2.0,2,3,9,1,2.0,1,1,12,28236.0,0,0,1,1,1,5.4,254124.0,21.2,0
25,0,85048.0,2,25.5,3.0,2,6,10,1,3.0,1,1,16,21262.0,0,1,1,1,1,7.6,340192.0,51.0,0
27,1,124319.0,1,33.7,2.0,0,3,9,1,5.0,1,1,12,41439.666666666664,0,1,1,1,1,5.4,745914.0,67.4,1
58,1,103933.0,2,40.2,1.0,2,9,5,1,3.0,0,1,14,51966.5,1,1,1,1,0,7.3999999999999995,415732.0,80.4,0
47,1,83448.0,2,28.1,1.0,0,7,7,0,2.0,1,1,14,41724.0,0,0,1,0,1,7.0,250344.0,56.2,0
60,1,67024.0,2,26.1,1.0,2,5,11,1,4.0,0,1,16,33512.0,0,1,1,1,0,7.4,335120.0,52.2,0
30,0,61458.0,2,35.2,2.0,1,5,18,0,4.0,1,1,23,20486.0,0,1,1,0,1,10.2,307290.0,70.4,0
37,1,80366.0,2,61.6,2.0,1,9,3,0,3.0,0,1,12,26788.666666666668,1,1,1,0,0,6.6,321464.0,123.2,0
68,0,55545.0,2,18.4,1.0,2,9,13,1,4.0,0,1,22,27772.5,0,1,1,1,0,10.6,277725.0,36.8,1
44,1,83295.0,2,57.2,1.0,2,5,19,0,4.0,0,1,24,41647.5,1,1,1,0,0,10.600000000000001,416475.0,114.4,0
42,1,147609.0,1,40.2,2.0,1,0,5,0,4.0,0,1,5,49203.0,1,1,1,0,0,2.0,738045.0,80.4,0
59,2,86563.0,0,39.4,3.0,2,2,3,1,2.0,1,1,5,21640.75,0,0,1,1,1,2.4000000000000004,259689.0,78.8,0
47,0,41573.0,2,11.7,3.0,2,14,10,0,2.0,1,1,24,10393.25,0,0,1,0,1,12.4,124719.0,23.4,0
47,1,78056.0,2,57.5,2.0,1,6,4,1,5.0,0,1,10,26018.666666666668,1,1,1,1,0,5.199999999999999,468336.0,115.0,0
64,1,118113.0,2,42.3,1.0,2,9,12,0,5.0,1,1,21,59056.5,1,1,1,0,1,10.2,708678.0,84.6,1
51,1,30000.0,2,74.8,1.0,2,10,13,1,2.0,1,1,23,15000.0,1,0,1,1,1,11.2,90000.0,149.6,0
63,1,96287.0,0,5.0,1.0,2,0,1,1,4.0,1,1,1,48143.5,0,1,1,1,1,0.4,481435.0,10.0,0
32,1,80880.0,1,5.0,1.0,2,4,5,1,3.0,0,1,9,40440.0,0,1,1,1,0,4.4,323520.0,10.0,0
35,1,142038.0,2,52.9,1.0,1,4,8,0,5.0,0,1,12,71019.0,1,1,1,0,0,5.6,852228.0,105.8,0
64,1,172528.0,1,68.7,2.0,0,5,9,1,2.0,0,1,14,57509.333333333336,1,0,1,1,0,6.6,517584.0,137.4,0
41,0,84708.0,0,44.9,1.0,0,1,2,1,1.0,1,1,3,42354.0,1,0,1,1,1,1.4,169416.0,89.8,0
58,2,65412.0,0,42.7,2.0,2,2,3,1,3.0,0,1,5,21804.0,1,1,1,1,0,2.4000000000000004,261648.0,85.4,0
58,1,126604.0,2,74.9,1.0,2,14,13,0,4.0,0,1,27,63302.0,1,1,1,0,0,13.600000000000001,633020.0,149.8,0
39,1,140861.0,2,88.8,2.0,1,3,17,0,4.0,1,1,20,46953.666666666664,1,1,1,0,1,8.600000000000001,704305.0,177.6,1
45,1,86263.0,1,7.9,2.0,2,7,7,1,1.0,1,1,14,28754.333333333332,0,0,1,1,1,7.0,172526.0,15.8,0
56,0,152831.0,2,52.7,3.0,2,2,19,0,4.0,0,1,21,38207.75,1,1,1,0,0,8.8,764155.0,105.4,0
48,1,120665.0,2,12.1,2.0,1,9,6,1,5.0,0,1,15,40221.666666666664,0,1,1,1,0,7.8,723990.0,24.2,0
30,1,107752.0,2,54.6,2.0,2,11,9,0,2.0,1,1,20,35917.333333333336,1,0,1,0,1,10.2,323256.0,109.2,0
31,0,133551.0,2,52.1,1.0,2,8,4,0,3.0,0,1,12,66775.5,1,1,1,0,0,6.4,534204.0,104.2,0
44,0,85213.0,0,47.6,2.0,2,1,2,1,2.0,1,1,3,28404.333333333332,1,0,1,1,1,1.4,255639.0,95.2,0
63,1,57000.0,1,28.5,1.0,2,4,3,1,4.0,1,1,7,28500.0,0,1,1,1,1,3.6,285000.0,57.0,0
26,0,118623.0,2,57.0,1.0,1,6,12,0,2.0,1,1,18,59311.5,1,0,1,0,1,8.4,355869.0,114.0,0
43,1,46479.0,0,47.2,1.0,1,2,1,1,4.0,1,1,3,23239.5,1,1,1,1,1,1.6,232395.0,94.4,0
28,1,60474.0,1,26.8,1.0,1,1,8,0,5.0,1,1,9,30237.0,0,1,1,0,1,3.8000000000000003,362844.0,53.6,0
49,0,75480.0,2,33.8,2.0,1,12,11,1,5.0,1,1,23,25160.0,0,1,1,1,1,11.6,452880.0,67.6,1
42,1,89033.0,1,69.0,1.0,1,6,1,1,2.0,0,1,7,44516.5,1,0,1,1,0,3.9999999999999996,267099.0,138.0,0
54,0,118659.0,1,36.9,2.0,0,1,7,1,5.0,0,1,8,39553.0,0,1,1,1,0,3.4000000000000004,711954.0,73.8,0
56,1,30000.0,1,44.3,2.0,1,5,8,1,2.0,1,1,13,10000.0,1,0,1,1,1,6.2,90000.0,88.6,0
35,0,82085.0,1,43.1,2.0,1,4,3,1,4.0,1,1,7,27361.666666666668,1,1,1,1,1,3.6,410425.0,86.2,0
68,0,93857.0,1,56.4,1.0,1,3,8,1,2.0,1,1,11,46928.5,1,0,1,1,1,5.0,281571.0,112.8,0
58,0,56794.0,1,45.1,3.0,1,2,6,1,3.0,0,1,8,14198.5,1,1,1,1,0,3.6000000000000005,227176.0,90.2,0
50,1,57215.0,0,12.9,2.0,2,2,2,1,5.0,0,1,4,19071.666666666668,0,1,1,1,0,2.0,343290.0,25.8,0
35,1,65130.0,2,43.8,2.0,0,2,18,0,5.0,1,1,20,21710.0,1,1,1,0,1,8.4,390780.0,87.6,1
35,0,114747.0,2,38.8,1.0,1,11,12,0,2.0,1,1,23,57373.5,0,0,1,0,1,11.4,344241.0,77.6,0
49,1,62612.0,2,83.0,2.0,1,13,6,0,5.0,0,1,19,20870.666666666668,1,1,1,0,0,10.2,375672.0,166.0,0
27,1,46404.0,2,63.4,1.0,1,12,12,1,4.0,0,1,24,23202.0,1,1,1,1,0,12.0,232020.0,126.8,0
30,0,106351.0,2,50.3,1.0,1,14,13,0,3.0,0,1,27,53175.5,1,1,1,0,0,13.600000000000001,425404.0,100.6,0
57,1,76684.0,0,52.8,2.0,2,1,1,1,5.0,0,1,2,25561.333333333332,1,1,1,1,0,1.0,460104.0,105.6,0
44,0,75326.0,1,5.0,3.0,3,3,1,1,3.0,1,1,4,18831.5,0,1,1,1,1,2.1999999999999997,301304.0,10.0,0
34,2,78529.0,1,25.8,1.0,3,6,5,1,2.0,0,1,11,39264.5,0,0,1,1,0,5.6,235587.0,51.6,0
45,1,59469.0,2,86.9,2.0,2,11,14,0,2.0,0,1,25,19823.0,1,0,1,0,0,12.2,178407.0,173.8,0
51,2,74121.0,1,61.8,2.0,0,4,8,1,4.0,1,1,12,24707.0,1,1,1,1,1,5.6,370605.0,123.6,1
47,1,30000.0,0,44.8,2.0,3,2,3,1,5.0,1,1,5,10000.0,1,1,1,1,1,2.4000000000000004,180000.0,89.6,1
63,2,98876.0,1,8.5,3.0,2,3,9,1,2.0,1,1,12,24719.0,0,0,1,1,1,5.4,296628.0,17.0,0
59,1,84708.0,2,19.7,3.0,0,14,17,1,4.0,1,1,31,21177.0,0,1,1,1,1,15.200000000000001,423540.0,39.4,1
45,0,55099.0,2,5.0,2.0,1,11,14,0,3.0,1,1,25,18366.333333333332,0,1,1,0,1,12.2,220396.0,10.0,0
67,1,67524.0,2,14.9,1.0,2,14,16,0,4.0,1,1,30,33762.0,0,1,1,0,1,14.8,337620.0,29.8,1
31,2,118925.0,2,90.6,1.0,3,14,8,1,1.0,1,1,22,59462.5,1,0,1,1,1,11.600000000000001,237850.0,181.2,0
65,1,53960.0,2,52.1,2.0,1,4,17,1,3.0,0,1,21,17986.666666666668,1,1,1,1,0,9.200000000000001,215840.0,104.2,0
38,1,68152.0,1,33.9,1.0,3,4,7,1,1.0,0,1,11,34076.0,0,0,1,1,0,5.2,136304.0,67.8,0
46,1,95171.0,1,15.7,1.0,2,4,3,1,1.0,1,1,7,47585.5,0,0,1,1,1,3.6,190342.0,31.4,0
31,1,95632.0,1,37.7,1.0,3,5,1,1,3.0,1,1,6,47816.0,0,1,1,1,1,3.4,382528.0,75.4,1
28,0,87417.0,1,13.5,2.0,0,4,8,0,2.0,1,1,12,29139.0,0,0,1,0,1,5.6,262251.0,27.0,0
59,0,38824.0,1,36.8,1.0,0,6,7,1,4.0,1,1,13,19412.0,0,1,1,1,1,6.4,194120.0,73.6,0
39,0,112881.0,2,77.2,2.0,0,14,10,0,4.0,0,1,24,37627.0,1,1,1,0,0,12.4,564405.0,154.4,0
39,0,144639.0,1,39.2,2.0,1,7,9,1,1.0,0,1,16,48213.0,0,0,1,1,0,7.800000000000001,289278.0,78.4,0
47,1,174521.0,1,15.3,2.0,2,5,2,0,1.0,1,1,7,58173.666666666664,0,0,1,0,1,3.8,349042.0,30.6,1
33,0,84506.0,2,37.3,3.0,2,12,9,0,1.0,1,1,21,21126.5,0,0,1,0,1,10.799999999999999,169012.0,74.6,0
54,0,30000.0,2,11.2,1.0,3,5,9,0,1.0,1,1,14,15000.0,0,0,1,0,1,6.6,60000.0,22.4,0
40,1,63247.0,2,56.6,1.0,0,5,5,0,5.0,1,1,10,31623.5,1,1,1,0,1,5.0,379482.0,113.2,1
58,1,82699.0,2,51.9,2.0,2,4,8,1,1.0,1,1,12,27566.333333333332,1,0,1,1,1,5.6,165398.0,103.8,0
45,1,93329.0,1,46.8,1.0,1,4,6,1,4.0,0,1,10,46664.5,1,1,1,1,0,4.800000000000001,466645.0,93.6,0
53,1,62072.0,2,43.4,3.0,2,4,16,0,2.0,0,1,20,15518.0,1,0,1,0,0,8.8,186216.0,86.8,0
65,1,145252.0,2,44.7,2.0,0,14,4,1,4.0,0,1,18,48417.333333333336,1,1,1,1,0,10.0,726260.0,89.4,0
39,0,115303.0,0,5.0,3.0,2,0,0,1,2.0,1,1,0,28825.75,0,0,1,1,1,0.0,345909.0,10.0,0
33,0,73608.0,2,25.1,3.5,1,2,19,0,3.0,1,1,21,16357.333333333334,0,1,1,0,1,8.8,294432.0,50.2,0
42,1,76740.0,2,68.1,2.0,0,13,11,0,3.0,0,1,24,25580.0,1,1,1,0,0,12.2,306960.0,136.2,0
40,0,43556.0,1,44.7,1.0,1,3,6,0,1.0,1,1,9,21778.0,1,0,1,0,1,4.2,87112.0,89.4,0
43,0,106263.0,2,5.0,3.0,2,4,13,0,2.0,1,1,17,26565.75,0,0,1,0,1,7.6,318789.0,10.0,1
66,1,40763.0,0,5.0,3.5,2,2,3,1,4.0,1,1,5,9058.444444444445,0,1,1,1,1,2.4000000000000004,203815.0,10.0,1
33,1,95555.0,1,27.6,1.0,2,5,7,0,4.0,0,1,12,47777.5,0,1,1,0,0,5.800000000000001,477775.0,55.2,0
58,0,101632.0,1,106.35000000000001,2.0,0,6,7,1,4.0,1,1,13,33877.333333333336,1,1,1,1,1,6.4,508160.0,212.70000000000002,1
69,1,43457.0,2,5.0,3.5,3,11,9,1,1.0,1,1,20,9657.111111111111,0,0,1,1,1,10.2,86914.0,10.0,0
61,0,123647.0,2,58.9,2.0,2,7,14,0,4.0,1,1,21,41215.666666666664,1,1,1,0,1,9.8,618235.0,117.8,0
61,0,118678.0,2,23.7,2.0,2,8,5,0,2.0,0,1,13,39559.333333333336,0,0,1,0,0,6.8,356034.0,47.4,0
60,1,79437.0,1,33.8,2.0,2,7,4,1,3.0,1,1,11,26479.0,0,1,1,1,1,5.800000000000001,317748.0,67.6,1
38,0,58051.0,2,59.3,2.0,3,11,4,0,3.0,0,1,15,19350.333333333332,1,1,1,0,0,8.2,232204.0,118.6,0
52,0,118986.0,1,9.9,3.0,0,7,7,1,4.0,1,1,14,29746.5,0,1,1,1,1,7.0,594930.0,19.8,1
44,1,83536.0,1,61.5,2.0,1,7,2,1,5.0,1,1,9,27845.333333333332,1,1,1,1,1,5.0,501216.0,123.0,1
28,0,55177.0,0,80.4,3.5,0,2,2,1,3.0,1,1,4,12261.555555555555,1,1,1,1,1,2.0,220708.0,160.8,0
61,0,64089.0,1,30.2,2.0,1,3,8,1,2.0,1,1,11,21363.0,0,0,1,1,1,5.0,192267.0,60.4,1
56,0,94353.0,1,32.1,2.0,2,2,9,0,2.0,1,1,11,31451.0,0,0,1,0,1,4.8,283059.0,64.2,0
31,1,96109.0,1,53.3,2.0,1,6,8,1,3.0,1,1,14,32036.333333333332,1,1,1,1,1,6.8,384436.0,106.6,1
36,1,103183.0,1,82.5,2.0,0,6,7,1,2.0,1,1,13,34394.333333333336,1,0,1,1,1,6.4,309549.0,165.0,0
53,0,85326.0,2,47.9,2.0,3,14,6,0,3.0,0,1,20,28442.0,1,1,1,0,0,10.8,341304.0,95.8,0
47,1,81348.0,1,48.2,3.0,1,7,2,0,5.0,1,1,9,20337.0,1,1,1,0,1,5.0,488088.0,96.4,0
68,0,87775.0,2,42.7,3.0,2,11,15,1,5.0,1,1,26,21943.75,1,1,1,1,1,12.6,526650.0,85.4,0
63,1,48307.0,0,37.1,1.0,0,2,2,1,1.0,0,1,4,24153.5,0,0,1,1,0,2.0,96614.0,74.2,0
67,0,101714.0,1,5.0,1.0,0,4,2,1,4.0,0,1,6,50857.0,0,1,1,1,0,3.2,508570.0,10.0,0
47,2,89277.0,2,39.1,1.0,2,8,7,0,1.0,1,1,15,44638.5,0,0,1,0,1,7.6,178554.0,78.2,0
60,1,48722.0,1,71.4,2.0,1,1,6,1,3.0,1,1,7,16240.666666666666,1,1,1,1,1,3.0000000000000004,194888.0,142.8,0
40,1,119839.0,2,32.5,2.0,0,3,10,0,2.0,1,1,13,39946.333333333336,0,0,1,0,1,5.8,359517.0,65.0,0
36,1,81408.0,1,37.6,2.0,2,2,9,1,2.0,0,1,11,27136.0,0,0,1,1,0,4.8,244224.0,75.2,0
26,2,56687.0,0,63.1,2.0,2,2,1,0,1.0,1,1,3,18895.666666666668,1,0,1,0,1,1.6,113374.0,126.2,0
34,0,118735.0,0,55.6,1.0,2,2,1,1,1.0,1,1,3,59367.5,1,0,1,1,1,1.6,237470.0,111.2,0
28,0,79528.0,0,77.2,1.0,3,2,0,1,1.0,1,1,2,39764.0,1,0,1,1,1,1.2,159056.0,154.4,0
49,0,95010.0,1,11.8,2.0,2,5,8,1,5.0,1,1,13,31670.0,0,1,1,1,1,6.2,570060.0,23.6,0
30,0,105705.0,0,18.8,2.0,1,1,1,1,4.0,1,1,2,35235.0,0,1,1,1,1,1.0,528525.0,37.6,1
60,1,95966.0,2,55.2,1.0,0,11,7,1,1.0,1,1,18,47983.0,1,0,1,1,1,9.4,191932.0,110.4,0
37,0,107943.0,2,11.2,2.0,0,14,14,1,3.0,1,1,28,35981.0,0,1,1,1,1,14.0,431772.0,22.4,0
59,1,30000.0,2,51.8,1.0,2,7,15,1,1.0,0,1,22,15000.0,1,0,1,1,0,10.2,60000.0,103.6,0
57,1,63610.0,2,51.9,3.0,0,6,14,1,4.0,1,1,20,15902.5,1,1,1,1,1,9.2,318050.0,103.8,0
47,2,126271.0,2,55.9,2.0,1,4,4,1,2.0,1,1,8,42090.333333333336,1,0,1,1,1,4.0,378813.0,111.8,0
48,1,110876.0,2,25.4,1.0,0,4,10,0,3.0,1,1,14,55438.0,0,1,1,0,1,6.4,443504.0,50.8,0
66,0,60651.0,0,5.0,2.0,1,2,0,1,4.0,1,1,2,20217.0,0,1,1,1,1,1.2,303255.0,10.0,0
42,1,144650.0,0,21.8,1.0,2,2,1,1,3.0,1,1,3,72325.0,0,1,1,1,1,1.6,578600.0,43.6,0
51,1,98935.0,1,46.0,2.0,2,6,3,1,3.0,1,1,9,32978.333333333336,1,1,1,1,1,4.8,395740.0,92.0,0
49,0,113851.0,0,19.7,3.5,3,2,2,0,5.0,0,1,4,25300.222222222223,0,1,1,0,0,2.0,683106.0,39.4,0
40,1,126358.0,1,5.8,1.0,2,2,3,1,1.0,1,1,5,63179.0,0,0,1,1,1,2.4000000000000004,252716.0,11.6,0
50,0,124299.0,2,96.5,1.0,2,5,13,0,4.0,0,1,18,62149.5,1,1,1,0,0,8.2,621495.0,193.0,0
33,0,114469.0,1,25.5,2.0,0,6,4,0,3.0,1,1,10,38156.333333333336,0,1,1,0,1,5.199999999999999,457876.0,51.0,0
55,1,104441.0,2,68.4,3.0,2,2,3,1,3.0,0,1,5,26110.25,1,1,1,1,0,2.4000000000000004,417764.0,136.8,0
36,0,76389.0,0,36.8,1.0,1,0,1,1,5.0,1,1,1,38194.5,0,1,1,1,1,0.4,458334.0,73.6,1
39,1,130272.0,2,35.2,2.0,1,12,4,0,4.0,0,1,16,43424.0,0,1,1,0,0,8.799999999999999,651360.0,70.4,0
48,1,93085.0,2,39.1,1.0,1,3,19,0,4.0,0,1,22,46542.5,0,1,1,0,0,9.4,465425.0,78.2,0
64,0,49222.0,2,65.3,2.0,2,14,17,0,3.0,1,1,31,16407.333333333332,1,1,1,0,1,15.200000000000001,196888.0,130.6,0
40,0,112215.0,0,12.9,2.0,1,0,1,1,2.0,0,1,1,37405.0,0,0,1,1,0,0.4,336645.0,25.8,0
36,0,100387.0,1,38.7,2.0,3,3,5,0,2.0,1,1,8,33462.333333333336,0,0,1,0,1,3.8,301161.0,77.4,0
54,1,77862.0,2,67.4,1.0,0,9,5,0,2.0,0,1,14,38931.0,1,0,1,0,0,7.3999999999999995,233586.0,134.8,0
38,0,118958.0,1,48.0,1.0,2,4,1,1,2.0,1,1,5,59479.0,1,0,1,1,1,2.8,356874.0,96.0,0
63,1,149435.0,1,29.0,3.0,1,2,9,0,1.0,1,1,11,37358.75,0,0,1,0,1,4.8,298870.0,58.0,0
46,0,94959.0,2,49.4,1.0,1,11,15,0,2.0,0,1,26,47479.5,1,0,1,0,0,12.6,284877.0,98.8,0
33,0,87106.0,1,5.0,2.0,2,5,6,1,4.0,1,1,11,29035.333333333332,0,1,1,1,1,5.4,435530.0,10.0,0
49,1,101712.0,0,70.0,2.0,1,2,1,1,4.0,0,1,3,33904.0,1,1,1,1,0,1.6,508560.0,140.0,0
29,2,92141.0,1,42.8,1.0,2,2,2,1,4.0,0,1,4,46070.5,1,1,1,1,0,2.0,460705.0,85.6,0
35,0,78197.0,2,40.2,1.0,1,7,18,1,5.0,1,1,25,39098.5,1,1,1,1,1,11.4,469182.0,80.4,1
47,0,98870.0,0,24.2,3.0,2,2,3,1,5.0,0,1,5,24717.5,0,1,1,1,0,2.4000000000000004,593220.0,48.4,0
29,1,93051.0,0,57.2,2.0,1,0,1,1,1.0,0,1,1,31017.0,1,0,1,1,0,0.4,186102.0,114.4,0
69,0,109254.0,1,44.7,1.0,2,0,9,0,1.0,1,1,9,54627.0,1,0,1,0,1,3.6,218508.0,89.4,0
39,0,136038.0,2,5.0,1.0,0,9,13,0,1.0,1,1,22,68019.0,0,0,1,0,1,10.6,272076.0,10.0,0
59,0,94048.0,0,17.0,1.0,1,1,3,1,3.0,0,1,4,47024.0,0,1,1,1,0,1.8000000000000003,376192.0,34.0,0
51,0,78215.0,0,34.0,2.0,2,1,3,1,2.0,0,1,4,26071.666666666668,0,0,1,1,0,1.8000000000000003,234645.0,68.0,0
66,1,53938.0,2,79.7,2.0,1,11,7,1,1.0,1,1,18,17979.333333333332,1,0,1,1,1,9.4,107876.0,159.4,0
56,1,74951.0,2,16.5,2.0,2,8,6,0,2.0,1,1,14,24983.666666666668,0,0,1,0,1,7.2,224853.0,33.0,0
31,0,50776.0,1,58.3,1.0,2,0,1,1,2.0,1,1,1,25388.0,1,0,1,1,1,0.4,152328.0,116.6,0
65,1,114474.0,2,36.3,1.0,1,11,4,1,5.0,1,1,15,57237.0,0,1,1,1,1,8.2,686844.0,72.6,1
28,1,119774.0,1,82.2,2.0,2,0,5,1,1.0,1,1,5,39924.666666666664,1,0,1,1,1,2.0,239548.0,164.4,1
59,0,105773.0,1,5.0,2.0,1,5,6,1,4.0,1,1,11,35257.666666666664,0,1,1,1,1,5.4,528865.0,10.0,1
30,1,133204.0,2,15.4,3.0,0,8,14,0,3.0,1,1,22,33301.0,0,1,1,0,1,10.4,532816.0,30.8,0
66,0,30000.0,1,25.5,1.0,2,6,2,1,3.0,1,1,8,15000.0,0,1,1,1,1,4.3999999999999995,120000.0,51.0,1
44,0,79704.0,2,37.6,1.0,1,12,16,1,4.0,1,1,28,39852.0,0,1,1,1,1,13.6,398520.0,75.2,1
64,0,50366.0,1,6.8,3.0,1,3,6,1,2.0,0,1,9,12591.5,0,0,1,1,0,4.2,151098.0,13.6,0
58,0,31907.0,1,27.1,1.0,0,3,7,1,5.0,1,1,10,15953.5,0,1,1,1,1,4.6,191442.0,54.2,0
38,1,174521.0,1,106.35000000000001,3.5,1,2,2,1,4.0,0,1,4,38782.444444444445,1,1,1,1,0,2.0,872605.0,212.70000000000002,0
67,1,114488.0,2,53.3,2.0,1,8,15,1,2.0,1,1,23,38162.666666666664,1,0,1,1,1,10.8,343464.0,106.6,0
52,0,30000.0,2,5.0,2.0,2,6,15,0,3.0,0,1,21,10000.0,0,1,1,0,0,9.6,120000.0,10.0,0
33,1,121797.0,2,5.0,3.5,2,8,12,0,5.0,1,1,20,27066.0,0,1,1,0,1,9.600000000000001,730782.0,10.0,0
37,1,99762.0,2,58.9,3.0,1,4,5,0,2.0,0,1,9,24940.5,1,0,1,0,0,4.4,299286.0,117.8,0
62,0,120029.0,2,22.6,3.0,2,8,10,0,5.0,0,1,18,30007.25,0,1,1,0,0,8.8,720174.0,45.2,0
51,1,51832.0,1,82.6,1.0,1,2,7,1,3.0,1,1,9,25916.0,1,1,1,1,1,4.0,207328.0,165.2,1
50,1,104461.0,2,22.2,3.0,0,14,15,0,4.0,1,1,29,26115.25,0,1,1,0,1,14.4,522305.0,44.4,0
68,0,57163.0,1,65.0,1.0,1,2,4,1,5.0,1,1,6,28581.5,1,1,1,1,1,2.8,342978.0,130.0,1
50,1,98381.0,2,42.5,1.0,2,7,13,0,3.0,1,1,20,49190.5,1,1,1,0,1,9.4,393524.0,85.0,1
61,2,52759.0,2,15.6,1.0,0,14,6,0,2.0,1,1,20,26379.5,0,0,1,0,1,10.8,158277.0,31.2,0
68,1,112799.0,1,70.3,3.0,1,4,4,1,5.0,1,1,8,28199.75,1,1,1,1,1,4.0,676794.0,140.6,1
26,0,106755.0,1,50.0,2.0,2,5,4,1,1.0,1,1,9,35585.0,1,0,1,1,1,4.6,213510.0,100.0,0
61,1,79651.0,2,47.5,1.0,1,7,5,0,5.0,0,1,12,39825.5,1,1,1,0,0,6.2,477906.0,95.0,0
30,1,64541.0,1,5.0,1.0,2,1,6,0,1.0,0,1,7,32270.5,0,0,1,0,0,3.0000000000000004,129082.0,10.0,0
51,0,39469.0,2,32.4,1.0,1,12,4,0,5.0,1,1,16,19734.5,0,1,1,0,1,8.799999999999999,236814.0,64.8,0
60,2,51168.0,1,24.3,2.0,1,3,8,1,1.0,1,1,11,17056.0,0,0,1,1,1,5.0,102336.0,48.6,0
57,0,110590.0,2,18.9,2.0,0,13,18,0,3.0,0,1,31,36863.333333333336,0,1,1,0,0,15.0,442360.0,37.8,0
58,1,30000.0,0,69.7,3.0,2,2,1,1,1.0,0,1,3,7500.0,1,0,1,1,0,1.6,60000.0,139.4,0
34,1,89616.0,1,18.7,2.0,1,2,8,1,1.0,1,1,10,29872.0,0,0,1,1,1,4.4,179232.0,37.4,0
69,1,151854.0,2,5.0,2.0,3,2,15,0,4.0,1,1,17,50618.0,0,1,1,0,1,7.2,759270.0,10.0,0
55,0,169317.0,1,27.4,2.0,1,5,2,1,1.0,1,1,7,56439.0,0,0,1,1,1,3.8,338634.0,54.8,0
32,0,52602.0,1,47.3,1.0,2,1,3,1,5.0,1,1,4,26301.0,1,1,1,1,1,1.8000000000000003,315612.0,94.6,1
65,0,77206.0,1,14.6,2.0,1,4,5,1,5.0,0,1,9,25735.333333333332,0,1,1,1,0,4.4,463236.0,29.2,0
33,1,59234.0,1,24.1,2.0,2,4,4,1,1.0,1,1,8,19744.666666666668,0,0,1,1,1,4.0,118468.0,48.2,0
54,1,70124.0,0,28.9,1.0,2,1,3,1,4.0,0,1,4,35062.0,0,1,1,1,0,1.8000000000000003,350620.0,57.8,0
42,0,80501.0,2,27.2,1.0,2,8,5,1,4.0,1,1,13,40250.5,0,1,1,1,1,6.8,402505.0,54.4,0
29,0,124809.0,0,52.4,2.0,2,0,3,1,5.0,1,1,3,41603.0,1,1,1,1,1,1.2000000000000002,748854.0,104.8,1
43,1,47718.0,2,5.0,2.0,1,6,17,0,4.0,1,1,23,15906.0,0,1,1,0,1,10.4,238590.0,10.0,1
30,1,67890.0,2,66.7,3.0,1,13,10,0,2.0,0,1,23,16972.5,1,0,1,0,0,11.8,203670.0,133.4,0
39,0,113933.0,2,5.0,2.0,1,12,16,0,5.0,1,1,28,37977.666666666664,0,1,1,0,1,13.6,683598.0,10.0,1
46,0,66431.0,2,86.8,3.0,2,6,6,1,2.0,0,1,12,16607.75,1,0,1,1,0,6.0,199293.0,173.6,0
52,1,139905.0,1,54.6,2.0,2,6,6,1,3.0,1,1,12,46635.0,1,1,1,1,1,6.0,559620.0,109.2,1
53,1,88474.0,1,48.9,3.5,2,6,4,0,1.0,1,1,10,19660.88888888889,1,0,1,0,1,5.199999999999999,176948.0,97.8,0
26,1,143625.0,2,67.8,3.0,3,2,9,1,1.0,0,1,11,35906.25,1,0,1,1,0,4.8,287250.0,135.6,0
52,0,54768.0,0,22.7,2.0,1,2,0,1,2.0,0,1,2,18256.0,0,0,1,1,0,1.2,164304.0,45.4,0
38,0,32869.0,2,45.3,1.0,2,2,7,1,2.0,0,1,9,16434.5,1,0,1,1,0,4.0,98607.0,90.6,0
42,1,126185.0,2,43.5,2.0,3,3,13,1,1.0,0,1,16,42061.666666666664,1,0,1,1,0,7.0,252370.0,87.0,0
33,0,98589.0,2,71.3,2.0,2,10,13,0,4.0,0,1,23,32863.0,1,1,1,0,0,11.2,492945.0,142.6,0
63,1,74287.0,1,43.3,1.0,3,4,5,1,5.0,1,1,9,37143.5,1,1,1,1,1,4.4,445722.0,86.6,1
37,1,121108.0,2,57.4,3.5,1,13,5,1,1.0,0,1,18,26912.88888888889,1,0,1,1,0,9.8,242216.0,114.8,0
51,1,78942.0,1,5.0,1.0,2,5,4,1,1.0,1,1,9,39471.0,0,0,1,1,1,4.6,157884.0,10.0,0
26,1,94959.0,2,29.3,1.0,0,12,15,1,1.0,0,1,27,47479.5,0,0,1,1,0,13.2,189918.0,58.6,0
60,1,58478.0,1,9.5,3.0,1,6,1,1,3.0,1,1,7,14619.5,0,1,1,1,1,3.9999999999999996,233912.0,19.0,0
69,0,172334.0,1,53.3,1.0,2,1,2,1,4.0,1,1,3,86167.0,1,1,1,1,1,1.4,861670.0,106.6,1
60,1,30000.0,1,54.3,1.0,1,0,3,1,3.0,0,1,3,15000.0,1,1,1,1,0,1.2000000000000002,120000.0,108.6,0
65,1,93482.0,0,41.8,2.0,2,0,3,1,2.0,0,1,3,31160.666666666668,1,0,1,1,0,1.2000000000000002,280446.0,83.6,0
59,0,126829.0,2,45.0,2.0,1,2,13,0,1.0,1,1,15,42276.333333333336,1,0,1,0,1,6.4,253658.0,90.0,0
34,2,47331.0,0,55.1,1.0,2,0,1,1,1.0,0,1,1,23665.5,1,0,1,1,0,0.4,94662.0,110.2,0
27,0,103890.0,1,61.9,1.0,1,3,1,1,4.0,0,1,4,51945.0,1,1,1,1,0,2.1999999999999997,519450.0,123.8,0
52,1,77642.0,0,32.6,2.0,2,2,1,1,1.0,1,1,3,25880.666666666668,0,0,1,1,1,1.6,155284.0,65.2,0
33,1,62669.0,2,30.4,3.0,2,11,15,0,2.0,1,1,26,15667.25,0,0,1,0,1,12.6,188007.0,60.8,0
40,0,82229.0,0,63.4,1.0,2,0,3,1,2.0,1,1,3,41114.5,1,0,1,1,1,1.2000000000000002,246687.0,126.8,0
30,0,51306.0,1,49.9,1.0,1,1,9,1,2.0,1,1,10,25653.0,1,0,1,1,1,4.2,153918.0,99.8,0
28,0,132976.0,0,86.8,1.0,3,2,1,1,3.0,1,1,3,66488.0,1,1,1,1,1,1.6,531904.0,173.6,0
47,0,115574.0,2,44.4,2.0,2,6,3,1,2.0,0,1,9,38524.666666666664,1,0,1,1,0,4.8,346722.0,88.8,0
27,0,81309.0,2,22.9,2.0,3,12,16,0,2.0,1,1,28,27103.0,0,0,1,0,1,13.6,243927.0,45.8,0
53,0,125125.0,1,72.6,2.0,2,6,3,1,2.0,1,1,9,41708.333333333336,1,0,1,1,1,4.8,375375.0,145.2,0
45,2,33833.0,2,37.5,1.0,2,7,5,0,5.0,1,1,12,16916.5,0,1,1,0,1,6.2,202998.0,75.0,0
68,1,77489.0,1,10.6,3.5,1,5,3,0,2.0,0,1,8,17219.777777777777,0,0,1,0,0,4.2,232467.0,21.2,0
64,0,46781.0,1,39.7,1.0,1,3,8,1,4.0,0,1,11,23390.5,0,1,1,1,0,5.0,233905.0,79.4,0
30,0,38188.0,2,18.3,2.0,1,6,14,1,5.0,1,1,20,12729.333333333334,0,1,1,1,1,9.2,229128.0,36.6,0
25,1,107789.0,1,51.9,1.0,2,6,4,0,3.0,0,1,10,53894.5,1,1,1,0,0,5.199999999999999,431156.0,103.8,0
48,1,82590.0,2,67.8,1.0,1,9,14,0,2.0,1,1,23,41295.0,1,0,1,0,1,11.0,247770.0,135.6,0
29,0,44386.0,0,49.2,1.0,2,0,3,0,2.0,1,1,3,22193.0,1,0,1,0,1,1.2000000000000002,133158.0,98.4,0
30,0,115977.0,2,85.0,3.0,3,14,16,0,5.0,1,1,30,28994.25,1,1,1,0,1,14.8,695862.0,170.0,1
36,0,106350.0,2,11.6,2.0,0,8,8,1,2.0,1,1,16,35450.0,0,0,1,1,1,8.0,319050.0,23.2,0
53,1,30000.0,2,56.0,3.0,0,7,15,0,1.0,0,1,22,7500.0,1,0,1,0,0,10.2,60000.0,112.0,0
66,0,70922.0,2,38.4,2.0,2,11,6,0,3.0,0,1,17,23640.666666666668,0,1,1,0,0,9.0,283688.0,76.8,0
65,0,61825.0,2,29.3,3.5,1,13,5,0,1.0,1,1,18,13738.888888888889,0,0,1,0,1,9.8,123650.0,58.6,0
60,1,60794.0,2,27.6,1.0,1,5,9,0,4.0,1,1,14,30397.0,0,1,1,0,1,6.6,303970.0,55.2,0
38,0,88333.0,1,12.6,1.0,1,7,7,1,4.0,0,1,14,44166.5,0,1,1,1,0,7.0,441665.0,25.2,0
58,0,151159.0,1,5.0,3.0,0,1,9,1,4.0,0,1,10,37789.75,0,1,1,1,0,4.2,755795.0,10.0,1
32,1,97795.0,0,47.6,2.0,2,1,3,0,5.0,0,1,4,32598.333333333332,1,1,1,0,0,1.8000000000000003,586770.0,95.2,0
46,1,30000.0,2,72.1,2.0,0,12,13,1,5.0,1,1,25,10000.0,1,1,1,1,1,12.399999999999999,180000.0,144.2,0
64,0,134796.0,1,53.4,1.0,2,2,7,1,4.0,0,1,9,67398.0,1,1,1,1,0,4.0,673980.0,106.8,0
58,0,50525.0,1,18.9,2.0,3,3,2,1,3.0,1,1,5,16841.666666666668,0,1,1,1,1,2.5999999999999996,202100.0,37.8,0
56,0,84441.0,1,64.8,1.0,2,0,4,1,4.0,0,1,4,42220.5,1,1,1,1,0,1.6,422205.0,129.6,0
48,1,81157.0,2,49.3,3.0,1,14,8,1,4.0,0,1,22,20289.25,1,1,1,1,0,11.600000000000001,405785.0,98.6,0
26,1,30000.0,0,69.1,1.0,2,1,2,1,3.0,1,1,3,15000.0,1,1,1,1,1,1.4,120000.0,138.2,0
69,1,96777.0,2,11.7,2.0,2,14,17,0,5.0,1,1,31,32259.0,0,1,1,0,1,15.200000000000001,580662.0,23.4,0
65,1,87100.0,2,66.1,2.0,1,12,10,1,3.0,0,1,22,29033.333333333332,1,1,1,1,0,11.2,348400.0,132.2,0
57,1,66276.0,2,89.7,3.0,0,4,14,1,4.0,0,1,18,16569.0,1,1,1,1,0,8.0,331380.0,179.4,0
48,0,90866.0,2,40.2,3.5,3,9,17,0,5.0,1,1,26,20192.444444444445,1,1,1,0,1,12.2,545196.0,80.4,0
40,2,71657.0,1,48.1,2.0,2,0,3,1,1.0,0,1,3,23885.666666666668,1,0,1,1,0,1.2000000000000002,143314.0,96.2,0
35,1,45554.0,2,53.0,1.0,1,10,15,1,1.0,0,1,25,22777.0,1,0,1,1,0,12.0,91108.0,106.0,0
32,0,95089.0,2,53.1,2.0,2,12,13,0,5.0,1,1,25,31696.333333333332,1,1,1,0,1,12.399999999999999,570534.0,106.2,0
34,0,72651.0,1,82.3,1.0,3,2,5,1,5.0,1,1,7,36325.5,1,1,1,1,1,3.2,435906.0,164.6,0
57,0,52899.0,0,47.1,2.0,1,0,1,1,3.0,1,1,1,17633.0,1,1,1,1,1,0.4,211596.0,94.2,0
53,1,93180.0,2,69.3,3.5,1,14,6,0,1.0,1,1,20,20706.666666666668,1,0,1,0,1,10.8,186360.0,138.6,0
67,0,45365.0,0,84.1,2.0,1,2,3,1,3.0,0,1,5,15121.666666666666,1,1,1,1,0,2.4000000000000004,181460.0,168.2,0
54,0,59818.0,2,50.5,1.0,1,4,3,0,3.0,1,1,7,29909.0,1,1,1,0,1,3.6,239272.0,101.0,1
25,1,60772.0,2,17.3,1.0,2,3,18,0,5.0,1,1,21,30386.0,0,1,1,0,1,9.0,364632.0,34.6,0
54,0,68414.0,0,16.1,1.0,2,1,1,0,3.0,1,1,2,34207.0,0,1,1,0,1,1.0,273656.0,32.2,1
39,1,53818.0,2,24.2,1.0,2,12,16,1,2.0,0,1,28,26909.0,0,0,1,1,0,13.6,161454.0,48.4,0
56,1,163082.0,2,12.3,2.0,2,6,3,1,1.0,0,1,9,54360.666666666664,0,0,1,1,0,4.8,326164.0,24.6,0
36,0,65037.0,1,50.2,1.0,2,2,3,1,5.0,1,1,5,32518.5,1,1,1,1,1,2.4000000000000004,390222.0,100.4,1
43,0,55103.0,2,49.4,2.0,0,9,12,0,5.0,1,1,21,18367.666666666668,1,1,1,0,1,10.2,330618.0,98.8,0
46,0,30000.0,2,30.1,1.0,0,10,13,0,5.0,0,1,23,15000.0,0,1,1,0,0,11.2,180000.0,60.2,0
35,1,93647.0,1,54.3,3.0,2,1,5,1,4.0,1,1,6,23411.75,1,1,1,1,1,2.6,468235.0,108.6,1
58,2,61274.0,1,25.3,1.0,0,7,1,1,2.0,1,1,8,30637.0,0,0,1,1,1,4.6000000000000005,183822.0,50.6,0
62,1,102851.0,2,56.4,3.0,2,6,6,1,4.0,0,1,12,25712.75,1,1,1,1,0,6.0,514255.0,112.8,0
43,1,123692.0,0,54.3,2.0,1,0,3,1,1.0,1,1,3,41230.666666666664,1,0,1,1,1,1.2000000000000002,247384.0,108.6,0
34,1,114052.0,2,41.9,1.0,2,6,3,1,1.0,1,1,9,57026.0,1,0,1,1,1,4.8,228104.0,83.8,0
27,0,37070.0,2,5.0,2.0,0,4,7,0,5.0,1,1,11,12356.666666666666,0,1,1,0,1,5.2,222420.0,10.0,0
58,0,121777.0,2,55.7,3.5,2,14,16,1,3.0,1,1,30,27061.555555555555,1,1,1,1,1,14.8,487108.0,111.4,0
53,1,93189.0,1,33.2,1.0,3,4,6,1,5.0,0,1,10,46594.5,0,1,1,1,0,4.800000000000001,559134.0,66.4,0
46,0,58915.0,2,37.4,1.0,1,13,5,1,2.0,1,1,18,29457.5,0,0,1,1,1,9.8,176745.0,74.8,0
37,0,111729.0,0,49.4,1.0,2,2,2,1,4.0,0,1,4,55864.5,1,1,1,1,0,2.0,558645.0,98.8,0
38,0,140908.0,2,10.5,1.0,2,6,8,1,3.0,1,1,14,70454.0,0,1,1,1,1,6.8,563632.0,21.0,1
35,0,128430.0,1,27.6,3.0,0,1,1,1,3.0,1,1,2,32107.5,0,1,1,1,1,1.0,513720.0,55.2,1
68,0,121426.0,2,98.6,1.0,2,6,7,0,3.0,1,1,13,60713.0,1,1,1,0,1,6.4,485704.0,197.2,0
28,1,93683.0,2,28.8,2.0,1,4,8,0,2.0,1,1,12,31227.666666666668,0,0,1,0,1,5.6,281049.0,57.6,0
50,0,100634.0,2,45.4,2.0,2,8,3,0,1.0,1,1,11,33544.666666666664,1,0,1,0,1,6.0,201268.0,90.8,0
50,0,78606.0,0,36.8,1.0,1,1,2,1,1.0,1,1,3,39303.0,0,0,1,1,1,1.4,157212.0,73.6,0
27,1,94394.0,0,49.7,1.0,2,2,1,1,4.0,0,1,3,47197.0,1,1,1,1,0,1.6,471970.0,99.4,0
32,0,153639.0,2,8.9,1.0,0,9,11,1,3.0,1,1,20,76819.5,0,1,1,1,1,9.8,614556.0,17.8,1
31,1,47933.0,2,26.2,1.0,2,10,18,0,2.0,1,1,28,23966.5,0,0,1,0,1,13.2,143799.0,52.4,0
35,1,51102.0,2,98.4,2.0,1,12,13,1,2.0,0,1,25,17034.0,1,0,1,1,0,12.399999999999999,153306.0,196.8,0
34,2,88439.0,2,5.0,1.0,1,6,19,0,5.0,1,1,25,44219.5,0,1,1,0,1,11.2,530634.0,10.0,0
65,1,97125.0,2,5.0,2.0,0,13,16,1,5.0,0,1,29,32375.0,0,1,1,1,0,14.2,582750.0,10.0,0
45,1,131727.0,1,40.2,1.0,2,6,1,0,5.0,1,1,7,65863.5,1,1,1,0,1,3.9999999999999996,790362.0,80.4,1
49,0,126226.0,2,31.9,1.0,1,3,13,0,2.0,1,1,16,63113.0,0,0,1,0,1,7.0,378678.0,63.8,0
35,1,85177.0,1,24.4,1.0,2,4,9,1,3.0,0,1,13,42588.5,0,1,1,1,0,6.0,340708.0,48.8,0
40,1,154867.0,1,10.3,3.0,1,0,1,1,3.0,1,1,1,38716.75,0,1,1,1,1,0.4,619468.0,20.6,0
63,0,87289.0,2,32.2,1.0,0,11,19,0,2.0,0,1,30,43644.5,0,0,1,0,0,14.2,261867.0,64.4,0
36,0,53703.0,2,5.0,1.0,0,7,12,0,4.0,1,1,19,26851.5,0,1,1,0,1,9.0,268515.0,10.0,0
56,0,96853.0,1,48.4,1.0,1,2,2,1,3.0,0,1,4,48426.5,1,1,1,1,0,2.0,387412.0,96.8,0
67,0,80241.0,0,25.4,2.0,1,2,1,1,3.0,0,1,3,26747.0,0,1,1,1,0,1.6,320964.0,50.8,0
37,1,70401.0,1,86.4,3.0,2,3,8,1,3.0,1,1,11,17600.25,1,1,1,1,1,5.0,281604.0,172.8,0
51,1,78174.0,1,49.1,1.0,1,5,4,1,2.0,0,1,9,39087.0,1,0,1,1,0,4.6,234522.0,98.2,0
51,1,120848.0,2,56.7,1.0,2,5,14,1,3.0,1,1,19,60424.0,1,1,1,1,1,8.600000000000001,483392.0,113.4,0
46,0,52667.0,2,5.0,2.0,0,12,19,0,2.0,1,1,31,17555.666666666668,0,0,1,0,1,14.8,158001.0,10.0,1
69,0,114760.0,2,74.0,1.0,1,11,10,1,3.0,0,1,21,57380.0,1,1,1,1,0,10.6,459040.0,148.0,0
31,0,30000.0,2,10.8,1.0,1,10,12,0,2.0,1,1,22,15000.0,0,0,1,0,1,10.8,90000.0,21.6,0
32,1,84708.0,1,55.7,3.0,2,2,5,1,5.0,1,1,7,21177.0,1,1,1,1,1,3.2,508248.0,111.4,1
37,1,90011.0,2,30.7,2.0,1,8,15,1,3.0,0,1,23,30003.666666666668,0,1,1,1,0,10.8,360044.0,61.4,0
45,1,69889.0,2,26.0,1.0,1,11,19,1,2.0,1,1,30,34944.5,0,0,1,1,1,14.2,209667.0,52.0,0
25,1,48516.0,1,46.8,3.0,1,2,9,1,2.0,1,1,11,12129.0,1,0,1,1,1,4.8,145548.0,93.6,0
61,1,127235.0,2,5.0,1.0,1,14,10,0,1.0,1,1,24,63617.5,0,0,1,0,1,12.4,254470.0,10.0,0
57,1,73655.0,2,24.2,1.0,2,2,11,1,5.0,1,1,13,36827.5,0,1,1,1,1,5.6000000000000005,441930.0,48.4,1
36,0,99540.0,1,32.8,1.0,2,1,3,1,1.0,1,1,4,49770.0,0,0,1,1,1,1.8000000000000003,199080.0,65.6,0
27,1,44160.0,1,23.9,2.0,2,2,1,1,5.0,0,1,3,14720.0,0,1,1,1,0,1.6,264960.0,47.8,0
45,1,74179.0,1,5.0,3.0,1,2,1,0,2.0,0,1,3,18544.75,0,0,1,0,0,1.6,222537.0,10.0,0
50,1,142784.0,1,30.4,3.0,0,0,2,0,1.0,0,1,2,35696.0,0,0,1,0,0,0.8,285568.0,60.8,0
38,1,83066.0,2,56.2,2.0,2,9,13,0,1.0,0,1,22,27688.666666666668,1,0,1,0,0,10.6,166132.0,112.4,0
60,0,81978.0,2,52.5,1.0,1,8,8,1,1.0,1,1,16,40989.0,1,0,1,1,1,8.0,163956.0,105.0,0
30,1,136037.0,1,90.0,3.0,1,0,9,1,1.0,0,1,9,34009.25,1,0,1,1,0,3.6,272074.0,180.0,0
61,1,99891.0,1,25.6,1.0,2,1,6,1,1.0,1,1,7,49945.5,0,0,1,1,1,3.0000000000000004,199782.0,51.2,0
63,0,65394.0,2,75.8,1.0,0,5,18,1,5.0,0,1,23,32697.0,1,1,1,1,0,10.2,392364.0,151.6,0
42,2,45156.0,1,37.3,2.0,1,2,3,1,5.0,1,1,5,15052.0,0,1,1,1,1,2.4000000000000004,270936.0,74.6,0
41,0,116575.0,1,58.2,1.0,1,7,3,1,1.0,1,1,10,58287.5,1,0,1,1,1,5.4,233150.0,116.4,0
45,0,100033.0,1,18.5,3.5,2,3,2,0,2.0,0,1,5,22229.555555555555,0,0,1,0,0,2.5999999999999996,300099.0,37.0,0
62,1,101557.0,1,59.9,1.0,2,1,5,1,5.0,0,1,6,50778.5,1,1,1,1,0,2.6,609342.0,119.8,0
50,1,131379.0,2,46.6,1.0,2,8,4,0,3.0,0,1,12,65689.5,1,1,1,0,0,6.4,525516.0,93.2,0
56,1,78435.0,2,35.2,1.0,2,7,14,1,3.0,1,1,21,39217.5,0,1,1,1,1,9.8,313740.0,70.4,0
41,1,134751.0,2,32.7,2.0,1,12,14,0,2.0,0,1,26,44917.0,0,0,1,0,0,12.8,404253.0,65.4,0
58,1,63919.0,2,38.8,3.0,2,13,8,0,4.0,0,1,21,15979.75,0,1,1,0,0,11.0,319595.0,77.6,0
31,0,76878.0,1,106.35000000000001,1.0,2,1,3,1,3.0,0,1,4,38439.0,1,1,1,1,0,1.8000000000000003,307512.0,212.70000000000002,0
45,1,146033.0,2,54.8,2.0,1,12,17,1,5.0,0,1,29,48677.666666666664,1,1,1,1,0,14.0,876198.0,109.6,0
38,0,109123.0,2,52.8,1.0,2,12,4,1,2.0,0,1,16,54561.5,1,0,1,1,0,8.799999999999999,327369.0,105.6,0
52,1,88249.0,1,12.9,1.0,2,1,3,1,3.0,1,1,4,44124.5,0,1,1,1,1,1.8000000000000003,352996.0,25.8,0
35,0,69436.0,1,65.4,2.0,1,7,5,0,1.0,1,1,12,23145.333333333332,1,0,1,0,1,6.2,138872.0,130.8,0
67,0,99017.0,2,48.5,2.0,0,8,16,0,1.0,1,1,24,33005.666666666664,1,0,1,0,1,11.2,198034.0,97.0,0
25,0,83263.0,2,67.7,2.0,2,5,7,0,1.0,0,1,12,27754.333333333332,1,0,1,0,0,5.800000000000001,166526.0,135.4,0
39,0,73824.0,1,25.5,2.0,0,1,5,1,2.0,1,1,6,24608.0,0,0,1,1,1,2.6,221472.0,51.0,0
31,0,77126.0,1,36.1,1.0,3,1,2,0,3.0,1,1,3,38563.0,0,1,1,0,1,1.4,308504.0,72.2,0
62,0,53357.0,2,5.0,3.0,0,2,8,1,3.0,1,1,10,13339.25,0,1,1,1,1,4.4,213428.0,10.0,1
30,1,32968.0,2,6.0,2.0,2,10,5,0,2.0,0,1,15,10989.333333333334,0,0,1,0,0,8.0,98904.0,12.0,0
60,0,63428.0,1,5.0,2.0,0,4,6,1,1.0,0,1,10,21142.666666666668,0,0,1,1,0,4.800000000000001,126856.0,10.0,0
30,1,41425.0,0,5.0,2.0,3,2,3,1,3.0,0,1,5,13808.333333333334,0,1,1,1,0,2.4000000000000004,165700.0,10.0,0
31,0,97801.0,1,24.9,3.0,2,5,2,1,3.0,1,1,7,24450.25,0,1,1,1,1,3.8,391204.0,49.8,0
35,2,30000.0,2,30.4,1.0,0,10,8,0,2.0,1,1,18,15000.0,0,0,1,0,1,9.2,90000.0,60.8,0
29,0,37833.0,1,59.1,2.0,1,1,9,1,5.0,1,1,10,12611.0,1,1,1,1,1,4.2,226998.0,118.2,1
29,0,36076.0,0,22.5,1.0,1,0,3,1,2.0,1,1,3,18038.0,0,0,1,1,1,1.2000000000000002,108228.0,45.0,0
69,0,91445.0,1,22.6,1.0,1,4,7,1,3.0,1,1,11,45722.5,0,1,1,1,1,5.2,365780.0,45.2,1
49,0,138161.0,2,5.0,1.0,3,10,5,1,5.0,1,1,15,69080.5,0,1,1,1,1,8.0,828966.0,10.0,1
48,0,115195.0,1,16.3,2.0,3,1,3,1,2.0,0,1,4,38398.333333333336,0,0,1,1,0,1.8000000000000003,345585.0,32.6,0
54,0,130406.0,2,42.2,1.0,2,10,5,0,2.0,0,1,15,65203.0,1,0,1,0,0,8.0,391218.0,84.4,0
40,1,82665.0,1,32.6,3.5,2,5,2,1,1.0,0,1,7,18370.0,0,0,1,1,0,3.8,165330.0,65.2,0
59,0,110078.0,1,37.7,1.0,0,6,8,0,4.0,0,1,14,55039.0,0,1,1,0,0,6.8,550390.0,75.4,0
29,0,86109.0,2,84.0,1.0,1,11,11,1,4.0,1,1,22,43054.5,1,1,1,1,1,11.0,430545.0,168.0,1
48,0,97524.0,2,46.0,1.0,1,6,5,0,5.0,0,1,11,48762.0,1,1,1,0,0,5.6,585144.0,92.0,0
47,1,31240.0,1,62.6,2.0,1,2,8,1,4.0,1,1,10,10413.333333333334,1,1,1,1,1,4.4,156200.0,125.2,0
44,0,82870.0,2,5.0,1.0,2,6,12,0,2.0,1,1,18,41435.0,0,0,1,0,1,8.4,248610.0,10.0,0
30,1,112279.0,2,47.5,1.0,2,10,5,1,4.0,0,1,15,56139.5,1,1,1,1,0,8.0,561395.0,95.0,0
58,1,62264.0,1,54.5,3.0,1,6,6,1,1.0,0,1,12,15566.0,1,0,1,1,0,6.0,124528.0,109.0,0
58,1,131762.0,2,91.4,2.0,1,2,3,1,4.0,1,1,5,43920.666666666664,1,1,1,1,1,2.4000000000000004,658810.0,182.8,1
67,1,98323.0,1,49.7,2.0,2,5,6,1,2.0,0,1,11,32774.333333333336,1,0,1,1,0,5.4,294969.0,99.4,0
27,1,130047.0,1,37.2,3.0,2,7,7,1,2.0,1,1,14,32511.75,0,0,1,1,1,7.0,390141.0,74.4,0
46,1,77531.0,2,37.5,3.5,2,12,16,1,5.0,0,1,28,17229.11111111111,0,1,1,1,0,13.6,465186.0,75.0,1
51,0,96399.0,1,5.0,2.0,3,5,4,1,1.0,1,1,9,32133.0,0,0,1,1,1,4.6,192798.0,10.0,0
61,0,33208.0,2,55.8,2.0,1,6,16,0,4.0,0,1,22,11069.333333333334,1,1,1,0,0,10.0,166040.0,111.6,0
62,0,66518.0,2,5.0,1.0,2,8,6,1,5.0,0,1,14,33259.0,0,1,1,1,0,7.2,399108.0,10.0,0
56,1,78566.0,2,66.8,2.0,2,7,6,0,1.0,1,1,13,26188.666666666668,1,0,1,0,1,6.6000000000000005,157132.0,133.6,0
50,0,94038.0,1,35.6,1.0,2,6,1,1,1.0,0,1,7,47019.0,0,0,1,1,0,3.9999999999999996,188076.0,71.2,0
54,1,69451.0,1,36.2,2.0,0,0,8,1,4.0,1,1,8,23150.333333333332,0,1,1,1,1,3.2,347255.0,72.4,1
36,0,84708.0,1,22.7,2.0,1,4,1,1,2.0,0,1,5,28236.0,0,0,1,1,0,2.8,254124.0,45.4,0
27,0,114711.0,0,17.7,1.0,2,1,1,1,4.0,1,1,2,57355.5,0,1,1,1,1,1.0,573555.0,35.4,1
45,1,75368.0,0,25.4,1.0,0,0,0,1,4.0,0,1,0,37684.0,0,1,1,1,0,0.0,376840.0,50.8,0
48,1,39201.0,1,44.2,1.0,1,6,5,1,5.0,0,1,11,19600.5,1,1,1,1,0,5.6,235206.0,88.4,0
63,1,62581.0,2,40.2,1.0,1,8,16,0,3.0,1,1,24,31290.5,1,1,1,0,1,11.2,250324.0,80.4,1
45,1,107721.0,1,60.3,1.0,2,3,3,0,3.0,0,1,6,53860.5,1,1,1,0,0,3.0,430884.0,120.6,0
44,1,75069.0,1,79.3,2.0,1,1,6,1,4.0,0,1,7,25023.0,1,1,1,1,0,3.0000000000000004,375345.0,158.6,0
29,0,70179.0,2,27.0,3.0,2,11,13,0,3.0,1,1,24,17544.75,0,1,1,0,1,11.8,280716.0,54.0,0
56,1,81133.0,2,18.5,2.0,2,11,3,0,1.0,0,1,14,27044.333333333332,0,0,1,0,0,7.8,162266.0,37.0,0
63,1,30000.0,2,52.8,3.0,2,3,5,1,4.0,1,1,8,7500.0,1,1,1,1,1,3.8,150000.0,105.6,0
60,1,53426.0,2,23.5,1.0,2,8,5,0,5.0,1,1,13,26713.0,0,1,1,0,1,6.8,320556.0,47.0,0
67,2,101956.0,1,66.2,1.0,2,4,3,0,3.0,1,1,7,50978.0,1,1,1,0,1,3.6,407824.0,132.4,0
60,2,81501.0,2,9.3,2.0,0,10,4,0,1.0,1,1,14,27167.0,0,0,1,0,1,7.6,163002.0,18.6,0
32,1,45383.0,1,45.6,1.0,1,6,4,1,2.0,1,1,10,22691.5,1,0,1,1,1,5.199999999999999,136149.0,91.2,0
63,0,152720.0,1,8.2,2.0,3,1,3,1,4.0,0,1,4,50906.666666666664,0,1,1,1,0,1.8000000000000003,763600.0,16.4,0
62,1,37977.0,2,22.8,2.0,3,4,5,1,2.0,1,1,9,12659.0,0,0,1,1,1,4.4,113931.0,45.6,0
62,1,51680.0,2,70.0,1.0,1,8,7,0,2.0,1,1,15,25840.0,1,0,1,0,1,7.6,155040.0,140.0,0
66,1,63234.0,1,29.5,1.0,2,1,6,1,3.0,1,1,7,31617.0,0,1,1,1,1,3.0000000000000004,252936.0,59.0,0
32,0,56046.0,1,11.7,3.0,2,4,1,1,3.0,0,1,5,14011.5,0,1,1,1,0,2.8,224184.0,23.4,0
67,1,75377.0,1,55.3,2.0,1,2,8,1,2.0,1,1,10,25125.666666666668,1,0,1,1,1,4.4,226131.0,110.6,0
44,0,77632.0,2,50.1,1.0,2,7,5,0,5.0,0,1,12,38816.0,1,1,1,0,0,6.2,465792.0,100.2,0
49,0,84708.0,2,31.0,3.0,1,3,17,0,5.0,0,1,20,21177.0,0,1,1,0,0,8.600000000000001,508248.0,62.0,0
48,0,39505.0,0,45.6,1.0,1,1,3,1,3.0,1,1,4,19752.5,1,1,1,1,1,1.8000000000000003,158020.0,91.2,1
26,0,51146.0,1,45.2,3.0,1,6,9,1,2.0,1,1,15,12786.5,1,0,1,1,1,7.199999999999999,153438.0,90.4,1
33,1,68373.0,2,69.4,2.0,1,4,6,1,3.0,0,1,10,22791.0,1,1,1,1,0,4.800000000000001,273492.0,138.8,0
47,0,93599.0,2,63.0,1.0,2,2,13,0,5.0,0,1,15,46799.5,1,1,1,0,0,6.4,561594.0,126.0,0
64,1,30000.0,2,57.5,1.0,3,12,17,0,1.0,1,1,29,15000.0,1,0,1,0,1,14.0,60000.0,115.0,0
32,0,46109.0,2,30.0,1.0,0,8,3,0,3.0,0,1,11,23054.5,0,1,1,0,0,6.0,184436.0,60.0,0
65,0,87433.0,1,57.7,1.0,3,2,1,1,5.0,0,1,3,43716.5,1,1,1,1,0,1.6,524598.0,115.4,0
33,1,90273.0,0,5.5,1.0,1,1,3,0,4.0,0,1,4,45136.5,0,1,1,0,0,1.8000000000000003,451365.0,11.0,0
33,1,84683.0,2,61.4,2.0,2,8,18,0,3.0,1,1,26,28227.666666666668,1,1,1,0,1,12.0,338732.0,122.8,0
45,0,100984.0,2,5.0,1.0,2,8,9,1,5.0,1,1,17,50492.0,0,1,1,1,1,8.4,605904.0,10.0,1
41,0,74014.0,2,9.2,2.0,1,2,11,0,5.0,1,1,13,24671.333333333332,0,1,1,0,1,5.6000000000000005,444084.0,18.4,0
35,1,91623.0,2,5.0,1.0,0,6,9,0,3.0,1,1,15,45811.5,0,1,1,0,1,7.199999999999999,366492.0,10.0,1
46,0,73979.0,1,5.0,1.0,2,6,6,1,3.0,1,1,12,36989.5,0,1,1,1,1,6.0,295916.0,10.0,0
51,1,62151.0,2,48.8,1.0,2,11,9,0,1.0,0,1,20,31075.5,1,0,1,0,0,10.2,124302.0,97.6,0
29,0,123153.0,2,5.0,1.0,2,9,14,1,3.0,0,1,23,61576.5,0,1,1,1,0,11.0,492612.0,10.0,0
27,0,78237.0,2,51.8,2.0,2,8,12,1,5.0,0,1,20,26079.0,1,1,1,1,0,9.600000000000001,469422.0,103.6,1
28,1,113269.0,1,20.0,1.0,1,6,3,1,5.0,1,1,9,56634.5,0,1,1,1,1,4.8,679614.0,40.0,1
33,1,112870.0,1,21.6,2.0,1,5,1,1,3.0,0,1,6,37623.333333333336,0,1,1,1,0,3.4,451480.0,43.2,0
58,0,39633.0,2,41.9,3.0,1,14,16,1,3.0,0,1,30,9908.25,1,1,1,1,0,14.8,158532.0,83.8,0
43,0,102593.0,1,59.6,2.0,1,3,3,0,3.0,1,1,6,34197.666666666664,1,1,1,0,1,3.0,410372.0,119.2,0
30,1,158926.0,2,57.4,2.0,1,12,9,0,2.0,0,1,21,52975.333333333336,1,0,1,0,0,10.799999999999999,476778.0,114.8,0
35,0,73636.0,1,31.7,1.0,2,3,3,1,5.0,0,1,6,36818.0,0,1,1,1,0,3.0,441816.0,63.4,0
27,0,84708.0,1,40.3,2.0,3,7,8,1,2.0,1,1,15,28236.0,1,0,1,1,1,7.4,254124.0,80.6,0
64,1,53235.0,2,6.2,2.0,3,8,8,1,2.0,1,1,16,17745.0,0,0,1,1,1,8.0,159705.0,12.4,0
51,1,73490.0,2,45.4,2.0,0,7,11,1,1.0,1,1,18,24496.666666666668,1,0,1,1,1,8.600000000000001,146980.0,90.8,0
53,1,67166.0,2,59.5,1.0,2,12,12,0,3.0,1,1,24,33583.0,1,1,1,0,1,12.0,268664.0,119.0,0
52,0,71846.0,2,41.5,1.0,1,7,16,1,3.0,1,1,23,35923.0,1,1,1,1,1,10.600000000000001,287384.0,83.0,0
36,0,125064.0,1,48.5,1.0,1,0,9,1,1.0,1,1,9,62532.0,1,0,1,1,1,3.6,250128.0,97.0,1
29,1,110904.0,2,26.0,2.0,1,3,3,1,2.0,0,1,6,36968.0,0,0,1,1,0,3.0,332712.0,52.0,0
28,2,88435.0,2,23.0,2.0,1,2,6,0,3.0,1,1,8,29478.333333333332,0,1,1,0,1,3.6000000000000005,353740.0,46.0,0
33,0,82285.0,2,5.0,2.0,2,2,3,0,5.0,0,1,5,27428.333333333332,0,1,1,0,0,2.4000000000000004,493710.0,10.0,0
26,1,81116.0,1,12.3,1.0,2,3,9,1,4.0,0,1,12,40558.0,0,1,1,1,0,5.4,405580.0,24.6,0
49,0,69522.0,1,21.0,3.0,1,6,1,1,1.0,0,1,7,17380.5,0,0,1,1,0,3.9999999999999996,139044.0,42.0,0
46,1,46171.0,0,40.2,1.0,0,2,2,1,5.0,1,1,4,23085.5,1,1,1,1,1,2.0,277026.0,80.4,0
46,1,84273.0,1,15.4,3.0,2,4,7,0,5.0,1,1,11,21068.25,0,1,1,0,1,5.2,505638.0,30.8,0
67,0,79222.0,1,31.7,3.0,1,1,5,1,3.0,0,1,6,19805.5,0,1,1,1,0,2.6,316888.0,63.4,0
32,1,138237.0,2,39.2,1.0,2,4,3,1,1.0,0,1,7,69118.5,0,0,1,1,0,3.6,276474.0,78.4,0
26,1,33594.0,1,5.0,3.0,2,7,7,1,3.0,1,1,14,8398.5,0,1,1,1,1,7.0,134376.0,10.0,0
37,0,84708.0,1,46.3,1.0,1,6,5,1,2.0,0,1,11,42354.0,1,0,1,1,0,5.6,254124.0,92.6,0
39,1,65457.0,1,45.0,1.0,2,0,8,1,2.0,0,1,8,32728.5,1,0,1,1,0,3.2,196371.0,90.0,0
33,1,102870.0,2,30.4,1.0,2,6,7,1,3.0,1,1,13,51435.0,0,1,1,1,1,6.4,411480.0,60.8,0
28,0,68367.0,1,19.4,2.0,3,2,3,1,4.0,1,1,5,22789.0,0,1,1,1,1,2.4000000000000004,341835.0,38.8,1
61,1,33227.0,0,16.7,2.0,0,2,0,1,2.0,1,1,2,11075.666666666666,0,0,1,1,1,1.2,99681.0,33.4,0
60,0,63794.0,2,5.0,3.5,2,9,7,0,5.0,0,1,16,14176.444444444445,0,1,1,0,0,8.2,382764.0,10.0,0
64,1,92704.0,2,26.5,3.5,1,6,19,0,2.0,1,1,25,20600.88888888889,0,0,1,0,1,11.2,278112.0,53.0,0
53,1,60931.0,1,43.2,1.0,0,1,8,1,2.0,1,1,9,30465.5,1,0,1,1,1,3.8000000000000003,182793.0,86.4,0
25,0,84708.0,0,31.0,1.0,2,1,0,1,5.0,0,1,1,42354.0,0,1,1,1,0,0.6,508248.0,62.0,0
59,2,84096.0,1,34.6,1.0,3,4,4,1,1.0,1,1,8,42048.0,0,0,1,1,1,4.0,168192.0,69.2,0
58,1,58383.0,0,55.7,1.0,1,0,3,1,2.0,1,1,3,29191.5,1,0,1,1,1,1.2000000000000002,175149.0,111.4,0
62,1,79417.0,1,44.0,3.0,3,1,8,0,2.0,1,1,9,19854.25,1,0,1,0,1,3.8000000000000003,238251.0,88.0,0
36,1,41687.0,2,42.9,1.0,2,4,6,0,5.0,1,1,10,20843.5,1,1,1,0,1,4.800000000000001,250122.0,85.8,0
54,0,85469.0,2,39.9,1.0,3,12,12,0,3.0,0,1,24,42734.5,0,1,1,0,0,12.0,341876.0,79.8,0
46,1,121283.0,2,36.0,3.5,0,8,11,0,4.0,1,1,19,26951.777777777777,0,1,1,0,1,9.2,606415.0,72.0,0
56,0,81593.0,2,5.0,3.0,0,3,4,0,3.0,1,1,7,20398.25,0,1,1,0,1,3.4,326372.0,10.0,0
49,0,100537.0,1,5.0,2.0,2,0,5,1,4.0,1,1,5,33512.333333333336,0,1,1,1,1,2.0,502685.0,10.0,0
67,0,85264.0,2,76.8,2.0,0,10,17,0,5.0,0,1,27,28421.333333333332,1,1,1,0,0,12.8,511584.0,153.6,0
38,0,136613.0,0,20.0,1.0,2,2,1,1,1.0,0,1,3,68306.5,0,0,1,1,0,1.6,273226.0,40.0,0
39,0,110733.0,2,37.5,3.5,2,12,4,0,5.0,0,1,16,24607.333333333332,0,1,1,0,0,8.799999999999999,664398.0,75.0,0
35,0,47123.0,2,50.1,2.0,2,9,8,0,3.0,1,1,17,15707.666666666666,1,1,1,0,1,8.6,188492.0,100.2,0
58,0,60725.0,2,62.2,1.0,1,8,12,1,5.0,1,1,20,30362.5,1,1,1,1,1,9.600000000000001,364350.0,124.4,1
48,0,48493.0,1,42.6,1.0,2,2,5,1,1.0,1,1,7,24246.5,1,0,1,1,1,3.2,96986.0,85.2,0
36,1,30000.0,2,10.3,1.0,3,8,18,1,3.0,0,1,26,15000.0,0,1,1,1,0,12.0,120000.0,20.6,0
45,0,42565.0,2,5.0,1.0,2,2,18,1,1.0,0,1,20,21282.5,0,0,1,1,0,8.4,85130.0,10.0,0
28,1,83646.0,2,62.1,2.0,2,8,8,1,1.0,1,1,16,27882.0,1,0,1,1,1,8.0,167292.0,124.2,0
25,0,73580.0,2,41.1,1.0,2,14,6,1,4.0,1,1,20,36790.0,1,1,1,1,1,10.8,367900.0,82.2,1
57,1,39716.0,1,43.9,3.0,3,3,5,1,5.0,0,1,8,9929.0,1,1,1,1,0,3.8,238296.0,87.8,0
42,1,30000.0,2,41.4,2.0,1,4,13,0,5.0,0,1,17,10000.0,1,1,1,0,0,7.6,180000.0,82.8,0
60,2,76978.0,2,97.4,2.0,2,8,18,0,2.0,0,1,26,25659.333333333332,1,0,1,0,0,12.0,230934.0,194.8,0
28,0,30000.0,1,43.5,3.5,1,3,4,1,4.0,1,1,7,6666.666666666667,1,1,1,1,1,3.4,150000.0,87.0,0
57,0,131879.0,2,50.9,1.0,2,4,16,1,3.0,1,1,20,65939.5,1,1,1,1,1,8.8,527516.0,101.8,0
59,0,120369.0,2,24.8,3.5,0,11,9,1,1.0,0,1,20,26748.666666666668,0,0,1,1,0,10.2,240738.0,49.6,0
48,0,79362.0,1,35.8,3.0,1,3,7,1,3.0,0,1,10,19840.5,0,1,1,1,0,4.6,317448.0,71.6,0
48,0,126166.0,0,46.6,3.0,2,2,0,1,2.0,1,1,2,31541.5,1,0,1,1,1,1.2,378498.0,93.2,1
41,1,99426.0,1,92.0,2.0,1,4,3,1,5.0,1,1,7,33142.0,1,1,1,1,1,3.6,596556.0,184.0,1
51,1,39793.0,1,5.0,2.0,2,0,2,1,4.0,0,1,2,13264.333333333334,0,1,1,1,0,0.8,198965.0,10.0,0
62,0,30000.0,0,65.4,3.0,2,1,1,1,3.0,0,1,2,7500.0,1,1,1,1,0,1.0,120000.0,130.8,0
63,2,82903.0,2,23.6,3.5,3,3,18,1,1.0,1,1,21,18422.88888888889,0,0,1,1,1,9.0,165806.0,47.2,0
57,1,69982.0,2,11.9,1.0,1,4,13,1,3.0,0,1,17,34991.0,0,1,1,1,0,7.6,279928.0,23.8,0
52,1,88265.0,2,38.3,2.0,1,8,6,0,3.0,0,1,14,29421.666666666668,0,1,1,0,0,7.2,353060.0,76.6,0
29,0,44466.0,1,83.7,1.0,1,1,8,1,4.0,0,1,9,22233.0,1,1,1,1,0,3.8000000000000003,222330.0,167.4,0
40,1,38132.0,2,29.7,2.0,1,7,10,0,2.0,1,1,17,12710.666666666666,0,0,1,0,1,8.2,114396.0,59.4,0
61,1,88405.0,1,58.9,2.0,1,1,9,1,1.0,1,1,10,29468.333333333332,1,0,1,1,1,4.2,176810.0,117.8,0
35,0,97787.0,2,36.8,1.0,1,10,16,1,3.0,0,1,26,48893.5,0,1,1,1,0,12.4,391148.0,73.6,0
27,1,103109.0,1,51.8,2.0,1,0,1,1,2.0,1,1,1,34369.666666666664,1,0,1,1,1,0.4,309327.0,103.6,0
60,1,117307.0,1,53.6,1.0,1,3,4,1,5.0,1,1,7,58653.5,1,1,1,1,1,3.4,703842.0,107.2,1
28,1,111419.0,1,50.5,3.5,0,6,9,0,2.0,1,1,15,24759.777777777777,1,0,1,0,1,7.199999999999999,334257.0,101.0,0
50,1,121296.0,2,33.8,2.0,3,4,16,0,2.0,1,1,20,40432.0,0,0,1,0,1,8.8,363888.0,67.6,0
59,0,113978.0,0,89.1,3.0,1,0,3,1,2.0,1,1,3,28494.5,1,0,1,1,1,1.2000000000000002,341934.0,178.2,0
66,1,40897.0,0,17.0,2.0,0,1,2,1,3.0,0,1,3,13632.333333333334,0,1,1,1,0,1.4,163588.0,34.0,0
46,1,49661.0,2,30.4,3.0,1,5,15,0,5.0,0,1,20,12415.25,0,1,1,0,0,9.0,297966.0,60.8,0
40,1,49434.0,1,25.7,1.0,2,0,3,1,4.0,0,1,3,24717.0,0,1,1,1,0,1.2000000000000002,247170.0,51.4,0
45,0,71088.0,0,41.3,1.0,1,2,2,1,3.0,1,1,4,35544.0,1,1,1,1,1,2.0,284352.0,82.6,0
52,1,129537.0,1,48.1,2.0,1,7,4,1,1.0,1,1,11,43179.0,1,0,1,1,1,5.800000000000001,259074.0,96.2,0
35,0,84695.0,2,40.2,2.0,1,6,7,0,1.0,1,1,13,28231.666666666668,1,0,1,0,1,6.4,169390.0,80.4,0
44,1,90299.0,2,5.0,1.0,3,6,13,0,5.0,1,1,19,45149.5,0,1,1,0,1,8.8,541794.0,10.0,1
32,0,77115.0,1,17.4,2.0,2,4,6,1,5.0,1,1,10,25705.0,0,1,1,1,1,4.800000000000001,462690.0,34.8,0
65,1,84708.0,2,41.4,1.0,3,8,11,0,4.0,1,1,19,42354.0,1,1,1,0,1,9.2,423540.0,82.8,1
33,1,157619.0,2,69.4,2.0,3,2,12,0,4.0,1,1,14,52539.666666666664,1,1,1,0,1,6.000000000000001,788095.0,138.8,1
39,1,59841.0,2,49.3,2.0,1,9,17,0,4.0,0,1,26,19947.0,1,1,1,0,0,12.2,299205.0,98.6,0
25,0,118412.0,1,55.5,3.5,2,5,1,0,3.0,0,1,6,26313.777777777777,1,1,1,0,0,3.4,473648.0,111.0,0
52,1,97120.0,0,5.0,2.0,2,0,1,1,3.0,1,1,1,32373.333333333332,0,1,1,1,1,0.4,388480.0,10.0,0
40,0,66984.0,0,22.8,1.0,1,2,1,1,5.0,1,1,3,33492.0,0,1,1,1,1,1.6,401904.0,45.6,0
27,0,124402.0,0,52.9,3.0,2,0,3,1,5.0,1,1,3,31100.5,1,1,1,1,1,1.2000000000000002,746412.0,105.8,1
45,1,164835.0,0,56.1,3.0,1,1,2,1,1.0,0,1,3,41208.75,1,0,1,1,0,1.4,329670.0,112.2,0
47,1,88167.0,1,96.5,2.0,0,7,6,1,4.0,0,1,13,29389.0,1,1,1,1,0,6.6000000000000005,440835.0,193.0,0
53,0,116666.0,1,38.9,2.0,0,7,8,1,4.0,1,1,15,38888.666666666664,0,1,1,1,1,7.4,583330.0,77.8,1
31,1,42049.0,0,12.6,3.5,1,2,1,1,5.0,0,1,3,9344.222222222223,0,1,1,1,0,1.6,252294.0,25.2,0
52,0,101912.0,2,19.2,3.5,1,14,5,1,2.0,1,1,19,22647.11111111111,0,0,1,1,1,10.4,305736.0,38.4,1
61,1,81297.0,2,5.1,2.0,0,6,6,1,1.0,0,1,12,27099.0,0,0,1,1,0,6.0,162594.0,10.2,0
29,1,108172.0,1,55.6,1.0,1,0,4,1,2.0,1,1,4,54086.0,1,0,1,1,1,1.6,324516.0,111.2,0
25,0,88610.0,1,15.3,3.0,2,5,1,1,1.0,1,1,6,22152.5,0,0,1,1,1,3.4,177220.0,30.6,0
27,1,85915.0,1,71.1,1.0,1,4,5,1,4.0,1,1,9,42957.5,1,1,1,1,1,4.4,429575.0,142.2,1
57,1,73555.0,1,60.5,2.0,2,6,5,1,3.0,1,1,11,24518.333333333332,1,1,1,1,1,5.6,294220.0,121.0,0
65,1,127415.0,1,45.4,1.0,2,7,5,1,4.0,0,1,12,63707.5,1,1,1,1,0,6.2,637075.0,90.8,0
38,0,37633.0,2,106.35000000000001,1.0,1,2,4,1,2.0,1,1,6,18816.5,1,0,1,1,1,2.8,112899.0,212.70000000000002,0
37,1,78150.0,2,12.4,3.0,1,6,8,1,5.0,1,1,14,19537.5,0,1,1,1,1,6.8,468900.0,24.8,1
51,1,30000.0,2,58.4,3.0,2,13,15,0,5.0,0,1,28,7500.0,1,1,1,0,0,13.8,180000.0,116.8,0
38,0,57127.0,1,24.8,1.0,2,4,2,0,3.0,1,1,6,28563.5,0,1,1,0,1,3.2,228508.0,49.6,0
42,0,69672.0,2,46.5,1.0,2,11,6,0,5.0,1,1,17,34836.0,1,1,1,0,1,9.0,418032.0,93.0,0
41,1,150805.0,2,34.1,1.0,3,4,4,1,1.0,1,1,8,75402.5,0,0,1,1,1,4.0,301610.0,68.2,0
42,0,69356.0,0,58.8,2.0,2,1,0,1,3.0,1,1,1,23118.666666666668,1,1,1,1,1,0.6,277424.0,117.6,0
33,0,81019.0,2,23.4,1.0,1,7,5,0,5.0,1,1,12,40509.5,0,1,1,0,1,6.2,486114.0,46.8,0
33,0,120560.0,1,21.6,1.0,2,3,9,1,2.0,1,1,12,60280.0,0,0,1,1,1,5.4,361680.0,43.2,0
61,1,41087.0,0,34.6,1.0,0,2,2,1,3.0,1,1,4,20543.5,0,1,1,1,1,2.0,164348.0,69.2,0
55,0,106059.0,0,5.4,3.5,2,0,0,1,2.0,1,1,0,23568.666666666668,0,0,1,1,1,0.0,318177.0,10.8,1
60,1,78464.0,1,35.7,3.0,1,0,1,0,5.0,1,1,1,19616.0,0,1,1,0,1,0.4,470784.0,71.4,0
30,0,61183.0,2,81.3,1.0,1,6,8,0,2.0,1,1,14,30591.5,1,0,1,0,1,6.8,183549.0,162.6,0
58,1,109380.0,2,62.8,3.0,3,6,19,0,2.0,1,1,25,27345.0,1,0,1,0,1,11.2,328140.0,125.6,0
62,2,106086.0,2,67.0,1.0,1,8,3,0,1.0,1,1,11,53043.0,1,0,1,0,1,6.0,212172.0,134.0,0
54,1,119975.0,2,82.9,3.0,1,14,5,1,1.0,0,1,19,29993.75,1,0,1,1,0,10.4,239950.0,165.8,0
58,1,98232.0,1,54.8,1.0,2,5,3,1,3.0,1,1,8,49116.0,1,1,1,1,1,4.2,392928.0,109.6,0
53,0,48633.0,0,5.0,2.0,0,2,2,1,4.0,1,1,4,16211.0,0,1,1,1,1,2.0,243165.0,10.0,0
48,0,76631.0,1,62.3,2.0,0,3,1,1,3.0,1,1,4,25543.666666666668,1,1,1,1,1,2.1999999999999997,306524.0,124.6,0
46,1,124394.0,2,27.2,1.0,1,12,17,1,4.0,0,1,29,62197.0,0,1,1,1,0,14.0,621970.0,54.4,0
47,0,91927.0,1,66.6,2.0,2,0,6,0,2.0,1,1,6,30642.333333333332,1,0,1,0,1,2.4000000000000004,275781.0,133.2,0
50,1,62271.0,0,48.1,2.0,1,0,3,1,1.0,0,1,3,20757.0,1,0,1,1,0,1.2000000000000002,124542.0,96.2,0
31,1,30000.0,2,38.9,2.0,0,10,16,0,5.0,1,1,26,10000.0,0,1,1,0,1,12.4,180000.0,77.8,1
36,1,95614.0,2,10.2,3.0,2,7,18,1,5.0,1,1,25,23903.5,0,1,1,1,1,11.4,573684.0,20.4,1
29,0,79010.0,1,51.8,2.0,2,4,2,1,5.0,0,1,6,26336.666666666668,1,1,1,1,0,3.2,474060.0,103.6,0
40,1,89116.0,1,62.5,1.0,0,2,8,1,4.0,1,1,10,44558.0,1,1,1,1,1,4.4,445580.0,125.0,1
55,1,41356.0,2,42.4,2.0,2,14,7,1,5.0,1,1,21,13785.333333333334,1,1,1,1,1,11.200000000000001,248136.0,84.8,1
53,1,82263.0,0,23.0,2.0,1,0,3,1,4.0,1,1,3,27421.0,0,1,1,1,1,1.2000000000000002,411315.0,46.0,0
33,1,101633.0,2,42.2,1.0,1,12,5,1,5.0,1,1,17,50816.5,1,1,1,1,1,9.2,609798.0,84.4,1
65,0,88415.0,2,33.2,1.0,1,6,3,1,3.0,1,1,9,44207.5,0,1,1,1,1,4.8,353660.0,66.4,0
66,1,77797.0,0,71.8,1.0,3,0,1,1,4.0,1,1,1,38898.5,1,1,1,1,1,0.4,388985.0,143.6,1
54,1,159391.0,2,48.7,1.0,2,11,4,0,5.0,1,1,15,79695.5,1,1,1,0,1,8.2,956346.0,97.4,1
62,1,30000.0,1,5.0,1.0,0,0,8,1,1.0,1,1,8,15000.0,0,0,1,1,1,3.2,60000.0,10.0,0
36,1,137524.0,1,64.9,3.0,1,6,1,1,2.0,1,1,7,34381.0,1,0,1,1,1,3.9999999999999996,412572.0,129.8,0
30,1,77374.0,2,5.0,2.0,1,5,12,1,5.0,1,1,17,25791.333333333332,0,1,1,1,1,7.800000000000001,464244.0,10.0,1
57,0,72457.0,2,77.7,3.0,2,11,7,1,2.0,1,1,18,18114.25,1,0,1,1,1,9.4,217371.0,155.4,0
34,0,96530.0,0,49.5,3.0,2,0,0,1,4.0,1,1,0,24132.5,1,1,1,1,1,0.0,482650.0,99.0,1
36,0,129662.0,1,54.5,1.0,1,3,2,1,1.0,0,1,5,64831.0,1,0,1,1,0,2.5999999999999996,259324.0,109.0,0
37,0,47015.0,1,60.7,1.0,2,0,9,1,3.0,1,1,9,23507.5,1,1,1,1,1,3.6,188060.0,121.4,0
64,1,73991.0,2,31.7,1.0,2,2,16,0,5.0,0,1,18,36995.5,0,1,1,0,0,7.6000000000000005,443946.0,63.4,0
53,0,106393.0,0,34.9,2.0,2,0,3,1,2.0,1,1,3,35464.333333333336,0,0,1,1,1,1.2000000000000002,319179.0,69.8,0
69,0,109289.0,2,79.3,1.0,2,4,15,1,5.0,1,1,19,54644.5,1,1,1,1,1,8.4,655734.0,158.6,1
38,1,107277.0,0,53.2,2.0,1,0,1,1,4.0,0,1,1,35759.0,1,1,1,1,0,0.4,536385.0,106.4,0
43,0,83847.0,1,21.9,1.0,0,3,9,1,3.0,1,1,12,41923.5,0,1,1,1,1,5.4,335388.0,43.8,1
61,1,43560.0,2,71.4,3.0,2,2,16,0,2.0,1,1,18,10890.0,1,0,1,0,1,7.6000000000000005,130680.0,142.8,0
40,0,47407.0,2,38.2,3.0,2,8,14,0,2.0,1,1,22,11851.75,0,0,1,0,1,10.4,142221.0,76.4,0
35,0,75300.0,0,38.5,2.0,0,0,0,1,5.0,1,1,0,25100.0,0,1,1,1,1,0.0,451800.0,77.0,1
65,1,89613.0,1,77.2,3.0,0,3,3,1,2.0,1,1,6,22403.25,1,0,1,1,1,3.0,268839.0,154.4,0
28,1,85776.0,2,5.0,1.0,2,5,3,1,5.0,0,1,8,42888.0,0,1,1,1,0,4.2,514656.0,10.0,0
25,0,61836.0,2,8.4,1.0,2,10,12,0,4.0,1,1,22,30918.0,0,1,1,0,1,10.8,309180.0,16.8,0
38,0,134049.0,1,39.4,2.0,0,6,5,1,1.0,0,1,11,44683.0,0,0,1,1,0,5.6,268098.0,78.8,0
45,1,78079.0,2,67.6,1.0,2,14,5,1,3.0,1,1,19,39039.5,1,1,1,1,1,10.4,312316.0,135.2,1
31,1,31873.0,1,35.9,1.0,1,2,8,1,1.0,0,1,10,15936.5,0,0,1,1,0,4.4,63746.0,71.8,0
52,1,84708.0,2,56.9,2.0,2,12,6,0,5.0,1,1,18,28236.0,1,1,1,0,1,9.6,508248.0,113.8,1
62,1,135321.0,1,76.6,2.0,0,7,4,1,2.0,0,1,11,45107.0,1,0,1,1,0,5.800000000000001,405963.0,153.2,0
38,0,101113.0,1,89.6,1.0,0,1,5,1,2.0,0,1,6,50556.5,1,0,1,1,0,2.6,303339.0,179.2,0
56,2,87689.0,2,67.0,2.0,2,5,15,0,2.0,1,1,20,29229.666666666668,1,0,1,0,1,9.0,263067.0,134.0,0
32,0,61310.0,2,45.3,2.0,3,6,5,1,5.0,0,1,11,20436.666666666668,1,1,1,1,0,5.6,367860.0,90.6,0
60,0,98447.0,2,30.8,1.0,2,14,8,0,3.0,0,1,22,49223.5,0,1,1,0,0,11.600000000000001,393788.0,61.6,0
63,1,102454.0,2,59.0,2.0,2,8,18,0,2.0,1,1,26,34151.333333333336,1,0,1,0,1,12.0,307362.0,118.0,0
46,0,62703.0,2,52.2,3.0,1,8,10,1,4.0,0,1,18,15675.75,1,1,1,1,0,8.8,313515.0,104.4,0
65,1,55095.0,2,32.7,1.0,2,14,8,0,3.0,1,1,22,27547.5,0,1,1,0,1,11.600000000000001,220380.0,65.4,0
66,1,117811.0,1,26.2,2.0,0,3,9,1,3.0,1,1,12,39270.333333333336,0,1,1,1,1,5.4,471244.0,52.4,1
63,1,115753.0,2,9.2,2.0,0,7,13,1,2.0,1,1,20,38584.333333333336,0,0,1,1,1,9.4,347259.0,18.4,0
47,0,51227.0,1,24.0,3.5,0,0,6,1,3.0,1,1,6,11383.777777777777,0,1,1,1,1,2.4000000000000004,204908.0,48.0,0
46,0,72254.0,0,44.7,3.0,1,0,2,1,5.0,1,1,2,18063.5,1,1,1,1,1,0.8,433524.0,89.4,0
42,0,166587.0,2,43.0,1.0,2,13,4,0,3.0,1,1,17,83293.5,1,1,1,0,1,9.4,666348.0,86.0,0
39,1,30000.0,2,46.9,1.0,2,2,6,1,3.0,1,1,8,15000.0,1,1,1,1,1,3.6000000000000005,120000.0,93.8,0
52,0,110681.0,2,60.5,2.0,1,13,6,0,3.0,1,1,19,36893.666666666664,1,1,1,0,1,10.2,442724.0,121.0,0
40,0,124173.0,2,71.9,1.0,1,9,5,1,1.0,1,1,14,62086.5,1,0,1,1,1,7.3999999999999995,248346.0,143.8,0
38,1,73000.0,2,38.5,2.0,0,9,18,1,3.0,1,1,27,24333.333333333332,0,1,1,1,1,12.6,292000.0,77.0,0
29,0,58657.0,1,10.5,3.5,3,1,8,0,3.0,0,1,9,13034.888888888889,0,1,1,0,0,3.8000000000000003,234628.0,21.0,0
49,1,117813.0,2,28.6,2.0,0,3,5,0,2.0,1,1,8,39271.0,0,0,1,0,1,3.8,353439.0,57.2,0
39,0,95388.0,2,16.3,2.0,2,9,6,1,2.0,0,1,15,31796.0,0,0,1,1,0,7.8,286164.0,32.6,0
53,1,63800.0,1,44.1,2.0,2,5,2,1,2.0,1,1,7,21266.666666666668,1,0,1,1,1,3.8,191400.0,88.2,0
51,0,152747.0,2,65.9,2.0,2,14,13,1,1.0,1,1,27,50915.666666666664,1,0,1,1,1,13.600000000000001,305494.0,131.8,0
25,0,105950.0,2,67.4,3.0,1,7,12,0,5.0,1,1,19,26487.5,1,1,1,0,1,9.0,635700.0,134.8,1
33,0,104084.0,1,17.8,2.0,2,4,3,1,3.0,0,1,7,34694.666666666664,0,1,1,1,0,3.6,416336.0,35.6,0
65,1,61697.0,2,59.7,2.0,1,10,5,1,5.0,0,1,15,20565.666666666668,1,1,1,1,0,8.0,370182.0,119.4,0
37,0,68091.0,1,61.1,2.0,3,3,8,1,5.0,0,1,11,22697.0,1,1,1,1,0,5.0,408546.0,122.2,0
60,0,76808.0,0,32.7,3.5,2,2,1,1,2.0,1,1,3,17068.444444444445,0,0,1,1,1,1.6,230424.0,65.4,0
67,2,120774.0,2,98.2,2.0,2,3,14,1,1.0,1,1,17,40258.0,1,0,1,1,1,7.4,241548.0,196.4,0
39,2,40431.0,2,57.7,2.0,2,13,17,0,1.0,0,1,30,13477.0,1,0,1,0,0,14.600000000000001,80862.0,115.4,0
41,1,45658.0,2,13.2,1.0,2,8,13,1,3.0,1,1,21,22829.0,0,1,1,1,1,10.0,182632.0,26.4,1
25,1,105899.0,1,50.3,2.0,2,0,2,0,2.0,0,1,2,35299.666666666664,1,0,1,0,0,0.8,317697.0,100.6,0
29,1,128779.0,2,13.2,3.0,1,14,5,0,5.0,0,1,19,32194.75,0,1,1,0,0,10.4,772674.0,26.4,0
59,0,93911.0,0,36.5,1.0,0,1,1,1,1.0,1,1,2,46955.5,0,0,1,1,1,1.0,187822.0,73.0,0
52,1,94692.0,2,60.3,2.0,1,12,8,0,5.0,1,1,20,31564.0,1,1,1,0,1,10.399999999999999,568152.0,120.6,0
53,0,72875.0,2,38.9,1.0,2,5,15,1,1.0,0,1,20,36437.5,0,0,1,1,0,9.0,145750.0,77.8,0
28,0,108847.0,2,69.3,2.0,2,12,5,0,5.0,1,1,17,36282.333333333336,1,1,1,0,1,9.2,653082.0,138.6,1
63,1,67671.0,1,70.9,2.0,2,6,1,1,4.0,1,1,7,22557.0,1,1,1,1,1,3.9999999999999996,338355.0,141.8,1
67,1,117646.0,2,25.0,2.0,2,9,7,0,4.0,1,1,16,39215.333333333336,0,1,1,0,1,8.2,588230.0,50.0,1
61,1,79905.0,2,36.1,2.0,1,8,5,0,2.0,1,1,13,26635.0,0,0,1,0,1,6.8,239715.0,72.2,0
65,1,79272.0,2,34.7,2.0,0,11,17,1,1.0,1,1,28,26424.0,0,0,1,1,1,13.4,158544.0,69.4,0
52,0,65659.0,2,11.8,3.0,3,9,6,0,2.0,1,1,15,16414.75,0,0,1,0,1,7.8,196977.0,23.6,0
41,1,67260.0,1,37.2,2.0,3,1,2,1,1.0,1,1,3,22420.0,0,0,1,1,1,1.4,134520.0,74.4,0
45,0,121657.0,1,20.0,2.0,2,3,1,1,4.0,1,1,4,40552.333333333336,0,1,1,1,1,2.1999999999999997,608285.0,40.0,1
53,2,65722.0,2,67.7,1.0,1,3,4,1,3.0,1,1,7,32861.0,1,1,1,1,1,3.4,262888.0,135.4,0
44,0,30000.0,1,40.2,3.0,2,3,5,1,3.0,1,1,8,7500.0,1,1,1,1,1,3.8,120000.0,80.4,0
68,1,148943.0,2,5.0,2.0,3,6,12,0,2.0,1,1,18,49647.666666666664,0,0,1,0,1,8.4,446829.0,10.0,0
40,0,54835.0,2,70.6,1.0,2,12,17,1,4.0,1,1,29,27417.5,1,1,1,1,1,14.0,274175.0,141.2,0
67,2,111043.0,2,44.8,1.0,3,13,19,1,4.0,0,1,32,55521.5,1,1,1,1,0,15.4,555215.0,89.6,0
36,0,103304.0,0,5.0,1.0,2,2,0,1,1.0,0,1,2,51652.0,0,0,1,1,0,1.2,206608.0,10.0,0
47,0,135398.0,2,21.0,3.0,1,9,6,1,2.0,1,1,15,33849.5,0,0,1,1,1,7.8,406194.0,42.0,0
36,0,30000.0,2,22.5,2.0,1,13,6,0,2.0,0,1,19,10000.0,0,0,1,0,0,10.2,90000.0,45.0,0
58,2,109558.0,1,32.7,1.0,1,1,6,1,2.0,1,1,7,54779.0,0,0,1,1,1,3.0000000000000004,328674.0,65.4,0
30,1,62212.0,1,88.3,2.0,0,6,5,0,5.0,0,1,11,20737.333333333332,1,1,1,0,0,5.6,373272.0,176.6,0
37,1,122427.0,1,15.7,1.0,1,1,2,1,5.0,1,1,3,61213.5,0,1,1,1,1,1.4,734562.0,31.4,1
52,1,47199.0,1,34.2,1.0,0,6,9,1,4.0,1,1,15,23599.5,0,1,1,1,1,7.199999999999999,235995.0,68.4,0
43,1,48047.0,1,5.0,1.0,3,7,1,0,3.0,1,1,8,24023.5,0,1,1,0,1,4.6000000000000005,192188.0,10.0,0
25,1,70118.0,1,44.4,2.0,2,6,4,1,1.0,0,1,10,23372.666666666668,1,0,1,1,0,5.199999999999999,140236.0,88.8,0
26,0,129647.0,2,5.0,3.5,0,4,3,1,4.0,1,1,7,28810.444444444445,0,1,1,1,1,3.6,648235.0,10.0,0
27,1,142021.0,1,68.2,1.0,1,7,9,1,1.0,1,1,16,71010.5,1,0,1,1,1,7.800000000000001,284042.0,136.4,0
66,0,129962.0,0,99.1,2.0,2,2,2,1,4.0,1,1,4,43320.666666666664,1,1,1,1,1,2.0,649810.0,198.2,0
54,1,92028.0,2,18.3,1.0,2,9,13,1,5.0,1,1,22,46014.0,0,1,1,1,1,10.6,552168.0,36.6,1
67,0,69715.0,2,35.0,2.0,1,11,9,0,5.0,1,1,20,23238.333333333332,0,1,1,0,1,10.2,418290.0,70.0,1
62,1,49788.0,0,80.6,2.0,1,2,2,1,2.0,1,1,4,16596.0,1,0,1,1,1,2.0,149364.0,161.2,0
35,0,84708.0,2,45.2,3.0,2,6,8,0,2.0,0,1,14,21177.0,1,0,1,0,0,6.8,254124.0,90.4,0
46,0,111573.0,1,88.9,1.0,0,7,8,0,3.0,0,1,15,55786.5,1,1,1,0,0,7.4,446292.0,177.8,0
65,1,82910.0,1,53.3,1.0,1,6,5,1,3.0,0,1,11,41455.0,1,1,1,1,0,5.6,331640.0,106.6,0
51,0,71545.0,2,67.5,1.0,2,14,8,0,2.0,1,1,22,35772.5,1,0,1,0,1,11.600000000000001,214635.0,135.0,0
45,1,58705.0,2,58.7,3.0,1,6,13,1,4.0,1,1,19,14676.25,1,1,1,1,1,8.8,293525.0,117.4,0
45,0,126999.0,1,34.9,2.0,2,6,7,0,1.0,1,1,13,42333.0,0,0,1,0,1,6.4,253998.0,69.8,0
62,0,30000.0,0,44.0,2.0,2,0,3,1,4.0,1,1,3,10000.0,1,1,1,1,1,1.2000000000000002,150000.0,88.0,0
28,0,73983.0,1,46.4,2.0,2,4,5,0,3.0,1,1,9,24661.0,1,1,1,0,1,4.4,295932.0,92.8,0
51,2,100334.0,2,58.7,2.0,2,10,7,0,4.0,1,1,17,33444.666666666664,1,1,1,0,1,8.8,501670.0,117.4,1
50,1,74657.0,2,60.5,3.0,2,12,8,0,3.0,0,1,20,18664.25,1,1,1,0,0,10.399999999999999,298628.0,121.0,0
25,1,97574.0,1,42.5,2.0,0,4,8,1,5.0,0,1,12,32524.666666666668,1,1,1,1,0,5.6,585444.0,85.0,0
64,0,39421.0,1,33.1,2.0,1,3,4,0,1.0,0,1,7,13140.333333333334,0,0,1,0,0,3.4,78842.0,66.2,0
59,0,103791.0,2,35.5,2.0,1,9,5,1,1.0,1,1,14,34597.0,0,0,1,1,1,7.3999999999999995,207582.0,71.0,0
34,1,153131.0,2,87.8,1.0,2,9,12,0,3.0,1,1,21,76565.5,1,1,1,0,1,10.2,612524.0,175.6,0
29,0,130201.0,1,70.9,3.5,3,5,7,0,4.0,1,1,12,28933.555555555555,1,1,1,0,1,5.800000000000001,651005.0,141.8,0
31,1,102057.0,2,30.2,2.0,1,9,12,0,3.0,0,1,21,34019.0,0,1,1,0,0,10.2,408228.0,60.4,0
36,0,77922.0,0,70.0,2.0,0,1,3,1,3.0,0,1,4,25974.0,1,1,1,1,0,1.8000000000000003,311688.0,140.0,0
38,1,58504.0,2,39.4,2.0,2,4,18,0,3.0,0,1,22,19501.333333333332,0,1,1,0,0,9.6,234016.0,78.8,0
69,0,130318.0,0,70.5,3.5,1,0,1,1,3.0,1,1,1,28959.555555555555,1,1,1,1,1,0.4,521272.0,141.0,0
51,0,59802.0,0,22.6,3.0,2,0,2,1,4.0,1,1,2,14950.5,0,1,1,1,1,0.8,299010.0,45.2,0
66,0,114030.0,2,17.5,3.0,3,8,11,1,2.0,1,1,19,28507.5,0,0,1,1,1,9.2,342090.0,35.0,0
38,1,100094.0,2,44.5,2.0,1,7,7,1,4.0,1,1,14,33364.666666666664,1,1,1,1,1,7.0,500470.0,89.0,1
31,0,83410.0,0,47.1,2.0,0,1,1,1,1.0,1,1,2,27803.333333333332,1,0,1,1,1,1.0,166820.0,94.2,0
49,0,105944.0,2,87.0,1.0,2,9,12,0,4.0,0,1,21,52972.0,1,1,1,0,0,10.2,529720.0,174.0,0
59,1,110914.0,2,19.5,1.0,0,8,9,0,4.0,1,1,17,55457.0,0,1,1,0,1,8.4,554570.0,39.0,0
27,1,89874.0,2,86.4,2.0,2,13,5,0,4.0,1,1,18,29958.0,1,1,1,0,1,9.8,449370.0,172.8,0
43,0,30000.0,1,68.7,1.0,3,3,9,0,1.0,1,1,12,15000.0,1,0,1,0,1,5.4,60000.0,137.4,0
33,0,69979.0,2,20.9,3.5,2,8,19,0,3.0,1,1,27,15550.888888888889,0,1,1,0,1,12.4,279916.0,41.8,1
64,0,104896.0,1,24.9,2.0,2,3,2,1,1.0,1,1,5,34965.333333333336,0,0,1,1,1,2.5999999999999996,209792.0,49.8,0
45,1,118062.0,2,50.7,1.0,0,2,4,0,4.0,1,1,6,59031.0,1,1,1,0,1,2.8,590310.0,101.4,1
46,1,104942.0,2,62.6,2.0,3,7,18,0,5.0,1,1,25,34980.666666666664,1,1,1,0,1,11.4,629652.0,125.2,1
26,0,84708.0,2,54.4,1.0,1,5,15,0,3.0,0,1,20,42354.0,1,1,1,0,0,9.0,338832.0,108.8,1
39,1,71643.0,1,37.1,3.0,2,2,4,1,4.0,1,1,6,17910.75,0,1,1,1,1,2.8,358215.0,74.2,1
47,1,101057.0,2,34.4,2.0,1,6,17,0,2.0,1,1,23,33685.666666666664,0,0,1,0,1,10.4,303171.0,68.8,0
43,2,77133.0,1,5.0,3.5,2,1,7,0,4.0,1,1,8,17140.666666666668,0,1,1,0,1,3.4000000000000004,385665.0,10.0,0
35,0,92039.0,0,16.8,2.0,2,1,0,1,4.0,0,1,1,30679.666666666668,0,1,1,1,0,0.6,460195.0,33.6,0
57,0,76503.0,0,54.4,1.0,2,0,2,1,1.0,1,1,2,38251.5,1,0,1,1,1,0.8,153006.0,108.8,1
57,1,124667.0,2,49.4,1.0,1,9,15,0,4.0,0,1,24,62333.5,1,1,1,0,0,11.399999999999999,623335.0,98.8,0
59,1,101212.0,2,47.3,3.0,2,13,11,0,3.0,1,1,24,25303.0,1,1,1,0,1,12.2,404848.0,94.6,0
30,0,110933.0,2,68.2,1.0,2,14,6,0,1.0,1,1,20,55466.5,1,0,1,0,1,10.8,221866.0,136.4,0
64,0,127303.0,0,5.0,1.0,0,0,2,1,4.0,1,1,2,63651.5,0,1,1,1,1,0.8,636515.0,10.0,1
39,0,124410.0,1,5.0,3.0,2,3,3,0,4.0,0,1,6,31102.5,0,1,1,0,0,3.0,622050.0,10.0,0
28,1,105513.0,2,40.2,2.0,2,13,10,0,5.0,1,1,23,35171.0,1,1,1,0,1,11.8,633078.0,80.4,1
69,0,30000.0,1,34.4,1.0,2,5,3,0,2.0,1,1,8,15000.0,0,0,1,0,1,4.2,90000.0,68.8,0
40,1,65513.0,1,23.8,2.0,2,7,7,0,4.0,1,1,14,21837.666666666668,0,1,1,0,1,7.0,327565.0,47.6,1
25,0,78342.0,1,28.6,1.0,1,7,8,1,5.0,1,1,15,39171.0,0,1,1,1,1,7.4,470052.0,57.2,0
39,1,75595.0,2,69.5,1.0,1,5,9,1,5.0,1,1,14,37797.5,1,1,1,1,1,6.6,453570.0,139.0,0
57,0,136166.0,1,48.3,2.0,1,1,3,1,2.0,1,1,4,45388.666666666664,1,0,1,1,1,1.8000000000000003,408498.0,96.6,0
27,0,105354.0,2,23.2,2.0,0,4,12,1,3.0,1,1,16,35118.0,0,1,1,1,1,7.200000000000001,421416.0,46.4,0
43,0,115620.0,1,77.8,2.0,0,1,2,1,4.0,1,1,3,38540.0,1,1,1,1,1,1.4,578100.0,155.6,0
41,1,59664.0,2,9.3,1.0,2,8,17,1,4.0,1,1,25,29832.0,0,1,1,1,1,11.600000000000001,298320.0,18.6,0
26,0,111587.0,0,20.7,2.0,1,2,1,1,3.0,1,1,3,37195.666666666664,0,1,1,1,1,1.6,446348.0,41.4,0
27,1,109939.0,2,22.8,2.0,2,14,6,0,5.0,1,1,20,36646.333333333336,0,1,1,0,1,10.8,659634.0,45.6,1
48,1,90337.0,1,46.6,2.0,1,3,8,1,5.0,1,1,11,30112.333333333332,1,1,1,1,1,5.0,542022.0,93.2,1
44,0,132479.0,1,70.9,2.0,2,5,5,1,4.0,1,1,10,44159.666666666664,1,1,1,1,1,5.0,662395.0,141.8,1
44,0,32502.0,0,19.7,1.0,3,0,0,1,3.0,0,1,0,16251.0,0,1,1,1,0,0.0,130008.0,39.4,0
31,1,125905.0,1,5.0,2.0,1,0,7,1,5.0,1,1,7,41968.333333333336,0,1,1,1,1,2.8000000000000003,755430.0,10.0,1
43,0,86264.0,2,5.0,2.0,1,5,7,1,4.0,1,1,12,28754.666666666668,0,1,1,1,1,5.800000000000001,431320.0,10.0,0
65,0,54326.0,2,15.4,3.0,2,14,4,0,3.0,1,1,18,13581.5,0,1,1,0,1,10.0,217304.0,30.8,0
54,0,62336.0,2,56.4,3.0,1,5,9,1,1.0,0,1,14,15584.0,1,0,1,1,0,6.6,124672.0,112.8,0
31,1,81098.0,2,55.3,1.0,3,11,3,0,2.0,1,1,14,40549.0,1,0,1,0,1,7.8,243294.0,110.6,0
67,1,169378.0,1,26.9,3.0,2,3,9,1,1.0,1,1,12,42344.5,0,0,1,1,1,5.4,338756.0,53.8,0
61,1,129216.0,2,92.3,1.0,2,11,10,1,2.0,0,1,21,64608.0,1,0,1,1,0,10.6,387648.0,184.6,0
62,0,47375.0,0,21.8,2.0,3,2,2,1,2.0,0,1,4,15791.666666666666,0,0,1,1,0,2.0,142125.0,43.6,0
46,0,72320.0,1,50.9,1.0,0,2,1,1,4.0,1,1,3,36160.0,1,1,1,1,1,1.6,361600.0,101.8,0
27,1,74830.0,0,64.0,1.0,2,0,3,1,1.0,1,1,3,37415.0,1,0,1,1,1,1.2000000000000002,149660.0,128.0,0
37,1,77179.0,2,54.4,2.0,3,7,16,0,3.0,0,1,23,25726.333333333332,1,1,1,0,0,10.600000000000001,308716.0,108.8,0
68,0,30000.0,0,75.4,2.0,0,2,2,1,2.0,1,1,4,10000.0,1,0,1,1,1,2.0,90000.0,150.8,0
28,1,117017.0,1,5.0,2.0,2,1,6,0,2.0,1,1,7,39005.666666666664,0,0,1,0,1,3.0000000000000004,351051.0,10.0,0
46,1,94069.0,1,41.3,1.0,0,0,3,1,5.0,1,1,3,47034.5,1,1,1,1,1,1.2000000000000002,564414.0,82.6,1
50,1,110560.0,0,47.5,1.0,2,1,3,1,3.0,1,1,4,55280.0,1,1,1,1,1,1.8000000000000003,442240.0,95.0,0
37,0,76909.0,1,46.8,3.0,0,2,1,1,3.0,0,1,3,19227.25,1,1,1,1,0,1.6,307636.0,93.6,0
29,0,139330.0,2,27.4,3.5,1,13,15,0,4.0,1,1,28,30962.222222222223,0,1,1,0,1,13.8,696650.0,54.8,1
56,1,40326.0,2,24.6,2.0,3,10,8,1,5.0,0,1,18,13442.0,0,1,1,1,0,9.2,241956.0,49.2,0
59,1,44015.0,1,22.7,1.0,0,4,1,1,4.0,1,1,5,22007.5,0,1,1,1,1,2.8,220075.0,45.4,0
28,0,108803.0,1,90.6,2.0,1,3,5,0,4.0,0,1,8,36267.666666666664,1,1,1,0,0,3.8,544015.0,181.2,0
43,1,61354.0,2,33.0,3.5,2,10,5,0,2.0,0,1,15,13634.222222222223,0,0,1,0,0,8.0,184062.0,66.0,0
62,0,114444.0,2,53.9,2.0,1,10,3,0,1.0,1,1,13,38148.0,1,0,1,0,1,7.2,228888.0,107.8,0
58,0,93121.0,2,28.0,2.0,2,13,19,0,3.0,0,1,32,31040.333333333332,0,1,1,0,0,15.4,372484.0,56.0,0
54,1,90329.0,2,84.9,3.0,0,11,6,1,4.0,1,1,17,22582.25,1,1,1,1,1,9.0,451645.0,169.8,0
51,0,72614.0,1,15.4,1.0,3,6,8,1,3.0,1,1,14,36307.0,0,1,1,1,1,6.8,290456.0,30.8,1
49,1,96749.0,2,106.35000000000001,1.0,3,7,8,1,5.0,0,1,15,48374.5,1,1,1,1,0,7.4,580494.0,212.70000000000002,0
41,0,30000.0,0,41.3,2.0,1,2,3,1,2.0,1,1,5,10000.0,1,0,1,1,1,2.4000000000000004,90000.0,82.6,0
58,0,69516.0,0,56.3,3.5,0,0,1,1,5.0,1,1,1,15448.0,1,1,1,1,1,0.4,417096.0,112.6,1
60,0,81289.0,1,17.8,2.0,2,5,5,1,4.0,0,1,10,27096.333333333332,0,1,1,1,0,5.0,406445.0,35.6,0
25,1,143772.0,1,81.3,1.0,1,4,5,1,3.0,0,1,9,71886.0,1,1,1,1,0,4.4,575088.0,162.6,0
36,1,96207.0,0,25.2,1.0,1,0,0,1,2.0,1,1,0,48103.5,0,0,1,1,1,0.0,288621.0,50.4,0
43,1,82669.0,2,22.9,2.0,1,10,15,0,4.0,0,1,25,27556.333333333332,0,1,1,0,0,12.0,413345.0,45.8,0
55,0,84708.0,1,32.0,3.0,2,1,2,1,4.0,1,1,3,21177.0,0,1,1,1,1,1.4,423540.0,64.0,1
58,0,58003.0,2,34.9,1.0,0,6,12,1,4.0,0,1,18,29001.5,0,1,1,1,0,8.4,290015.0,69.8,0
28,1,36361.0,2,26.8,2.0,2,4,15,1,5.0,1,1,19,12120.333333333334,0,1,1,1,1,8.4,218166.0,53.6,0
56,1,30000.0,2,15.2,3.0,2,4,17,0,4.0,1,1,21,7500.0,0,1,1,0,1,9.200000000000001,150000.0,30.4,0
44,0,86452.0,2,53.3,1.0,0,10,10,0,4.0,1,1,20,43226.0,1,1,1,0,1,10.0,432260.0,106.6,1
64,1,122141.0,2,60.7,1.0,2,11,16,0,2.0,1,1,27,61070.5,1,0,1,0,1,13.0,366423.0,121.4,0
57,0,98497.0,2,63.9,1.0,3,5,3,0,5.0,1,1,8,49248.5,1,1,1,0,1,4.2,590982.0,127.8,0
33,1,128768.0,2,59.4,2.0,2,4,19,0,4.0,0,1,23,42922.666666666664,1,1,1,0,0,10.0,643840.0,118.8,0
27,1,109703.0,2,66.6,1.0,3,3,17,0,1.0,1,1,20,54851.5,1,0,1,0,1,8.600000000000001,219406.0,133.2,0
34,0,81111.0,2,34.8,2.0,2,3,3,0,4.0,0,1,6,27037.0,0,1,1,0,0,3.0,405555.0,69.6,0
60,0,30000.0,1,101.2,1.0,2,6,6,1,2.0,0,1,12,15000.0,1,0,1,1,0,6.0,90000.0,202.4,0
67,0,144003.0,0,5.0,1.0,3,2,0,1,3.0,1,1,2,72001.5,0,1,1,1,1,1.2,576012.0,10.0,0
58,1,59754.0,1,47.1,1.0,1,6,2,1,1.0,0,1,8,29877.0,1,0,1,1,0,4.3999999999999995,119508.0,94.2,0
41,1,124427.0,2,40.2,3.5,1,7,4,1,1.0,0,1,11,27650.444444444445,1,0,1,1,0,5.800000000000001,248854.0,80.4,0
37,1,76458.0,2,11.8,1.0,3,13,18,1,1.0,1,1,31,38229.0,0,0,1,1,1,15.0,152916.0,23.6,0
67,1,97895.0,1,16.8,1.0,2,2,2,1,3.0,1,1,4,48947.5,0,1,1,1,1,2.0,391580.0,33.6,1
37,2,59122.0,1,73.5,1.0,3,2,7,0,2.0,1,1,9,29561.0,1,0,1,0,1,4.0,177366.0,147.0,0
55,0,99524.0,0,5.0,1.0,2,2,2,1,5.0,0,1,4,49762.0,0,1,1,1,0,2.0,597144.0,10.0,0
28,1,89858.0,2,14.3,2.0,2,10,4,0,4.0,1,1,14,29952.666666666668,0,1,1,0,1,7.6,449290.0,28.6,0
54,0,103643.0,2,75.4,1.0,2,4,3,0,2.0,1,1,7,51821.5,1,0,1,0,1,3.6,310929.0,150.8,0
59,1,56368.0,2,62.6,2.0,2,4,6,1,2.0,1,1,10,18789.333333333332,1,0,1,1,1,4.800000000000001,169104.0,125.2,0
36,0,146657.0,2,44.3,2.0,2,11,19,1,2.0,1,1,30,48885.666666666664,1,0,1,1,1,14.2,439971.0,88.6,1
33,0,49089.0,2,24.1,1.0,1,2,6,1,4.0,0,1,8,24544.5,0,1,1,1,0,3.6000000000000005,245445.0,48.2,0
67,1,66894.0,1,49.6,2.0,1,3,8,1,1.0,0,1,11,22298.0,1,0,1,1,0,5.0,133788.0,99.2,0
69,0,58594.0,2,62.7,2.0,2,5,15,0,1.0,1,1,20,19531.333333333332,1,0,1,0,1,9.0,117188.0,125.4,0
50,1,102882.0,1,71.8,1.0,1,2,4,1,5.0,0,1,6,51441.0,1,1,1,1,0,2.8,617292.0,143.6,0
39,1,104452.0,2,50.2,1.0,2,6,9,0,3.0,1,1,15,52226.0,1,1,1,0,1,7.199999999999999,417808.0,100.4,0
50,1,56943.0,2,48.5,1.0,2,9,19,1,2.0,1,1,28,28471.5,1,0,1,1,1,13.0,170829.0,97.0,0
68,1,30000.0,2,34.1,1.0,2,7,3,0,5.0,1,1,10,15000.0,0,1,1,0,1,5.4,180000.0,68.2,0
47,0,71929.0,1,69.5,3.0,1,7,5,1,4.0,0,1,12,17982.25,1,1,1,1,0,6.2,359645.0,139.0,0
48,0,65800.0,2,41.0,2.0,3,11,11,0,4.0,1,1,22,21933.333333333332,1,1,1,0,1,11.0,329000.0,82.0,1
44,1,125550.0,0,67.6,1.0,3,2,1,1,1.0,0,1,3,62775.0,1,0,1,1,0,1.6,251100.0,135.2,0
26,0,114335.0,1,29.7,1.0,2,1,9,0,1.0,0,1,10,57167.5,0,0,1,0,0,4.2,228670.0,59.4,0
27,2,76672.0,2,13.8,2.0,0,2,7,0,3.0,0,1,9,25557.333333333332,0,1,1,0,0,4.0,306688.0,27.6,0
39,1,85022.0,2,49.7,1.0,1,7,12,1,2.0,1,1,19,42511.0,1,0,1,1,1,9.0,255066.0,99.4,0
47,0,93006.0,1,39.3,2.0,2,6,2,1,3.0,1,1,8,31002.0,0,1,1,1,1,4.3999999999999995,372024.0,78.6,1
29,0,46648.0,2,19.5,2.0,2,7,8,0,2.0,1,1,15,15549.333333333334,0,0,1,0,1,7.4,139944.0,39.0,0
58,0,90751.0,2,50.2,3.0,3,3,12,0,5.0,0,1,15,22687.75,1,1,1,0,0,6.6000000000000005,544506.0,100.4,0
31,1,30000.0,1,17.2,3.0,0,2,5,0,4.0,1,1,7,7500.0,0,1,1,0,1,3.2,150000.0,34.4,0
35,0,120536.0,1,5.0,2.0,2,7,1,1,5.0,0,1,8,40178.666666666664,0,1,1,1,0,4.6000000000000005,723216.0,10.0,0
53,1,52324.0,1,48.1,3.0,3,3,9,1,1.0,1,1,12,13081.0,1,0,1,1,1,5.4,104648.0,96.2,0
56,1,86339.0,0,92.5,1.0,2,1,1,1,2.0,1,1,2,43169.5,1,0,1,1,1,1.0,259017.0,185.0,0
25,1,72270.0,1,5.0,3.0,2,1,7,1,4.0,1,1,8,18067.5,0,1,1,1,1,3.4000000000000004,361350.0,10.0,0
38,1,53248.0,0,39.4,2.0,0,2,3,1,5.0,1,1,5,17749.333333333332,0,1,1,1,1,2.4000000000000004,319488.0,78.8,0
29,1,131148.0,1,42.6,1.0,2,4,7,1,3.0,0,1,11,65574.0,1,1,1,1,0,5.2,524592.0,85.2,0
63,1,88196.0,2,65.3,2.0,0,3,11,1,2.0,1,1,14,29398.666666666668,1,0,1,1,1,6.2,264588.0,130.6,0
56,1,64916.0,1,47.1,3.0,1,0,5,1,1.0,0,1,5,16229.0,1,0,1,1,0,2.0,129832.0,94.2,0
44,1,99916.0,1,16.5,1.0,2,6,6,0,4.0,1,1,12,49958.0,0,1,1,0,1,6.0,499580.0,33.0,0
28,1,86943.0,0,63.6,2.0,3,0,0,1,2.0,1,1,0,28981.0,1,0,1,1,1,0.0,260829.0,127.2,0
43,1,44727.0,0,31.7,2.0,2,2,1,1,3.0,1,1,3,14909.0,0,1,1,1,1,1.6,178908.0,63.4,0
55,1,80960.0,1,20.3,2.0,1,2,2,1,2.0,1,1,4,26986.666666666668,0,0,1,1,1,2.0,242880.0,40.6,0
28,0,147796.0,1,30.4,3.0,1,1,4,1,2.0,1,1,5,36949.0,0,0,1,1,1,2.2,443388.0,60.8,0
53,0,72224.0,0,26.6,2.0,1,2,0,1,3.0,1,1,2,24074.666666666668,0,1,1,1,1,1.2,288896.0,53.2,1
35,1,111708.0,2,58.8,2.0,2,12,14,1,1.0,1,1,26,37236.0,1,0,1,1,1,12.8,223416.0,117.6,1
46,1,82768.0,2,17.7,1.0,1,10,17,0,2.0,1,1,27,41384.0,0,0,1,0,1,12.8,248304.0,35.4,0
54,1,125585.0,2,5.0,2.0,0,4,9,1,3.0,0,1,13,41861.666666666664,0,1,1,1,0,6.0,502340.0,10.0,0
31,1,80069.0,2,5.0,3.0,2,10,14,1,3.0,0,1,24,20017.25,0,1,1,1,0,11.600000000000001,320276.0,10.0,0
60,1,80787.0,1,66.3,2.0,1,1,3,1,2.0,0,1,4,26929.0,1,0,1,1,0,1.8000000000000003,242361.0,132.6,0
38,1,174521.0,1,59.7,3.0,1,5,1,1,3.0,0,1,6,43630.25,1,1,1,1,0,3.4,698084.0,119.4,0
25,1,108337.0,2,13.4,3.0,2,12,9,0,3.0,0,1,21,27084.25,0,1,1,0,0,10.799999999999999,433348.0,26.8,0
66,0,127817.0,2,5.0,2.0,2,4,3,0,2.0,1,1,7,42605.666666666664,0,0,1,0,1,3.6,383451.0,10.0,0
57,1,77276.0,2,54.8,1.0,2,3,10,0,1.0,0,1,13,38638.0,1,0,1,0,0,5.8,154552.0,109.6,0
53,1,114280.0,1,59.5,1.0,1,7,9,1,2.0,1,1,16,57140.0,1,0,1,1,1,7.800000000000001,342840.0,119.0,0
27,1,117321.0,1,34.1,3.0,0,3,6,1,1.0,1,1,9,29330.25,0,0,1,1,1,4.2,234642.0,68.2,0
63,0,30000.0,0,19.8,2.0,0,2,0,1,4.0,0,1,2,10000.0,0,1,1,1,0,1.2,150000.0,39.6,0
34,1,44858.0,1,43.3,2.0,1,0,9,1,3.0,1,1,9,14952.666666666666,1,1,1,1,1,3.6,179432.0,86.6,0
46,0,114009.0,0,29.4,1.0,2,2,3,1,1.0,1,1,5,57004.5,0,0,1,1,1,2.4000000000000004,228018.0,58.8,0
49,1,81812.0,2,29.4,2.0,2,5,8,1,5.0,1,1,13,27270.666666666668,0,1,1,1,1,6.2,490872.0,58.8,1
32,1,50919.0,2,12.6,1.0,2,13,4,0,1.0,1,1,17,25459.5,0,0,1,0,1,9.4,101838.0,25.2,0
42,1,65074.0,0,47.1,1.0,2,2,3,1,4.0,1,1,5,32537.0,1,1,1,1,1,2.4000000000000004,325370.0,94.2,1
41,1,61049.0,1,46.1,2.0,2,1,8,1,1.0,0,1,9,20349.666666666668,1,0,1,1,0,3.8000000000000003,122098.0,92.2,0
36,1,62775.0,2,28.8,1.0,1,10,18,0,2.0,1,1,28,31387.5,0,0,1,0,1,13.2,188325.0,57.6,0
69,0,81267.0,1,16.3,3.0,1,5,6,0,1.0,0,1,11,20316.75,0,0,1,0,0,5.4,162534.0,32.6,0
60,0,99034.0,1,18.5,1.0,1,4,9,1,4.0,0,1,13,49517.0,0,1,1,1,0,6.0,495170.0,37.0,0
53,1,68220.0,2,32.7,1.0,1,8,19,1,3.0,1,1,27,34110.0,0,1,1,1,1,12.4,272880.0,65.4,1
26,1,30145.0,2,17.9,3.0,1,12,3,0,2.0,1,1,15,7536.25,0,0,1,0,1,8.399999999999999,90435.0,35.8,0
33,0,112440.0,0,23.4,1.0,0,2,3,0,1.0,1,1,5,56220.0,0,0,1,0,1,2.4000000000000004,224880.0,46.8,0
67,0,37549.0,0,40.2,2.0,3,1,3,1,4.0,0,1,4,12516.333333333334,1,1,1,1,0,1.8000000000000003,187745.0,80.4,0
67,0,52541.0,2,27.2,2.0,0,2,15,0,4.0,0,1,17,17513.666666666668,0,1,1,0,0,7.2,262705.0,54.4,0
58,1,76539.0,1,5.0,1.0,0,6,8,0,4.0,0,1,14,38269.5,0,1,1,0,0,6.8,382695.0,10.0,0
31,1,97985.0,2,24.5,2.0,2,2,4,0,1.0,0,1,6,32661.666666666668,0,0,1,0,0,2.8,195970.0,49.0,0
25,0,69585.0,2,26.7,3.0,0,11,12,0,5.0,0,1,23,17396.25,0,1,1,0,0,11.4,417510.0,53.4,0
47,0,63404.0,1,72.5,2.0,1,6,8,1,3.0,1,1,14,21134.666666666668,1,1,1,1,1,6.8,253616.0,145.0,0
40,1,105129.0,2,23.6,2.0,2,2,10,0,1.0,0,1,12,35043.0,0,0,1,0,0,5.2,210258.0,47.2,0
59,1,87115.0,1,26.5,2.0,2,0,9,1,1.0,1,1,9,29038.333333333332,0,0,1,1,1,3.6,174230.0,53.0,0
67,1,38351.0,1,51.1,2.0,2,4,9,0,2.0,1,1,13,12783.666666666666,1,0,1,0,1,6.0,115053.0,102.2,0
32,1,61057.0,0,28.8,1.0,2,1,0,1,4.0,1,1,1,30528.5,0,1,1,1,1,0.6,305285.0,57.6,1
37,0,123170.0,1,23.4,2.0,1,3,3,1,2.0,1,1,6,41056.666666666664,0,0,1,1,1,3.0,369510.0,46.8,1
30,0,112195.0,1,20.4,1.0,0,3,7,1,4.0,1,1,10,56097.5,0,1,1,1,1,4.6,560975.0,40.8,0
68,0,42670.0,0,39.3,1.0,2,0,3,1,1.0,1,1,3,21335.0,0,0,1,1,1,1.2000000000000002,85340.0,78.6,1
38,0,75724.0,2,63.9,1.0,1,11,16,0,3.0,1,1,27,37862.0,1,1,1,0,1,13.0,302896.0,127.8,0
35,1,91535.0,2,42.8,3.0,1,12,4,1,1.0,1,1,16,22883.75,1,0,1,1,1,8.799999999999999,183070.0,85.6,0
62,1,68339.0,2,39.5,3.0,1,13,3,1,5.0,1,1,16,17084.75,0,1,1,1,1,9.0,410034.0,79.0,1
42,0,108133.0,2,88.8,1.0,1,13,12,0,1.0,1,1,25,54066.5,1,0,1,0,1,12.600000000000001,216266.0,177.6,0
48,1,135017.0,2,65.1,3.0,2,13,13,0,2.0,0,1,26,33754.25,1,0,1,0,0,13.0,405051.0,130.2,0
43,1,142917.0,2,40.4,1.0,2,12,14,1,1.0,1,1,26,71458.5,1,0,1,1,1,12.8,285834.0,80.8,0
45,1,93699.0,0,29.5,1.0,3,1,2,0,2.0,0,1,3,46849.5,0,0,1,0,0,1.4,281097.0,59.0,0
47,1,92331.0,2,48.4,2.0,0,13,17,1,3.0,1,1,30,30777.0,1,1,1,1,1,14.600000000000001,369324.0,96.8,0
28,0,50432.0,2,31.5,1.0,2,12,17,1,5.0,0,1,29,25216.0,0,1,1,1,0,14.0,302592.0,63.0,0
35,1,95991.0,2,87.3,1.0,1,11,7,0,3.0,1,1,18,47995.5,1,1,1,0,1,9.4,383964.0,174.6,0
30,0,72215.0,2,34.0,1.0,1,10,19,0,3.0,1,1,29,36107.5,0,1,1,0,1,13.600000000000001,288860.0,68.0,0
46,1,113589.0,0,88.2,1.0,2,1,3,0,1.0,1,1,4,56794.5,1,0,1,0,1,1.8000000000000003,227178.0,176.4,0
66,0,45980.0,0,54.6,3.0,1,2,1,1,5.0,1,1,3,11495.0,1,1,1,1,1,1.6,275880.0,109.2,1
60,1,62989.0,1,52.1,2.0,1,2,3,1,1.0,0,1,5,20996.333333333332,1,0,1,1,0,2.4000000000000004,125978.0,104.2,0
39,0,72771.0,1,25.0,2.0,2,1,6,1,2.0,0,1,7,24257.0,0,0,1,1,0,3.0000000000000004,218313.0,50.0,0
35,0,111309.0,2,52.6,2.0,1,9,15,1,1.0,0,1,24,37103.0,1,0,1,1,0,11.399999999999999,222618.0,105.2,0
65,0,30900.0,2,56.2,1.0,2,9,14,0,5.0,1,1,23,15450.0,1,1,1,0,1,11.0,185400.0,112.4,1
53,0,150121.0,1,65.6,2.0,0,3,4,1,3.0,0,1,7,50040.333333333336,1,1,1,1,0,3.4,600484.0,131.2,0
59,0,174521.0,1,5.0,2.0,2,1,5,1,3.0,1,1,6,58173.666666666664,0,1,1,1,1,2.6,698084.0,10.0,1
54,0,67414.0,1,52.3,2.0,2,0,3,0,3.0,0,1,3,22471.333333333332,1,1,1,0,0,1.2000000000000002,269656.0,104.6,0
45,1,62693.0,2,40.1,3.0,3,7,13,0,2.0,0,1,20,15673.25,0,0,1,0,0,9.4,188079.0,80.2,0
26,1,101452.0,2,61.5,1.0,1,9,4,0,4.0,1,1,13,50726.0,1,1,1,0,1,7.0,507260.0,123.0,0
45,0,130597.0,2,26.2,1.0,1,10,13,1,2.0,0,1,23,65298.5,0,0,1,1,0,11.2,391791.0,52.4,0
56,1,107753.0,2,45.8,1.0,1,14,6,0,1.0,1,1,20,53876.5,1,0,1,0,1,10.8,215506.0,91.6,0
54,0,107510.0,2,30.0,3.0,2,2,5,1,3.0,0,1,7,26877.5,0,1,1,1,0,3.2,430040.0,60.0,0
37,0,145273.0,2,14.2,1.0,2,2,16,1,4.0,0,1,18,72636.5,0,1,1,1,0,7.6000000000000005,726365.0,28.4,0
28,0,70367.0,2,21.0,2.0,1,7,19,1,4.0,0,1,26,23455.666666666668,0,1,1,1,0,11.8,351835.0,42.0,0
69,1,113149.0,2,6.4,3.5,1,12,18,0,5.0,1,1,30,25144.222222222223,0,1,1,0,1,14.399999999999999,678894.0,12.8,1
42,1,30000.0,2,21.4,2.0,3,9,18,1,1.0,0,1,27,10000.0,0,0,1,1,0,12.6,60000.0,42.8,0
40,0,59098.0,2,5.0,2.0,1,7,8,1,4.0,1,1,15,19699.333333333332,0,1,1,1,1,7.4,295490.0,10.0,0
47,1,52597.0,0,46.1,1.0,1,1,2,1,4.0,0,1,3,26298.5,1,1,1,1,0,1.4,262985.0,92.2,0
66,1,82768.0,2,47.2,3.0,2,4,13,0,1.0,1,1,17,20692.0,1,0,1,0,1,7.6,165536.0,94.4,0
39,1,79158.0,1,33.0,1.0,1,5,9,1,5.0,1,1,14,39579.0,0,1,1,1,1,6.6,474948.0,66.0,1
30,1,92840.0,1,86.0,2.0,1,5,7,0,2.0,1,1,12,30946.666666666668,1,0,1,0,1,5.800000000000001,278520.0,172.0,0
49,0,48842.0,2,49.9,1.0,0,5,17,1,5.0,1,1,22,24421.0,1,1,1,1,1,9.8,293052.0,99.8,1
31,0,91508.0,2,27.0,1.0,1,3,10,1,4.0,1,1,13,45754.0,0,1,1,1,1,5.8,457540.0,54.0,1
68,0,65452.0,2,53.8,3.5,2,2,9,0,5.0,0,1,11,14544.888888888889,1,1,1,0,0,4.8,392712.0,107.6,0
44,0,103862.0,2,67.6,2.0,2,7,19,1,1.0,0,1,26,34620.666666666664,1,0,1,1,0,11.8,207724.0,135.2,0
57,1,138251.0,1,9.6,2.0,1,4,7,1,3.0,1,1,11,46083.666666666664,0,1,1,1,1,5.2,553004.0,19.2,0
52,1,109094.0,2,11.3,3.0,2,14,10,1,5.0,0,1,24,27273.5,0,1,1,1,0,12.4,654564.0,22.6,1
56,1,62489.0,1,73.5,3.0,2,5,8,1,3.0,0,1,13,15622.25,1,1,1,1,0,6.2,249956.0,147.0,0
51,0,83282.0,2,45.0,2.0,2,11,11,0,4.0,0,1,22,27760.666666666668,1,1,1,0,0,11.0,416410.0,90.0,0
32,1,69705.0,2,5.0,2.0,2,7,10,1,1.0,1,1,17,23235.0,0,0,1,1,1,8.2,139410.0,10.0,0
49,0,38833.0,1,52.2,1.0,2,5,9,1,3.0,0,1,14,19416.5,1,1,1,1,0,6.6,155332.0,104.4,0
47,1,64755.0,0,45.9,2.0,3,2,2,1,2.0,1,1,4,21585.0,1,0,1,1,1,2.0,194265.0,91.8,0
55,1,99494.0,1,91.0,2.0,0,3,1,1,2.0,1,1,4,33164.666666666664,1,0,1,1,1,2.1999999999999997,298482.0,182.0,0
36,1,87673.0,2,31.0,1.0,2,5,17,0,4.0,0,1,22,43836.5,0,1,1,0,0,9.8,438365.0,62.0,0
49,1,106565.0,0,86.5,1.0,2,2,1,1,3.0,1,1,3,53282.5,1,1,1,1,1,1.6,426260.0,173.0,0
34,1,42269.0,2,30.4,2.0,1,9,6,1,1.0,0,1,15,14089.666666666666,0,0,1,1,0,7.8,84538.0,60.8,0
34,1,77170.0,1,30.0,1.0,0,6,5,0,4.0,1,1,11,38585.0,0,1,1,0,1,5.6,385850.0,60.0,0
56,1,118857.0,2,55.0,1.0,1,3,6,1,1.0,1,1,9,59428.5,1,0,1,1,1,4.2,237714.0,110.0,0
57,1,72410.0,2,72.1,3.5,3,7,5,1,3.0,1,1,12,16091.111111111111,1,1,1,1,1,6.2,289640.0,144.2,0
29,0,45089.0,2,43.2,1.0,1,9,5,0,3.0,0,1,14,22544.5,1,1,1,0,0,7.3999999999999995,180356.0,86.4,0
29,0,90096.0,2,14.0,3.0,3,10,6,0,5.0,1,1,16,22524.0,0,1,1,0,1,8.4,540576.0,28.0,1
49,0,84708.0,0,20.6,3.5,2,2,1,1,2.0,1,1,3,18824.0,0,0,1,1,1,1.6,254124.0,41.2,0
64,1,92683.0,1,20.0,2.0,2,2,5,1,2.0,1,1,7,30894.333333333332,0,0,1,1,1,3.2,278049.0,40.0,0
63,1,134985.0,1,36.3,1.0,2,5,3,1,5.0,1,1,8,67492.5,0,1,1,1,1,4.2,809910.0,72.6,1
49,1,105722.0,2,34.2,2.0,2,14,12,0,1.0,1,1,26,35240.666666666664,0,0,1,0,1,13.200000000000001,211444.0,68.4,0
35,1,174521.0,2,39.7,2.0,1,2,8,1,4.0,1,1,10,58173.666666666664,0,1,1,1,1,4.4,872605.0,79.4,1
49,0,65109.0,2,45.7,1.0,2,13,19,0,5.0,0,1,32,32554.5,1,1,1,0,0,15.4,390654.0,91.4,0
37,0,91165.0,1,40.7,2.0,1,6,2,1,5.0,1,1,8,30388.333333333332,1,1,1,1,1,4.3999999999999995,546990.0,81.4,1
41,0,113411.0,1,40.2,1.0,2,1,9,1,2.0,1,1,10,56705.5,1,0,1,1,1,4.2,340233.0,80.4,0
25,0,30000.0,2,5.0,1.0,1,10,9,0,3.0,0,1,19,15000.0,0,1,1,0,0,9.6,120000.0,10.0,0
62,1,57981.0,2,76.5,1.0,2,4,6,1,4.0,1,1,10,28990.5,1,1,1,1,1,4.800000000000001,289905.0,153.0,1
26,0,74133.0,0,83.3,1.0,1,1,3,0,1.0,1,1,4,37066.5,1,0,1,0,1,1.8000000000000003,148266.0,166.6,0
69,1,137312.0,1,5.0,1.0,2,1,1,0,4.0,1,1,2,68656.0,0,1,1,0,1,1.0,686560.0,10.0,1
28,0,120449.0,1,57.0,1.0,1,1,3,0,3.0,1,1,4,60224.5,1,1,1,0,1,1.8000000000000003,481796.0,114.0,0
54,1,62366.0,2,5.7,2.0,2,5,14,0,1.0,1,1,19,20788.666666666668,0,0,1,0,1,8.600000000000001,124732.0,11.4,0
59,0,100860.0,0,40.8,2.0,1,1,2,0,1.0,0,1,3,33620.0,1,0,1,0,0,1.4,201720.0,81.6,0
33,1,49862.0,2,14.8,1.0,0,14,4,1,3.0,0,1,18,24931.0,0,1,1,1,0,10.0,199448.0,29.6,0
60,1,82746.0,2,21.7,2.0,1,9,4,1,4.0,1,1,13,27582.0,0,1,1,1,1,7.0,413730.0,43.4,0
60,1,103868.0,2,47.6,1.0,1,13,14,1,5.0,0,1,27,51934.0,1,1,1,1,0,13.4,623208.0,95.2,0
52,0,66749.0,1,29.5,1.0,0,2,2,0,5.0,1,1,4,33374.5,0,1,1,0,1,2.0,400494.0,59.0,0
27,1,89859.0,2,29.5,1.0,0,12,14,1,5.0,1,1,26,44929.5,0,1,1,1,1,12.8,539154.0,59.0,1
32,0,90838.0,2,94.0,2.0,2,8,13,1,5.0,0,1,21,30279.333333333332,1,1,1,1,0,10.0,545028.0,188.0,0
44,1,76881.0,2,5.0,2.0,2,2,4,0,2.0,0,1,6,25627.0,0,0,1,0,0,2.8,230643.0,10.0,0
45,0,70810.0,2,26.3,3.0,0,5,9,0,4.0,0,1,14,17702.5,0,1,1,0,0,6.6,354050.0,52.6,0
27,0,84109.0,2,38.2,3.5,1,10,11,1,3.0,0,1,21,18690.88888888889,0,1,1,1,0,10.4,336436.0,76.4,0
33,1,79411.0,0,53.9,1.0,1,2,3,1,3.0,1,1,5,39705.5,1,1,1,1,1,2.4000000000000004,317644.0,107.8,0
35,1,77155.0,2,23.8,1.0,1,4,18,1,2.0,0,1,22,38577.5,0,0,1,1,0,9.6,231465.0,47.6,0
35,1,84708.0,2,43.3,2.0,2,14,10,0,5.0,0,1,24,28236.0,1,1,1,0,0,12.4,508248.0,86.6,1
52,1,134308.0,2,43.5,1.0,2,9,18,1,4.0,1,1,27,67154.0,1,1,1,1,1,12.6,671540.0,87.0,1
27,0,117614.0,1,27.9,3.0,1,7,4,1,2.0,1,1,11,29403.5,0,0,1,1,1,5.800000000000001,352842.0,55.8,0
59,2,123996.0,2,41.4,2.0,2,6,19,1,1.0,1,1,25,41332.0,1,0,1,1,1,11.2,247992.0,82.8,0
38,0,134133.0,2,40.6,2.0,0,4,5,0,3.0,0,1,9,44711.0,1,1,1,0,0,4.4,536532.0,81.2,0
48,1,50432.0,1,50.7,2.0,2,2,1,1,5.0,0,1,3,16810.666666666668,1,1,1,1,0,1.6,302592.0,101.4,0
40,1,33314.0,1,76.3,2.0,1,3,8,1,3.0,1,1,11,11104.666666666666,1,1,1,1,1,5.0,133256.0,152.6,0
38,1,94389.0,1,51.8,1.0,2,4,8,1,3.0,1,1,12,47194.5,1,1,1,1,1,5.6,377556.0,103.6,1
39,1,68630.0,2,5.0,2.0,2,5,12,0,1.0,1,1,17,22876.666666666668,0,0,1,0,1,7.800000000000001,137260.0,10.0,0
47,0,92536.0,0,17.4,3.0,3,0,1,1,5.0,0,1,1,23134.0,0,1,1,1,0,0.4,555216.0,34.8,0
40,1,118422.0,2,106.35000000000001,2.0,0,12,11,0,2.0,0,1,23,39474.0,1,0,1,0,0,11.6,355266.0,212.70000000000002,0
56,0,49191.0,2,5.0,1.0,1,11,6,0,4.0,0,1,17,24595.5,0,1,1,0,0,9.0,245955.0,10.0,0
44,0,97812.0,1,5.0,1.0,1,7,2,1,1.0,1,1,9,48906.0,0,0,1,1,1,5.0,195624.0,10.0,0
57,1,30000.0,2,52.9,3.0,3,14,6,1,1.0,1,1,20,7500.0,1,0,1,1,1,10.8,60000.0,105.8,0
59,1,54480.0,0,29.5,1.0,2,2,3,1,3.0,1,1,5,27240.0,0,1,1,1,1,2.4000000000000004,217920.0,59.0,1
55,0,63733.0,2,27.1,2.0,1,3,4,1,5.0,1,1,7,21244.333333333332,0,1,1,1,1,3.4,382398.0,54.2,1
37,1,139956.0,0,27.4,2.0,3,0,2,1,5.0,1,1,2,46652.0,0,1,1,1,1,0.8,839736.0,54.8,1
35,1,125788.0,2,50.7,2.0,2,13,6,0,2.0,1,1,19,41929.333333333336,1,0,1,0,1,10.2,377364.0,101.4,1
51,1,63265.0,0,34.5,2.0,2,1,0,1,4.0,1,1,1,21088.333333333332,0,1,1,1,1,0.6,316325.0,69.0,1
62,0,110408.0,1,71.6,3.0,2,6,5,1,4.0,1,1,11,27602.0,1,1,1,1,1,5.6,552040.0,143.2,0
64,1,141055.0,2,9.7,3.5,1,11,17,0,1.0,0,1,28,31345.555555555555,0,0,1,0,0,13.4,282110.0,19.4,0
46,1,76958.0,1,52.4,1.0,0,3,4,1,5.0,0,1,7,38479.0,1,1,1,1,0,3.4,461748.0,104.8,0
47,0,52914.0,2,39.0,2.0,1,8,11,0,5.0,1,1,19,17638.0,0,1,1,0,1,9.2,317484.0,78.0,1
46,1,35358.0,0,56.5,2.0,2,0,1,1,2.0,0,1,1,11786.0,1,0,1,1,0,0.4,106074.0,113.0,0
57,1,85586.0,0,84.5,1.0,2,0,2,1,2.0,1,1,2,42793.0,1,0,1,1,1,0.8,256758.0,169.0,0
65,0,84768.0,1,63.3,1.0,1,6,8,0,3.0,0,1,14,42384.0,1,1,1,0,0,6.8,339072.0,126.6,0
65,1,90233.0,2,5.0,3.0,1,7,12,0,2.0,1,1,19,22558.25,0,0,1,0,1,9.0,270699.0,10.0,0
36,0,63991.0,1,53.9,3.0,1,0,3,1,3.0,0,1,3,15997.75,1,1,1,1,0,1.2000000000000002,255964.0,107.8,0
55,0,72989.0,1,24.9,2.0,2,3,9,1,5.0,1,1,12,24329.666666666668,0,1,1,1,1,5.4,437934.0,49.8,1
27,1,165523.0,0,43.0,2.0,2,2,1,1,1.0,1,1,3,55174.333333333336,1,0,1,1,1,1.6,331046.0,86.0,0
46,0,133405.0,1,70.8,1.0,1,4,1,1,3.0,1,1,5,66702.5,1,1,1,1,1,2.8,533620.0,141.6,0
50,1,84708.0,1,24.6,2.0,1,7,6,1,2.0,0,1,13,28236.0,0,0,1,1,0,6.6000000000000005,254124.0,49.2,0
31,0,72347.0,1,66.9,1.0,2,7,8,1,2.0,1,1,15,36173.5,1,0,1,1,1,7.4,217041.0,133.8,0
50,1,148948.0,1,70.1,3.5,1,3,4,1,5.0,1,1,7,33099.555555555555,1,1,1,1,1,3.4,893688.0,140.2,1
65,1,105035.0,1,76.2,1.0,1,1,6,1,3.0,1,1,7,52517.5,1,1,1,1,1,3.0000000000000004,420140.0,152.4,0
44,1,119595.0,2,36.7,3.0,0,8,19,0,5.0,1,1,27,29898.75,0,1,1,0,1,12.4,717570.0,73.4,1
60,1,126437.0,2,55.0,2.0,0,7,3,1,3.0,0,1,10,42145.666666666664,1,1,1,1,0,5.4,505748.0,110.0,0
37,1,82415.0,2,17.7,2.0,2,12,16,1,2.0,0,1,28,27471.666666666668,0,0,1,1,0,13.6,247245.0,35.4,0
41,1,123826.0,2,67.9,1.0,0,2,16,0,4.0,0,1,18,61913.0,1,1,1,0,0,7.6000000000000005,619130.0,135.8,0
47,1,56795.0,1,5.0,1.0,1,0,2,1,5.0,0,1,2,28397.5,0,1,1,1,0,0.8,340770.0,10.0,0
66,1,90382.0,1,50.6,3.0,3,2,4,1,4.0,1,1,6,22595.5,1,1,1,1,1,2.8,451910.0,101.2,1
27,0,30000.0,2,18.6,1.0,1,7,18,0,3.0,1,1,25,15000.0,0,1,1,0,1,11.4,120000.0,37.2,0
37,1,84708.0,2,20.6,2.0,0,11,10,0,5.0,0,1,21,28236.0,0,1,1,0,0,10.6,508248.0,41.2,0
33,1,56913.0,1,19.3,2.0,2,3,6,1,1.0,0,1,9,18971.0,0,0,1,1,0,4.2,113826.0,38.6,0
30,1,57199.0,1,33.1,2.0,2,1,7,0,5.0,1,1,8,19066.333333333332,0,1,1,0,1,3.4000000000000004,343194.0,66.2,1
66,1,75384.0,1,61.0,2.0,1,2,2,1,3.0,1,1,4,25128.0,1,1,1,1,1,2.0,301536.0,122.0,0
67,1,56602.0,1,23.0,1.0,1,3,3,1,4.0,1,1,6,28301.0,0,1,1,1,1,3.0,283010.0,46.0,0
30,1,125951.0,2,54.8,3.0,2,4,12,0,3.0,0,1,16,31487.75,1,1,1,0,0,7.200000000000001,503804.0,109.6,0
47,1,104779.0,0,32.2,1.0,0,0,0,0,2.0,0,1,0,52389.5,0,0,1,0,0,0.0,314337.0,64.4,0
25,0,139273.0,1,48.4,3.0,0,0,7,1,4.0,1,1,7,34818.25,1,1,1,1,1,2.8000000000000003,696365.0,96.8,0
25,1,94575.0,2,9.9,2.0,1,2,5,1,3.0,1,1,7,31525.0,0,1,1,1,1,3.2,378300.0,19.8,1
55,0,106955.0,1,66.4,2.0,3,0,2,0,4.0,1,1,2,35651.666666666664,1,1,1,0,1,0.8,534775.0,132.8,1
54,0,79314.0,2,52.7,2.0,1,3,6,0,2.0,1,1,9,26438.0,1,0,1,0,1,4.2,237942.0,105.4,0
44,0,110833.0,1,45.2,3.0,1,3,1,1,1.0,1,1,4,27708.25,1,0,1,1,1,2.1999999999999997,221666.0,90.4,1
42,0,75110.0,2,86.3,2.0,3,6,10,1,2.0,1,1,16,25036.666666666668,1,0,1,1,1,7.6,225330.0,172.6,0
63,0,30000.0,2,48.8,2.0,2,10,6,0,3.0,1,1,16,10000.0,1,1,1,0,1,8.4,120000.0,97.6,0
64,1,61044.0,1,70.2,1.0,2,1,8,1,1.0,1,1,9,30522.0,1,0,1,1,1,3.8000000000000003,122088.0,140.4,0
67,2,75407.0,2,59.4,3.0,1,12,3,0,4.0,0,1,15,18851.75,1,1,1,0,0,8.399999999999999,377035.0,118.8,0
25,0,54986.0,2,65.3,3.0,1,7,13,0,1.0,1,1,20,13746.5,1,0,1,0,1,9.4,109972.0,130.6,0
36,1,128118.0,2,10.4,1.0,1,4,3,0,2.0,0,1,7,64059.0,0,0,1,0,0,3.6,384354.0,20.8,0
38,1,101631.0,1,50.6,1.0,0,1,6,1,1.0,1,1,7,50815.5,1,0,1,1,1,3.0000000000000004,203262.0,101.2,0
60,0,74497.0,2,39.1,2.0,2,11,3,0,4.0,0,1,14,24832.333333333332,0,1,1,0,0,7.8,372485.0,78.2,0
25,1,138993.0,1,26.1,1.0,1,3,6,0,1.0,1,1,9,69496.5,0,0,1,0,1,4.2,277986.0,52.2,0
67,0,44214.0,0,98.2,2.0,2,1,0,1,2.0,1,1,1,14738.0,1,0,1,1,1,0.6,132642.0,196.4,0
34,0,51906.0,1,13.5,2.0,2,2,2,1,1.0,1,1,4,17302.0,0,0,1,1,1,2.0,103812.0,27.0,0
52,1,102710.0,0,5.0,3.5,1,1,2,1,2.0,1,1,3,22824.444444444445,0,0,1,1,1,1.4,308130.0,10.0,0
69,1,68824.0,2,57.2,1.0,2,13,16,0,5.0,1,1,29,34412.0,1,1,1,0,1,14.2,412944.0,114.4,1
30,0,30000.0,0,34.8,2.0,2,1,1,1,3.0,0,1,2,10000.0,0,1,1,1,0,1.0,120000.0,69.6,0
47,1,60835.0,2,42.6,3.0,1,9,5,0,3.0,0,1,14,15208.75,1,1,1,0,0,7.3999999999999995,243340.0,85.2,0
32,0,110974.0,2,36.7,1.0,1,3,16,1,1.0,1,1,19,55487.0,0,0,1,1,1,8.2,221948.0,73.4,0
33,0,165706.0,0,66.3,2.0,1,1,3,1,4.0,1,1,4,55235.333333333336,1,1,1,1,1,1.8000000000000003,828530.0,132.6,0
54,1,52056.0,1,45.7,1.0,3,0,5,1,4.0,1,1,5,26028.0,1,1,1,1,1,2.0,260280.0,91.4,0
32,1,30000.0,0,31.7,1.0,2,0,1,1,1.0,0,1,1,15000.0,0,0,1,1,0,0.4,60000.0,63.4,0
47,1,67694.0,1,43.3,2.0,2,7,1,1,1.0,0,1,8,22564.666666666668,1,0,1,1,0,4.6000000000000005,135388.0,86.6,0
45,1,80144.0,2,54.7,3.0,0,8,5,0,2.0,1,1,13,20036.0,1,0,1,0,1,6.8,240432.0,109.4,0
61,0,106931.0,2,45.9,3.5,1,5,12,0,4.0,1,1,17,23762.444444444445,1,1,1,0,1,7.800000000000001,534655.0,91.8,0
51,0,102391.0,1,38.1,2.0,1,4,2,1,2.0,1,1,6,34130.333333333336,0,0,1,1,1,3.2,307173.0,76.2,0
60,0,43932.0,2,71.4,2.0,2,13,5,0,4.0,1,1,18,14644.0,1,1,1,0,1,9.8,219660.0,142.8,0
43,1,55975.0,2,28.7,1.0,0,2,17,0,2.0,1,1,19,27987.5,0,0,1,0,1,8.0,167925.0,57.4,0
64,1,50162.0,1,79.0,3.5,3,6,3,1,3.0,0,1,9,11147.111111111111,1,1,1,1,0,4.8,200648.0,158.0,0
54,0,30000.0,1,49.6,1.0,0,4,9,1,1.0,1,1,13,15000.0,1,0,1,1,1,6.0,60000.0,99.2,0
59,0,173210.0,1,34.3,2.0,0,5,1,1,3.0,1,1,6,57736.666666666664,0,1,1,1,1,3.4,692840.0,68.6,1
40,0,120101.0,1,23.6,2.0,2,1,5,1,3.0,1,1,6,40033.666666666664,0,1,1,1,1,2.6,480404.0,47.2,0
62,0,43600.0,2,34.8,1.0,1,8,12,0,3.0,1,1,20,21800.0,0,1,1,0,1,9.600000000000001,174400.0,69.6,0
31,0,98303.0,0,18.2,1.0,1,2,2,1,2.0,1,1,4,49151.5,0,0,1,1,1,2.0,294909.0,36.4,1
47,0,83756.0,1,78.3,2.0,2,5,6,0,3.0,0,1,11,27918.666666666668,1,1,1,0,0,5.4,335024.0,156.6,0
25,1,150147.0,1,33.9,1.0,2,1,5,1,3.0,1,1,6,75073.5,0,1,1,1,1,2.6,600588.0,67.8,0
60,1,70027.0,0,26.0,1.0,1,1,0,1,1.0,1,1,1,35013.5,0,0,1,1,1,0.6,140054.0,52.0,0
36,0,40663.0,2,52.2,2.0,2,12,5,0,2.0,0,1,17,13554.333333333334,1,0,1,0,0,9.2,121989.0,104.4,0
51,0,83555.0,0,64.8,1.0,1,2,3,1,5.0,0,1,5,41777.5,1,1,1,1,0,2.4000000000000004,501330.0,129.6,0
43,1,132358.0,0,48.5,2.0,1,2,2,1,1.0,1,1,4,44119.333333333336,1,0,1,1,1,2.0,264716.0,97.0,0
54,1,78181.0,2,39.3,2.0,0,8,18,0,2.0,1,1,26,26060.333333333332,0,0,1,0,1,12.0,234543.0,78.6,0
26,1,69709.0,2,15.2,2.0,2,4,15,1,4.0,0,1,19,23236.333333333332,0,1,1,1,0,8.4,348545.0,30.4,0
35,1,84708.0,2,50.5,1.0,3,2,13,1,2.0,1,1,15,42354.0,1,0,1,1,1,6.4,254124.0,101.0,0
68,0,30000.0,1,67.5,1.0,1,7,2,1,3.0,1,1,9,15000.0,1,1,1,1,1,5.0,120000.0,135.0,0
44,0,37306.0,1,46.3,1.0,2,1,6,1,1.0,1,1,7,18653.0,1,0,1,1,1,3.0000000000000004,74612.0,92.6,0
34,1,62692.0,2,45.8,2.0,0,10,15,1,4.0,0,1,25,20897.333333333332,1,1,1,1,0,12.0,313460.0,91.6,0
36,0,59215.0,0,46.8,1.0,2,2,0,1,2.0,1,1,2,29607.5,1,0,1,1,1,1.2,177645.0,93.6,0
27,0,90344.0,1,47.8,1.0,1,1,5,0,4.0,1,1,6,45172.0,1,1,1,0,1,2.6,451720.0,95.6,1
41,1,46896.0,2,50.1,2.0,0,7,13,0,2.0,1,1,20,15632.0,1,0,1,0,1,9.4,140688.0,100.2,0
47,1,109157.0,1,15.3,1.0,1,6,6,1,2.0,1,1,12,54578.5,0,0,1,1,1,6.0,327471.0,30.6,0
58,1,77373.0,0,74.0,3.0,2,1,2,1,3.0,0,1,3,19343.25,1,1,1,1,0,1.4,309492.0,148.0,0
65,1,100907.0,0,45.4,1.0,0,1,0,1,5.0,0,1,1,50453.5,1,1,1,1,0,0.6,605442.0,90.8,0
33,0,73049.0,2,43.8,1.0,0,8,16,1,3.0,0,1,24,36524.5,1,1,1,1,0,11.2,292196.0,87.6,0
32,0,57676.0,1,46.3,1.0,0,2,9,0,1.0,0,1,11,28838.0,1,0,1,0,0,4.8,115352.0,92.6,0
30,0,77114.0,2,55.0,3.0,3,14,19,1,1.0,0,1,33,19278.5,1,0,1,1,0,16.0,154228.0,110.0,0
31,1,77391.0,1,64.8,1.0,1,1,3,1,1.0,1,1,4,38695.5,1,0,1,1,1,1.8000000000000003,154782.0,129.6,0
43,0,119707.0,0,84.8,2.0,0,2,3,1,4.0,1,1,5,39902.333333333336,1,1,1,1,1,2.4000000000000004,598535.0,169.6,0
49,1,80777.0,2,76.5,3.0,1,14,10,0,1.0,1,1,24,20194.25,1,0,1,0,1,12.4,161554.0,153.0,0
28,0,93688.0,0,38.8,1.0,2,1,2,0,4.0,1,1,3,46844.0,0,1,1,0,1,1.4,468440.0,77.6,0
44,1,163705.0,2,37.0,2.0,2,6,11,1,2.0,1,1,17,54568.333333333336,0,0,1,1,1,8.0,491115.0,74.0,0
41,0,101737.0,0,34.0,2.0,0,1,1,1,5.0,1,1,2,33912.333333333336,0,1,1,1,1,1.0,610422.0,68.0,1
65,1,86847.0,2,29.5,1.0,2,7,7,1,1.0,1,1,14,43423.5,0,0,1,1,1,7.0,173694.0,59.0,0
51,0,56279.0,1,24.6,2.0,1,2,7,1,5.0,1,1,9,18759.666666666668,0,1,1,1,1,4.0,337674.0,49.2,0
53,1,162973.0,2,38.7,1.0,2,13,4,1,2.0,0,1,17,81486.5,0,0,1,1,0,9.4,488919.0,77.4,0
50,1,100908.0,2,64.5,3.0,0,10,14,0,5.0,0,1,24,25227.0,1,1,1,0,0,11.600000000000001,605448.0,129.0,0
34,1,84685.0,1,46.6,1.0,1,7,9,1,3.0,0,1,16,42342.5,1,1,1,1,0,7.800000000000001,338740.0,93.2,0
66,1,128783.0,1,41.0,1.0,2,3,6,0,1.0,1,1,9,64391.5,1,0,1,0,1,4.2,257566.0,82.0,0
68,1,30000.0,0,28.4,1.0,2,0,0,0,3.0,1,1,0,15000.0,0,1,1,0,1,0.0,120000.0,56.8,0
51,0,73754.0,2,97.7,2.0,1,2,8,0,4.0,1,1,10,24584.666666666668,1,1,1,0,1,4.4,368770.0,195.4,0
61,1,68489.0,2,83.6,1.0,3,10,13,1,5.0,1,1,23,34244.5,1,1,1,1,1,11.2,410934.0,167.2,0
68,0,30215.0,2,16.4,1.0,1,7,13,0,3.0,1,1,20,15107.5,0,1,1,0,1,9.4,120860.0,32.8,0
49,1,71449.0,1,27.8,1.0,1,6,4,0,3.0,1,1,10,35724.5,0,1,1,0,1,5.199999999999999,285796.0,55.6,0
40,1,88013.0,2,62.8,3.0,1,9,13,0,2.0,0,1,22,22003.25,1,0,1,0,0,10.6,264039.0,125.6,0
65,0,107517.0,1,23.4,3.0,2,7,7,1,3.0,1,1,14,26879.25,0,1,1,1,1,7.0,430068.0,46.8,0
45,0,68451.0,2,30.4,2.0,1,7,17,0,3.0,0,1,24,22817.0,0,1,1,0,0,11.0,273804.0,60.8,0
39,1,30000.0,2,5.0,2.0,0,13,5,0,1.0,1,1,18,10000.0,0,0,1,0,1,9.8,60000.0,10.0,0
46,1,30000.0,2,46.2,2.0,2,12,4,0,1.0,0,1,16,10000.0,1,0,1,0,0,8.799999999999999,60000.0,92.4,0
44,0,81231.0,1,31.8,1.0,2,3,4,1,2.0,1,1,7,40615.5,0,0,1,1,1,3.4,243693.0,63.6,0
63,0,109832.0,2,34.5,1.0,1,9,4,1,4.0,1,1,13,54916.0,0,1,1,1,1,7.0,549160.0,69.0,1
58,1,115025.0,2,29.4,2.0,2,13,9,1,4.0,0,1,22,38341.666666666664,0,1,1,1,0,11.4,575125.0,58.8,0
59,0,71954.0,2,24.3,2.0,2,8,5,0,2.0,0,1,13,23984.666666666668,0,0,1,0,0,6.8,215862.0,48.6,0
34,1,87941.0,2,40.1,3.5,1,10,10,1,1.0,0,1,20,19542.444444444445,0,0,1,1,0,10.0,175882.0,80.2,0
29,1,99030.0,2,74.8,1.0,1,3,3,0,2.0,1,1,6,49515.0,1,0,1,0,1,3.0,297090.0,149.6,0
29,0,112839.0,0,68.9,2.0,3,2,1,1,1.0,1,1,3,37613.0,1,0,1,1,1,1.6,225678.0,137.8,0
67,1,65284.0,2,84.6,2.0,2,10,15,0,5.0,1,1,25,21761.333333333332,1,1,1,0,1,12.0,391704.0,169.2,0
36,1,75415.0,1,44.0,1.0,2,7,6,1,2.0,1,1,13,37707.5,1,0,1,1,1,6.6000000000000005,226245.0,88.0,0
66,1,112174.0,2,11.1,3.5,2,4,16,0,1.0,0,1,20,24927.555555555555,0,0,1,0,0,8.8,224348.0,22.2,0
35,1,153085.0,2,44.6,2.0,1,4,7,1,4.0,1,1,11,51028.333333333336,1,1,1,1,1,5.2,765425.0,89.2,1
69,0,58698.0,1,69.2,2.0,1,1,9,1,3.0,1,1,10,19566.0,1,1,1,1,1,4.2,234792.0,138.4,1
36,1,64939.0,1,31.5,2.0,3,4,2,1,2.0,1,1,6,21646.333333333332,0,0,1,1,1,3.2,194817.0,63.0,0
44,0,87723.0,1,70.7,2.0,2,1,5,1,5.0,0,1,6,29241.0,1,1,1,1,0,2.6,526338.0,141.4,0
53,1,82867.0,2,11.0,1.0,2,7,11,1,1.0,1,1,18,41433.5,0,0,1,1,1,8.600000000000001,165734.0,22.0,0
50,0,45288.0,2,11.9,1.0,1,5,7,0,5.0,0,1,12,22644.0,0,1,1,0,0,5.800000000000001,271728.0,23.8,0
63,1,91902.0,2,11.7,1.0,2,4,16,0,2.0,1,1,20,45951.0,0,0,1,0,1,8.8,275706.0,23.4,0
42,1,74993.0,2,30.9,2.0,2,4,18,0,1.0,1,1,22,24997.666666666668,0,0,1,0,1,9.6,149986.0,61.8,0
63,2,67485.0,1,21.8,1.0,0,2,9,1,4.0,1,1,11,33742.5,0,1,1,1,1,4.8,337425.0,43.6,0
48,0,47378.0,1,40.2,1.0,2,1,3,1,4.0,1,1,4,23689.0,1,1,1,1,1,1.8000000000000003,236890.0,80.4,0
48,0,45438.0,2,48.6,2.0,0,3,5,1,2.0,0,1,8,15146.0,1,0,1,1,0,3.8,136314.0,97.2,0
63,1,63227.0,1,40.7,2.0,1,6,2,1,2.0,1,1,8,21075.666666666668,1,0,1,1,1,4.3999999999999995,189681.0,81.4,0
27,1,78277.0,2,54.7,2.0,0,6,19,0,4.0,1,1,25,26092.333333333332,1,1,1,0,1,11.2,391385.0,109.4,0
30,1,36192.0,2,47.0,1.0,0,10,12,1,2.0,1,1,22,18096.0,1,0,1,1,1,10.8,108576.0,94.0,0
25,1,87019.0,2,71.2,1.0,3,14,18,1,5.0,1,1,32,43509.5,1,1,1,1,1,15.600000000000001,522114.0,142.4,1
60,1,71720.0,2,44.6,2.0,3,10,15,0,3.0,1,1,25,23906.666666666668,1,1,1,0,1,12.0,286880.0,89.2,0
43,0,156864.0,2,34.2,3.0,2,10,5,1,1.0,1,1,15,39216.0,0,0,1,1,1,8.0,313728.0,68.4,0
43,1,95594.0,2,83.7,2.0,1,11,5,0,2.0,1,1,16,31864.666666666668,1,0,1,0,1,8.6,286782.0,167.4,0
46,1,30000.0,1,25.6,3.0,1,3,8,1,5.0,0,1,11,7500.0,0,1,1,1,0,5.0,180000.0,51.2,0
62,1,115948.0,1,30.2,2.0,1,3,1,1,5.0,0,1,4,38649.333333333336,0,1,1,1,0,2.1999999999999997,695688.0,60.4,1
29,0,167594.0,0,60.4,3.0,0,1,1,1,1.0,1,1,2,41898.5,1,0,1,1,1,1.0,335188.0,120.8,0
42,1,84708.0,2,51.7,2.0,0,6,4,1,4.0,0,1,10,28236.0,1,1,1,1,0,5.199999999999999,423540.0,103.4,0
43,1,120019.0,1,66.5,2.0,2,1,3,1,4.0,0,1,4,40006.333333333336,1,1,1,1,0,1.8000000000000003,600095.0,133.0,0
39,1,75370.0,1,43.7,2.0,3,6,9,1,2.0,1,1,15,25123.333333333332,1,0,1,1,1,7.199999999999999,226110.0,87.4,0
36,0,55919.0,2,44.9,2.0,0,5,7,0,2.0,1,1,12,18639.666666666668,1,0,1,0,1,5.800000000000001,167757.0,89.8,0
52,0,74476.0,1,48.4,3.0,2,3,1,1,4.0,0,1,4,18619.0,1,1,1,1,0,2.1999999999999997,372380.0,96.8,0
43,2,131348.0,2,81.5,2.0,2,8,15,1,3.0,1,1,23,43782.666666666664,1,1,1,1,1,10.8,525392.0,163.0,0
65,1,55375.0,1,5.0,3.0,0,2,6,1,3.0,0,1,8,13843.75,0,1,1,1,0,3.6000000000000005,221500.0,10.0,0
60,1,68986.0,2,5.0,1.0,0,6,17,0,5.0,1,1,23,34493.0,0,1,1,0,1,10.4,413916.0,10.0,1
66,1,47277.0,1,29.7,1.0,1,4,6,0,2.0,0,1,10,23638.5,0,0,1,0,0,4.800000000000001,141831.0,59.4,0
69,2,76716.0,0,78.9,3.0,1,0,3,1,4.0,1,1,3,19179.0,1,1,1,1,1,1.2000000000000002,383580.0,157.8,1
68,1,70014.0,2,6.6,3.0,1,13,6,1,3.0,0,1,19,17503.5,0,1,1,1,0,10.2,280056.0,13.2,0
50,0,165156.0,2,22.1,1.0,2,7,15,0,2.0,1,1,22,82578.0,0,0,1,0,1,10.2,495468.0,44.2,1
49,1,101744.0,1,5.0,3.0,1,1,7,1,4.0,1,1,8,25436.0,0,1,1,1,1,3.4000000000000004,508720.0,10.0,1
57,1,64681.0,2,5.0,2.0,1,13,18,1,2.0,1,1,31,21560.333333333332,0,0,1,1,1,15.0,194043.0,10.0,0
61,1,80261.0,2,11.4,3.0,3,12,11,0,2.0,1,1,23,20065.25,0,0,1,0,1,11.6,240783.0,22.8,0
26,0,93735.0,2,49.8,1.0,0,5,15,0,4.0,0,1,20,46867.5,1,1,1,0,0,9.0,468675.0,99.6,0
57,1,103241.0,1,67.6,3.0,2,0,6,1,2.0,0,1,6,25810.25,1,0,1,1,0,2.4000000000000004,309723.0,135.2,0
51,0,30000.0,2,15.8,2.0,2,8,19,0,5.0,1,1,27,10000.0,0,1,1,0,1,12.4,180000.0,31.6,0
27,0,107263.0,2,43.8,1.0,2,10,16,0,4.0,1,1,26,53631.5,1,1,1,0,1,12.4,536315.0,87.6,1
40,1,90445.0,1,57.6,2.0,1,4,8,1,5.0,0,1,12,30148.333333333332,1,1,1,1,0,5.6,542670.0,115.2,0
48,0,65469.0,2,5.0,2.0,3,3,5,1,2.0,1,1,8,21823.0,0,0,1,1,1,3.8,196407.0,10.0,0
46,1,106348.0,1,47.0,3.0,3,0,4,1,1.0,1,1,4,26587.0,1,0,1,1,1,1.6,212696.0,94.0,0
69,1,92216.0,1,54.2,3.0,1,4,4,1,4.0,1,1,8,23054.0,1,1,1,1,1,4.0,461080.0,108.4,1
41,1,85631.0,1,32.3,2.0,2,2,7,1,3.0,0,1,9,28543.666666666668,0,1,1,1,0,4.0,342524.0,64.6,0
57,0,174521.0,1,88.9,1.0,1,4,3,0,1.0,0,1,7,87260.5,1,0,1,0,0,3.6,349042.0,177.8,0
48,1,77009.0,1,42.1,2.0,1,5,2,1,3.0,1,1,7,25669.666666666668,1,1,1,1,1,3.8,308036.0,84.2,0
61,1,87591.0,1,85.5,3.0,1,0,1,1,4.0,1,1,1,21897.75,1,1,1,1,1,0.4,437955.0,171.0,1
59,0,90887.0,0,53.7,1.0,1,0,0,0,1.0,0,1,0,45443.5,1,0,1,0,0,0.0,181774.0,107.4,0
67,0,141016.0,0,30.3,1.0,1,0,3,1,3.0,0,1,3,70508.0,0,1,1,1,0,1.2000000000000002,564064.0,60.6,1
35,1,85920.0,0,5.0,1.0,1,1,0,1,3.0,1,1,1,42960.0,0,1,1,1,1,0.6,343680.0,10.0,1
25,0,64402.0,2,40.2,2.0,3,3,4,0,5.0,0,1,7,21467.333333333332,1,1,1,0,0,3.4,386412.0,80.4,0
47,0,95473.0,2,70.4,1.0,2,5,13,0,2.0,0,1,18,47736.5,1,0,1,0,0,8.2,286419.0,140.8,0
37,1,104816.0,0,34.8,1.0,2,1,2,1,4.0,0,1,3,52408.0,0,1,1,1,0,1.4,524080.0,69.6,0
56,1,114855.0,2,9.3,2.0,1,14,3,0,4.0,1,1,17,38285.0,0,1,1,0,1,9.600000000000001,574275.0,18.6,0
29,1,75607.0,0,32.8,3.0,3,0,3,1,4.0,1,1,3,18901.75,0,1,1,1,1,1.2000000000000002,378035.0,65.6,0
54,0,101358.0,1,5.0,1.0,2,6,4,0,1.0,1,1,10,50679.0,0,0,1,0,1,5.199999999999999,202716.0,10.0,0
63,1,74460.0,1,44.9,2.0,1,0,8,1,4.0,0,1,8,24820.0,1,1,1,1,0,3.2,372300.0,89.8,0
43,1,174521.0,2,8.0,2.0,1,6,19,0,1.0,1,1,25,58173.666666666664,0,0,1,0,1,11.2,349042.0,16.0,0
29,0,109573.0,1,71.2,3.5,3,7,2,1,2.0,1,1,9,24349.555555555555,1,0,1,1,1,5.0,328719.0,142.4,0
66,0,98091.0,2,47.5,1.0,2,11,7,1,5.0,1,1,18,49045.5,1,1,1,1,1,9.4,588546.0,95.0,1
49,0,82373.0,1,24.4,2.0,2,5,9,0,2.0,0,1,14,27457.666666666668,0,0,1,0,0,6.6,247119.0,48.8,0
61,0,50880.0,1,42.1,3.0,2,1,9,0,5.0,1,1,10,12720.0,1,1,1,0,1,4.2,305280.0,84.2,0
60,1,128467.0,2,5.0,1.0,2,14,11,1,1.0,1,1,25,64233.5,0,0,1,1,1,12.8,256934.0,10.0,0
67,0,65746.0,2,72.5,1.0,1,10,19,1,2.0,1,1,29,32873.0,1,0,1,1,1,13.600000000000001,197238.0,145.0,0
37,1,126736.0,1,52.2,2.0,0,3,8,1,4.0,0,1,11,42245.333333333336,1,1,1,1,0,5.0,633680.0,104.4,1
57,1,64706.0,0,58.5,2.0,1,2,2,1,4.0,0,1,4,21568.666666666668,1,1,1,1,0,2.0,323530.0,117.0,0
29,0,106026.0,1,82.4,3.0,3,3,8,1,2.0,0,1,11,26506.5,1,0,1,1,0,5.0,318078.0,164.8,0
30,0,67031.0,0,43.4,1.0,2,2,0,1,4.0,1,1,2,33515.5,1,1,1,1,1,1.2,335155.0,86.8,0
25,1,75250.0,2,74.2,1.0,3,4,4,0,5.0,1,1,8,37625.0,1,1,1,0,1,4.0,451500.0,148.4,1
32,1,84708.0,1,35.5,1.0,1,7,3,1,1.0,0,1,10,42354.0,0,0,1,1,0,5.4,169416.0,71.0,0
32,0,86095.0,2,35.1,1.0,1,3,7,1,4.0,0,1,10,43047.5,0,1,1,1,0,4.6,430475.0,70.2,0
59,0,82787.0,0,5.0,3.0,3,1,1,1,2.0,1,1,2,20696.75,0,0,1,1,1,1.0,248361.0,10.0,0
60,1,86886.0,1,38.3,1.0,3,7,2,1,1.0,1,1,9,43443.0,0,0,1,1,1,5.0,173772.0,76.6,0
43,1,83209.0,1,5.0,2.0,2,4,5,1,4.0,1,1,9,27736.333333333332,0,1,1,1,1,4.4,416045.0,10.0,1
54,1,51595.0,1,39.1,1.0,1,4,2,1,3.0,1,1,6,25797.5,0,1,1,1,1,3.2,206380.0,78.2,0
29,0,37874.0,1,51.1,2.0,3,4,4,0,1.0,0,1,8,12624.666666666666,1,0,1,0,0,4.0,75748.0,102.2,0
38,1,58987.0,2,22.3,1.0,2,13,7,0,5.0,1,1,20,29493.5,0,1,1,0,1,10.6,353922.0,44.6,1
68,1,140809.0,2,35.7,2.0,2,4,14,1,3.0,0,1,18,46936.333333333336,0,1,1,1,0,8.0,563236.0,71.4,0
26,1,133854.0,0,21.1,3.5,2,2,3,1,2.0,0,1,5,29745.333333333332,0,0,1,1,0,2.4000000000000004,401562.0,42.2,0
36,0,174521.0,2,51.7,1.0,1,12,7,1,1.0,1,1,19,87260.5,1,0,1,1,1,10.0,349042.0,103.4,0
42,1,30000.0,1,42.1,2.0,1,0,6,1,2.0,1,1,6,10000.0,1,0,1,1,1,2.4000000000000004,90000.0,84.2,0
45,0,33436.0,2,62.3,1.0,0,5,11,1,3.0,1,1,16,16718.0,1,1,1,1,1,7.4,133744.0,124.6,0
54,1,46905.0,2,45.4,1.0,2,13,13,1,1.0,0,1,26,23452.5,1,0,1,1,0,13.0,93810.0,90.8,0
41,1,82538.0,2,54.1,3.0,2,3,11,1,2.0,1,1,14,20634.5,1,0,1,1,1,6.2,247614.0,108.2,0
39,1,83841.0,2,55.6,2.0,1,6,10,1,1.0,1,1,16,27947.0,1,0,1,1,1,7.6,167682.0,111.2,0
60,0,49974.0,2,81.8,1.0,0,12,9,1,2.0,1,1,21,24987.0,1,0,1,1,1,10.799999999999999,149922.0,163.6,0
30,0,89694.0,2,20.3,2.0,1,3,5,1,4.0,1,1,8,29898.0,0,1,1,1,1,3.8,448470.0,40.6,0
28,1,123153.0,2,38.8,2.0,0,7,5,1,1.0,1,1,12,41051.0,0,0,1,1,1,6.2,246306.0,77.6,0
61,0,65025.0,2,7.2,1.0,2,2,5,0,1.0,0,1,7,32512.5,0,0,1,0,0,3.2,130050.0,14.4,0
65,0,64554.0,2,30.9,3.0,2,7,7,0,2.0,1,1,14,16138.5,0,0,1,0,1,7.0,193662.0,61.8,0
29,2,145946.0,1,22.1,1.0,0,6,8,1,5.0,1,1,14,72973.0,0,1,1,1,1,6.8,875676.0,44.2,0
63,0,108759.0,0,91.1,1.0,2,2,2,1,3.0,1,1,4,54379.5,1,1,1,1,1,2.0,435036.0,182.2,0
53,0,89326.0,1,63.4,2.0,2,3,4,0,5.0,1,1,7,29775.333333333332,1,1,1,0,1,3.4,535956.0,126.8,0
41,1,88657.0,2,53.1,2.0,2,9,9,1,1.0,0,1,18,29552.333333333332,1,0,1,1,0,9.0,177314.0,106.2,0
25,0,108008.0,2,67.1,2.0,2,2,3,1,3.0,1,1,5,36002.666666666664,1,1,1,1,1,2.4000000000000004,432032.0,134.2,0
26,0,107760.0,0,68.0,3.0,2,2,0,1,1.0,0,1,2,26940.0,1,0,1,1,0,1.2,215520.0,136.0,0
25,0,106968.0,2,28.7,1.0,3,3,8,0,3.0,1,1,11,53484.0,0,1,1,0,1,5.0,427872.0,57.4,0
66,1,85154.0,2,75.1,1.0,2,7,16,0,4.0,1,1,23,42577.0,1,1,1,0,1,10.600000000000001,425770.0,150.2,0
66,1,59491.0,2,10.6,1.0,2,5,16,1,5.0,0,1,21,29745.5,0,1,1,1,0,9.4,356946.0,21.2,0
67,0,59490.0,2,72.6,1.0,1,13,5,1,1.0,0,1,18,29745.0,1,0,1,1,0,9.8,118980.0,145.2,0
50,0,45346.0,1,20.6,2.0,1,7,6,1,4.0,1,1,13,15115.333333333334,0,1,1,1,1,6.6000000000000005,226730.0,41.2,0
37,1,69542.0,2,36.9,1.0,2,3,5,0,4.0,1,1,8,34771.0,0,1,1,0,1,3.8,347710.0,73.8,0
68,1,63627.0,2,32.3,3.5,2,8,4,0,5.0,1,1,12,14139.333333333334,0,1,1,0,1,6.4,381762.0,64.6,0
53,0,72618.0,0,37.1,1.0,2,0,1,1,4.0,0,1,1,36309.0,0,1,1,1,0,0.4,363090.0,74.2,0
36,0,152046.0,2,37.2,2.0,3,5,16,0,2.0,1,1,21,50682.0,0,0,1,0,1,9.4,456138.0,74.4,0
56,1,114362.0,2,26.9,2.0,1,12,17,1,4.0,1,1,29,38120.666666666664,0,1,1,1,1,14.0,571810.0,53.8,0
32,0,90510.0,1,22.8,1.0,2,4,3,1,2.0,1,1,7,45255.0,0,0,1,1,1,3.6,271530.0,45.6,0
44,0,140708.0,0,20.5,3.5,1,1,1,1,1.0,0,1,2,31268.444444444445,0,0,1,1,0,1.0,281416.0,41.0,0
54,1,96996.0,2,26.6,1.0,0,2,12,0,4.0,0,1,14,48498.0,0,1,1,0,0,6.000000000000001,484980.0,53.2,0
69,0,142610.0,1,27.5,1.0,1,4,5,1,1.0,0,1,9,71305.0,0,0,1,1,0,4.4,285220.0,55.0,0
35,0,75252.0,1,5.0,3.0,2,3,3,1,2.0,0,1,6,18813.0,0,0,1,1,0,3.0,225756.0,10.0,0
55,1,85581.0,2,76.9,1.0,1,2,15,0,1.0,1,1,17,42790.5,1,0,1,0,1,7.2,171162.0,153.8,0
56,1,149380.0,1,15.7,3.0,2,6,5,1,1.0,1,1,11,37345.0,0,0,1,1,1,5.6,298760.0,31.4,0
31,1,52366.0,1,23.0,2.0,1,1,8,1,1.0,1,1,9,17455.333333333332,0,0,1,1,1,3.8000000000000003,104732.0,46.0,0
64,0,134208.0,1,5.0,1.0,1,1,7,1,4.0,1,1,8,67104.0,0,1,1,1,1,3.4000000000000004,671040.0,10.0,1
44,1,60403.0,1,63.8,1.0,0,4,5,1,1.0,0,1,9,30201.5,1,0,1,1,0,4.4,120806.0,127.6,0
57,1,101422.0,1,9.5,2.0,1,4,7,0,2.0,0,1,11,33807.333333333336,0,0,1,0,0,5.2,304266.0,19.0,0
53,0,115488.0,1,76.4,2.0,2,6,7,0,3.0,0,1,13,38496.0,1,1,1,0,0,6.4,461952.0,152.8,0
63,0,72390.0,1,5.0,2.0,1,3,9,1,4.0,1,1,12,24130.0,0,1,1,1,1,5.4,361950.0,10.0,0
68,1,102546.0,2,45.9,3.0,0,6,17,0,1.0,1,1,23,25636.5,1,0,1,0,1,10.4,205092.0,91.8,0
44,1,121246.0,1,75.7,1.0,1,0,6,1,1.0,1,1,6,60623.0,1,0,1,1,1,2.4000000000000004,242492.0,151.4,0
68,1,93887.0,0,7.6,2.0,2,1,2,1,4.0,1,1,3,31295.666666666668,0,1,1,1,1,1.4,469435.0,15.2,0
61,0,40656.0,2,5.0,2.0,1,8,18,0,4.0,1,1,26,13552.0,0,1,1,0,1,12.0,203280.0,10.0,1
44,0,105233.0,2,57.9,3.5,2,3,16,0,2.0,1,1,19,23385.11111111111,1,0,1,0,1,8.2,315699.0,115.8,0
52,1,73888.0,2,32.4,1.0,2,13,19,0,1.0,1,1,32,36944.0,0,0,1,0,1,15.4,147776.0,64.8,0
51,1,43705.0,2,44.2,2.0,1,2,19,1,2.0,1,1,21,14568.333333333334,1,0,1,1,1,8.8,131115.0,88.4,0
62,2,166935.0,1,24.9,3.0,1,4,3,1,4.0,0,1,7,41733.75,0,1,1,1,0,3.6,834675.0,49.8,0
34,1,115495.0,2,24.2,2.0,2,5,15,1,3.0,1,1,20,38498.333333333336,0,1,1,1,1,9.0,461980.0,48.4,1
30,1,67628.0,2,40.2,2.0,2,7,16,1,3.0,0,1,23,22542.666666666668,1,1,1,1,0,10.600000000000001,270512.0,80.4,0
32,0,30000.0,2,5.0,1.0,2,7,14,1,5.0,1,1,21,15000.0,0,1,1,1,1,9.8,180000.0,10.0,0
50,1,77271.0,1,5.0,2.0,2,2,7,1,1.0,1,1,9,25757.0,0,0,1,1,1,4.0,154542.0,10.0,0
47,1,155365.0,2,40.2,1.0,3,12,10,0,4.0,1,1,22,77682.5,1,1,1,0,1,11.2,776825.0,80.4,0
62,1,92706.0,2,20.1,2.0,1,3,3,1,3.0,1,1,6,30902.0,0,1,1,1,1,3.0,370824.0,40.2,0
31,0,47841.0,2,5.0,3.5,1,12,10,0,1.0,0,1,22,10631.333333333334,0,0,1,0,0,11.2,95682.0,10.0,0
34,1,76180.0,0,36.2,3.0,1,2,2,1,1.0,1,1,4,19045.0,0,0,1,1,1,2.0,152360.0,72.4,0
61,1,113784.0,2,40.2,1.0,2,11,3,0,2.0,1,1,14,56892.0,1,0,1,0,1,7.8,341352.0,80.4,0
41,0,45612.0,2,45.0,1.0,3,5,13,1,3.0,0,1,18,22806.0,1,1,1,1,0,8.2,182448.0,90.0,0
69,1,70890.0,0,19.4,3.0,2,0,0,1,5.0,0,1,0,17722.5,0,1,1,1,0,0.0,425340.0,38.8,0
40,1,89138.0,2,42.6,2.0,1,7,16,0,5.0,0,1,23,29712.666666666668,1,1,1,0,0,10.600000000000001,534828.0,85.2,0
48,0,46447.0,1,86.0,1.0,0,2,3,1,2.0,1,1,5,23223.5,1,0,1,1,1,2.4000000000000004,139341.0,172.0,0
53,0,108181.0,1,51.7,3.0,0,5,9,1,4.0,0,1,14,27045.25,1,1,1,1,0,6.6,540905.0,103.4,0
45,1,81516.0,2,71.2,2.0,1,9,14,0,4.0,1,1,23,27172.0,1,1,1,0,1,11.0,407580.0,142.4,0
33,1,96382.0,0,45.9,3.5,0,2,3,1,1.0,1,1,5,21418.222222222223,1,0,1,1,1,2.4000000000000004,192764.0,91.8,0
62,0,98131.0,2,5.0,1.0,1,11,7,0,1.0,1,1,18,49065.5,0,0,1,0,1,9.4,196262.0,10.0,0
53,1,87444.0,1,70.9,2.0,2,3,1,1,3.0,0,1,4,29148.0,1,1,1,1,0,2.1999999999999997,349776.0,141.8,0
32,1,105318.0,0,27.4,3.0,1,1,3,1,5.0,0,1,4,26329.5,0,1,1,1,0,1.8000000000000003,631908.0,54.8,0
50,0,109655.0,0,44.8,2.0,0,1,1,1,1.0,1,1,2,36551.666666666664,1,0,1,1,1,1.0,219310.0,89.6,0
30,0,116147.0,1,82.3,1.0,0,6,9,1,4.0,1,1,15,58073.5,1,1,1,1,1,7.199999999999999,580735.0,164.6,1
57,1,71295.0,1,33.8,1.0,2,5,8,1,4.0,0,1,13,35647.5,0,1,1,1,0,6.2,356475.0,67.6,0
66,0,56009.0,1,69.9,1.0,1,4,6,1,3.0,1,1,10,28004.5,1,1,1,1,1,4.800000000000001,224036.0,139.8,0
56,1,106998.0,0,18.0,2.0,2,1,2,0,1.0,0,1,3,35666.0,0,0,1,0,0,1.4,213996.0,36.0,0
54,0,146967.0,2,20.4,3.0,1,4,8,1,2.0,1,1,12,36741.75,0,0,1,1,1,5.6,440901.0,40.8,1
64,1,65409.0,2,5.0,2.0,1,12,6,1,3.0,0,1,18,21803.0,0,1,1,1,0,9.6,261636.0,10.0,0
32,1,118673.0,1,29.7,1.0,1,7,7,1,2.0,1,1,14,59336.5,0,0,1,1,1,7.0,356019.0,59.4,0
38,0,73758.0,1,5.0,1.0,2,5,8,1,1.0,1,1,13,36879.0,0,0,1,1,1,6.2,147516.0,10.0,0
53,0,134111.0,0,6.9,2.0,0,1,0,1,2.0,1,1,1,44703.666666666664,0,0,1,1,1,0.6,402333.0,13.8,1
39,0,40109.0,2,46.8,2.0,1,10,6,0,5.0,1,1,16,13369.666666666666,1,1,1,0,1,8.4,240654.0,93.6,1
63,0,100006.0,1,45.2,3.0,2,4,9,1,2.0,1,1,13,25001.5,1,0,1,1,1,6.0,300018.0,90.4,0
26,1,42346.0,2,49.2,2.0,2,13,12,0,4.0,0,1,25,14115.333333333334,1,1,1,0,0,12.600000000000001,211730.0,98.4,0
48,0,59406.0,1,60.2,1.0,2,5,6,1,1.0,1,1,11,29703.0,1,0,1,1,1,5.4,118812.0,120.4,0
46,0,129709.0,2,40.1,3.0,2,11,3,0,4.0,1,1,14,32427.25,0,1,1,0,1,7.8,648545.0,80.2,1
44,0,82196.0,2,39.4,3.0,2,12,5,1,4.0,1,1,17,20549.0,0,1,1,1,1,9.2,410980.0,78.8,1
32,1,91597.0,1,11.2,1.0,0,6,7,1,4.0,0,1,13,45798.5,0,1,1,1,0,6.4,457985.0,22.4,0
50,0,77147.0,2,5.0,3.0,2,10,3,0,1.0,1,1,13,19286.75,0,0,1,0,1,7.2,154294.0,10.0,0
36,1,62010.0,2,20.4,1.0,0,10,17,0,5.0,1,1,27,31005.0,0,1,1,0,1,12.8,372060.0,40.8,0
69,0,35695.0,2,14.3,3.0,1,7,4,0,3.0,1,1,11,8923.75,0,1,1,0,1,5.800000000000001,142780.0,28.6,0
54,0,67954.0,1,70.2,2.0,1,3,6,0,4.0,1,1,9,22651.333333333332,1,1,1,0,1,4.2,339770.0,140.4,0
47,1,84057.0,0,23.2,2.0,1,1,0,1,3.0,1,1,1,28019.0,0,1,1,1,1,0.6,336228.0,46.4,0
55,1,53521.0,1,34.7,2.0,1,5,6,1,1.0,0,1,11,17840.333333333332,0,0,1,1,0,5.4,107042.0,69.4,0
45,0,100537.0,1,70.6,2.0,3,5,3,1,2.0,0,1,8,33512.333333333336,1,0,1,1,0,4.2,301611.0,141.2,0
27,0,132273.0,1,53.7,3.0,2,1,7,0,1.0,0,1,8,33068.25,1,0,1,0,0,3.4000000000000004,264546.0,107.4,0
32,0,109871.0,1,5.0,1.0,3,2,8,1,3.0,1,1,10,54935.5,0,1,1,1,1,4.4,439484.0,10.0,0
52,1,100622.0,2,69.4,2.0,0,2,16,1,1.0,1,1,18,33540.666666666664,1,0,1,1,1,7.6000000000000005,201244.0,138.8,0
50,1,78965.0,1,69.0,2.0,3,1,9,0,3.0,0,1,10,26321.666666666668,1,1,1,0,0,4.2,315860.0,138.0,0
39,0,144060.0,1,21.0,1.0,1,4,9,1,3.0,1,1,13,72030.0,0,1,1,1,1,6.0,576240.0,42.0,1
62,0,30000.0,2,39.7,2.0,1,2,16,0,1.0,1,1,18,10000.0,0,0,1,0,1,7.6000000000000005,60000.0,79.4,0
52,0,133552.0,0,58.4,2.0,1,2,1,1,4.0,1,1,3,44517.333333333336,1,1,1,1,1,1.6,667760.0,116.8,0
45,0,58183.0,2,79.0,3.0,1,8,16,1,3.0,1,1,24,14545.75,1,1,1,1,1,11.2,232732.0,158.0,0
50,1,50855.0,1,5.0,1.0,1,3,9,1,3.0,1,1,12,25427.5,0,1,1,1,1,5.4,203420.0,10.0,0
69,1,96483.0,1,61.9,3.5,2,5,6,1,5.0,1,1,11,21440.666666666668,1,1,1,1,1,5.4,578898.0,123.8,0
28,0,125396.0,2,5.0,3.0,1,12,16,1,5.0,0,1,28,31349.0,0,1,1,1,0,13.6,752376.0,10.0,1
43,1,84708.0,2,5.0,3.0,3,10,11,0,5.0,1,1,21,21177.0,0,1,1,0,1,10.4,508248.0,10.0,1
62,0,84708.0,2,58.0,1.0,1,9,3,0,3.0,1,1,12,42354.0,1,1,1,0,1,6.6,338832.0,116.0,0
69,1,87460.0,1,57.8,2.0,1,4,2,0,2.0,0,1,6,29153.333333333332,1,0,1,0,0,3.2,262380.0,115.6,0
51,0,35573.0,1,5.0,2.0,3,1,7,1,2.0,1,1,8,11857.666666666666,0,0,1,1,1,3.4000000000000004,106719.0,10.0,0
45,1,97741.0,1,58.0,3.0,3,3,9,1,2.0,0,1,12,24435.25,1,0,1,1,0,5.4,293223.0,116.0,0
45,1,30000.0,1,68.8,1.0,2,2,2,1,5.0,0,1,4,15000.0,1,1,1,1,0,2.0,180000.0,137.6,0
57,1,87225.0,2,32.4,3.0,3,9,18,0,3.0,1,1,27,21806.25,0,1,1,0,1,12.6,348900.0,64.8,0
39,0,85878.0,0,55.4,2.0,1,1,2,1,5.0,0,1,3,28626.0,1,1,1,1,0,1.4,515268.0,110.8,0
56,1,41341.0,2,41.5,3.0,2,12,15,1,1.0,1,1,27,10335.25,1,0,1,1,1,13.2,82682.0,83.0,0
47,1,93818.0,2,53.8,3.5,1,10,12,0,3.0,1,1,22,20848.444444444445,1,1,1,0,1,10.8,375272.0,107.6,0
47,1,122071.0,0,5.0,1.0,2,0,2,1,4.0,1,1,2,61035.5,0,1,1,1,1,0.8,610355.0,10.0,0
57,1,131472.0,2,35.5,3.0,1,9,7,0,2.0,1,1,16,32868.0,0,0,1,0,1,8.2,394416.0,71.0,0
54,0,81470.0,0,50.4,2.0,1,1,0,1,4.0,0,1,1,27156.666666666668,1,1,1,1,0,0.6,407350.0,100.8,0
40,0,87215.0,2,83.8,3.0,0,13,5,1,5.0,0,1,18,21803.75,1,1,1,1,0,9.8,523290.0,167.6,0
42,0,97567.0,1,27.8,1.0,3,0,8,1,2.0,0,1,8,48783.5,0,0,1,1,0,3.2,292701.0,55.6,0
57,1,64334.0,1,37.2,1.0,2,6,5,1,1.0,1,1,11,32167.0,0,0,1,1,1,5.6,128668.0,74.4,0
63,1,69093.0,2,30.4,2.0,1,4,8,0,1.0,1,1,12,23031.0,0,0,1,0,1,5.6,138186.0,60.8,0
46,1,41928.0,2,36.5,2.0,1,12,11,0,1.0,1,1,23,13976.0,0,0,1,0,1,11.6,83856.0,73.0,0
32,1,77323.0,1,51.8,2.0,1,2,6,0,4.0,0,1,8,25774.333333333332,1,1,1,0,0,3.6000000000000005,386615.0,103.6,0
54,1,92256.0,1,5.0,1.0,2,1,7,1,5.0,1,1,8,46128.0,0,1,1,1,1,3.4000000000000004,553536.0,10.0,1
63,1,69836.0,0,14.2,2.0,1,2,2,1,3.0,0,1,4,23278.666666666668,0,1,1,1,0,2.0,279344.0,28.4,0
40,0,91377.0,1,52.6,2.0,0,5,5,1,1.0,0,1,10,30459.0,1,0,1,1,0,5.0,182754.0,105.2,0
54,0,101027.0,2,5.0,3.0,1,13,16,0,4.0,1,1,29,25256.75,0,1,1,0,1,14.2,505135.0,10.0,1
64,1,125759.0,0,48.5,1.0,1,2,2,1,1.0,0,1,4,62879.5,1,0,1,1,0,2.0,251518.0,97.0,0
57,0,35561.0,1,58.8,2.0,1,4,3,1,4.0,1,1,7,11853.666666666666,1,1,1,1,1,3.6,177805.0,117.6,1
35,1,101547.0,1,63.3,2.0,2,2,2,1,1.0,0,1,4,33849.0,1,0,1,1,0,2.0,203094.0,126.6,0
39,1,83745.0,2,38.3,2.0,1,8,5,1,5.0,1,1,13,27915.0,0,1,1,1,1,6.8,502470.0,76.6,0
35,0,104070.0,1,5.0,2.0,1,3,7,0,5.0,1,1,10,34690.0,0,1,1,0,1,4.6,624420.0,10.0,0
67,0,111682.0,2,39.6,1.0,2,14,8,1,2.0,1,1,22,55841.0,0,0,1,1,1,11.600000000000001,335046.0,79.2,1
35,0,71095.0,2,34.5,2.0,0,2,6,1,3.0,1,1,8,23698.333333333332,0,1,1,1,1,3.6000000000000005,284380.0,69.0,0
30,0,85367.0,2,23.1,2.0,0,14,15,0,4.0,1,1,29,28455.666666666668,0,1,1,0,1,14.4,426835.0,46.2,0
49,1,80931.0,2,28.0,1.0,1,13,8,0,1.0,0,1,21,40465.5,0,0,1,0,0,11.0,161862.0,56.0,0
62,1,149261.0,2,54.4,2.0,1,9,17,1,2.0,1,1,26,49753.666666666664,1,0,1,1,1,12.2,447783.0,108.8,0
49,0,110226.0,1,23.0,1.0,3,1,8,1,3.0,0,1,9,55113.0,0,1,1,1,0,3.8000000000000003,440904.0,46.0,0
63,1,40838.0,1,34.1,1.0,1,3,9,1,1.0,1,1,12,20419.0,0,0,1,1,1,5.4,81676.0,68.2,0
61,1,84708.0,2,40.2,2.0,2,3,18,0,2.0,1,1,21,28236.0,1,0,1,0,1,9.0,254124.0,80.4,0
51,1,95468.0,1,43.6,2.0,3,6,8,1,1.0,0,1,14,31822.666666666668,1,0,1,1,0,6.8,190936.0,87.2,0
55,0,30000.0,2,34.1,2.0,3,14,14,0,4.0,0,1,28,10000.0,0,1,1,0,0,14.0,150000.0,68.2,0
34,0,91675.0,2,10.5,2.0,3,14,11,0,1.0,1,1,25,30558.333333333332,0,0,1,0,1,12.8,183350.0,21.0,0
59,1,137930.0,1,79.8,2.0,2,7,1,1,1.0,1,1,8,45976.666666666664,1,0,1,1,1,4.6000000000000005,275860.0,159.6,0
63,0,80045.0,1,34.2,2.0,1,5,7,1,3.0,1,1,12,26681.666666666668,0,1,1,1,1,5.800000000000001,320180.0,68.4,0
42,0,111181.0,2,85.2,2.0,2,13,9,0,3.0,1,1,22,37060.333333333336,1,1,1,0,1,11.4,444724.0,170.4,1
53,0,104378.0,2,55.8,3.0,2,12,16,0,4.0,1,1,28,26094.5,1,1,1,0,1,13.6,521890.0,111.6,1
43,1,115696.0,2,32.5,2.0,1,12,10,1,3.0,1,1,22,38565.333333333336,0,1,1,1,1,11.2,462784.0,65.0,0
40,0,154081.0,0,5.0,2.0,2,1,2,1,1.0,0,1,3,51360.333333333336,0,0,1,1,0,1.4,308162.0,10.0,0
27,0,61411.0,2,92.0,2.0,0,3,7,0,3.0,0,1,10,20470.333333333332,1,1,1,0,0,4.6,245644.0,184.0,0
49,0,95665.0,0,56.5,2.0,1,0,2,1,3.0,1,1,2,31888.333333333332,1,1,1,1,1,0.8,382660.0,113.0,1
68,1,154158.0,2,21.3,1.0,2,12,6,1,3.0,1,1,18,77079.0,0,1,1,1,1,9.6,616632.0,42.6,1
26,0,113743.0,1,51.9,1.0,2,1,1,0,4.0,1,1,2,56871.5,1,1,1,0,1,1.0,568715.0,103.8,0
68,0,67541.0,2,57.2,1.0,1,14,15,0,4.0,0,1,29,33770.5,1,1,1,0,0,14.4,337705.0,114.4,0
25,1,105868.0,1,11.6,1.0,2,6,8,1,3.0,1,1,14,52934.0,0,1,1,1,1,6.8,423472.0,23.2,0
36,1,82301.0,2,11.0,1.0,1,2,19,0,2.0,1,1,21,41150.5,0,0,1,0,1,8.8,246903.0,22.0,0
53,1,42937.0,2,36.4,3.0,2,3,10,1,4.0,0,1,13,10734.25,0,1,1,1,0,5.8,214685.0,72.8,0
33,1,30000.0,2,52.5,2.0,2,10,15,0,1.0,1,1,25,10000.0,1,0,1,0,1,12.0,60000.0,105.0,0
57,0,92482.0,1,6.3,3.5,3,7,9,1,3.0,1,1,16,20551.555555555555,0,1,1,1,1,7.800000000000001,369928.0,12.6,1
53,1,68077.0,0,68.0,1.0,2,2,3,1,1.0,0,1,5,34038.5,1,0,1,1,0,2.4000000000000004,136154.0,136.0,0
43,1,111718.0,2,5.0,2.0,1,11,17,1,3.0,1,1,28,37239.333333333336,0,1,1,1,1,13.4,446872.0,10.0,0
37,1,112843.0,1,46.1,3.0,1,1,1,1,5.0,1,1,2,28210.75,1,1,1,1,1,1.0,677058.0,92.2,1
53,0,79575.0,1,41.8,2.0,1,5,4,1,5.0,1,1,9,26525.0,1,1,1,1,1,4.6,477450.0,83.6,1
54,1,75963.0,1,45.3,3.0,3,3,8,0,5.0,1,1,11,18990.75,1,1,1,0,1,5.0,455778.0,90.6,0
41,1,77383.0,1,58.6,2.0,2,4,8,1,4.0,1,1,12,25794.333333333332,1,1,1,1,1,5.6,386915.0,117.2,0
25,0,101290.0,0,17.8,3.0,2,0,2,1,4.0,1,1,2,25322.5,0,1,1,1,1,0.8,506450.0,35.6,0
30,2,38649.0,1,27.0,2.0,1,5,7,1,4.0,1,1,12,12883.0,0,1,1,1,1,5.800000000000001,193245.0,54.0,0
32,0,84774.0,2,29.1,1.0,1,10,11,0,2.0,1,1,21,42387.0,0,0,1,0,1,10.4,254322.0,58.2,0
38,0,113354.0,2,17.4,1.0,3,5,11,1,3.0,1,1,16,56677.0,0,1,1,1,1,7.4,453416.0,34.8,0
60,0,66710.0,1,67.6,2.0,1,3,7,1,1.0,1,1,10,22236.666666666668,1,0,1,1,1,4.6,133420.0,135.2,0
30,0,95585.0,2,61.8,2.0,3,11,14,1,2.0,0,1,25,31861.666666666668,1,0,1,1,0,12.2,286755.0,123.6,0
26,1,83397.0,1,67.1,2.0,1,7,1,1,1.0,1,1,8,27799.0,1,0,1,1,1,4.6000000000000005,166794.0,134.2,0
41,1,58728.0,1,8.9,3.0,2,2,7,1,5.0,1,1,9,14682.0,0,1,1,1,1,4.0,352368.0,17.8,0
49,1,46440.0,0,47.4,3.5,2,0,2,1,5.0,1,1,2,10320.0,1,1,1,1,1,0.8,278640.0,94.8,0
48,1,50482.0,2,5.0,1.0,2,6,9,0,4.0,1,1,15,25241.0,0,1,1,0,1,7.199999999999999,252410.0,10.0,1
35,1,94574.0,2,43.6,2.0,1,13,15,1,3.0,1,1,28,31524.666666666668,1,1,1,1,1,13.8,378296.0,87.2,0
49,0,140687.0,2,66.8,2.0,2,14,8,0,5.0,0,1,22,46895.666666666664,1,1,1,0,0,11.600000000000001,844122.0,133.6,0
49,0,79677.0,2,52.3,3.0,1,9,15,0,4.0,0,1,24,19919.25,1,1,1,0,0,11.399999999999999,398385.0,104.6,0
41,1,114353.0,2,51.0,1.0,1,6,5,0,4.0,1,1,11,57176.5,1,1,1,0,1,5.6,571765.0,102.0,0
32,1,30000.0,2,23.5,3.5,2,6,7,1,4.0,1,1,13,6666.666666666667,0,1,1,1,1,6.4,150000.0,47.0,0
69,0,123669.0,1,53.8,1.0,1,3,3,1,3.0,0,1,6,61834.5,1,1,1,1,0,3.0,494676.0,107.6,0
57,1,69772.0,2,47.7,1.0,1,3,9,0,3.0,0,1,12,34886.0,1,1,1,0,0,5.4,279088.0,95.4,0
65,0,130933.0,1,79.3,3.5,2,4,7,1,5.0,1,1,11,29096.222222222223,1,1,1,1,1,5.2,785598.0,158.6,1
55,1,89023.0,0,30.3,1.0,1,0,2,1,3.0,0,1,2,44511.5,0,1,1,1,0,0.8,356092.0,60.6,0
46,1,45926.0,1,52.0,1.0,1,5,3,1,5.0,0,1,8,22963.0,1,1,1,1,0,4.2,275556.0,104.0,0
54,1,72664.0,2,5.0,3.0,2,12,5,1,5.0,1,1,17,18166.0,0,1,1,1,1,9.2,435984.0,10.0,1
68,2,72866.0,1,37.7,2.0,1,5,9,1,2.0,1,1,14,24288.666666666668,0,0,1,1,1,6.6,218598.0,75.4,0
68,1,101134.0,0,43.5,1.0,2,1,2,1,1.0,1,1,3,50567.0,1,0,1,1,1,1.4,202268.0,87.0,0
49,1,170537.0,1,64.9,2.0,2,0,8,1,4.0,0,1,8,56845.666666666664,1,1,1,1,0,3.2,852685.0,129.8,0
35,0,109605.0,2,50.4,3.0,0,14,11,0,4.0,0,1,25,27401.25,1,1,1,0,0,12.8,548025.0,100.8,0
35,1,144194.0,2,40.5,1.0,1,5,16,1,4.0,1,1,21,72097.0,1,1,1,1,1,9.4,720970.0,81.0,1
58,2,30000.0,2,39.0,1.0,1,11,13,0,2.0,0,1,24,15000.0,0,0,1,0,0,11.8,90000.0,78.0,0
45,1,57208.0,1,75.1,2.0,0,3,1,1,1.0,0,1,4,19069.333333333332,1,0,1,1,0,2.1999999999999997,114416.0,150.2,0
51,0,97408.0,2,30.3,1.0,2,5,19,0,4.0,1,1,24,48704.0,0,1,1,0,1,10.600000000000001,487040.0,60.6,0
47,0,63712.0,1,21.0,2.0,1,0,3,1,1.0,1,1,3,21237.333333333332,0,0,1,1,1,1.2000000000000002,127424.0,42.0,0
54,1,72716.0,2,33.5,1.0,0,6,12,1,3.0,1,1,18,36358.0,0,1,1,1,1,8.4,290864.0,67.0,0
34,1,84708.0,0,63.6,2.0,2,1,3,1,4.0,0,1,4,28236.0,1,1,1,1,0,1.8000000000000003,423540.0,127.2,0
53,0,84530.0,0,56.9,1.0,1,1,0,1,1.0,1,1,1,42265.0,1,0,1,1,1,0.6,169060.0,113.8,0
40,1,74947.0,2,15.4,2.0,2,10,9,0,1.0,1,1,19,24982.333333333332,0,0,1,0,1,9.6,149894.0,30.8,0
53,1,69340.0,1,24.4,1.0,3,5,8,1,4.0,1,1,13,34670.0,0,1,1,1,1,6.2,346700.0,48.8,0
54,1,77532.0,1,48.5,1.0,1,4,4,1,3.0,0,1,8,38766.0,1,1,1,1,0,4.0,310128.0,97.0,0
59,0,107352.0,1,50.9,2.0,2,3,5,1,3.0,1,1,8,35784.0,1,1,1,1,1,3.8,429408.0,101.8,0
26,1,42717.0,2,68.7,3.0,2,14,14,1,4.0,0,1,28,10679.25,1,1,1,1,0,14.0,213585.0,137.4,0
36,1,97895.0,1,38.3,2.0,3,6,3,1,2.0,1,1,9,32631.666666666668,0,0,1,1,1,4.8,293685.0,76.6,0
45,1,30000.0,1,17.4,3.5,1,4,5,1,4.0,1,1,9,6666.666666666667,0,1,1,1,1,4.4,150000.0,34.8,0
39,0,67986.0,0,61.8,3.0,1,2,0,1,4.0,1,1,2,16996.5,1,1,1,1,1,1.2,339930.0,123.6,0
48,1,82500.0,2,75.0,1.0,0,11,12,1,2.0,0,1,23,41250.0,1,0,1,1,0,11.4,247500.0,150.0,0
31,0,87630.0,1,70.3,1.0,2,0,6,1,1.0,0,1,6,43815.0,1,0,1,1,0,2.4000000000000004,175260.0,140.6,0
44,0,31034.0,0,6.0,1.0,2,2,0,1,2.0,1,1,2,15517.0,0,0,1,1,1,1.2,93102.0,12.0,0
50,0,30000.0,2,43.2,1.0,2,5,15,1,2.0,0,1,20,15000.0,1,0,1,1,0,9.0,90000.0,86.4,0
60,0,47055.0,1,20.3,2.0,2,4,7,1,5.0,0,1,11,15685.0,0,1,1,1,0,5.2,282330.0,40.6,0
40,1,77960.0,1,44.5,1.0,1,4,5,1,1.0,1,1,9,38980.0,1,0,1,1,1,4.4,155920.0,89.0,0
39,1,107481.0,2,41.7,1.0,1,3,11,0,5.0,1,1,14,53740.5,1,1,1,0,1,6.2,644886.0,83.4,0
41,0,107551.0,2,33.0,2.0,1,6,15,0,4.0,0,1,21,35850.333333333336,0,1,1,0,0,9.6,537755.0,66.0,0
31,1,116019.0,2,76.3,1.0,2,13,12,0,1.0,1,1,25,58009.5,1,0,1,0,1,12.600000000000001,232038.0,152.6,0
30,1,87750.0,1,15.9,1.0,1,6,5,1,2.0,1,1,11,43875.0,0,0,1,1,1,5.6,263250.0,31.8,0
63,0,92798.0,1,40.7,1.0,2,3,7,1,1.0,1,1,10,46399.0,1,0,1,1,1,4.6,185596.0,81.4,0
28,0,30190.0,1,76.8,2.0,0,1,3,1,5.0,0,1,4,10063.333333333334,1,1,1,1,0,1.8000000000000003,181140.0,153.6,0
50,1,69205.0,1,5.0,1.0,0,4,4,1,5.0,1,1,8,34602.5,0,1,1,1,1,4.0,415230.0,10.0,0
34,1,106221.0,1,31.4,2.0,2,2,3,1,1.0,1,1,5,35407.0,0,0,1,1,1,2.4000000000000004,212442.0,62.8,0
43,1,71926.0,2,42.9,1.0,2,11,4,1,4.0,1,1,15,35963.0,1,1,1,1,1,8.2,359630.0,85.8,0
66,0,84708.0,1,52.5,3.0,2,0,7,1,5.0,0,1,7,21177.0,1,1,1,1,0,2.8000000000000003,508248.0,105.0,0
40,1,112419.0,1,30.9,2.0,2,5,1,1,1.0,1,1,6,37473.0,0,0,1,1,1,3.4,224838.0,61.8,0
61,1,170891.0,2,56.4,2.0,1,5,14,0,1.0,1,1,19,56963.666666666664,1,0,1,0,1,8.600000000000001,341782.0,112.8,0
39,1,119424.0,1,5.0,2.0,0,0,4,1,1.0,1,1,4,39808.0,0,0,1,1,1,1.6,238848.0,10.0,0
36,1,78738.0,1,46.6,1.0,2,5,9,1,3.0,1,1,14,39369.0,1,1,1,1,1,6.6,314952.0,93.2,0
36,0,112446.0,2,61.1,2.0,2,2,16,0,3.0,1,1,18,37482.0,1,1,1,0,1,7.6000000000000005,449784.0,122.2,1
53,1,96787.0,2,66.7,1.0,2,2,13,1,3.0,0,1,15,48393.5,1,1,1,1,0,6.4,387148.0,133.4,0
45,0,121294.0,1,72.5,2.0,1,2,8,1,1.0,0,1,10,40431.333333333336,1,0,1,1,0,4.4,242588.0,145.0,0
65,0,80740.0,0,33.0,1.0,0,0,1,1,4.0,1,1,1,40370.0,0,1,1,1,1,0.4,403700.0,66.0,0
50,0,77831.0,0,42.3,1.0,3,0,1,1,3.0,0,1,1,38915.5,1,1,1,1,0,0.4,311324.0,84.6,0
58,0,31098.0,2,64.7,2.0,1,4,9,0,3.0,0,1,13,10366.0,1,1,1,0,0,6.0,124392.0,129.4,0
50,0,58963.0,1,5.0,2.0,1,4,2,0,2.0,1,1,6,19654.333333333332,0,0,1,0,1,3.2,176889.0,10.0,0
41,0,104555.0,1,94.9,1.0,1,7,8,1,1.0,0,1,15,52277.5,1,0,1,1,0,7.4,209110.0,189.8,0
66,1,52201.0,1,5.0,3.0,2,5,6,1,5.0,0,1,11,13050.25,0,1,1,1,0,5.4,313206.0,10.0,0
29,1,112607.0,0,16.3,2.0,0,2,1,1,3.0,1,1,3,37535.666666666664,0,1,1,1,1,1.6,450428.0,32.6,0
50,0,75101.0,1,36.3,2.0,1,7,9,0,1.0,1,1,16,25033.666666666668,0,0,1,0,1,7.800000000000001,150202.0,72.6,0
58,0,47043.0,2,34.7,3.0,0,14,16,0,3.0,1,1,30,11760.75,0,1,1,0,1,14.8,188172.0,69.4,0
55,0,84310.0,2,40.4,1.0,1,12,14,1,4.0,1,1,26,42155.0,1,1,1,1,1,12.8,421550.0,80.8,0
47,1,49900.0,2,52.2,2.0,1,12,8,1,2.0,0,1,20,16633.333333333332,1,0,1,1,0,10.399999999999999,149700.0,104.4,0
59,1,86290.0,1,25.2,3.0,1,1,3,0,1.0,1,1,4,21572.5,0,0,1,0,1,1.8000000000000003,172580.0,50.4,0
60,1,94280.0,2,17.8,1.0,3,7,14,0,5.0,1,1,21,47140.0,0,1,1,0,1,9.8,565680.0,35.6,0
33,1,138319.0,2,42.6,3.0,0,8,14,1,2.0,0,1,22,34579.75,1,0,1,1,0,10.4,414957.0,85.2,0
31,0,57207.0,1,66.3,1.0,2,4,5,1,2.0,1,1,9,28603.5,1,0,1,1,1,4.4,171621.0,132.6,0
55,0,87203.0,0,14.7,1.0,3,1,0,0,2.0,1,1,1,43601.5,0,0,1,0,1,0.6,261609.0,29.4,0
48,1,124938.0,0,21.9,2.0,2,1,0,1,1.0,1,1,1,41646.0,0,0,1,1,1,0.6,249876.0,43.8,0
64,1,86183.0,2,40.2,2.0,1,4,8,0,5.0,1,1,12,28727.666666666668,1,1,1,0,1,5.6,517098.0,80.4,1
38,1,97368.0,2,72.5,2.0,0,8,7,1,4.0,1,1,15,32456.0,1,1,1,1,1,7.6,486840.0,145.0,0
40,1,93232.0,0,70.6,1.0,3,2,1,1,4.0,1,1,3,46616.0,1,1,1,1,1,1.6,466160.0,141.2,0
62,1,52150.0,2,49.9,1.0,2,3,16,0,3.0,1,1,19,26075.0,1,1,1,0,1,8.2,208600.0,99.8,0
41,1,61083.0,1,40.2,2.0,2,4,4,1,2.0,0,1,8,20361.0,1,0,1,1,0,4.0,183249.0,80.4,0
53,0,114302.0,1,54.7,1.0,2,0,5,1,2.0,1,1,5,57151.0,1,0,1,1,1,2.0,342906.0,109.4,0
44,1,91578.0,0,5.0,1.0,2,1,1,1,1.0,0,1,2,45789.0,0,0,1,1,0,1.0,183156.0,10.0,0
56,1,104021.0,0,75.6,1.0,0,0,1,1,1.0,1,1,1,52010.5,1,0,1,1,1,0.4,208042.0,151.2,0
35,0,115518.0,1,34.5,2.0,0,2,6,1,3.0,0,1,8,38506.0,0,1,1,1,0,3.6000000000000005,462072.0,69.0,0
49,0,69328.0,1,23.4,3.0,0,2,9,1,1.0,0,1,11,17332.0,0,0,1,1,0,4.8,138656.0,46.8,0
38,1,35736.0,2,33.0,1.0,1,12,16,0,1.0,0,1,28,17868.0,0,0,1,0,0,13.6,71472.0,66.0,0
34,1,63137.0,2,61.9,3.0,3,2,19,0,2.0,0,1,21,15784.25,1,0,1,0,0,8.8,189411.0,123.8,0
48,0,95793.0,2,27.8,3.0,2,3,10,1,4.0,1,1,13,23948.25,0,1,1,1,1,5.8,478965.0,55.6,1
54,1,76536.0,0,89.6,2.0,0,0,0,0,4.0,1,1,0,25512.0,1,1,1,0,1,0.0,382680.0,179.2,0
60,2,100997.0,2,50.4,2.0,2,5,18,0,1.0,0,1,23,33665.666666666664,1,0,1,0,0,10.2,201994.0,100.8,0
32,1,101476.0,2,48.7,2.0,1,7,4,1,3.0,1,1,11,33825.333333333336,1,1,1,1,1,5.800000000000001,405904.0,97.4,0
52,0,92106.0,2,45.4,2.0,2,12,8,0,2.0,0,1,20,30702.0,1,0,1,0,0,10.399999999999999,276318.0,90.8,0
51,0,77048.0,2,16.8,1.0,0,3,6,0,1.0,0,1,9,38524.0,0,0,1,0,0,4.2,154096.0,33.6,0
43,1,91807.0,1,5.0,1.0,1,5,5,1,1.0,1,1,10,45903.5,0,0,1,1,1,5.0,183614.0,10.0,1
55,1,94058.0,1,39.3,1.0,1,2,1,1,2.0,1,1,3,47029.0,0,0,1,1,1,1.6,282174.0,78.6,0
38,1,59362.0,0,40.2,1.0,2,1,0,1,1.0,1,1,1,29681.0,1,0,1,1,1,0.6,118724.0,80.4,0
49,0,57534.0,2,25.0,1.0,0,5,5,1,4.0,1,1,10,28767.0,0,1,1,1,1,5.0,287670.0,50.0,0
34,1,79857.0,2,45.7,1.0,3,9,5,1,5.0,1,1,14,39928.5,1,1,1,1,1,7.3999999999999995,479142.0,91.4,1
46,1,174521.0,1,60.7,1.0,2,4,7,1,1.0,1,1,11,87260.5,1,0,1,1,1,5.2,349042.0,121.4,0
55,1,119692.0,1,66.1,1.0,2,5,4,1,3.0,1,1,9,59846.0,1,1,1,1,1,4.6,478768.0,132.2,1
47,1,92831.0,1,19.2,1.0,2,5,4,1,5.0,1,1,9,46415.5,0,1,1,1,1,4.6,556986.0,38.4,1
40,0,81899.0,0,39.6,2.0,2,1,3,1,3.0,1,1,4,27299.666666666668,0,1,1,1,1,1.8000000000000003,327596.0,79.2,0
26,2,97864.0,2,43.2,2.0,1,7,10,0,4.0,1,1,17,32621.333333333332,1,1,1,0,1,8.2,489320.0,86.4,0
37,1,80378.0,2,40.2,1.0,1,14,3,0,4.0,0,1,17,40189.0,1,1,1,0,0,9.600000000000001,401890.0,80.4,0
65,1,64953.0,2,33.2,1.0,2,11,7,0,1.0,1,1,18,32476.5,0,0,1,0,1,9.4,129906.0,66.4,0
27,0,173388.0,0,26.6,2.0,0,2,0,1,2.0,1,1,2,57796.0,0,0,1,1,1,1.2,520164.0,53.2,0
29,1,30000.0,2,30.5,2.0,2,5,14,1,3.0,1,1,19,10000.0,0,1,1,1,1,8.600000000000001,120000.0,61.0,0
47,1,77148.0,2,22.2,1.0,0,14,7,1,5.0,0,1,21,38574.0,0,1,1,1,0,11.200000000000001,462888.0,44.4,0
58,0,55046.0,1,77.1,1.0,1,2,8,1,4.0,0,1,10,27523.0,1,1,1,1,0,4.4,275230.0,154.2,0
43,1,100154.0,2,74.3,3.0,2,3,3,1,4.0,1,1,6,25038.5,1,1,1,1,1,3.0,500770.0,148.6,1
56,0,80797.0,1,71.4,3.5,2,2,6,1,2.0,1,1,8,17954.88888888889,1,0,1,1,1,3.6000000000000005,242391.0,142.8,0
60,0,92392.0,1,56.7,1.0,2,7,1,1,4.0,1,1,8,46196.0,1,1,1,1,1,4.6000000000000005,461960.0,113.4,0
60,0,142960.0,2,79.8,1.0,2,9,9,0,2.0,1,1,18,71480.0,1,0,1,0,1,9.0,428880.0,159.6,0
65,0,90557.0,2,63.1,1.0,3,13,10,1,1.0,0,1,23,45278.5,1,0,1,1,0,11.8,181114.0,126.2,0
42,1,30000.0,2,56.7,1.0,0,5,18,0,1.0,1,1,23,15000.0,1,0,1,0,1,10.2,60000.0,113.4,0
48,0,111703.0,2,40.5,1.0,0,13,17,1,3.0,1,1,30,55851.5,1,1,1,1,1,14.600000000000001,446812.0,81.0,0
33,0,112429.0,1,49.3,2.0,2,2,4,0,4.0,1,1,6,37476.333333333336,1,1,1,0,1,2.8,562145.0,98.6,0
52,0,104205.0,2,25.7,3.5,2,2,7,0,2.0,1,1,9,23156.666666666668,0,0,1,0,1,4.0,312615.0,51.4,0
60,0,84376.0,0,74.9,1.0,2,2,1,1,2.0,1,1,3,42188.0,1,0,1,1,1,1.6,253128.0,149.8,0
32,1,93477.0,1,9.2,1.0,1,1,5,1,2.0,1,1,6,46738.5,0,0,1,1,1,2.6,280431.0,18.4,0
29,0,99281.0,2,31.8,2.0,1,10,10,0,5.0,1,1,20,33093.666666666664,0,1,1,0,1,10.0,595686.0,63.6,1
33,1,82115.0,0,92.2,1.0,0,1,3,1,3.0,0,1,4,41057.5,1,1,1,1,0,1.8000000000000003,328460.0,184.4,0
53,1,30000.0,2,9.5,3.0,2,12,7,0,5.0,1,1,19,7500.0,0,1,1,0,1,10.0,180000.0,19.0,0
33,1,87715.0,1,31.9,2.0,2,2,8,1,4.0,1,1,10,29238.333333333332,0,1,1,1,1,4.4,438575.0,63.8,1
28,1,91056.0,1,16.6,2.0,3,0,3,1,4.0,0,1,3,30352.0,0,1,1,1,0,1.2000000000000002,455280.0,33.2,0
49,0,94850.0,1,12.5,1.0,2,1,4,1,4.0,1,1,5,47425.0,0,1,1,1,1,2.2,474250.0,25.0,1
59,0,70384.0,1,59.8,1.0,2,0,9,0,2.0,0,1,9,35192.0,1,0,1,0,0,3.6,211152.0,119.6,0
46,0,67229.0,0,58.5,2.0,2,0,2,0,2.0,0,1,2,22409.666666666668,1,0,1,0,0,0.8,201687.0,117.0,0
37,1,118533.0,2,45.1,1.0,2,6,8,1,4.0,0,1,14,59266.5,1,1,1,1,0,6.8,592665.0,90.2,0
40,1,72816.0,1,10.9,1.0,2,6,3,0,4.0,1,1,9,36408.0,0,1,1,0,1,4.8,364080.0,21.8,0
31,0,85451.0,2,16.9,3.5,1,7,19,0,1.0,0,1,26,18989.11111111111,0,0,1,0,0,11.8,170902.0,33.8,0
52,0,134327.0,2,20.5,3.0,0,12,4,0,2.0,1,1,16,33581.75,0,0,1,0,1,8.799999999999999,402981.0,41.0,1
61,1,126681.0,0,16.7,2.0,1,1,3,1,1.0,0,1,4,42227.0,0,0,1,1,0,1.8000000000000003,253362.0,33.4,0
67,1,93073.0,1,32.5,1.0,1,3,6,0,1.0,0,1,9,46536.5,0,0,1,0,0,4.2,186146.0,65.0,0
25,0,88001.0,0,48.5,3.0,0,1,3,1,1.0,1,1,4,22000.25,1,0,1,1,1,1.8000000000000003,176002.0,97.0,0
33,0,109274.0,1,26.3,1.0,1,7,1,0,5.0,0,1,8,54637.0,0,1,1,0,0,4.6000000000000005,655644.0,52.6,0
35,1,174521.0,1,24.1,3.0,2,3,9,1,5.0,1,1,12,43630.25,0,1,1,1,1,5.4,1047126.0,48.2,1
67,1,45939.0,1,28.0,2.0,1,7,3,0,4.0,0,1,10,15313.0,0,1,1,0,0,5.4,229695.0,56.0,0
68,1,30013.0,1,5.0,2.0,0,3,2,1,2.0,1,1,5,10004.333333333334,0,0,1,1,1,2.5999999999999996,90039.0,10.0,0
68,1,48779.0,2,30.1,3.0,2,8,7,0,5.0,1,1,15,12194.75,0,1,1,0,1,7.6,292674.0,60.2,0
39,0,87418.0,1,52.7,3.0,0,0,8,1,3.0,0,1,8,21854.5,1,1,1,1,0,3.2,349672.0,105.4,0
64,1,139660.0,2,46.8,2.0,3,2,11,1,2.0,0,1,13,46553.333333333336,1,0,1,1,0,5.6000000000000005,418980.0,93.6,0
52,0,74694.0,1,7.5,2.0,3,6,8,1,2.0,0,1,14,24898.0,0,0,1,1,0,6.8,224082.0,15.0,0
52,1,80622.0,2,31.6,2.0,0,14,19,0,5.0,1,1,33,26874.0,0,1,1,0,1,16.0,483732.0,63.2,0
38,1,73963.0,2,80.4,2.0,1,11,10,0,5.0,0,1,21,24654.333333333332,1,1,1,0,0,10.6,443778.0,160.8,0
50,1,30000.0,1,51.4,2.0,2,1,2,0,2.0,1,1,3,10000.0,1,0,1,0,1,1.4,90000.0,102.8,0
42,1,131482.0,2,59.0,1.0,0,8,14,1,3.0,1,1,22,65741.0,1,1,1,1,1,10.4,525928.0,118.0,1
36,1,95351.0,1,27.5,2.0,2,3,7,0,5.0,0,1,10,31783.666666666668,0,1,1,0,0,4.6,572106.0,55.0,0
27,0,99468.0,1,54.4,2.0,2,6,1,1,1.0,1,1,7,33156.0,1,0,1,1,1,3.9999999999999996,198936.0,108.8,0
51,1,54392.0,1,102.9,1.0,1,6,7,1,3.0,1,1,13,27196.0,1,1,1,1,1,6.4,217568.0,205.8,0
47,1,30000.0,2,72.6,2.0,2,2,4,0,2.0,1,1,6,10000.0,1,0,1,0,1,2.8,90000.0,145.2,0
44,0,94015.0,2,5.0,3.0,1,7,8,0,2.0,0,1,15,23503.75,0,0,1,0,0,7.4,282045.0,10.0,0
61,1,82116.0,2,57.7,1.0,0,14,4,0,2.0,0,1,18,41058.0,1,0,1,0,0,10.0,246348.0,115.4,0
37,0,65262.0,2,54.6,1.0,3,12,13,1,3.0,0,1,25,32631.0,1,1,1,1,0,12.399999999999999,261048.0,109.2,0
62,0,84708.0,1,68.0,1.0,1,3,6,1,1.0,0,1,9,42354.0,1,0,1,1,0,4.2,169416.0,136.0,0
54,0,54119.0,2,18.6,2.0,2,10,18,0,1.0,0,1,28,18039.666666666668,0,0,1,0,0,13.2,108238.0,37.2,0
41,0,51808.0,1,58.0,1.0,2,0,2,1,5.0,1,1,2,25904.0,1,1,1,1,1,0.8,310848.0,116.0,0
61,0,158190.0,2,64.0,3.5,2,4,19,0,2.0,0,1,23,35153.333333333336,1,0,1,0,0,10.0,474570.0,128.0,0
65,0,30000.0,2,42.7,1.0,1,3,4,0,4.0,1,1,7,15000.0,1,1,1,0,1,3.4,150000.0,85.4,0
47,1,51035.0,2,5.0,1.0,2,7,4,0,2.0,1,1,11,25517.5,0,0,1,0,1,5.800000000000001,153105.0,10.0,0
44,1,86595.0,1,24.1,2.0,1,6,8,1,2.0,0,1,14,28865.0,0,0,1,1,0,6.8,259785.0,48.2,0
30,2,68132.0,1,19.7,2.0,2,0,6,0,4.0,1,1,6,22710.666666666668,0,1,1,0,1,2.4000000000000004,340660.0,39.4,0
66,0,111466.0,0,70.5,1.0,2,0,3,1,1.0,1,1,3,55733.0,1,0,1,1,1,1.2000000000000002,222932.0,141.0,0
38,0,47252.0,0,71.6,1.0,1,2,3,1,5.0,1,1,5,23626.0,1,1,1,1,1,2.4000000000000004,283512.0,143.2,0
57,1,58818.0,0,12.9,3.0,1,2,2,1,4.0,0,1,4,14704.5,0,1,1,1,0,2.0,294090.0,25.8,0
65,1,58418.0,1,61.5,1.0,1,6,9,1,4.0,0,1,15,29209.0,1,1,1,1,0,7.199999999999999,292090.0,123.0,0
52,0,64545.0,1,20.6,3.0,0,7,7,1,2.0,1,1,14,16136.25,0,0,1,1,1,7.0,193635.0,41.2,0
32,0,43196.0,2,55.1,1.0,1,2,6,0,3.0,1,1,8,21598.0,1,1,1,0,1,3.6000000000000005,172784.0,110.2,0
39,0,92580.0,1,50.5,1.0,1,4,9,1,4.0,1,1,13,46290.0,1,1,1,1,1,6.0,462900.0,101.0,1
43,0,105569.0,1,17.2,2.0,1,4,8,1,1.0,1,1,12,35189.666666666664,0,0,1,1,1,5.6,211138.0,34.4,0
55,0,49119.0,2,36.9,2.0,1,9,11,1,3.0,1,1,20,16373.0,0,1,1,1,1,9.8,196476.0,73.8,0
46,1,127784.0,2,51.8,1.0,0,9,3,1,2.0,0,1,12,63892.0,1,0,1,1,0,6.6,383352.0,103.6,0
43,2,55562.0,0,26.4,2.0,1,2,3,1,4.0,1,1,5,18520.666666666668,0,1,1,1,1,2.4000000000000004,277810.0,52.8,1
29,0,40972.0,1,37.9,3.0,0,5,1,1,5.0,0,1,6,10243.0,0,1,1,1,0,3.4,245832.0,75.8,0
63,0,123434.0,1,63.0,1.0,2,7,3,0,1.0,1,1,10,61717.0,1,0,1,0,1,5.4,246868.0,126.0,0
59,0,63242.0,2,81.7,3.0,3,13,18,1,3.0,0,1,31,15810.5,1,1,1,1,0,15.0,252968.0,163.4,0
34,1,101525.0,1,59.7,2.0,2,1,4,1,5.0,1,1,5,33841.666666666664,1,1,1,1,1,2.2,609150.0,119.4,1
68,1,67091.0,1,40.2,3.0,3,4,7,0,3.0,0,1,11,16772.75,1,1,1,0,0,5.2,268364.0,80.4,0
49,1,127430.0,1,5.0,2.0,0,3,4,0,3.0,1,1,7,42476.666666666664,0,1,1,0,1,3.4,509720.0,10.0,0
49,1,131840.0,1,21.3,2.0,1,0,7,1,1.0,0,1,7,43946.666666666664,0,0,1,1,0,2.8000000000000003,263680.0,42.6,0
47,0,81815.0,1,62.8,3.0,1,0,8,1,4.0,1,1,8,20453.75,1,1,1,1,1,3.2,409075.0,125.6,1
61,0,78407.0,1,5.0,2.0,2,2,1,1,1.0,1,1,3,26135.666666666668,0,0,1,1,1,1.6,156814.0,10.0,0
33,0,30000.0,1,5.0,1.0,1,4,5,1,3.0,0,1,9,15000.0,0,1,1,1,0,4.4,120000.0,10.0,0
36,0,58145.0,2,49.3,3.5,2,5,16,1,3.0,0,1,21,12921.111111111111,1,1,1,1,0,9.4,232580.0,98.6,0
46,1,47071.0,1,30.6,1.0,3,6,5,1,5.0,0,1,11,23535.5,0,1,1,1,0,5.6,282426.0,61.2,0
55,0,30000.0,2,31.5,3.0,2,2,12,1,4.0,0,1,14,7500.0,0,1,1,1,0,6.000000000000001,150000.0,63.0,0
66,1,77016.0,0,65.6,1.0,1,1,3,1,3.0,1,1,4,38508.0,1,1,1,1,1,1.8000000000000003,308064.0,131.2,0
33,1,30000.0,2,13.8,2.0,2,3,17,1,5.0,1,1,20,10000.0,0,1,1,1,1,8.600000000000001,180000.0,27.6,0
45,0,54258.0,1,31.7,1.0,1,0,6,1,1.0,1,1,6,27129.0,0,0,1,1,1,2.4000000000000004,108516.0,63.4,0
43,1,80442.0,2,24.5,3.0,2,5,8,0,2.0,1,1,13,20110.5,0,0,1,0,1,6.2,241326.0,49.0,1
29,1,99878.0,2,40.6,1.0,1,14,17,1,3.0,1,1,31,49939.0,1,1,1,1,1,15.200000000000001,399512.0,81.2,0
36,0,95663.0,1,53.0,3.0,1,0,1,1,1.0,1,1,1,23915.75,1,0,1,1,1,0.4,191326.0,106.0,0
66,1,69336.0,0,42.0,1.0,2,2,2,1,5.0,0,1,4,34668.0,1,1,1,1,0,2.0,416016.0,84.0,0
39,1,112668.0,1,50.9,2.0,2,4,1,1,1.0,0,1,5,37556.0,1,0,1,1,0,2.8,225336.0,101.8,0
31,1,62943.0,1,40.1,2.0,0,0,2,1,3.0,1,1,2,20981.0,0,1,1,1,1,0.8,251772.0,80.2,0
59,1,125313.0,0,29.9,2.0,3,0,3,1,1.0,0,1,3,41771.0,0,0,1,1,0,1.2000000000000002,250626.0,59.8,0
64,1,70260.0,1,8.0,3.5,1,4,3,1,5.0,0,1,7,15613.333333333334,0,1,1,1,0,3.6,421560.0,16.0,0
41,0,91466.0,2,5.0,3.0,1,7,8,1,1.0,1,1,15,22866.5,0,0,1,1,1,7.4,182932.0,10.0,0
32,0,34599.0,2,35.0,1.0,0,7,9,0,4.0,1,1,16,17299.5,0,1,1,0,1,7.800000000000001,172995.0,70.0,0
62,0,88062.0,1,32.0,3.0,1,5,5,1,2.0,1,1,10,22015.5,0,0,1,1,1,5.0,264186.0,64.0,0
33,1,84726.0,2,71.2,2.0,2,10,9,0,3.0,1,1,19,28242.0,1,1,1,0,1,9.6,338904.0,142.4,1
28,1,84708.0,2,35.0,3.0,3,3,4,1,1.0,1,1,7,21177.0,0,0,1,1,1,3.4,169416.0,70.0,0
50,0,111262.0,1,36.1,2.0,3,2,5,1,4.0,1,1,7,37087.333333333336,0,1,1,1,1,3.2,556310.0,72.2,1
27,0,44989.0,1,46.1,2.0,2,0,4,0,1.0,0,1,4,14996.333333333334,1,0,1,0,0,1.6,89978.0,92.2,0
39,1,67986.0,0,20.7,1.0,1,1,2,1,3.0,1,1,3,33993.0,0,1,1,1,1,1.4,271944.0,41.4,0
33,1,30000.0,1,6.9,2.0,2,4,9,1,2.0,1,1,13,10000.0,0,0,1,1,1,6.0,90000.0,13.8,0
49,1,45680.0,1,76.7,2.0,2,1,9,1,3.0,1,1,10,15226.666666666666,1,1,1,1,1,4.2,182720.0,153.4,0
65,0,68669.0,2,52.0,2.0,1,9,4,0,4.0,1,1,13,22889.666666666668,1,1,1,0,1,7.0,343345.0,104.0,1
35,0,45280.0,2,28.4,2.0,1,9,4,1,4.0,0,1,13,15093.333333333334,0,1,1,1,0,7.0,226400.0,56.8,0
30,0,70265.0,0,40.2,2.0,2,0,2,1,5.0,1,1,2,23421.666666666668,1,1,1,1,1,0.8,421590.0,80.4,0
62,0,115912.0,2,27.4,2.0,3,11,3,1,3.0,0,1,14,38637.333333333336,0,1,1,1,0,7.8,463648.0,54.8,0
35,1,102347.0,1,22.6,1.0,2,5,3,0,3.0,1,1,8,51173.5,0,1,1,0,1,4.2,409388.0,45.2,0
54,1,47083.0,1,90.4,2.0,1,7,5,1,5.0,0,1,12,15694.333333333334,1,1,1,1,0,6.2,282498.0,180.8,0
61,0,103998.0,0,33.0,1.0,0,1,2,1,2.0,1,1,3,51999.0,0,0,1,1,1,1.4,311994.0,66.0,0
43,1,122945.0,2,61.1,2.0,0,14,13,0,4.0,1,1,27,40981.666666666664,1,1,1,0,1,13.600000000000001,614725.0,122.2,1
64,0,80998.0,2,40.5,2.0,0,4,19,1,3.0,1,1,23,26999.333333333332,1,1,1,1,1,10.0,323992.0,81.0,0
53,0,105640.0,2,78.0,3.0,2,4,6,0,4.0,1,1,10,26410.0,1,1,1,0,1,4.800000000000001,528200.0,156.0,1
36,0,50180.0,0,35.3,3.0,0,1,0,1,3.0,1,1,1,12545.0,0,1,1,1,1,0.6,200720.0,70.6,1
50,1,44931.0,1,8.4,2.0,2,7,6,1,3.0,0,1,13,14977.0,0,1,1,1,0,6.6000000000000005,179724.0,16.8,0
61,0,81014.0,0,80.0,1.0,1,0,2,1,4.0,1,1,2,40507.0,1,1,1,1,1,0.8,405070.0,160.0,0
68,1,56065.0,1,40.2,2.0,2,3,7,1,5.0,1,1,10,18688.333333333332,1,1,1,1,1,4.6,336390.0,80.4,0
63,1,151392.0,1,73.7,2.0,2,3,8,1,1.0,0,1,11,50464.0,1,0,1,1,0,5.0,302784.0,147.4,0
49,0,71722.0,2,61.7,3.0,2,7,6,0,5.0,1,1,13,17930.5,1,1,1,0,1,6.6000000000000005,430332.0,123.4,0
64,1,80777.0,2,47.9,1.0,0,12,19,0,5.0,1,1,31,40388.5,1,1,1,0,1,14.8,484662.0,95.8,0
42,0,53707.0,1,38.9,2.0,2,1,7,1,3.0,1,1,8,17902.333333333332,0,1,1,1,1,3.4000000000000004,214828.0,77.8,1
69,1,133967.0,2,62.1,2.0,2,4,14,1,2.0,0,1,18,44655.666666666664,1,0,1,1,0,8.0,401901.0,124.2,0
47,1,53600.0,1,5.0,2.0,3,3,8,1,4.0,0,1,11,17866.666666666668,0,1,1,1,0,5.0,268000.0,10.0,0
68,1,81705.0,1,5.0,1.0,1,1,9,1,5.0,0,1,10,40852.5,0,1,1,1,0,4.2,490230.0,10.0,0
55,0,48168.0,2,38.3,1.0,2,8,7,0,1.0,1,1,15,24084.0,0,0,1,0,1,7.6,96336.0,76.6,0
50,1,128259.0,1,53.9,1.0,2,6,5,1,2.0,0,1,11,64129.5,1,0,1,1,0,5.6,384777.0,107.8,0
47,0,41522.0,2,25.8,1.0,2,7,5,0,4.0,1,1,12,20761.0,0,1,1,0,1,6.2,207610.0,51.6,1
45,1,41797.0,2,71.6,2.0,2,13,8,1,5.0,0,1,21,13932.333333333334,1,1,1,1,0,11.0,250782.0,143.2,0
31,1,76795.0,2,6.9,3.0,2,7,6,0,5.0,0,1,13,19198.75,0,1,1,0,0,6.6000000000000005,460770.0,13.8,0
35,0,128759.0,1,41.8,1.0,2,0,9,0,5.0,1,1,9,64379.5,1,1,1,0,1,3.6,772554.0,83.6,1
46,0,169626.0,1,23.7,2.0,3,6,2,1,1.0,1,1,8,56542.0,0,0,1,1,1,4.3999999999999995,339252.0,47.4,0
42,0,69156.0,1,48.3,2.0,1,3,7,1,4.0,0,1,10,23052.0,1,1,1,1,0,4.6,345780.0,96.6,0
46,0,88106.0,1,5.0,3.0,1,6,5,0,2.0,1,1,11,22026.5,0,0,1,0,1,5.6,264318.0,10.0,0
43,0,81173.0,2,62.3,1.0,1,5,7,1,5.0,0,1,12,40586.5,1,1,1,1,0,5.800000000000001,487038.0,124.6,0
27,1,105716.0,2,83.7,1.0,2,8,10,1,1.0,1,1,18,52858.0,1,0,1,1,1,8.8,211432.0,167.4,0
34,0,60063.0,2,37.6,1.0,1,14,7,0,5.0,0,1,21,30031.5,0,1,1,0,0,11.200000000000001,360378.0,75.2,1
54,1,105410.0,2,63.6,2.0,1,14,11,0,3.0,0,1,25,35136.666666666664,1,1,1,0,0,12.8,421640.0,127.2,0
38,0,84708.0,0,78.7,1.0,1,2,2,1,2.0,1,1,4,42354.0,1,0,1,1,1,2.0,254124.0,157.4,0
38,1,119478.0,2,46.4,1.0,1,3,5,1,1.0,1,1,8,59739.0,1,0,1,1,1,3.8,238956.0,92.8,0
64,0,58964.0,1,43.5,1.0,2,0,6,1,3.0,1,1,6,29482.0,1,1,1,1,1,2.4000000000000004,235856.0,87.0,0
37,1,85217.0,2,78.8,1.0,2,5,13,1,2.0,1,1,18,42608.5,1,0,1,1,1,8.2,255651.0,157.6,0
35,1,162276.0,2,5.0,2.0,2,7,13,0,2.0,0,1,20,54092.0,0,0,1,0,0,9.4,486828.0,10.0,0
65,1,111580.0,1,14.7,1.0,1,2,3,1,5.0,0,1,5,55790.0,0,1,1,1,0,2.4000000000000004,669480.0,29.4,1
68,1,78237.0,1,49.5,2.0,1,3,6,1,5.0,0,1,9,26079.0,1,1,1,1,0,4.2,469422.0,99.0,0
68,1,30000.0,0,45.2,2.0,3,1,2,0,1.0,1,1,3,10000.0,1,0,1,0,1,1.4,60000.0,90.4,0
36,1,85111.0,2,28.4,3.0,3,4,5,0,2.0,1,1,9,21277.75,0,0,1,0,1,4.4,255333.0,56.8,0
60,0,145453.0,1,10.1,3.0,2,2,4,1,3.0,0,1,6,36363.25,0,1,1,1,0,2.8,581812.0,20.2,0
26,0,62351.0,0,49.4,1.0,0,0,3,1,5.0,1,1,3,31175.5,1,1,1,1,1,1.2000000000000002,374106.0,98.8,1
34,0,135192.0,2,56.3,2.0,1,9,16,0,2.0,1,1,25,45064.0,1,0,1,0,1,11.8,405576.0,112.6,0
31,0,112098.0,1,23.7,2.0,0,6,9,1,5.0,1,1,15,37366.0,0,1,1,1,1,7.199999999999999,672588.0,47.4,0
45,0,109135.0,2,93.8,2.0,2,4,6,1,5.0,0,1,10,36378.333333333336,1,1,1,1,0,4.800000000000001,654810.0,187.6,0
55,1,137353.0,1,51.8,1.0,3,6,2,0,2.0,1,1,8,68676.5,1,0,1,0,1,4.3999999999999995,412059.0,103.6,0
34,1,59688.0,1,31.5,3.0,2,7,3,0,3.0,1,1,10,14922.0,0,1,1,0,1,5.4,238752.0,63.0,0
69,1,76327.0,0,19.6,1.0,0,2,0,1,4.0,1,1,2,38163.5,0,1,1,1,1,1.2,381635.0,39.2,0
65,0,145880.0,0,19.4,1.0,2,1,0,1,4.0,1,1,1,72940.0,0,1,1,1,1,0.6,729400.0,38.8,0
51,0,32217.0,1,24.5,2.0,1,5,4,1,3.0,0,1,9,10739.0,0,1,1,1,0,4.6,128868.0,49.0,0
43,0,76894.0,0,27.9,3.5,2,0,2,1,1.0,1,1,2,17087.555555555555,0,0,1,1,1,0.8,153788.0,55.8,0
49,1,62300.0,2,21.1,2.0,0,12,4,0,2.0,1,1,16,20766.666666666668,0,0,1,0,1,8.799999999999999,186900.0,42.2,0
39,0,91800.0,2,29.7,2.0,0,9,15,0,3.0,1,1,24,30600.0,0,1,1,0,1,11.399999999999999,367200.0,59.4,0
47,1,119527.0,2,70.4,1.0,1,14,19,1,3.0,0,1,33,59763.5,1,1,1,1,0,16.0,478108.0,140.8,0
47,0,154464.0,1,86.9,2.0,1,4,6,1,2.0,1,1,10,51488.0,1,0,1,1,1,4.800000000000001,463392.0,173.8,0
29,0,64514.0,1,33.0,1.0,2,4,8,1,2.0,1,1,12,32257.0,0,0,1,1,1,5.6,193542.0,66.0,0
34,0,80526.0,1,61.4,3.0,1,0,9,1,3.0,1,1,9,20131.5,1,1,1,1,1,3.6,322104.0,122.8,0
63,0,114110.0,1,60.5,2.0,2,5,9,1,1.0,1,1,14,38036.666666666664,1,0,1,1,1,6.6,228220.0,121.0,0
69,0,39863.0,1,12.1,2.0,1,1,9,1,3.0,1,1,10,13287.666666666666,0,1,1,1,1,4.2,159452.0,24.2,0
52,0,97322.0,1,51.5,1.0,3,2,8,1,3.0,0,1,10,48661.0,1,1,1,1,0,4.4,389288.0,103.0,0
37,0,45567.0,2,32.9,2.0,0,8,14,0,1.0,0,1,22,15189.0,0,0,1,0,0,10.4,91134.0,65.8,0
27,1,61190.0,1,35.7,2.0,0,6,2,0,4.0,1,1,8,20396.666666666668,0,1,1,0,1,4.3999999999999995,305950.0,71.4,0
46,0,132710.0,2,86.5,2.0,2,2,14,1,3.0,0,1,16,44236.666666666664,1,1,1,1,0,6.800000000000001,530840.0,173.0,0
64,1,129131.0,1,19.7,2.0,2,1,2,1,4.0,1,1,3,43043.666666666664,0,1,1,1,1,1.4,645655.0,39.4,1
50,0,87634.0,2,5.0,2.0,1,11,13,1,4.0,0,1,24,29211.333333333332,0,1,1,1,0,11.8,438170.0,10.0,0
26,1,111303.0,2,71.8,2.0,2,13,18,0,5.0,1,1,31,37101.0,1,1,1,0,1,15.0,667818.0,143.6,1
53,1,68159.0,1,31.8,2.0,2,1,8,1,3.0,1,1,9,22719.666666666668,0,1,1,1,1,3.8000000000000003,272636.0,63.6,1
37,0,103201.0,1,27.6,1.0,1,3,8,1,1.0,0,1,11,51600.5,0,0,1,1,0,5.0,206402.0,55.2,0
39,1,68249.0,2,17.9,1.0,1,12,6,0,3.0,1,1,18,34124.5,0,1,1,0,1,9.6,272996.0,35.8,0
36,1,30000.0,2,58.9,2.0,1,13,8,0,1.0,1,1,21,10000.0,1,0,1,0,1,11.0,60000.0,117.8,0
31,1,81120.0,1,62.1,2.0,2,5,2,1,3.0,0,1,7,27040.0,1,1,1,1,0,3.8,324480.0,124.2,0
67,1,55252.0,0,8.6,2.0,2,1,3,1,5.0,1,1,4,18417.333333333332,0,1,1,1,1,1.8000000000000003,331512.0,17.2,0
28,0,90735.0,2,67.4,2.0,1,6,9,1,1.0,0,1,15,30245.0,1,0,1,1,0,7.199999999999999,181470.0,134.8,0
63,1,74830.0,2,5.0,1.0,1,11,7,1,4.0,1,1,18,37415.0,0,1,1,1,1,9.4,374150.0,10.0,1
33,0,44909.0,0,6.1,2.0,0,0,0,1,1.0,0,1,0,14969.666666666666,0,0,1,1,0,0.0,89818.0,12.2,0
39,1,98185.0,2,44.9,1.0,2,11,19,0,2.0,1,1,30,49092.5,1,0,1,0,1,14.2,294555.0,89.8,0
42,1,96739.0,1,5.0,2.0,1,1,4,1,1.0,1,1,5,32246.333333333332,0,0,1,1,1,2.2,193478.0,10.0,0
50,1,82977.0,2,25.6,1.0,2,14,17,0,4.0,1,1,31,41488.5,0,1,1,0,1,15.200000000000001,414885.0,51.2,1
30,1,130279.0,0,47.4,1.0,0,1,1,1,3.0,0,1,2,65139.5,1,1,1,1,0,1.0,521116.0,94.8,0
58,0,97486.0,0,49.7,2.0,1,0,0,0,3.0,1,1,0,32495.333333333332,1,1,1,0,1,0.0,389944.0,99.4,0
35,0,64472.0,1,85.2,1.0,1,5,6,0,5.0,1,1,11,32236.0,1,1,1,0,1,5.4,386832.0,170.4,0
60,1,81082.0,1,10.5,3.0,0,7,7,1,2.0,1,1,14,20270.5,0,0,1,1,1,7.0,243246.0,21.0,0
44,1,75342.0,1,25.5,2.0,1,0,8,1,5.0,0,1,8,25114.0,0,1,1,1,0,3.2,452052.0,51.0,1
56,0,118797.0,1,48.8,1.0,1,0,7,1,5.0,1,1,7,59398.5,1,1,1,1,1,2.8000000000000003,712782.0,97.6,1
49,0,63538.0,2,82.1,1.0,1,14,16,0,1.0,1,1,30,31769.0,1,0,1,0,1,14.8,127076.0,164.2,0
68,1,90465.0,2,55.4,1.0,2,3,5,1,5.0,0,1,8,45232.5,1,1,1,1,0,3.8,542790.0,110.8,0
62,0,49710.0,1,5.0,1.0,1,6,8,1,5.0,1,1,14,24855.0,0,1,1,1,1,6.8,298260.0,10.0,1
63,0,43405.0,1,54.4,2.0,1,0,8,1,4.0,1,1,8,14468.333333333334,1,1,1,1,1,3.2,217025.0,108.8,0
25,0,69005.0,1,40.2,3.0,1,5,5,1,1.0,1,1,10,17251.25,1,0,1,1,1,5.0,138010.0,80.4,0
46,0,106831.0,2,37.6,1.0,2,2,15,0,4.0,1,1,17,53415.5,0,1,1,0,1,7.2,534155.0,75.2,1
29,1,41887.0,2,49.1,1.0,3,12,10,1,5.0,0,1,22,20943.5,1,1,1,1,0,11.2,251322.0,98.2,0
42,0,60470.0,2,40.4,3.0,2,9,6,0,1.0,1,1,15,15117.5,1,0,1,0,1,7.8,120940.0,80.8,0
48,0,94443.0,2,5.6,3.0,2,8,18,1,2.0,0,1,26,23610.75,0,0,1,1,0,12.0,283329.0,11.2,0
36,1,99776.0,1,27.5,3.0,1,2,3,0,3.0,1,1,5,24944.0,0,1,1,0,1,2.4000000000000004,399104.0,55.0,0
33,1,62378.0,2,14.2,2.0,1,8,18,1,5.0,1,1,26,20792.666666666668,0,1,1,1,1,12.0,374268.0,28.4,1
53,1,40228.0,1,39.2,1.0,1,6,6,1,3.0,1,1,12,20114.0,0,1,1,1,1,6.0,160912.0,78.4,0
63,1,47210.0,1,65.6,2.0,0,7,2,0,4.0,1,1,9,15736.666666666666,1,1,1,0,1,5.0,236050.0,131.2,0
29,0,110680.0,2,64.7,2.0,0,5,6,1,2.0,1,1,11,36893.333333333336,1,0,1,1,1,5.4,332040.0,129.4,0
60,0,67338.0,1,49.5,1.0,1,5,3,1,5.0,0,1,8,33669.0,1,1,1,1,0,4.2,404028.0,99.0,0
51,0,77447.0,1,66.4,1.0,0,7,4,1,2.0,1,1,11,38723.5,1,0,1,1,1,5.800000000000001,232341.0,132.8,0
65,0,50874.0,1,20.7,1.0,1,1,4,1,5.0,1,1,5,25437.0,0,1,1,1,1,2.2,305244.0,41.4,1
36,1,95395.0,1,33.0,3.0,1,7,9,1,2.0,1,1,16,23848.75,0,0,1,1,1,7.800000000000001,286185.0,66.0,0
27,0,126580.0,2,44.8,1.0,0,12,19,1,2.0,0,1,31,63290.0,1,0,1,1,0,14.8,379740.0,89.6,0
58,0,108101.0,0,89.7,1.0,0,1,3,1,5.0,0,1,4,54050.5,1,1,1,1,0,1.8000000000000003,648606.0,179.4,1
44,1,87242.0,2,13.1,3.5,0,10,14,0,2.0,1,1,24,19387.11111111111,0,0,1,0,1,11.600000000000001,261726.0,26.2,0
31,0,82450.0,2,5.0,3.5,0,7,7,0,3.0,1,1,14,18322.222222222223,0,1,1,0,1,7.0,329800.0,10.0,0
51,1,57132.0,1,30.5,1.0,0,3,4,1,1.0,1,1,7,28566.0,0,0,1,1,1,3.4,114264.0,61.0,0
60,1,30000.0,1,5.0,2.0,3,7,9,0,1.0,0,1,16,10000.0,0,0,1,0,0,7.800000000000001,60000.0,10.0,0
64,1,99081.0,1,64.3,1.0,1,1,8,0,3.0,1,1,9,49540.5,1,1,1,0,1,3.8000000000000003,396324.0,128.6,0
27,0,58079.0,1,44.9,1.0,2,1,7,1,3.0,0,1,8,29039.5,1,1,1,1,0,3.4000000000000004,232316.0,89.8,0
62,0,51545.0,1,42.0,2.0,2,0,3,1,4.0,1,1,3,17181.666666666668,1,1,1,1,1,1.2000000000000002,257725.0,84.0,0
31,1,84708.0,2,64.5,1.0,1,9,17,0,2.0,1,1,26,42354.0,1,0,1,0,1,12.2,254124.0,129.0,1
40,1,56696.0,2,100.6,2.0,2,14,18,1,1.0,1,1,32,18898.666666666668,1,0,1,1,1,15.600000000000001,113392.0,201.2,0
31,1,52599.0,1,79.3,1.0,2,1,8,1,1.0,0,1,9,26299.5,1,0,1,1,0,3.8000000000000003,105198.0,158.6,0
39,2,83448.0,1,48.1,1.0,1,4,3,1,3.0,1,1,7,41724.0,1,1,1,1,1,3.6,333792.0,96.2,1
49,0,36682.0,1,9.8,2.0,2,5,6,1,2.0,0,1,11,12227.333333333334,0,0,1,1,0,5.4,110046.0,19.6,0
33,0,101896.0,1,49.1,2.0,1,7,9,1,3.0,0,1,16,33965.333333333336,1,1,1,1,0,7.800000000000001,407584.0,98.2,0
57,0,113858.0,0,52.3,3.0,2,2,1,1,1.0,0,1,3,28464.5,1,0,1,1,0,1.6,227716.0,104.6,0
43,0,61567.0,1,17.1,2.0,3,2,8,1,5.0,0,1,10,20522.333333333332,0,1,1,1,0,4.4,369402.0,34.2,0
58,1,124644.0,1,46.5,2.0,2,2,2,1,4.0,1,1,4,41548.0,1,1,1,1,1,2.0,623220.0,93.0,1
42,0,107104.0,0,52.3,2.0,1,2,3,1,3.0,1,1,5,35701.333333333336,1,1,1,1,1,2.4000000000000004,428416.0,104.6,0
50,0,142419.0,2,50.3,1.0,0,12,17,1,3.0,1,1,29,71209.5,1,1,1,1,1,14.0,569676.0,100.6,1
46,1,91436.0,2,37.2,2.0,2,14,17,0,1.0,1,1,31,30478.666666666668,0,0,1,0,1,15.200000000000001,182872.0,74.4,0
31,2,61548.0,1,36.7,1.0,0,1,5,1,3.0,1,1,6,30774.0,0,1,1,1,1,2.6,246192.0,73.4,0
50,1,30000.0,2,48.9,1.0,2,6,4,1,1.0,1,1,10,15000.0,1,0,1,1,1,5.199999999999999,60000.0,97.8,0
68,0,49340.0,2,32.7,2.0,0,8,4,0,1.0,0,1,12,16446.666666666668,0,0,1,0,0,6.4,98680.0,65.4,0
67,0,147696.0,2,8.6,2.0,2,2,11,0,3.0,1,1,13,49232.0,0,1,1,0,1,5.6000000000000005,590784.0,17.2,1
66,0,119608.0,1,15.4,2.0,3,0,1,1,2.0,0,1,1,39869.333333333336,0,0,1,1,0,0.4,358824.0,30.8,0
37,0,150597.0,2,54.1,2.0,1,13,5,1,1.0,0,1,18,50199.0,1,0,1,1,0,9.8,301194.0,108.2,0
32,1,73566.0,1,77.0,2.0,1,5,8,1,1.0,1,1,13,24522.0,1,0,1,1,1,6.2,147132.0,154.0,0
33,0,130431.0,1,5.0,2.0,2,6,4,1,4.0,1,1,10,43477.0,0,1,1,1,1,5.199999999999999,652155.0,10.0,1
60,1,84708.0,2,54.3,2.0,1,9,19,0,4.0,0,1,28,28236.0,1,1,1,0,0,13.0,423540.0,108.6,1
45,1,66492.0,2,45.2,2.0,1,2,3,0,2.0,1,1,5,22164.0,1,0,1,0,1,2.4000000000000004,199476.0,90.4,0
37,1,41416.0,0,66.9,1.0,2,0,0,1,2.0,1,1,0,20708.0,1,0,1,1,1,0.0,124248.0,133.8,0
53,0,133448.0,1,100.2,1.0,2,7,1,1,4.0,1,1,8,66724.0,1,1,1,1,1,4.6000000000000005,667240.0,200.4,0
26,0,68530.0,2,13.9,3.0,1,8,5,1,4.0,1,1,13,17132.5,0,1,1,1,1,6.8,342650.0,27.8,1
66,0,124653.0,2,43.4,2.0,2,14,8,1,5.0,0,1,22,41551.0,1,1,1,1,0,11.600000000000001,747918.0,86.8,0
36,0,93973.0,2,47.6,2.0,1,11,16,0,5.0,1,1,27,31324.333333333332,1,1,1,0,1,13.0,563838.0,95.2,1
27,1,57194.0,1,24.8,2.0,3,3,3,1,2.0,1,1,6,19064.666666666668,0,0,1,1,1,3.0,171582.0,49.6,0
27,1,109131.0,2,49.6,1.0,1,10,6,1,5.0,0,1,16,54565.5,1,1,1,1,0,8.4,654786.0,99.2,0
69,1,49729.0,2,44.0,2.0,1,13,18,0,4.0,0,1,31,16576.333333333332,1,1,1,0,0,15.0,248645.0,88.0,0
36,1,58590.0,2,48.2,1.0,1,13,4,0,3.0,1,1,17,29295.0,1,1,1,0,1,9.4,234360.0,96.4,0
53,0,70039.0,2,79.8,1.0,2,13,15,0,3.0,1,1,28,35019.5,1,1,1,0,1,13.8,280156.0,159.6,0
40,1,112534.0,1,55.6,2.0,2,2,2,1,5.0,1,1,4,37511.333333333336,1,1,1,1,1,2.0,675204.0,111.2,1
49,1,61596.0,2,32.1,3.5,2,4,9,0,1.0,0,1,13,13688.0,0,0,1,0,0,6.0,123192.0,64.2,0
43,1,140380.0,1,11.1,2.0,2,4,9,1,3.0,1,1,13,46793.333333333336,0,1,1,1,1,6.0,561520.0,22.2,1
31,0,69961.0,0,43.6,1.0,1,0,2,1,5.0,0,1,2,34980.5,1,1,1,1,0,0.8,419766.0,87.2,0
25,1,115356.0,1,53.3,2.0,2,1,8,1,4.0,0,1,9,38452.0,1,1,1,1,0,3.8000000000000003,576780.0,106.6,0
63,1,84708.0,2,71.7,1.0,2,6,15,1,4.0,1,1,21,42354.0,1,1,1,1,1,9.6,423540.0,143.4,1
43,0,41595.0,2,34.7,1.0,2,5,18,0,3.0,0,1,23,20797.5,0,1,1,0,0,10.2,166380.0,69.4,0
46,1,77805.0,2,39.9,2.0,3,6,9,1,5.0,1,1,15,25935.0,0,1,1,1,1,7.199999999999999,466830.0,79.8,1
44,1,60644.0,1,5.0,1.0,3,0,3,0,5.0,0,1,3,30322.0,0,1,1,0,0,1.2000000000000002,363864.0,10.0,0
45,0,53605.0,2,35.6,1.0,2,14,3,1,2.0,0,1,17,26802.5,0,0,1,1,0,9.600000000000001,160815.0,71.2,0
39,1,97580.0,1,5.0,1.0,3,0,7,1,3.0,1,1,7,48790.0,0,1,1,1,1,2.8000000000000003,390320.0,10.0,0
62,1,108057.0,2,5.0,1.0,1,2,18,0,2.0,1,1,20,54028.5,0,0,1,0,1,8.4,324171.0,10.0,0
64,0,83755.0,2,64.5,3.0,3,4,14,0,1.0,1,1,18,20938.75,1,0,1,0,1,8.0,167510.0,129.0,0
49,0,86909.0,1,23.0,1.0,0,0,2,1,1.0,1,1,2,43454.5,0,0,1,1,1,0.8,173818.0,46.0,0
50,0,84708.0,1,76.8,2.0,2,6,5,1,1.0,1,1,11,28236.0,1,0,1,1,1,5.6,169416.0,153.6,0
37,1,78911.0,0,5.0,1.0,2,1,3,1,4.0,1,1,4,39455.5,0,1,1,1,1,1.8000000000000003,394555.0,10.0,0
26,0,119654.0,2,48.0,2.0,2,3,19,1,3.0,1,1,22,39884.666666666664,1,1,1,1,1,9.4,478616.0,96.0,0
41,0,123053.0,0,40.8,3.0,1,0,3,1,2.0,0,1,3,30763.25,1,0,1,1,0,1.2000000000000002,369159.0,81.6,0
52,1,109504.0,1,25.3,1.0,1,1,8,1,3.0,1,1,9,54752.0,0,1,1,1,1,3.8000000000000003,438016.0,50.6,1
50,2,54284.0,1,74.5,1.0,1,2,7,1,2.0,1,1,9,27142.0,1,0,1,1,1,4.0,162852.0,149.0,0
65,0,104694.0,2,69.8,2.0,2,3,16,0,3.0,0,1,19,34898.0,1,1,1,0,0,8.2,418776.0,139.6,0
45,0,60304.0,0,9.4,1.0,2,1,0,1,3.0,1,1,1,30152.0,0,1,1,1,1,0.6,241216.0,18.8,0
52,0,111447.0,1,96.9,2.0,1,7,3,1,5.0,1,1,10,37149.0,1,1,1,1,1,5.4,668682.0,193.8,1
29,0,67278.0,0,28.2,3.0,1,1,3,1,2.0,0,1,4,16819.5,0,0,1,1,0,1.8000000000000003,201834.0,56.4,0
64,1,52260.0,0,70.1,1.0,2,1,1,1,4.0,1,1,2,26130.0,1,1,1,1,1,1.0,261300.0,140.2,0
30,1,73129.0,1,65.4,2.0,0,6,8,1,4.0,0,1,14,24376.333333333332,1,1,1,1,0,6.8,365645.0,130.8,0
35,0,78769.0,2,63.4,3.0,1,14,10,0,3.0,0,1,24,19692.25,1,1,1,0,0,12.4,315076.0,126.8,0
26,1,88474.0,2,38.5,2.0,2,13,4,0,1.0,0,1,17,29491.333333333332,0,0,1,0,0,9.4,176948.0,77.0,0
65,0,77743.0,1,13.5,3.0,2,3,2,1,5.0,1,1,5,19435.75,0,1,1,1,1,2.5999999999999996,466458.0,27.0,0
66,0,96526.0,0,50.5,1.0,2,1,2,1,3.0,0,1,3,48263.0,1,1,1,1,0,1.4,386104.0,101.0,0
32,0,147949.0,2,42.3,2.0,2,12,9,1,5.0,1,1,21,49316.333333333336,1,1,1,1,1,10.799999999999999,887694.0,84.6,0
26,1,55300.0,1,67.3,2.0,2,7,1,1,3.0,1,1,8,18433.333333333332,1,1,1,1,1,4.6000000000000005,221200.0,134.6,0
32,1,47656.0,1,5.0,2.0,0,7,2,1,5.0,1,1,9,15885.333333333334,0,1,1,1,1,5.0,285936.0,10.0,1
37,0,101581.0,0,21.0,2.0,1,1,3,1,4.0,1,1,4,33860.333333333336,0,1,1,1,1,1.8000000000000003,507905.0,42.0,0
55,0,95550.0,2,5.4,2.0,2,9,10,0,3.0,1,1,19,31850.0,0,1,1,0,1,9.399999999999999,382200.0,10.8,0
58,1,30000.0,1,63.6,2.0,1,6,1,1,5.0,1,1,7,10000.0,1,1,1,1,1,3.9999999999999996,180000.0,127.2,0
26,0,34141.0,2,15.0,2.0,1,9,14,0,5.0,0,1,23,11380.333333333334,0,1,1,0,0,11.0,204846.0,30.0,0
67,1,121907.0,1,12.4,1.0,2,0,7,1,1.0,0,1,7,60953.5,0,0,1,1,0,2.8000000000000003,243814.0,24.8,0
57,0,105096.0,1,87.2,2.0,1,4,8,1,2.0,1,1,12,35032.0,1,0,1,1,1,5.6,315288.0,174.4,0
56,1,89354.0,2,59.7,3.0,1,10,15,0,3.0,1,1,25,22338.5,1,1,1,0,1,12.0,357416.0,119.4,0
32,1,73384.0,2,67.1,2.0,2,5,10,1,3.0,1,1,15,24461.333333333332,1,1,1,1,1,7.0,293536.0,134.2,1
56,0,64728.0,2,38.0,2.0,3,4,14,1,1.0,1,1,18,21576.0,0,0,1,1,1,8.0,129456.0,76.0,0
32,0,90967.0,2,76.4,1.0,3,3,10,0,3.0,1,1,13,45483.5,1,1,1,0,1,5.8,363868.0,152.8,0
68,1,144649.0,2,60.4,1.0,2,2,5,1,1.0,1,1,7,72324.5,1,0,1,1,1,3.2,289298.0,120.8,0
50,0,61481.0,2,43.7,2.0,1,2,7,1,3.0,0,1,9,20493.666666666668,1,1,1,1,0,4.0,245924.0,87.4,0
40,1,94167.0,1,65.2,1.0,2,3,4,1,4.0,1,1,7,47083.5,1,1,1,1,1,3.4,470835.0,130.4,1
62,1,106347.0,2,44.0,2.0,3,7,11,1,3.0,1,1,18,35449.0,1,1,1,1,1,8.600000000000001,425388.0,88.0,0
55,1,100863.0,2,74.6,3.0,2,12,5,0,2.0,0,1,17,25215.75,1,0,1,0,0,9.2,302589.0,149.2,0
45,0,82436.0,2,41.9,1.0,1,2,7,0,2.0,1,1,9,41218.0,1,0,1,0,1,4.0,247308.0,83.8,0
49,0,83604.0,1,27.0,2.0,2,2,7,1,1.0,0,1,9,27868.0,0,0,1,1,0,4.0,167208.0,54.0,0
37,0,91209.0,0,21.6,2.0,2,1,0,1,4.0,1,1,1,30403.0,0,1,1,1,1,0.6,456045.0,43.2,0
54,0,70196.0,2,62.9,2.0,2,7,15,0,2.0,1,1,22,23398.666666666668,1,0,1,0,1,10.2,210588.0,125.8,0
29,0,63787.0,2,65.6,1.0,1,13,15,0,2.0,1,1,28,31893.5,1,0,1,0,1,13.8,191361.0,131.2,0
47,0,119463.0,2,13.6,1.0,2,6,11,0,1.0,1,1,17,59731.5,0,0,1,0,1,8.0,238926.0,27.2,0
35,0,50045.0,1,5.0,1.0,2,6,8,1,4.0,1,1,14,25022.5,0,1,1,1,1,6.8,250225.0,10.0,0
67,0,40465.0,2,70.2,1.0,2,7,8,0,2.0,1,1,15,20232.5,1,0,1,0,1,7.4,121395.0,140.4,0
44,0,80795.0,1,40.4,1.0,2,6,4,1,4.0,0,1,10,40397.5,1,1,1,1,0,5.199999999999999,403975.0,80.8,0
59,1,115395.0,1,33.3,1.0,1,0,5,0,1.0,0,1,5,57697.5,0,0,1,0,0,2.0,230790.0,66.6,0
46,0,56025.0,2,12.1,1.0,1,9,14,0,1.0,0,1,23,28012.5,0,0,1,0,0,11.0,112050.0,24.2,0
54,0,93280.0,2,51.2,2.0,0,7,14,0,3.0,1,1,21,31093.333333333332,1,1,1,0,1,9.8,373120.0,102.4,0
68,1,89296.0,1,81.0,1.0,3,0,5,1,1.0,0,1,5,44648.0,1,0,1,1,0,2.0,178592.0,162.0,0
36,0,41902.0,2,86.2,2.0,0,7,3,0,5.0,0,1,10,13967.333333333334,1,1,1,0,0,5.4,251412.0,172.4,0
26,1,80731.0,2,6.9,3.0,3,12,13,0,4.0,0,1,25,20182.75,0,1,1,0,0,12.399999999999999,403655.0,13.8,0
62,1,165055.0,1,5.0,3.0,1,2,3,1,3.0,0,1,5,41263.75,0,1,1,1,0,2.4000000000000004,660220.0,10.0,0
62,0,75313.0,1,22.9,2.0,1,7,8,1,2.0,1,1,15,25104.333333333332,0,0,1,1,1,7.4,225939.0,45.8,0
25,0,50824.0,1,28.7,1.0,0,6,9,1,3.0,0,1,15,25412.0,0,1,1,1,0,7.199999999999999,203296.0,57.4,0
58,0,105605.0,0,28.8,2.0,2,0,3,1,2.0,0,1,3,35201.666666666664,0,0,1,1,0,1.2000000000000002,316815.0,57.6,0
31,0,108549.0,1,48.1,2.0,0,0,6,1,1.0,1,1,6,36183.0,1,0,1,1,1,2.4000000000000004,217098.0,96.2,0
33,1,106094.0,2,38.6,1.0,3,10,4,0,2.0,1,1,14,53047.0,0,0,1,0,1,7.6,318282.0,77.2,0
45,0,153792.0,1,44.0,1.0,2,1,9,1,3.0,0,1,10,76896.0,1,1,1,1,0,4.2,615168.0,88.0,0
52,0,36172.0,2,55.1,1.0,2,3,15,1,1.0,0,1,18,18086.0,1,0,1,1,0,7.8,72344.0,110.2,0
54,0,62431.0,0,27.3,2.0,1,2,2,1,1.0,1,1,4,20810.333333333332,0,0,1,1,1,2.0,124862.0,54.6,0
31,0,71803.0,2,16.0,3.0,2,5,9,0,3.0,1,1,14,17950.75,0,1,1,0,1,6.6,287212.0,32.0,0
60,1,156516.0,0,5.0,3.5,2,2,2,1,2.0,1,1,4,34781.333333333336,0,0,1,1,1,2.0,469548.0,10.0,0
37,2,83204.0,1,35.1,2.0,0,1,4,0,4.0,0,1,5,27734.666666666668,0,1,1,0,0,2.2,416020.0,70.2,0
55,0,117576.0,1,25.2,1.0,0,7,3,1,1.0,1,1,10,58788.0,0,0,1,1,1,5.4,235152.0,50.4,0
32,1,32243.0,2,56.7,2.0,0,13,8,1,4.0,1,1,21,10747.666666666666,1,1,1,1,1,11.0,161215.0,113.4,0
35,1,91015.0,0,15.8,2.0,2,0,0,1,2.0,1,1,0,30338.333333333332,0,0,1,1,1,0.0,273045.0,31.6,0
44,1,30000.0,2,15.0,1.0,2,4,11,1,4.0,1,1,15,15000.0,0,1,1,1,1,6.800000000000001,150000.0,30.0,1
27,1,87779.0,2,22.0,3.0,2,3,11,0,3.0,1,1,14,21944.75,0,1,1,0,1,6.2,351116.0,44.0,0
47,0,100943.0,2,51.7,1.0,2,5,9,1,3.0,0,1,14,50471.5,1,1,1,1,0,6.6,403772.0,103.4,0
27,0,170710.0,2,90.2,3.0,1,4,17,0,5.0,0,1,21,42677.5,1,1,1,0,0,9.200000000000001,1024260.0,180.4,0
66,1,70293.0,2,10.4,1.0,2,8,16,1,5.0,1,1,24,35146.5,0,1,1,1,1,11.2,421758.0,20.8,1
52,0,93023.0,2,41.6,2.0,1,13,18,0,4.0,1,1,31,31007.666666666668,1,1,1,0,1,15.0,465115.0,83.2,1
52,0,49131.0,2,56.7,3.0,1,7,6,1,2.0,1,1,13,12282.75,1,0,1,1,1,6.6000000000000005,147393.0,113.4,0
25,0,41933.0,1,36.4,3.0,2,2,1,1,3.0,1,1,3,10483.25,0,1,1,1,1,1.6,167732.0,72.8,0
41,1,32999.0,2,5.0,1.0,2,7,13,1,3.0,1,1,20,16499.5,0,1,1,1,1,9.4,131996.0,10.0,0
40,0,47610.0,0,69.9,3.0,1,0,0,1,5.0,1,1,0,11902.5,1,1,1,1,1,0.0,285660.0,139.8,1
52,0,75634.0,2,44.5,2.0,2,12,16,1,5.0,1,1,28,25211.333333333332,1,1,1,1,1,13.6,453804.0,89.0,1
29,1,126087.0,2,16.5,2.0,1,2,6,0,1.0,1,1,8,42029.0,0,0,1,0,1,3.6000000000000005,252174.0,33.0,0
39,1,96214.0,2,54.2,3.5,2,12,11,0,5.0,0,1,23,21380.88888888889,1,1,1,0,0,11.6,577284.0,108.4,0
51,0,90957.0,1,16.2,3.5,1,1,9,1,1.0,1,1,10,20212.666666666668,0,0,1,1,1,4.2,181914.0,32.4,0
43,1,81483.0,1,21.2,3.0,1,5,2,1,5.0,1,1,7,20370.75,0,1,1,1,1,3.8,488898.0,42.4,0
55,0,50490.0,0,48.1,2.0,0,2,2,1,3.0,1,1,4,16830.0,1,1,1,1,1,2.0,201960.0,96.2,0
55,1,74981.0,1,33.5,3.0,1,3,8,1,2.0,1,1,11,18745.25,0,0,1,1,1,5.0,224943.0,67.0,0
30,0,72965.0,2,54.3,1.0,2,5,13,0,1.0,1,1,18,36482.5,1,0,1,0,1,8.2,145930.0,108.6,0
56,0,150274.0,2,34.5,2.0,1,14,13,1,4.0,1,1,27,50091.333333333336,0,1,1,1,1,13.600000000000001,751370.0,69.0,0
37,0,91987.0,1,45.5,3.0,0,0,2,1,4.0,1,1,2,22996.75,1,1,1,1,1,0.8,459935.0,91.0,1
42,1,88383.0,1,29.9,1.0,0,3,5,0,1.0,0,1,8,44191.5,0,0,1,0,0,3.8,176766.0,59.8,0
43,1,155916.0,0,47.1,3.5,1,0,0,0,5.0,1,1,0,34648.0,1,1,1,0,1,0.0,935496.0,94.2,0
35,1,89240.0,1,17.8,1.0,0,7,1,1,2.0,0,1,8,44620.0,0,0,1,1,0,4.6000000000000005,267720.0,35.6,0
38,0,87085.0,2,51.9,2.0,1,7,9,0,5.0,1,1,16,29028.333333333332,1,1,1,0,1,7.800000000000001,522510.0,103.8,1
57,0,32910.0,2,15.9,2.0,3,5,14,1,3.0,1,1,19,10970.0,0,1,1,1,1,8.600000000000001,131640.0,31.8,0
69,0,89598.0,0,26.9,1.0,0,1,3,0,2.0,1,1,4,44799.0,0,0,1,0,1,1.8000000000000003,268794.0,53.8,0
63,0,119237.0,2,27.0,2.0,1,10,15,1,3.0,1,1,25,39745.666666666664,0,1,1,1,1,12.0,476948.0,54.0,0
69,0,85629.0,1,25.7,2.0,1,7,1,1,5.0,0,1,8,28543.0,0,1,1,1,0,4.6000000000000005,513774.0,51.4,0
40,0,59971.0,2,81.0,2.0,2,5,5,1,2.0,0,1,10,19990.333333333332,1,0,1,1,0,5.0,179913.0,162.0,0
38,0,84708.0,2,45.1,1.0,1,8,6,0,3.0,0,1,14,42354.0,1,1,1,0,0,7.2,338832.0,90.2,0
56,1,96468.0,2,54.5,2.0,1,4,17,1,5.0,0,1,21,32156.0,1,1,1,1,0,9.200000000000001,578808.0,109.0,0
69,0,68592.0,2,78.5,1.0,1,10,10,0,3.0,1,1,20,34296.0,1,1,1,0,1,10.0,274368.0,157.0,0
62,1,57228.0,2,89.5,2.0,2,4,10,1,2.0,0,1,14,19076.0,1,0,1,1,0,6.4,171684.0,179.0,0
36,1,30000.0,1,66.5,2.0,3,0,7,1,4.0,1,1,7,10000.0,1,1,1,1,1,2.8000000000000003,150000.0,133.0,0
59,1,86236.0,1,57.6,2.0,2,4,3,1,3.0,0,1,7,28745.333333333332,1,1,1,1,0,3.6,344944.0,115.2,0
39,1,99451.0,2,69.4,1.0,3,8,11,1,2.0,1,1,19,49725.5,1,0,1,1,1,9.2,298353.0,138.8,0
25,1,110554.0,1,60.6,1.0,1,4,9,1,1.0,1,1,13,55277.0,1,0,1,1,1,6.0,221108.0,121.2,0
68,0,114428.0,1,5.0,1.0,1,0,3,1,1.0,1,1,3,57214.0,0,0,1,1,1,1.2000000000000002,228856.0,10.0,0
31,1,112032.0,0,27.9,1.0,1,2,2,1,3.0,1,1,4,56016.0,0,1,1,1,1,2.0,448128.0,55.8,1
58,0,47215.0,2,53.2,1.0,2,10,8,0,4.0,0,1,18,23607.5,1,1,1,0,0,9.2,236075.0,106.4,0
59,0,69821.0,1,56.9,2.0,1,5,5,1,1.0,0,1,10,23273.666666666668,1,0,1,1,0,5.0,139642.0,113.8,0
44,0,83038.0,2,39.8,3.0,0,11,19,0,4.0,0,1,30,20759.5,0,1,1,0,0,14.2,415190.0,79.6,0
52,1,146300.0,2,40.2,3.0,1,6,15,1,5.0,0,1,21,36575.0,1,1,1,1,0,9.6,877800.0,80.4,0
44,1,78202.0,2,17.3,2.0,0,9,6,0,5.0,0,1,15,26067.333333333332,0,1,1,0,0,7.8,469212.0,34.6,0
52,0,108093.0,2,31.4,2.0,1,10,11,1,3.0,1,1,21,36031.0,0,1,1,1,1,10.4,432372.0,62.8,0
31,0,94699.0,0,53.5,1.0,1,0,0,1,5.0,0,1,0,47349.5,1,1,1,1,0,0.0,568194.0,107.0,0
37,0,83973.0,0,5.0,2.0,0,0,0,1,1.0,1,1,0,27991.0,0,0,1,1,1,0.0,167946.0,10.0,0
65,0,70063.0,0,48.4,2.0,2,0,0,1,2.0,0,1,0,23354.333333333332,1,0,1,1,0,0.0,210189.0,96.8,0
33,1,88503.0,2,36.4,1.0,1,10,10,1,2.0,0,1,20,44251.5,0,0,1,1,0,10.0,265509.0,72.8,0
51,2,90912.0,1,36.6,1.0,0,0,2,0,3.0,1,1,2,45456.0,0,1,1,0,1,0.8,363648.0,73.2,0
42,1,96862.0,2,22.0,1.0,3,12,19,1,5.0,1,1,31,48431.0,0,1,1,1,1,14.8,581172.0,44.0,0
54,1,30000.0,2,59.9,1.0,2,3,13,0,2.0,1,1,16,15000.0,1,0,1,0,1,7.0,90000.0,119.8,0
66,0,100866.0,2,81.1,2.0,1,5,10,0,5.0,0,1,15,33622.0,1,1,1,0,0,7.0,605196.0,162.2,1
31,1,87801.0,1,60.6,2.0,3,3,7,0,2.0,0,1,10,29267.0,1,0,1,0,0,4.6,263403.0,121.2,0
58,1,45115.0,0,20.7,2.0,2,1,2,0,4.0,1,1,3,15038.333333333334,0,1,1,0,1,1.4,225575.0,41.4,0
53,0,93998.0,1,69.9,1.0,0,4,7,1,3.0,0,1,11,46999.0,1,1,1,1,0,5.2,375992.0,139.8,0
26,0,69434.0,2,106.35000000000001,1.0,1,13,4,1,3.0,0,1,17,34717.0,1,1,1,1,0,9.4,277736.0,212.70000000000002,0
43,1,135776.0,1,76.0,3.0,1,3,9,1,2.0,1,1,12,33944.0,1,0,1,1,1,5.4,407328.0,152.0,0
49,1,35982.0,1,51.6,1.0,1,5,9,1,4.0,1,1,14,17991.0,1,1,1,1,1,6.6,179910.0,103.2,1
32,1,104236.0,0,18.6,1.0,2,2,0,1,2.0,0,1,2,52118.0,0,0,1,1,0,1.2,312708.0,37.2,0
53,1,106654.0,2,37.6,2.0,1,8,15,1,1.0,1,1,23,35551.333333333336,0,0,1,1,1,10.8,213308.0,75.2,0
69,1,58813.0,2,5.5,1.0,1,11,6,1,4.0,1,1,17,29406.5,0,1,1,1,1,9.0,294065.0,11.0,0
36,0,102156.0,2,26.6,1.0,2,3,18,1,4.0,0,1,21,51078.0,0,1,1,1,0,9.0,510780.0,53.2,0
48,1,59901.0,2,52.5,2.0,2,14,13,0,4.0,1,1,27,19967.0,1,1,1,0,1,13.600000000000001,299505.0,105.0,0
67,1,63017.0,1,49.3,1.0,2,7,3,1,5.0,1,1,10,31508.5,1,1,1,1,1,5.4,378102.0,98.6,0
28,1,100105.0,0,5.0,1.0,0,0,0,1,1.0,1,1,0,50052.5,0,0,1,1,1,0.0,200210.0,10.0,0
59,1,88097.0,0,49.4,1.0,1,0,2,0,4.0,1,1,2,44048.5,1,1,1,0,1,0.8,440485.0,98.8,0
57,1,63002.0,0,63.7,2.0,2,1,3,1,1.0,0,1,4,21000.666666666668,1,0,1,1,0,1.8000000000000003,126004.0,127.4,0
32,1,119892.0,1,57.2,1.0,2,1,7,1,5.0,0,1,8,59946.0,1,1,1,1,0,3.4000000000000004,719352.0,114.4,0
50,1,94415.0,1,35.8,2.0,2,7,8,1,2.0,0,1,15,31471.666666666668,0,0,1,1,0,7.4,283245.0,71.6,0
46,0,128766.0,0,14.1,1.0,2,1,1,1,5.0,1,1,2,64383.0,0,1,1,1,1,1.0,772596.0,28.2,0
29,1,74739.0,2,52.6,2.0,2,8,10,0,5.0,1,1,18,24913.0,1,1,1,0,1,8.8,448434.0,105.2,1
39,0,127307.0,2,11.0,2.0,1,7,11,0,3.0,0,1,18,42435.666666666664,0,1,1,0,0,8.600000000000001,509228.0,22.0,0
25,0,112812.0,0,58.2,2.0,1,2,0,1,2.0,1,1,2,37604.0,1,0,1,1,1,1.2,338436.0,116.4,0
69,0,57390.0,1,5.0,2.0,0,2,7,1,3.0,1,1,9,19130.0,0,1,1,1,1,4.0,229560.0,10.0,0
36,0,101084.0,0,76.9,2.0,3,2,2,1,1.0,0,1,4,33694.666666666664,1,0,1,1,0,2.0,202168.0,153.8,0
67,0,56882.0,2,8.2,1.0,2,3,16,0,2.0,1,1,19,28441.0,0,0,1,0,1,8.2,170646.0,16.4,0
47,1,76943.0,0,33.4,3.0,2,2,2,0,2.0,0,1,4,19235.75,0,0,1,0,0,2.0,230829.0,66.8,0
67,1,43147.0,1,57.4,1.0,2,5,8,0,1.0,1,1,13,21573.5,1,0,1,0,1,6.2,86294.0,114.8,0
32,0,90355.0,2,20.8,2.0,1,2,18,0,4.0,0,1,20,30118.333333333332,0,1,1,0,0,8.4,451775.0,41.6,0
37,1,99800.0,2,40.2,2.0,3,4,10,0,5.0,1,1,14,33266.666666666664,1,1,1,0,1,6.4,598800.0,80.4,0
53,0,103364.0,2,16.3,2.0,2,2,16,1,2.0,1,1,18,34454.666666666664,0,0,1,1,1,7.6000000000000005,310092.0,32.6,0
39,1,99089.0,2,6.0,1.0,1,13,10,1,2.0,0,1,23,49544.5,0,0,1,1,0,11.8,297267.0,12.0,0
26,0,174521.0,1,69.2,1.0,1,5,5,1,4.0,1,1,10,87260.5,1,1,1,1,1,5.0,872605.0,138.4,1
40,1,86831.0,2,41.1,1.0,1,5,19,1,2.0,1,1,24,43415.5,1,0,1,1,1,10.600000000000001,260493.0,82.2,0
38,2,30000.0,2,40.8,1.0,1,14,12,1,1.0,0,1,26,15000.0,1,0,1,1,0,13.200000000000001,60000.0,81.6,0
55,1,71395.0,1,5.0,2.0,1,0,4,1,1.0,1,1,4,23798.333333333332,0,0,1,1,1,1.6,142790.0,10.0,0
69,1,70869.0,2,26.6,2.0,1,11,18,0,2.0,1,1,29,23623.0,0,0,1,0,1,13.8,212607.0,53.2,0
48,0,49645.0,2,19.8,1.0,2,3,10,0,4.0,1,1,13,24822.5,0,1,1,0,1,5.8,248225.0,39.6,0
35,0,78612.0,2,16.7,2.0,0,10,18,1,5.0,1,1,28,26204.0,0,1,1,1,1,13.2,471672.0,33.4,1
59,1,80846.0,1,47.4,1.0,2,2,2,1,4.0,1,1,4,40423.0,1,1,1,1,1,2.0,404230.0,94.8,0
34,1,93021.0,2,36.7,1.0,1,2,18,0,4.0,0,1,20,46510.5,0,1,1,0,0,8.4,465105.0,73.4,0
38,0,34901.0,1,33.5,1.0,2,2,4,1,3.0,1,1,6,17450.5,0,1,1,1,1,2.8,139604.0,67.0,0
48,0,54816.0,1,30.3,2.0,2,4,9,1,5.0,1,1,13,18272.0,0,1,1,1,1,6.0,328896.0,60.6,1
54,1,94619.0,1,31.8,1.0,0,4,8,1,5.0,1,1,12,47309.5,0,1,1,1,1,5.6,567714.0,63.6,1
51,0,125033.0,2,45.1,1.0,1,7,12,1,1.0,1,1,19,62516.5,1,0,1,1,1,9.0,250066.0,90.2,0
60,1,81922.0,2,20.9,2.0,2,11,12,0,3.0,1,1,23,27307.333333333332,0,1,1,0,1,11.4,327688.0,41.8,0
56,0,124479.0,2,50.0,2.0,1,11,11,0,3.0,1,1,22,41493.0,1,1,1,0,1,11.0,497916.0,100.0,1
58,1,84012.0,1,26.0,2.0,1,7,5,1,4.0,0,1,12,28004.0,0,1,1,1,0,6.2,420060.0,52.0,0
59,0,30000.0,2,18.1,2.0,1,6,17,0,4.0,1,1,23,10000.0,0,1,1,0,1,10.4,150000.0,36.2,0
28,1,143857.0,2,67.1,1.0,1,8,10,1,1.0,1,1,18,71928.5,1,0,1,1,1,8.8,287714.0,134.2,0
65,1,94424.0,1,35.8,1.0,1,4,1,1,5.0,0,1,5,47212.0,0,1,1,1,0,2.8,566544.0,71.6,0
44,1,77040.0,2,65.5,2.0,1,5,18,0,4.0,1,1,23,25680.0,1,1,1,0,1,10.2,385200.0,131.0,0
37,1,81324.0,2,37.2,1.0,0,6,17,0,5.0,1,1,23,40662.0,0,1,1,0,1,10.4,487944.0,74.4,0
39,1,33636.0,2,67.1,2.0,1,3,5,1,2.0,0,1,8,11212.0,1,0,1,1,0,3.8,100908.0,134.2,0
67,1,53433.0,2,70.9,3.0,2,9,10,0,3.0,1,1,19,13358.25,1,1,1,0,1,9.399999999999999,213732.0,141.8,0
27,1,82257.0,1,33.1,2.0,0,6,4,1,3.0,1,1,10,27419.0,0,1,1,1,1,5.199999999999999,329028.0,66.2,0
44,1,103445.0,2,88.5,1.0,1,13,7,0,1.0,1,1,20,51722.5,1,0,1,0,1,10.6,206890.0,177.0,0
53,0,62623.0,0,55.0,2.0,1,2,0,1,1.0,0,1,2,20874.333333333332,1,0,1,1,0,1.2,125246.0,110.0,0
39,0,84708.0,2,44.1,1.0,1,10,3,1,2.0,0,1,13,42354.0,1,0,1,1,0,7.2,254124.0,88.2,0
64,1,54362.0,0,5.0,2.0,0,0,1,1,2.0,0,1,1,18120.666666666668,0,0,1,1,0,0.4,163086.0,10.0,0
40,0,116662.0,2,17.1,2.0,1,4,12,1,1.0,1,1,16,38887.333333333336,0,0,1,1,1,7.200000000000001,233324.0,34.2,0
30,0,80075.0,2,62.9,1.0,3,6,18,1,2.0,0,1,24,40037.5,1,0,1,1,0,10.8,240225.0,125.8,0
28,1,63818.0,2,5.0,2.0,1,7,18,0,5.0,1,1,25,21272.666666666668,0,1,1,0,1,11.4,382908.0,10.0,1
34,1,89700.0,1,31.3,1.0,2,2,8,1,5.0,1,1,10,44850.0,0,1,1,1,1,4.4,538200.0,62.6,0
58,1,83393.0,0,5.0,1.0,3,1,0,1,3.0,1,1,1,41696.5,0,1,1,1,1,0.6,333572.0,10.0,0
30,1,41307.0,2,26.9,2.0,2,11,19,1,5.0,1,1,30,13769.0,0,1,1,1,1,14.2,247842.0,53.8,0
25,1,91418.0,1,9.9,1.0,1,6,3,1,3.0,0,1,9,45709.0,0,1,1,1,0,4.8,365672.0,19.8,0
46,1,119816.0,0,19.5,1.0,2,2,2,1,4.0,1,1,4,59908.0,0,1,1,1,1,2.0,599080.0,39.0,1
67,0,53871.0,2,43.7,1.0,0,14,17,0,5.0,1,1,31,26935.5,1,1,1,0,1,15.200000000000001,323226.0,87.4,1
44,2,41872.0,2,31.9,1.0,1,3,5,0,5.0,1,1,8,20936.0,0,1,1,0,1,3.8,251232.0,63.8,0
48,1,131285.0,1,71.1,2.0,1,7,9,1,3.0,1,1,16,43761.666666666664,1,1,1,1,1,7.800000000000001,525140.0,142.2,0
42,1,98063.0,1,69.0,1.0,2,5,2,1,2.0,1,1,7,49031.5,1,0,1,1,1,3.8,294189.0,138.0,0
25,1,70895.0,0,5.0,1.0,0,1,1,1,4.0,1,1,2,35447.5,0,1,1,1,1,1.0,354475.0,10.0,0
30,0,71834.0,2,82.9,2.0,1,14,10,0,1.0,1,1,24,23944.666666666668,1,0,1,0,1,12.4,143668.0,165.8,0
55,1,103752.0,0,64.1,1.0,1,0,3,1,4.0,1,1,3,51876.0,1,1,1,1,1,1.2000000000000002,518760.0,128.2,0
61,0,73420.0,2,51.2,1.0,3,9,16,0,2.0,0,1,25,36710.0,1,0,1,0,0,11.8,220260.0,102.4,0
60,0,47631.0,2,87.4,2.0,2,9,18,0,2.0,1,1,27,15877.0,1,0,1,0,1,12.6,142893.0,174.8,0
62,0,30000.0,2,66.0,2.0,2,9,8,0,1.0,1,1,17,10000.0,1,0,1,0,1,8.6,60000.0,132.0,0
38,1,80477.0,2,48.5,1.0,2,5,10,1,3.0,1,1,15,40238.5,1,1,1,1,1,7.0,321908.0,97.0,0
41,0,151070.0,1,32.0,1.0,1,1,8,0,4.0,0,1,9,75535.0,0,1,1,0,0,3.8000000000000003,755350.0,64.0,0
37,1,30000.0,0,45.9,2.0,2,0,3,1,1.0,1,1,3,10000.0,1,0,1,1,1,1.2000000000000002,60000.0,91.8,0
56,0,117198.0,2,57.1,2.0,2,10,10,0,5.0,0,1,20,39066.0,1,1,1,0,0,10.0,703188.0,114.2,0
64,0,93536.0,2,50.7,2.0,2,5,4,1,2.0,1,1,9,31178.666666666668,1,0,1,1,1,4.6,280608.0,101.4,0
60,1,90251.0,2,35.3,1.0,1,5,16,1,5.0,1,1,21,45125.5,0,1,1,1,1,9.4,541506.0,70.6,0
58,1,91112.0,2,57.9,1.0,1,12,5,0,1.0,1,1,17,45556.0,1,0,1,0,1,9.2,182224.0,115.8,0
40,0,126537.0,0,5.0,2.0,2,1,3,0,4.0,0,1,4,42179.0,0,1,1,0,0,1.8000000000000003,632685.0,10.0,0
48,0,30000.0,0,41.8,1.0,3,0,0,1,1.0,1,1,0,15000.0,1,0,1,1,1,0.0,60000.0,83.6,0
28,0,57035.0,1,41.6,1.0,2,3,8,1,5.0,1,1,11,28517.5,1,1,1,1,1,5.0,342210.0,83.2,0
44,1,66667.0,1,50.0,2.0,2,6,6,1,4.0,1,1,12,22222.333333333332,1,1,1,1,1,6.0,333335.0,100.0,0
66,0,114918.0,0,76.9,1.0,2,1,2,1,4.0,0,1,3,57459.0,1,1,1,1,0,1.4,574590.0,153.8,0
51,1,61910.0,2,63.9,1.0,1,3,7,1,5.0,1,1,10,30955.0,1,1,1,1,1,4.6,371460.0,127.8,0
43,1,141115.0,1,18.5,2.0,2,1,6,0,4.0,0,1,7,47038.333333333336,0,1,1,0,0,3.0000000000000004,705575.0,37.0,0
65,1,30000.0,0,100.8,3.0,2,1,2,1,4.0,0,1,3,7500.0,1,1,1,1,0,1.4,150000.0,201.6,0
30,0,61233.0,2,28.4,3.0,2,3,5,0,2.0,1,1,8,15308.25,0,0,1,0,1,3.8,183699.0,56.8,0
28,1,89387.0,0,66.6,3.0,2,2,1,1,2.0,1,1,3,22346.75,1,0,1,1,1,1.6,268161.0,133.2,0
39,1,64575.0,2,49.0,3.0,0,9,3,1,5.0,1,1,12,16143.75,1,1,1,1,1,6.6,387450.0,98.0,0
41,0,94328.0,2,8.9,2.0,2,5,8,0,5.0,1,1,13,31442.666666666668,0,1,1,0,1,6.2,565968.0,17.8,0
64,1,51498.0,0,24.8,1.0,2,1,2,1,4.0,0,1,3,25749.0,0,1,1,1,0,1.4,257490.0,49.6,0
32,0,73949.0,1,68.3,3.5,1,5,3,1,5.0,0,1,8,16433.11111111111,1,1,1,1,0,4.2,443694.0,136.6,0
55,1,108742.0,1,5.0,2.0,1,2,6,1,4.0,1,1,8,36247.333333333336,0,1,1,1,1,3.6000000000000005,543710.0,10.0,0
35,1,56845.0,2,12.7,3.5,1,7,17,0,2.0,1,1,24,12632.222222222223,0,0,1,0,1,11.0,170535.0,25.4,0
50,1,57348.0,2,8.6,3.5,2,14,16,1,2.0,1,1,30,12744.0,0,0,1,1,1,14.8,172044.0,17.2,0
64,0,79094.0,1,31.5,3.5,2,4,7,1,2.0,0,1,11,17576.444444444445,0,0,1,1,0,5.2,237282.0,63.0,0
66,0,30000.0,1,58.4,3.0,2,2,8,0,3.0,1,1,10,7500.0,1,1,1,0,1,4.4,120000.0,116.8,0
35,0,86029.0,1,67.5,3.5,0,3,1,1,1.0,1,1,4,19117.555555555555,1,0,1,1,1,2.1999999999999997,172058.0,135.0,0
54,1,47017.0,1,29.5,2.0,1,3,3,1,4.0,1,1,6,15672.333333333334,0,1,1,1,1,3.0,235085.0,59.0,0
36,1,111523.0,2,64.0,2.0,1,11,9,0,1.0,1,1,20,37174.333333333336,1,0,1,0,1,10.2,223046.0,128.0,0
61,1,123870.0,2,17.2,2.0,1,5,7,0,5.0,1,1,12,41290.0,0,1,1,0,1,5.800000000000001,743220.0,34.4,0
62,1,130879.0,2,34.3,1.0,1,4,11,1,5.0,1,1,15,65439.5,0,1,1,1,1,6.800000000000001,785274.0,68.6,1
68,1,50358.0,2,31.6,3.0,1,11,4,0,1.0,0,1,15,12589.5,0,0,1,0,0,8.2,100716.0,63.2,0
60,1,46779.0,2,44.5,1.0,2,7,13,0,4.0,1,1,20,23389.5,1,1,1,0,1,9.4,233895.0,89.0,0
54,0,71295.0,2,22.0,1.0,2,2,5,1,1.0,1,1,7,35647.5,0,0,1,1,1,3.2,142590.0,44.0,0
37,0,120035.0,1,20.3,2.0,2,5,6,0,5.0,0,1,11,40011.666666666664,0,1,1,0,0,5.4,720210.0,40.6,0
30,0,123484.0,1,10.0,2.0,1,6,1,1,2.0,0,1,7,41161.333333333336,0,0,1,1,0,3.9999999999999996,370452.0,20.0,0
52,0,102281.0,1,12.1,2.0,2,3,3,0,3.0,1,1,6,34093.666666666664,0,1,1,0,1,3.0,409124.0,24.2,0
60,0,82386.0,2,67.7,2.0,1,3,10,0,2.0,0,1,13,27462.0,1,0,1,0,0,5.8,247158.0,135.4,0
36,1,119346.0,2,36.9,1.0,1,9,8,0,2.0,0,1,17,59673.0,0,0,1,0,0,8.6,358038.0,73.8,0
53,0,90050.0,2,38.1,2.0,2,4,5,1,2.0,0,1,9,30016.666666666668,0,0,1,1,0,4.4,270150.0,76.2,0
31,1,90739.0,2,73.4,1.0,1,7,19,1,3.0,1,1,26,45369.5,1,1,1,1,1,11.8,362956.0,146.8,1
35,1,51279.0,1,60.0,3.5,2,7,1,1,4.0,1,1,8,11395.333333333334,1,1,1,1,1,4.6000000000000005,256395.0,120.0,0
59,0,35341.0,2,73.4,1.0,2,13,5,1,1.0,1,1,18,17670.5,1,0,1,1,1,9.8,70682.0,146.8,0
68,1,133823.0,1,55.9,2.0,0,0,5,1,5.0,0,1,5,44607.666666666664,1,1,1,1,0,2.0,802938.0,111.8,0
55,1,30000.0,2,58.0,2.0,1,14,8,1,2.0,0,1,22,10000.0,1,0,1,1,0,11.600000000000001,90000.0,116.0,0
33,0,94701.0,2,59.4,1.0,0,9,11,1,1.0,1,1,20,47350.5,1,0,1,1,1,9.8,189402.0,118.8,0
32,0,98265.0,2,58.6,1.0,1,2,10,0,5.0,0,1,12,49132.5,1,1,1,0,0,5.2,589590.0,117.2,0
48,1,112804.0,2,34.8,1.0,1,11,16,0,3.0,1,1,27,56402.0,0,1,1,0,1,13.0,451216.0,69.6,0
41,1,77274.0,2,30.3,2.0,1,3,15,0,4.0,1,1,18,25758.0,0,1,1,0,1,7.8,386370.0,60.6,0
50,0,85174.0,1,80.5,3.0,2,4,5,1,1.0,0,1,9,21293.5,1,0,1,1,0,4.4,170348.0,161.0,0
65,1,72429.0,2,93.9,1.0,2,5,8,0,3.0,0,1,13,36214.5,1,1,1,0,0,6.2,289716.0,187.8,0
47,1,58577.0,2,59.0,2.0,3,10,6,1,1.0,1,1,16,19525.666666666668,1,0,1,1,1,8.4,117154.0,118.0,0
67,1,101229.0,2,35.6,1.0,0,12,18,1,5.0,0,1,30,50614.5,0,1,1,1,0,14.399999999999999,607374.0,71.2,0
33,1,93183.0,2,70.7,2.0,2,9,17,1,3.0,1,1,26,31061.0,1,1,1,1,1,12.2,372732.0,141.4,1
66,1,58652.0,1,60.5,1.0,0,1,6,1,4.0,1,1,7,29326.0,1,1,1,1,1,3.0000000000000004,293260.0,121.0,1
38,0,72760.0,1,55.9,2.0,2,0,6,1,1.0,0,1,6,24253.333333333332,1,0,1,1,0,2.4000000000000004,145520.0,111.8,0
58,0,74313.0,1,19.2,1.0,2,0,1,0,2.0,0,1,1,37156.5,0,0,1,0,0,0.4,222939.0,38.4,0
58,1,50345.0,1,5.0,1.0,1,7,6,0,3.0,1,1,13,25172.5,0,1,1,0,1,6.6000000000000005,201380.0,10.0,0
56,1,77582.0,1,16.0,1.0,1,7,6,1,3.0,1,1,13,38791.0,0,1,1,1,1,6.6000000000000005,310328.0,32.0,0
65,1,174521.0,1,32.2,1.0,2,6,8,0,1.0,1,1,14,87260.5,0,0,1,0,1,6.8,349042.0,64.4,0
48,0,92813.0,2,41.9,1.0,2,9,11,1,1.0,1,1,20,46406.5,1,0,1,1,1,9.8,185626.0,83.8,0
51,0,110085.0,2,55.2,2.0,2,3,12,0,3.0,0,1,15,36695.0,1,1,1,0,0,6.6000000000000005,440340.0,110.4,0
31,0,43860.0,1,20.8,1.0,2,1,3,1,2.0,1,1,4,21930.0,0,0,1,1,1,1.8000000000000003,131580.0,41.6,0
57,1,65607.0,0,16.3,2.0,3,2,2,1,3.0,0,1,4,21869.0,0,1,1,1,0,2.0,262428.0,32.6,0
69,0,109320.0,2,5.0,2.0,2,9,4,0,3.0,1,1,13,36440.0,0,1,1,0,1,7.0,437280.0,10.0,1
49,1,73132.0,1,53.1,3.5,1,0,8,1,4.0,0,1,8,16251.555555555555,1,1,1,1,0,3.2,365660.0,106.2,0
64,1,113067.0,0,30.9,1.0,2,0,3,1,1.0,1,1,3,56533.5,0,0,1,1,1,1.2000000000000002,226134.0,61.8,1
52,0,42131.0,0,28.9,2.0,1,0,1,1,4.0,0,1,1,14043.666666666666,0,1,1,1,0,0.4,210655.0,57.8,0
41,1,31365.0,1,40.0,2.0,2,3,1,1,3.0,1,1,4,10455.0,0,1,1,1,1,2.1999999999999997,125460.0,80.0,0
48,1,53327.0,2,49.6,3.0,0,14,16,1,3.0,1,1,30,13331.75,1,1,1,1,1,14.8,213308.0,99.2,1
36,1,61380.0,1,27.2,3.5,2,3,2,1,3.0,1,1,5,13640.0,0,1,1,1,1,2.5999999999999996,245520.0,54.4,0
56,0,46538.0,0,27.2,1.0,2,2,3,1,5.0,1,1,5,23269.0,0,1,1,1,1,2.4000000000000004,279228.0,54.4,1
25,0,69322.0,0,49.8,2.0,2,1,2,1,1.0,0,1,3,23107.333333333332,1,0,1,1,0,1.4,138644.0,99.6,0
62,0,96468.0,1,23.6,1.0,2,5,8,1,3.0,1,1,13,48234.0,0,1,1,1,1,6.2,385872.0,47.2,0
32,0,75165.0,1,30.3,3.0,2,5,8,1,4.0,1,1,13,18791.25,0,1,1,1,1,6.2,375825.0,60.6,1
68,1,78093.0,2,7.6,1.0,1,10,18,0,2.0,0,1,28,39046.5,0,0,1,0,0,13.2,234279.0,15.2,0
51,1,137005.0,2,39.5,2.0,3,10,12,0,3.0,1,1,22,45668.333333333336,0,1,1,0,1,10.8,548020.0,79.0,0
51,1,106065.0,2,11.1,1.0,2,2,17,1,5.0,1,1,19,53032.5,0,1,1,1,1,8.0,636390.0,22.2,1
26,1,99622.0,2,57.5,2.0,1,14,11,0,4.0,1,1,25,33207.333333333336,1,1,1,0,1,12.8,498110.0,115.0,0
58,0,66506.0,1,20.6,2.0,2,0,9,0,3.0,1,1,9,22168.666666666668,0,1,1,0,1,3.6,266024.0,41.2,0
30,1,76543.0,2,45.3,1.0,2,14,14,0,3.0,0,1,28,38271.5,1,1,1,0,0,14.0,306172.0,90.6,0
25,1,86720.0,0,21.7,1.0,0,1,3,1,4.0,1,1,4,43360.0,0,1,1,1,1,1.8000000000000003,433600.0,43.4,1
41,1,71164.0,2,14.2,3.0,2,6,15,1,5.0,0,1,21,17791.0,0,1,1,1,0,9.6,426984.0,28.4,0
35,0,91607.0,1,82.0,2.0,1,4,5,1,3.0,0,1,9,30535.666666666668,1,1,1,1,0,4.4,366428.0,164.0,1
39,1,115509.0,1,38.1,1.0,2,0,4,0,5.0,1,1,4,57754.5,0,1,1,0,1,1.6,693054.0,76.2,1
38,1,144806.0,2,5.0,3.0,1,14,15,0,1.0,1,1,29,36201.5,0,0,1,0,1,14.4,289612.0,10.0,1
50,1,84708.0,2,62.3,1.0,0,12,12,0,1.0,1,1,24,42354.0,1,0,1,0,1,12.0,169416.0,124.6,0
31,1,128555.0,1,10.8,1.0,1,0,8,0,1.0,0,1,8,64277.5,0,0,1,0,0,3.2,257110.0,21.6,0
36,0,33596.0,2,36.4,1.0,2,3,13,1,4.0,0,1,16,16798.0,0,1,1,1,0,7.0,167980.0,72.8,0
27,0,96912.0,2,26.6,1.0,0,11,11,1,4.0,0,1,22,48456.0,0,1,1,1,0,11.0,484560.0,53.2,0
59,1,94341.0,1,70.0,3.5,1,6,2,0,1.0,1,1,8,20964.666666666668,1,0,1,0,1,4.3999999999999995,188682.0,140.0,0
50,1,115275.0,1,5.0,2.0,2,6,8,1,2.0,0,1,14,38425.0,0,0,1,1,0,6.8,345825.0,10.0,0
53,0,106442.0,1,59.3,2.0,2,5,9,0,1.0,0,1,14,35480.666666666664,1,0,1,0,0,6.6,212884.0,118.6,0
61,0,92882.0,2,32.7,2.0,2,3,11,0,3.0,0,1,14,30960.666666666668,0,1,1,0,0,6.2,371528.0,65.4,0
51,0,91518.0,0,63.0,2.0,2,0,1,1,5.0,0,1,1,30506.0,1,1,1,1,0,0.4,549108.0,126.0,0
67,0,119154.0,2,34.4,1.0,2,5,6,0,5.0,0,1,11,59577.0,0,1,1,0,0,5.4,714924.0,68.8,0
32,0,53996.0,1,45.3,3.0,2,6,8,0,4.0,1,1,14,13499.0,1,1,1,0,1,6.8,269980.0,90.6,1
32,1,86270.0,2,99.2,1.0,0,5,6,1,2.0,1,1,11,43135.0,1,0,1,1,1,5.4,258810.0,198.4,0
39,0,83307.0,0,5.0,2.0,2,1,2,1,1.0,1,1,3,27769.0,0,0,1,1,1,1.4,166614.0,10.0,0
65,0,101766.0,2,13.2,3.0,2,13,4,1,5.0,1,1,17,25441.5,0,1,1,1,1,9.4,610596.0,26.4,0
57,0,107268.0,1,10.3,1.0,0,5,2,1,5.0,0,1,7,53634.0,0,1,1,1,0,3.8,643608.0,20.6,0
45,1,53972.0,2,48.0,2.0,2,2,10,0,1.0,0,1,12,17990.666666666668,1,0,1,0,0,5.2,107944.0,96.0,0
27,1,105130.0,0,14.7,3.5,2,1,3,1,3.0,1,1,4,23362.222222222223,0,1,1,1,1,1.8000000000000003,420520.0,29.4,0
53,0,116400.0,0,84.3,1.0,2,1,0,1,2.0,0,1,1,58200.0,1,0,1,1,0,0.6,349200.0,168.6,0
66,0,86991.0,2,12.4,1.0,2,11,6,0,5.0,1,1,17,43495.5,0,1,1,0,1,9.0,521946.0,24.8,1
28,1,174521.0,2,12.4,2.0,1,4,6,0,5.0,0,1,10,58173.666666666664,0,1,1,0,0,4.800000000000001,1047126.0,24.8,0
48,1,43858.0,2,37.0,3.0,0,2,10,0,2.0,0,1,12,10964.5,0,0,1,0,0,5.2,131574.0,74.0,0
33,0,95708.0,0,24.3,2.0,2,0,3,1,1.0,0,1,3,31902.666666666668,0,0,1,1,0,1.2000000000000002,191416.0,48.6,0
55,0,112562.0,0,84.0,1.0,3,1,1,0,3.0,1,1,2,56281.0,1,1,1,0,1,1.0,450248.0,168.0,0
34,1,52506.0,1,34.5,3.5,1,7,2,0,3.0,1,1,9,11668.0,0,1,1,0,1,5.0,210024.0,69.0,0
43,0,122349.0,0,21.3,2.0,2,0,1,1,1.0,1,1,1,40783.0,0,0,1,1,1,0.4,244698.0,42.6,0
40,0,108220.0,1,62.0,2.0,1,1,4,0,3.0,1,1,5,36073.333333333336,1,1,1,0,1,2.2,432880.0,124.0,0
26,1,96477.0,2,20.3,3.0,2,11,12,1,3.0,1,1,23,24119.25,0,1,1,1,1,11.4,385908.0,40.6,1
65,1,99905.0,1,19.9,2.0,2,7,9,1,3.0,1,1,16,33301.666666666664,0,1,1,1,1,7.800000000000001,399620.0,39.8,0
50,0,116532.0,1,6.8,2.0,1,2,9,1,2.0,1,1,11,38844.0,0,0,1,1,1,4.8,349596.0,13.6,0
49,2,70125.0,2,31.1,3.5,2,8,3,0,2.0,1,1,11,15583.333333333334,0,0,1,0,1,6.0,210375.0,62.2,0
42,1,54399.0,2,20.5,1.0,2,14,17,0,5.0,1,1,31,27199.5,0,1,1,0,1,15.200000000000001,326394.0,41.0,0
36,1,90140.0,1,51.8,2.0,2,2,1,1,4.0,1,1,3,30046.666666666668,1,1,1,1,1,1.6,450700.0,103.6,0
36,0,90557.0,2,59.1,2.0,0,4,11,1,4.0,0,1,15,30185.666666666668,1,1,1,1,0,6.800000000000001,452785.0,118.2,0
31,1,84708.0,2,37.6,3.0,1,3,19,0,5.0,0,1,22,21177.0,0,1,1,0,0,9.4,508248.0,75.2,0
52,1,88513.0,1,52.0,1.0,2,3,1,1,5.0,1,1,4,44256.5,1,1,1,1,1,2.1999999999999997,531078.0,104.0,1
34,1,85982.0,2,33.3,1.0,0,9,12,0,2.0,0,1,21,42991.0,0,0,1,0,0,10.2,257946.0,66.6,0
56,1,30000.0,2,43.9,2.0,3,12,12,0,2.0,1,1,24,10000.0,1,0,1,0,1,12.0,90000.0,87.8,0
37,0,63178.0,2,41.6,1.0,2,7,6,1,1.0,0,1,13,31589.0,1,0,1,1,0,6.6000000000000005,126356.0,83.2,0
26,1,67725.0,2,43.4,3.5,0,6,16,1,2.0,1,1,22,15050.0,1,0,1,1,1,10.0,203175.0,86.8,0
66,0,55836.0,2,61.1,1.0,2,7,17,1,5.0,1,1,24,27918.0,1,1,1,1,1,11.0,335016.0,122.2,0
63,0,113337.0,0,73.9,3.5,1,2,3,1,5.0,1,1,5,25186.0,1,1,1,1,1,2.4000000000000004,680022.0,147.8,1
44,1,33796.0,1,27.1,1.0,2,1,2,1,5.0,1,1,3,16898.0,0,1,1,1,1,1.4,202776.0,54.2,1
33,0,53862.0,2,24.0,1.0,2,8,4,0,3.0,1,1,12,26931.0,0,1,1,0,1,6.4,215448.0,48.0,0
26,1,91202.0,2,5.0,2.0,0,11,5,0,3.0,0,1,16,30400.666666666668,0,1,1,0,0,8.6,364808.0,10.0,0
50,1,61279.0,2,71.4,1.0,2,8,3,0,3.0,1,1,11,30639.5,1,1,1,0,1,6.0,245116.0,142.8,0
34,1,108208.0,2,48.0,2.0,0,9,7,0,5.0,0,1,16,36069.333333333336,1,1,1,0,0,8.2,649248.0,96.0,0
60,0,97743.0,2,9.0,2.0,2,10,3,0,5.0,1,1,13,32581.0,0,1,1,0,1,7.2,586458.0,18.0,0
31,0,103628.0,2,81.8,2.0,1,10,10,1,1.0,1,1,20,34542.666666666664,1,0,1,1,1,10.0,207256.0,163.6,0
64,2,59052.0,1,24.0,2.0,0,1,9,1,5.0,1,1,10,19684.0,0,1,1,1,1,4.2,354312.0,48.0,0
